observation_time,forecast_start,forecast_end,target_next_60m_kWh,usage_lag_0,usage_lag_1,usage_lag_4,usage_lag_96,usage_lag_672,usage_sum_last_1h,usage_mean_last_4h,usage_std_last_4h,usage_mean_last_24h,usage_max_last_24h,forecast_hour_sin,forecast_hour_cos,forecast_weekday_sin,forecast_weekday_cos,forecast_is_weekend,known_lagging_reactive_kVarh,known_leading_reactive_kVarh,known_lagging_power_factor,known_leading_power_factor
2018-10-01 00:00:00,2018-10-01 00:15:00,2018-10-01 01:00:00,11.120000000000001,2.56,2.59,2.59,2.74,2.63,10.229999999999887,2.7137499999999903,0.15115699634171484,2.76125,3.46,0.06540312923014306,0.9978589232386035,0.0,1.0,0,4.21,0.0,51.96,100.0
2018-10-01 00:15:00,2018-10-01 00:30:00,2018-10-01 01:15:00,10.55,3.13,2.56,2.56,3.02,2.59,10.799999999999887,2.73812499999999,0.18176972910258773,2.762395833333334,3.46,0.13052619222005157,0.9914448613738104,0.0,1.0,0,6.19,0.0,45.12,100.0
2018-10-01 00:30:00,2018-10-01 00:45:00,2018-10-01 01:30:00,10.41,2.77,3.13,2.52,2.81,2.63,11.049999999999887,2.7424999999999904,0.18164181799085902,2.761979166666667,3.46,0.19509032201612825,0.9807852804032304,0.0,1.0,0,5.22,0.0,46.87,100.0
2018-10-01 00:45:00,2018-10-01 01:00:00,2018-10-01 01:45:00,10.41,2.66,2.77,2.59,2.63,2.74,11.119999999999887,2.73562499999999,0.18255029284564375,2.7622916666666666,3.46,0.25881904510252074,0.9659258262890683,0.0,1.0,0,4.68,0.0,49.41,100.0
2018-10-01 01:00:00,2018-10-01 01:15:00,2018-10-01 02:00:00,11.05,2.56,2.66,2.56,2.56,2.63,11.119999999999887,2.7224999999999904,0.1870995725356999,2.7622916666666666,3.46,0.3214394653031616,0.9469301294951057,0.0,1.0,0,4.68,0.0,47.99,100.0
2018-10-01 01:15:00,2018-10-01 01:30:00,2018-10-01 02:15:00,11.3,2.56,2.56,3.13,2.56,2.59,10.549999999999887,2.7093749999999903,0.19063934383556025,2.7622916666666666,3.46,0.3826834323650898,0.9238795325112867,0.0,1.0,0,4.75,0.0,47.44,100.0
2018-10-01 01:30:00,2018-10-01 01:45:00,2018-10-01 02:30:00,11.3,2.63,2.56,2.77,2.59,2.63,10.409999999999886,2.70062499999999,0.19086869679981713,2.762708333333333,3.46,0.44228869021900125,0.8968727415326884,0.0,1.0,0,4.93,0.0,47.07,100.0
2018-10-01 01:45:00,2018-10-01 02:00:00,2018-10-01 02:45:00,11.27,2.66,2.63,2.66,2.56,2.63,10.409999999999886,2.6956249999999904,0.19081957294277976,2.76375,3.46,0.49999999999999994,0.8660254037844387,0.0,1.0,0,5.04,0.0,46.68,100.0
2018-10-01 02:00:00,2018-10-01 02:15:00,2018-10-01 03:00:00,10.7,3.2,2.66,2.56,2.56,2.66,11.049999999999887,2.7224999999999904,0.22637082418686733,2.7704166666666663,3.46,0.5555702330196022,0.8314696123025452,0.0,1.0,0,6.84,0.0,42.38,100.0
2018-10-01 02:15:00,2018-10-01 02:30:00,2018-10-01 03:15:00,10.48,2.81,3.2,2.56,2.63,2.66,11.299999999999887,2.7362499999999903,0.224579468213436,2.7722916666666664,3.46,0.6087614290087207,0.7933533402912352,0.0,1.0,0,5.36,0.0,46.43,100.0
2018-10-01 02:30:00,2018-10-01 02:45:00,2018-10-01 03:30:00,10.48,2.63,2.81,2.63,2.56,2.66,11.299999999999887,2.7024999999999904,0.1955600931761358,2.7730208333333333,3.46,0.6593458151000688,0.7518398074789774,0.0,1.0,0,5.18,0.0,45.27,100.0
2018-10-01 02:45:00,2018-10-01 03:00:00,2018-10-01 03:45:00,10.48,2.63,2.63,2.66,2.56,2.63,11.269999999999886,2.6912499999999904,0.194225223756001,2.7737499999999997,3.46,0.7071067811865476,0.7071067811865476,0.0,1.0,0,5.04,0.0,46.26,100.0
2018-10-01 03:00:00,2018-10-01 03:15:00,2018-10-01 04:00:00,10.55,2.63,2.63,3.2,2.63,2.63,10.699999999999886,2.6937499999999903,0.1931603933084277,2.7737499999999997,3.46,0.7518398074789774,0.6593458151000688,0.0,1.0,0,5.04,0.0,46.26,100.0
2018-10-01 03:15:00,2018-10-01 03:30:00,2018-10-01 04:15:00,10.59,2.59,2.63,2.81,2.59,2.95,10.479999999999887,2.6956249999999904,0.19199507654641787,2.77375,3.46,0.7933533402912352,0.6087614290087207,0.0,1.0,0,5.11,0.0,45.21,100.0
2018-10-01 03:30:00,2018-10-01 03:45:00,2018-10-01 04:30:00,10.59,2.63,2.59,2.63,2.56,3.02,10.479999999999887,2.70249999999999,0.1875000001148238,2.774479166666667,3.46,0.8314696123025451,0.5555702330196024,0.0,1.0,0,5.15,0.0,45.48,100.0
2018-10-01 03:45:00,2018-10-01 04:00:00,2018-10-01 04:45:00,10.55,2.63,2.63,2.63,3.13,2.63,10.479999999999887,2.7049999999999903,0.18624580543748295,2.7692708333333336,3.46,0.8660254037844386,0.5000000000000001,0.0,1.0,0,5.08,0.0,45.98,100.0
2018-10-01 04:00:00,2018-10-01 04:15:00,2018-10-01 05:00:00,10.77,2.7,2.63,2.63,2.88,3.17,10.549999999999887,2.7137499999999903,0.1824785947530537,2.7673958333333335,3.46,0.8968727415326884,0.44228869021900125,0.0,1.0,0,5.15,0.0,46.43,100.0
2018-10-01 04:15:00,2018-10-01 04:30:00,2018-10-01 05:15:00,11.850000000000001,2.63,2.7,2.59,3.1,3.24,10.589999999999886,2.6824999999999903,0.14809203234163618,2.7624999999999997,3.46,0.9238795325112867,0.38268343236508984,0.0,1.0,0,5.22,0.0,44.99,100.0
2018-10-01 04:30:00,2018-10-01 04:45:00,2018-10-01 05:30:00,12.68,2.63,2.63,2.63,3.02,2.74,10.589999999999886,2.6737499999999903,0.1467938607131912,2.7584375,3.46,0.9469301294951056,0.3214394653031617,0.0,1.0,0,4.97,0.0,46.77,100.0
2018-10-01 04:45:00,2018-10-01 05:00:00,2018-10-01 05:45:00,12.61,2.59,2.63,2.63,2.52,2.66,10.549999999999887,2.6693749999999903,0.14817509715902857,2.7591666666666668,3.46,0.9659258262890683,0.25881904510252074,0.0,1.0,0,4.93,0.0,46.51,100.0
2018-10-01 05:00:00,2018-10-01 05:15:00,2018-10-01 06:00:00,12.209999999999999,2.92,2.59,2.7,2.63,2.63,10.769999999999886,2.6918749999999902,0.15693226060331925,2.7621874999999996,3.46,0.9807852804032304,0.19509032201612833,0.0,1.0,0,6.01,0.0,43.7,100.0
2018-10-01 05:15:00,2018-10-01 05:30:00,2018-10-01 06:15:00,11.02,3.71,2.92,2.63,2.66,2.66,11.849999999999888,2.76374999999999,0.2883763817357551,2.7731250000000003,3.71,0.9914448613738104,0.1305261922200517,0.0,1.0,0,6.95,0.0,47.09,100.0
2018-10-01 05:30:00,2018-10-01 05:45:00,2018-10-01 06:30:00,10.040000000000001,3.46,3.71,2.63,2.52,2.63,12.679999999999886,2.8156249999999905,0.33113382403185737,2.7829166666666665,3.71,0.9978589232386035,0.06540312923014327,0.0,1.0,0,6.3,0.0,48.14,100.0
2018-10-01 05:45:00,2018-10-01 06:00:00,2018-10-01 06:45:00,9.969999999999999,2.52,3.46,2.59,2.59,2.7,12.609999999999886,2.80687499999999,0.3369294947284501,2.7821875000000005,3.71,1.0,6.123233995736766e-17,0.0,1.0,0,4.75,0.0,46.87,100.0
2018-10-01 06:00:00,2018-10-01 06:15:00,2018-10-01 07:00:00,9.93,2.52,2.52,2.92,2.52,2.63,12.209999999999887,2.76437499999999,0.327413514409539,2.7821875000000005,3.71,0.9978589232386035,-0.06540312923014314,0.0,1.0,0,4.72,0.0,47.1,100.0
2018-10-01 06:15:00,2018-10-01 06:30:00,2018-10-01 07:15:00,10.22,2.52,2.52,3.71,2.52,2.59,11.019999999999886,2.74624999999999,0.33237544666088237,2.7821874999999996,3.71,0.9914448613738104,-0.1305261922200516,0.0,1.0,0,4.64,0.0,47.73,100.0
2018-10-01 06:30:00,2018-10-01 06:45:00,2018-10-01 07:30:00,10.66,2.48,2.52,3.46,2.56,3.1,10.039999999999885,2.73687499999999,0.3375966297492159,2.7813541666666666,3.71,0.9807852804032304,-0.1950903220161282,0.0,1.0,0,4.5,0.0,48.27,100.0
2018-10-01 06:45:00,2018-10-01 07:00:00,2018-10-01 07:45:00,11.13,2.45,2.48,2.52,2.56,2.92,9.969999999999887,2.72562499999999,0.34391075792716763,2.780208333333333,3.71,0.9659258262890683,-0.25881904510252063,0.0,1.0,0,4.36,0.0,48.99,100.0
2018-10-01 07:00:00,2018-10-01 07:15:00,2018-10-01 08:00:00,11.530000000000001,2.48,2.45,2.52,2.59,2.56,9.929999999999886,2.7162499999999903,0.348404847186498,2.7790625,3.71,0.9469301294951057,-0.3214394653031616,0.0,1.0,0,4.32,0.0,49.79,100.0
2018-10-01 07:15:00,2018-10-01 07:30:00,2018-10-01 08:15:00,33.599999999999994,2.81,2.48,2.52,2.52,2.66,10.219999999999887,2.72999999999999,0.3474910071398037,2.782083333333334,3.71,0.9238795325112868,-0.3826834323650895,0.0,1.0,0,4.32,0.0,54.53,100.0
2018-10-01 07:30:00,2018-10-01 07:45:00,2018-10-01 08:30:00,68.8,2.92,2.81,2.48,2.95,2.59,10.659999999999886,2.74812499999999,0.3493604648754914,2.781770833333333,3.71,0.8968727415326884,-0.44228869021900113,0.0,1.0,0,4.36,0.0,55.65,100.0
2018-10-01 07:45:00,2018-10-01 08:00:00,2018-10-01 08:45:00,112.0,2.92,2.92,2.45,2.95,2.56,11.129999999999887,2.76624999999999,0.3502833674940958,2.781458333333333,3.71,0.8660254037844387,-0.4999999999999998,0.0,1.0,0,4.32,0.0,56.0,100.0
2018-10-01 08:00:00,2018-10-01 08:15:00,2018-10-01 09:00:00,152.07,2.88,2.92,2.48,2.59,2.63,11.529999999999887,2.7774999999999905,0.3508650025907315,2.784479166666667,3.71,0.8314696123025451,-0.5555702330196023,0.0,1.0,0,3.96,0.0,58.82,100.0
2018-10-01 08:15:00,2018-10-01 08:30:00,2018-10-01 09:15:00,172.15,24.88,2.88,2.81,2.56,2.59,33.59999999999989,4.16812499999999,5.359145476138597,3.0169791666666668,24.88,0.7933533402912352,-0.6087614290087207,0.0,1.0,0,24.95,0.0,70.61,100.0
2018-10-01 08:30:00,2018-10-01 08:45:00,2018-10-01 09:30:00,189.04,38.12,24.88,2.92,2.52,2.59,68.79999999999987,6.38624999999999,9.78254112884479,3.3878125000000003,38.12,0.7518398074789774,-0.6593458151000688,0.0,1.0,0,41.11,0.0,67.99,100.0
2018-10-01 08:45:00,2018-10-01 09:00:00,2018-10-01 09:45:00,189.21999999999997,46.12,38.12,2.92,2.63,2.74,111.99999999999987,9.10687499999999,13.64070274892069,3.840833333333333,46.12,0.7071067811865476,-0.7071067811865475,0.0,1.0,0,38.84,0.0,76.49,100.0
2018-10-01 09:00:00,2018-10-01 09:15:00,2018-10-01 10:00:00,191.04999999999998,42.95,46.12,2.88,2.74,2.81,152.06999999999988,11.60874999999999,15.779793200087742,4.2596875,46.12,0.659345815100069,-0.7518398074789773,0.0,1.0,0,15.37,0.0,94.15,100.0
2018-10-01 09:15:00,2018-10-01 09:30:00,2018-10-01 10:15:00,187.78,44.96,42.95,24.88,3.02,2.88,172.1499999999999,14.18687499999999,17.549212845150866,4.6965625,46.12,0.6087614290087209,-0.793353340291235,0.0,1.0,0,19.76,0.0,91.55,100.0
2018-10-01 09:30:00,2018-10-01 09:45:00,2018-10-01 10:30:00,180.14999999999998,55.01,44.96,38.12,3.46,2.84,189.03999999999988,17.40874999999999,19.8635532681726,5.2335416666666665,55.01,0.5555702330196025,-0.831469612302545,0.0,1.0,0,31.75,0.0,86.61,100.0
2018-10-01 09:45:00,2018-10-01 10:00:00,2018-10-01 10:45:00,189.51,46.3,55.01,46.12,2.81,3.17,189.21999999999986,20.14499999999999,20.624936969601336,5.6865625,55.01,0.49999999999999994,-0.8660254037844387,0.0,1.0,0,20.23,0.0,91.63,100.0
2018-10-01 10:00:00,2018-10-01 10:15:00,2018-10-01 11:00:00,200.57,44.78,46.3,42.95,2.77,3.24,191.0499999999999,22.78624999999999,20.902798519277884,6.124166666666667,55.01,0.4422886902190017,-0.8968727415326881,0.0,1.0,0,24.62,0.0,87.63,100.0
2018-10-01 10:15:00,2018-10-01 10:30:00,2018-10-01 11:15:00,212.92,41.69,44.78,44.96,2.74,2.84,187.77999999999986,25.23437499999999,20.678445289948627,6.529895833333334,55.01,0.3826834323650899,-0.9238795325112867,0.0,1.0,0,19.62,0.0,90.48,100.0
2018-10-01 10:30:00,2018-10-01 10:45:00,2018-10-01 11:30:00,217.74,47.38,41.69,55.01,2.74,2.88,180.1499999999999,28.040624999999988,20.445409163413583,6.9948958333333335,55.01,0.32143946530316175,-0.9469301294951056,0.0,1.0,0,24.44,0.0,88.87,100.0
2018-10-01 10:45:00,2018-10-01 11:00:00,2018-10-01 11:45:00,210.20999999999998,55.66,47.38,46.3,2.74,3.42,189.50999999999988,31.36624999999999,20.339661647567254,7.546145833333333,55.66,0.258819045102521,-0.9659258262890682,0.0,1.0,0,30.31,0.0,87.82,100.0
2018-10-01 11:00:00,2018-10-01 11:15:00,2018-10-01 12:00:00,202.5,55.84,55.66,44.78,2.74,2.88,200.56999999999988,34.701249999999995,19.694261180290958,8.099270833333334,55.84,0.19509032201612816,-0.9807852804032304,0.0,1.0,0,31.25,0.0,87.26,100.0
2018-10-01 11:15:00,2018-10-01 11:30:00,2018-10-01 12:15:00,152.96,54.04,55.84,41.69,2.7,2.84,212.91999999999987,37.90312499999999,18.369006069583286,8.6340625,55.84,0.130526192220052,-0.9914448613738104,0.0,1.0,0,30.74,0.0,86.92,100.0
2018-10-01 11:30:00,2018-10-01 11:45:00,2018-10-01 12:30:00,105.94,52.2,54.04,47.38,2.7,2.81,217.7399999999999,40.98312499999999,16.254855704815867,9.1496875,55.84,0.06540312923014312,-0.9978589232386035,0.0,1.0,0,25.2,0.0,90.06,100.0
2018-10-01 11:45:00,2018-10-01 12:00:00,2018-10-01 12:45:00,63.17,48.13,52.2,55.66,2.74,2.84,210.2099999999999,43.808749999999996,12.995324098979124,9.6225,55.84,1.2246467991473532e-16,-1.0,0.0,1.0,0,30.53,0.0,84.44,100.0
2018-10-01 12:00:00,2018-10-01 12:15:00,2018-10-01 13:00:00,20.66,48.13,48.13,55.84,3.02,2.88,202.4999999999999,46.636874999999996,7.572949985598752,10.092395833333333,55.84,-0.06540312923014287,-0.9978589232386035,0.0,1.0,0,33.73,1.3,81.89,99.96
2018-10-01 12:15:00,2018-10-01 12:30:00,2018-10-01 13:15:00,49.06,4.5,48.13,54.04,3.31,2.81,152.9599999999999,45.363125,11.709474645960048,10.104791666666666,55.84,-0.13052619222005177,-0.9914448613738104,0.0,1.0,0,0.0,17.42,100.0,25.01
2018-10-01 12:30:00,2018-10-01 12:45:00,2018-10-01 13:30:00,89.46,5.18,4.5,52.2,2.77,2.81,105.93999999999988,43.30437499999999,15.18262615983753,10.129895833333334,55.84,-0.19509032201612792,-0.9807852804032305,0.0,1.0,0,0.0,17.64,100.0,28.18
2018-10-01 12:45:00,2018-10-01 13:00:00,2018-10-01 13:45:00,122.3,5.36,5.18,48.13,2.81,2.84,63.16999999999988,40.756874999999994,17.706294685348063,10.156458333333333,55.84,-0.2588190451025208,-0.9659258262890683,0.0,1.0,0,0.0,17.42,100.0,29.41
2018-10-01 13:00:00,2018-10-01 13:15:00,2018-10-01 14:00:00,162.14999999999998,5.62,5.36,48.13,2.77,2.81,20.65999999999988,38.42374999999999,19.619665795765023,10.186145833333333,55.84,-0.32143946530316153,-0.9469301294951057,0.0,1.0,0,0.0,17.46,100.0,30.64
2018-10-01 13:15:00,2018-10-01 13:30:00,2018-10-01 14:15:00,178.93,32.9,5.62,4.5,2.7,2.81,49.059999999999874,37.66999999999999,19.585708437532013,10.500729166666668,55.84,-0.38268343236508967,-0.9238795325112868,0.0,1.0,0,15.55,5.18,90.41,98.78
2018-10-01 13:30:00,2018-10-01 13:45:00,2018-10-01 14:30:00,185.44,45.58,32.9,5.18,2.66,2.84,89.45999999999988,37.08062499999999,19.19299073514569,10.9478125,55.84,-0.44228869021900147,-0.8968727415326883,0.0,1.0,0,22.93,0.0,89.33,100.0
2018-10-01 13:45:00,2018-10-01 14:00:00,2018-10-01 14:45:00,197.82,38.2,45.58,5.36,2.74,2.84,122.29999999999988,36.57437499999999,19.049425506019563,11.317187500000001,55.84,-0.4999999999999997,-0.8660254037844388,0.0,1.0,0,18.36,0.0,90.13,100.0
2018-10-01 14:00:00,2018-10-01 14:15:00,2018-10-01 15:00:00,196.23000000000002,45.47,38.2,5.62,2.74,3.13,162.14999999999986,36.61749999999999,19.06872422974368,11.762291666666668,55.84,-0.555570233019602,-0.8314696123025455,0.0,1.0,0,21.92,0.0,90.08,100.0
2018-10-01 14:15:00,2018-10-01 14:30:00,2018-10-01 15:15:00,194.68,49.68,45.47,32.9,2.74,3.49,178.9299999999999,37.11687499999999,19.298265051148725,12.25125,55.84,-0.6087614290087207,-0.7933533402912352,0.0,1.0,0,26.68,0.0,88.1,100.0
2018-10-01 14:30:00,2018-10-01 14:45:00,2018-10-01 15:30:00,181.72,52.09,49.68,45.58,2.95,2.92,185.43999999999988,37.41124999999999,19.487567791736172,12.763125,55.84,-0.6593458151000688,-0.7518398074789774,0.0,1.0,0,26.75,0.0,88.96,100.0
2018-10-01 14:45:00,2018-10-01 15:00:00,2018-10-01 15:45:00,179.74,50.58,52.09,38.2,3.38,3.38,197.8199999999999,37.09374999999999,19.22730963857173,13.254791666666668,55.84,-0.7071067811865471,-0.7071067811865479,0.0,1.0,0,26.75,0.0,88.4,100.0
2018-10-01 15:00:00,2018-10-01 15:15:00,2018-10-01 16:00:00,181.4,43.88,50.58,45.47,2.95,3.24,196.2299999999999,36.34624999999999,18.70949320365236,13.681145833333334,55.84,-0.7518398074789773,-0.6593458151000691,0.0,1.0,0,28.22,0.0,84.11,100.0
2018-10-01 15:15:00,2018-10-01 15:30:00,2018-10-01 16:15:00,185.25,48.13,43.88,49.68,2.7,2.84,194.6799999999999,35.97687499999999,18.412507881448125,14.154375,55.84,-0.7933533402912349,-0.6087614290087209,0.0,1.0,0,29.52,0.0,85.24,100.0
2018-10-01 15:30:00,2018-10-01 15:45:00,2018-10-01 16:30:00,198.68,39.13,48.13,52.09,2.7,2.84,181.7199999999999,35.15999999999999,17.958986260366007,14.533854166666666,55.84,-0.8314696123025452,-0.5555702330196022,0.0,1.0,0,20.99,0.0,88.12,100.0
2018-10-01 15:45:00,2018-10-01 16:00:00,2018-10-01 16:45:00,201.45,48.6,39.13,50.58,2.7,2.81,179.7399999999999,35.18937499999999,17.980548333112367,15.011979166666665,55.84,-0.8660254037844385,-0.5000000000000004,0.0,1.0,0,29.48,0.0,85.5,100.0
2018-10-01 16:00:00,2018-10-01 16:15:00,2018-10-01 17:00:00,204.91,45.54,48.6,43.88,2.74,2.81,181.3999999999999,35.02749999999999,17.87466485699844,15.457812499999998,55.84,-0.8968727415326883,-0.44228869021900136,0.0,1.0,0,26.42,0.0,86.5,100.0
2018-10-01 16:15:00,2018-10-01 16:30:00,2018-10-01 17:15:00,203.62,51.98,45.54,48.13,2.95,2.81,185.2499999999999,37.99499999999999,16.44426267729911,15.968541666666667,55.84,-0.9238795325112868,-0.3826834323650895,0.0,1.0,0,31.54,0.0,85.49,100.0
2018-10-01 16:30:00,2018-10-01 16:45:00,2018-10-01 17:30:00,199.01,52.56,51.98,39.13,3.31,2.92,198.6799999999999,40.95625,14.408398972040922,16.4815625,55.84,-0.9469301294951056,-0.3214394653031618,0.0,1.0,0,30.49,0.0,86.5,100.0
2018-10-01 16:45:00,2018-10-01 17:00:00,2018-10-01 17:45:00,183.64,51.37,52.56,48.6,2.66,2.88,201.44999999999987,43.831875,11.265758529028679,16.988958333333333,55.84,-0.9659258262890683,-0.25881904510252063,0.0,1.0,0,28.15,0.0,87.7,100.0
2018-10-01 17:00:00,2018-10-01 17:15:00,2018-10-01 18:00:00,161.39,49.0,51.37,45.54,2.7,2.81,204.90999999999988,46.54312499999999,5.475086436247378,17.47125,55.84,-0.9807852804032303,-0.19509032201612866,0.0,1.0,0,27.72,0.0,87.04,100.0
2018-10-01 17:15:00,2018-10-01 17:30:00,2018-10-01 18:15:00,144.25,50.69,49.0,51.98,2.7,2.81,203.6199999999999,47.65499999999999,4.263996071762267,17.971145833333335,55.84,-0.9914448613738104,-0.13052619222005163,0.0,1.0,0,33.19,0.0,83.66,100.0
2018-10-01 17:30:00,2018-10-01 17:45:00,2018-10-01 18:30:00,133.38,47.95,50.69,52.56,2.7,2.84,199.00999999999988,47.803124999999994,4.2303733859292985,18.4425,55.84,-0.9978589232386035,-0.06540312923014273,0.0,1.0,0,28.19,0.0,86.21,100.0
2018-10-01 17:45:00,2018-10-01 18:00:00,2018-10-01 18:45:00,130.28,36.0,47.95,51.37,2.7,2.77,183.63999999999987,47.66562499999999,4.562949935006852,18.789375000000003,55.84,-1.0,-1.8369701987210297e-16,0.0,1.0,0,12.42,0.07,94.53,100.0
2018-10-01 18:00:00,2018-10-01 18:15:00,2018-10-01 19:00:00,142.66,26.75,36.0,49.0,2.74,2.77,161.38999999999987,46.49562499999999,6.818487706917133,19.03947916666667,55.84,-0.9978589232386036,0.06540312923014237,0.0,1.0,0,6.98,0.5,96.76,99.98
2018-10-01 18:15:00,2018-10-01 18:30:00,2018-10-01 19:15:00,144.82,33.55,26.75,50.69,2.63,2.74,144.2499999999999,45.48749999999999,7.43747394953461,19.3615625,55.84,-0.9914448613738105,0.13052619222005127,0.0,1.0,0,22.25,0.0,83.34,100.0
2018-10-01 18:30:00,2018-10-01 18:45:00,2018-10-01 19:30:00,139.78,37.08,33.55,47.95,2.66,2.74,133.37999999999988,44.54937499999999,7.491946066235513,19.720104166666665,55.84,-0.9807852804032304,0.1950903220161283,0.0,1.0,0,24.08,0.0,83.87,100.0
2018-10-01 18:45:00,2018-10-01 19:00:00,2018-10-01 19:45:00,146.07999999999998,32.9,37.08,36.0,2.77,2.88,130.2799999999999,43.444374999999994,7.817733022391001,20.033958333333334,55.84,-0.9659258262890684,0.2588190451025203,0.0,1.0,0,13.57,0.0,92.45,100.0
2018-10-01 19:00:00,2018-10-01 19:15:00,2018-10-01 20:00:00,146.55,39.13,32.9,26.75,2.77,2.84,142.65999999999988,43.147499999999994,7.885449812788615,20.41270833333333,55.84,-0.9469301294951057,0.3214394653031615,0.0,1.0,0,17.24,0.0,91.51,100.0
2018-10-01 19:15:00,2018-10-01 19:30:00,2018-10-01 20:15:00,141.3,35.71,39.13,33.55,2.95,2.81,144.81999999999988,42.371249999999996,7.967650120173994,20.753958333333333,55.84,-0.923879532511287,0.38268343236508917,0.0,1.0,0,13.39,0.0,93.63,100.0
2018-10-01 19:30:00,2018-10-01 19:45:00,2018-10-01 20:30:00,146.3,32.04,35.71,37.08,3.35,3.38,139.7799999999999,41.928124999999994,8.324746406611078,21.052812499999998,55.84,-0.8968727415326884,0.442288690219001,0.0,1.0,0,10.94,0.0,94.64,100.0
2018-10-01 19:45:00,2018-10-01 20:00:00,2018-10-01 20:45:00,136.32999999999998,39.2,32.04,32.9,2.99,4.43,146.07999999999987,41.34062499999999,8.163289371288057,21.429999999999996,55.84,-0.8660254037844386,0.5000000000000001,0.0,1.0,0,16.7,0.0,92.0,100.0
2018-10-01 20:00:00,2018-10-01 20:15:00,2018-10-01 21:00:00,107.31,39.6,39.2,39.13,3.46,2.92,146.5499999999999,40.969374999999985,8.098682353283458,21.806458333333335,55.84,-0.8314696123025455,0.5555702330196018,0.0,1.0,0,17.14,0.0,91.77,100.0
2018-10-01 20:15:00,2018-10-01 20:30:00,2018-10-01 21:15:00,83.8,30.46,39.6,35.71,2.74,2.81,141.2999999999999,39.62437499999999,7.9438938568806465,22.095208333333336,55.84,-0.7933533402912357,0.6087614290087199,0.0,1.0,0,9.65,0.0,95.33,100.0
2018-10-01 20:30:00,2018-10-01 20:45:00,2018-10-01 21:30:00,51.040000000000006,37.04,30.46,32.04,2.7,2.81,146.2999999999999,38.65437499999999,7.219684003430269,22.452916666666667,55.84,-0.7518398074789772,0.6593458151000691,0.0,1.0,0,16.85,0.0,91.02,100.0
2018-10-01 20:45:00,2018-10-01 21:00:00,2018-10-01 21:45:00,25.270000000000003,29.23,37.04,39.2,2.77,2.81,136.3299999999999,37.27062499999999,6.756834011531447,22.72854166666667,55.84,-0.7071067811865477,0.7071067811865474,0.0,1.0,0,4.72,0.54,98.72,99.98
2018-10-01 21:00:00,2018-10-01 21:15:00,2018-10-01 22:00:00,18.25,10.58,29.23,39.6,2.77,2.81,107.30999999999989,34.86937499999999,8.707152568973985,22.809895833333332,55.84,-0.6593458151000687,0.7518398074789775,0.0,1.0,0,0.14,12.1,99.99,65.82
2018-10-01 21:15:00,2018-10-01 21:30:00,2018-10-01 22:15:00,14.5,6.95,10.58,30.46,2.77,2.88,83.79999999999988,32.13562499999999,10.070554831258935,22.8534375,55.84,-0.608761429008721,0.7933533402912349,0.0,1.0,0,0.0,15.19,100.0,41.61
2018-10-01 21:30:00,2018-10-01 21:45:00,2018-10-01 22:30:00,13.499999999999998,4.28,6.95,37.04,2.77,2.92,51.039999999999885,29.40624999999999,11.261956909770168,22.86916666666667,55.84,-0.555570233019603,0.8314696123025447,0.0,1.0,0,0.0,17.82,100.0,23.35
2018-10-01 21:45:00,2018-10-01 22:00:00,2018-10-01 22:45:00,13.28,3.46,4.28,29.23,2.74,2.81,25.269999999999886,27.37249999999999,12.73003068535272,22.87666666666667,55.84,-0.5000000000000004,0.8660254037844384,0.0,1.0,0,0.0,18.0,100.0,18.88
2018-10-01 22:00:00,2018-10-01 22:15:00,2018-10-01 23:00:00,12.920000000000002,3.56,3.46,10.58,2.77,2.77,18.249999999999886,25.92312499999999,13.977427212631019,22.884895833333335,55.84,-0.4422886902190014,0.8968727415326883,0.0,1.0,0,0.0,17.28,100.0,20.18
2018-10-01 22:15:00,2018-10-01 22:30:00,2018-10-01 23:15:00,12.999999999999998,3.2,3.56,6.95,2.59,2.66,14.499999999999888,24.02624999999999,14.846078133215007,22.89125,55.84,-0.38268343236508956,0.9238795325112868,0.0,1.0,0,6.8,0.11,42.58,99.94
2018-10-01 22:30:00,2018-10-01 22:45:00,2018-10-01 23:30:00,12.89,3.28,3.2,4.28,3.17,2.63,13.499999999999886,21.91374999999999,15.237906218950378,22.892395833333335,55.84,-0.32143946530316186,0.9469301294951056,0.0,1.0,0,7.09,0.0,41.99,100.0
2018-10-01 22:45:00,2018-10-01 23:00:00,2018-10-01 23:45:00,12.17,3.24,3.28,3.46,2.81,2.84,13.279999999999886,20.05999999999999,15.588717073576909,22.896874999999998,55.84,-0.25881904510252157,0.9659258262890681,0.0,1.0,0,6.91,0.0,42.45,100.0
2018-10-01 23:00:00,2018-10-01 23:15:00,2018-10-02 00:00:00,12.319999999999999,3.2,3.24,3.56,2.59,3.2,12.919999999999888,17.814374999999988,15.264417352437832,22.903229166666666,55.84,-0.19509032201612872,0.9807852804032303,0.0,1.0,0,6.95,0.0,41.82,100.0
2018-10-01 23:15:00,2018-10-01 23:30:00,2018-10-02 00:15:00,11.559999999999999,3.28,3.2,3.2,2.56,2.59,12.999999999999886,15.78749999999999,14.9023951514524,22.910729166666666,55.84,-0.13052619222005168,0.9914448613738104,0.0,1.0,0,6.41,0.0,45.55,100.0
2018-10-01 23:30:00,2018-10-01 23:45:00,2018-10-02 00:30:00,10.950000000000001,3.17,3.28,3.28,2.52,2.56,12.889999999999887,13.98312499999999,14.569375723908301,22.9175,55.84,-0.0654031292301428,0.9978589232386035,0.0,1.0,0,6.12,0.0,45.99,100.0
2018-10-01 23:45:00,2018-10-02 00:00:00,2018-10-02 00:45:00,11.059999999999999,2.52,3.17,3.24,2.59,2.59,12.169999999999886,11.690624999999992,13.246912125450615,22.91677083333333,55.84,0.0,1.0,0.7818314824680298,0.6234898018587336,0,4.25,0.0,51.0,100.0
2018-10-02 00:00:00,2018-10-02 00:15:00,2018-10-02 01:00:00,10.27,3.35,2.52,3.2,2.56,2.66,12.319999999999885,9.42499999999999,11.22551446482688,22.924999999999997,55.84,0.06540312923014306,0.9978589232386035,0.7818314824680298,0.6234898018587336,0,6.7,0.0,44.72,100.0
2018-10-02 00:15:00,2018-10-02 00:30:00,2018-10-02 01:15:00,10.34,2.52,3.35,3.28,3.13,2.66,11.559999999999885,7.67874999999999,9.91404425234924,22.918645833333333,55.84,0.13052619222005157,0.9914448613738104,0.7818314824680298,0.6234898018587336,0,4.25,0.0,51.0,100.0
2018-10-02 00:30:00,2018-10-02 00:45:00,2018-10-02 01:30:00,10.34,2.56,2.52,3.17,2.77,3.24,10.949999999999886,5.523749999999991,6.4344122449172385,22.916458333333335,55.84,0.19509032201612825,0.9807852804032304,0.7818314824680298,0.6234898018587336,0,4.46,0.0,49.78,100.0
2018-10-02 00:45:00,2018-10-02 01:00:00,2018-10-02 01:45:00,10.23,2.63,2.56,2.52,2.66,2.99,11.059999999999887,3.8612499999999903,2.0092220976144817,22.91614583333333,55.84,0.25881904510252074,0.9659258262890683,0.7818314824680298,0.6234898018587336,0,4.43,0.0,51.05,100.0
2018-10-02 01:00:00,2018-10-02 01:15:00,2018-10-02 02:00:00,10.8,2.56,2.63,3.35,2.56,2.63,10.269999999999886,3.35999999999999,1.0345047124313995,22.91614583333333,55.84,0.3214394653031616,0.9469301294951057,0.7818314824680298,0.6234898018587336,0,4.46,0.0,49.78,100.0
2018-10-02 01:15:00,2018-10-02 01:30:00,2018-10-02 02:15:00,11.31,2.59,2.56,2.52,2.56,2.63,10.339999999999886,3.0874999999999906,0.4769630489283308,22.916458333333335,55.84,0.3826834323650898,0.9238795325112867,0.7818314824680298,0.6234898018587336,0,4.5,0.0,49.88,100.0
2018-10-02 01:30:00,2018-10-02 01:45:00,2018-10-02 02:30:00,11.34,2.56,2.59,2.56,2.63,2.63,10.339999999999886,2.97999999999999,0.3800657838363019,22.915729166666665,55.84,0.44228869021900125,0.8968727415326884,0.7818314824680298,0.6234898018587336,0,4.32,0.0,50.98,100.0
2018-10-02 01:45:00,2018-10-02 02:00:00,2018-10-02 02:45:00,11.74,2.52,2.56,2.63,2.66,2.59,10.229999999999887,2.9212499999999904,0.37392972273296704,22.914270833333333,55.84,0.49999999999999994,0.8660254037844387,0.7818314824680298,0.6234898018587336,0,4.36,0.0,50.04,100.0
2018-10-02 02:00:00,2018-10-02 02:15:00,2018-10-02 03:00:00,11.559999999999999,3.13,2.52,2.56,3.2,2.7,10.799999999999887,2.8943749999999904,0.3410639374342836,22.913541666666664,55.84,0.5555702330196022,0.8314696123025452,0.7818314824680298,0.6234898018587336,0,5.87,0.0,47.05,100.0
2018-10-02 02:15:00,2018-10-02 02:30:00,2018-10-02 03:15:00,11.05,3.1,3.13,2.59,2.81,3.24,11.309999999999887,2.8881249999999903,0.33628891509858355,22.916562499999998,55.84,0.6087614290087207,0.7933533402912352,0.7818314824680298,0.6234898018587336,0,5.98,0.0,46.02,100.0
2018-10-02 02:30:00,2018-10-02 02:45:00,2018-10-02 03:30:00,11.120000000000001,2.59,3.1,2.56,2.63,2.77,11.339999999999886,2.8449999999999904,0.32739502140872545,22.916145833333335,55.84,0.6593458151000688,0.7518398074789774,0.7818314824680298,0.6234898018587336,0,4.46,0.0,50.22,100.0
2018-10-02 02:45:00,2018-10-02 03:00:00,2018-10-02 03:45:00,10.76,2.92,2.59,2.52,2.63,2.7,11.739999999999887,2.8249999999999904,0.31206970382149746,22.91916666666667,55.84,0.7071067811865476,0.7071067811865476,0.7818314824680298,0.6234898018587336,0,5.4,0.0,47.57,100.0
2018-10-02 03:00:00,2018-10-02 03:15:00,2018-10-02 04:00:00,10.370000000000001,2.95,2.92,3.13,2.63,2.63,11.559999999999885,2.80937499999999,0.298882685042561,22.9225,55.84,0.7518398074789774,0.6593458151000688,0.7818314824680298,0.6234898018587336,0,5.65,0.0,46.28,100.0
2018-10-02 03:15:00,2018-10-02 03:30:00,2018-10-02 04:15:00,10.340000000000002,2.59,2.95,3.1,2.59,2.59,11.049999999999885,2.7662499999999905,0.2768319662598382,22.9225,55.84,0.7933533402912352,0.6087614290087207,0.7818314824680298,0.6234898018587336,0,4.43,0.0,50.47,100.0
2018-10-02 03:30:00,2018-10-02 03:45:00,2018-10-02 04:30:00,10.27,2.66,2.59,2.59,2.63,2.66,11.119999999999886,2.7343749999999902,0.257171361971577,22.922812500000003,55.84,0.8314696123025451,0.5555702330196024,0.7818314824680298,0.6234898018587336,0,4.57,0.0,50.3,100.0
2018-10-02 03:45:00,2018-10-02 04:00:00,2018-10-02 04:45:00,10.3,2.56,2.66,2.92,2.63,2.63,10.759999999999886,2.73687499999999,0.255262579353719,22.922083333333333,55.84,0.8660254037844386,0.5000000000000001,0.7818314824680298,0.6234898018587336,0,4.64,0.0,48.31,100.0
2018-10-02 04:00:00,2018-10-02 04:15:00,2018-10-02 05:00:00,10.33,2.56,2.56,2.95,2.7,2.63,10.369999999999887,2.6874999999999902,0.20293163884263238,22.920624999999998,55.84,0.8968727415326884,0.44228869021900125,0.7818314824680298,0.6234898018587336,0,4.46,0.0,49.78,100.0
2018-10-02 04:15:00,2018-10-02 04:30:00,2018-10-02 05:15:00,10.399999999999999,2.56,2.56,2.59,2.63,2.59,10.339999999999886,2.68999999999999,0.20109077562970015,22.91989583333333,55.84,0.9238795325112867,0.38268343236508984,0.7818314824680298,0.6234898018587336,0,4.54,0.0,49.12,100.0
2018-10-02 04:30:00,2018-10-02 04:45:00,2018-10-02 05:30:00,10.37,2.59,2.56,2.66,2.63,2.59,10.269999999999886,2.6918749999999902,0.20000683592905713,22.919479166666665,55.84,0.9469301294951056,0.3214394653031617,0.7818314824680298,0.6234898018587336,0,4.57,0.0,49.31,100.0
2018-10-02 04:45:00,2018-10-02 05:00:00,2018-10-02 05:45:00,10.549999999999999,2.59,2.59,2.56,2.59,2.66,10.299999999999887,2.6893749999999903,0.20101208774189414,22.919479166666665,55.84,0.9659258262890683,0.25881904510252074,0.7818314824680298,0.6234898018587336,0,4.61,0.0,48.98,100.0
2018-10-02 05:00:00,2018-10-02 05:15:00,2018-10-02 06:00:00,11.09,2.59,2.59,2.56,2.92,2.66,10.329999999999885,2.6912499999999904,0.19993358283028223,22.91604166666666,55.84,0.9807852804032304,0.19509032201612833,0.7818314824680298,0.6234898018587336,0,4.68,0.0,48.42,100.0
2018-10-02 05:15:00,2018-10-02 05:30:00,2018-10-02 06:15:00,11.3,2.63,2.59,2.56,3.71,2.63,10.399999999999885,2.69374999999999,0.19889931509020123,22.904791666666668,55.84,0.9914448613738104,0.1305261922200517,0.7818314824680298,0.6234898018587336,0,4.68,0.0,48.99,100.0
2018-10-02 05:30:00,2018-10-02 05:45:00,2018-10-02 06:30:00,11.26,2.56,2.63,2.59,3.46,2.88,10.369999999999886,2.6937499999999903,0.19889931509020123,22.895416666666666,55.84,0.9978589232386035,0.06540312923014327,0.7818314824680298,0.6234898018587336,0,4.43,0.0,50.03,100.0
2018-10-02 05:45:00,2018-10-02 06:00:00,2018-10-02 06:45:00,11.55,2.77,2.56,2.59,2.52,3.85,10.549999999999887,2.7093749999999903,0.1944051424688596,22.898020833333334,55.84,1.0,6.123233995736766e-17,0.7818314824680298,0.6234898018587336,0,5.08,0.0,47.87,100.0
2018-10-02 06:00:00,2018-10-02 06:15:00,2018-10-02 07:00:00,11.26,3.13,2.77,2.59,2.52,2.84,11.089999999999886,2.70937499999999,0.1944051424688596,22.904375,55.84,0.9978589232386035,-0.06540312923014314,0.7818314824680298,0.6234898018587336,0,6.34,0.0,44.27,100.0
2018-10-02 06:15:00,2018-10-02 06:30:00,2018-10-02 07:15:00,11.05,2.84,3.13,2.63,2.52,2.56,11.299999999999887,2.6931249999999904,0.17046695990235675,22.907708333333332,55.84,0.9914448613738104,-0.1305261922200516,0.7818314824680298,0.6234898018587336,0,5.29,0.0,47.3,100.0
2018-10-02 06:30:00,2018-10-02 06:45:00,2018-10-02 07:30:00,11.41,2.52,2.84,2.56,2.48,2.56,11.259999999999886,2.68874999999999,0.17392077950421994,22.908125000000002,55.84,0.9807852804032304,-0.1950903220161282,0.7818314824680298,0.6234898018587336,0,4.36,0.0,50.04,100.0
2018-10-02 06:45:00,2018-10-02 07:00:00,2018-10-02 07:45:00,11.52,3.06,2.52,2.77,2.45,2.56,11.549999999999885,2.69749999999999,0.18826510575076813,22.914479166666666,55.84,0.9659258262890683,-0.25881904510252063,0.7818314824680298,0.6234898018587336,0,5.98,0.0,45.55,100.0
2018-10-02 07:00:00,2018-10-02 07:15:00,2018-10-02 08:00:00,11.6,2.84,3.06,3.13,2.48,2.52,11.259999999999886,2.69062499999999,0.18077848162420734,22.918229166666666,55.84,0.9469301294951057,-0.3214394653031616,0.7818314824680298,0.6234898018587336,0,5.62,0.0,45.1,100.0
2018-10-02 07:15:00,2018-10-02 07:30:00,2018-10-02 08:15:00,28.27,2.63,2.84,2.84,2.81,2.56,11.049999999999887,2.69312499999999,0.17964265756871808,22.916354166666665,55.84,0.9238795325112868,-0.3826834323650895,0.7818314824680298,0.6234898018587336,0,5.29,0.0,44.52,100.0
2018-10-02 07:30:00,2018-10-02 07:45:00,2018-10-02 08:30:00,76.11,2.88,2.63,2.52,2.92,2.63,11.409999999999886,2.7068749999999904,0.18492291480057246,22.9159375,55.84,0.8968727415326884,-0.44228869021900113,0.7818314824680298,0.6234898018587336,0,5.36,0.0,47.33,100.0
2018-10-02 07:45:00,2018-10-02 08:00:00,2018-10-02 08:45:00,139.79,3.17,2.88,3.06,2.92,2.59,11.519999999999886,2.7449999999999903,0.21166010498746976,22.918541666666666,55.84,0.8660254037844387,-0.4999999999999998,0.7818314824680298,0.6234898018587336,0,5.29,0.0,51.4,100.0
2018-10-02 08:00:00,2018-10-02 08:15:00,2018-10-02 09:00:00,195.87,2.92,3.17,2.84,2.88,2.63,11.599999999999886,2.76749999999999,0.2099255821554086,22.918958333333336,55.84,0.8314696123025451,-0.5555702330196023,0.7818314824680298,0.6234898018587336,0,4.9,0.0,51.19,100.0
2018-10-02 08:15:00,2018-10-02 08:30:00,2018-10-02 09:15:00,227.01,19.3,2.92,2.63,24.88,2.59,28.269999999999886,3.8137499999999904,4.0036809235430315,22.860833333333332,55.84,0.7933533402912352,-0.6087614290087207,0.7818314824680298,0.6234898018587336,0,21.38,0.0,67.01,100.0
2018-10-02 08:30:00,2018-10-02 08:45:00,2018-10-02 09:30:00,245.95,50.72,19.3,2.88,38.12,2.52,76.10999999999989,6.82187499999999,12.01662661625195,22.992083333333337,55.84,0.7518398074789774,-0.6593458151000688,0.7818314824680298,0.6234898018587336,0,51.8,0.0,69.96,100.0
2018-10-02 08:45:00,2018-10-02 09:00:00,2018-10-02 09:45:00,231.16,66.85,50.72,3.17,46.12,2.48,139.78999999999988,10.83812499999999,18.77127433698659,23.208020833333332,66.85,0.7071067811865476,-0.7071067811865475,0.7818314824680298,0.6234898018587336,0,55.98,0.0,76.67,100.0
2018-10-02 09:00:00,2018-10-02 09:15:00,2018-10-02 10:00:00,212.07999999999998,59.0,66.85,2.92,42.95,2.92,195.8699999999999,14.363749999999989,21.92376845885609,23.375208333333333,66.85,0.659345815100069,-0.7518398074789773,0.7818314824680298,0.6234898018587336,0,39.89,0.0,82.84,100.0
2018-10-02 09:15:00,2018-10-02 09:30:00,2018-10-02 10:15:00,202.79,50.44,59.0,19.3,44.96,3.13,227.00999999999988,17.35187499999999,23.333691633224383,23.432291666666668,66.85,0.6087614290087209,-0.793353340291235,0.7818314824680298,0.6234898018587336,0,26.6,0.0,88.45,100.0
2018-10-02 09:30:00,2018-10-02 09:45:00,2018-10-02 10:30:00,183.1,69.66,50.44,50.72,55.01,2.66,245.94999999999987,21.545624999999987,26.157358421855257,23.584895833333334,69.66,0.5555702330196025,-0.831469612302545,0.7818314824680298,0.6234898018587336,0,45.32,0.0,83.82,100.0
2018-10-02 09:45:00,2018-10-02 10:00:00,2018-10-02 10:45:00,197.27999999999997,52.06,69.66,66.85,46.3,2.7,231.15999999999988,24.62624999999999,26.66232990452118,23.644895833333333,69.66,0.49999999999999994,-0.8660254037844387,0.7818314824680298,0.6234898018587336,0,30.82,0.0,86.05,100.0
2018-10-02 10:00:00,2018-10-02 10:15:00,2018-10-02 11:00:00,208.91000000000003,39.92,52.06,59.0,44.78,2.66,212.07999999999987,26.92562499999999,26.293170921541538,23.59427083333333,69.66,0.4422886902190017,-0.8968727415326881,0.7818314824680298,0.6234898018587336,0,19.8,0.0,89.59,100.0
2018-10-02 10:15:00,2018-10-02 10:30:00,2018-10-02 11:15:00,227.58999999999997,41.15,39.92,50.44,41.69,3.1,202.78999999999988,29.31999999999999,25.729093940518393,23.58864583333333,69.66,0.3826834323650899,-0.9238795325112867,0.7818314824680298,0.6234898018587336,0,22.0,0.0,88.19,100.0
2018-10-02 10:30:00,2018-10-02 10:45:00,2018-10-02 11:30:00,230.79000000000002,49.97,41.15,69.66,47.38,3.35,183.09999999999988,32.28562499999999,25.198268781989622,23.615624999999998,69.66,0.32143946530316175,-0.9469301294951056,0.7818314824680298,0.6234898018587336,0,26.06,0.0,88.67,100.0
2018-10-02 10:45:00,2018-10-02 11:00:00,2018-10-02 11:45:00,225.61,66.24,49.97,52.06,55.66,2.74,197.2799999999999,36.234374999999986,25.25931065190397,23.72583333333333,69.66,0.258819045102521,-0.9659258262890682,0.7818314824680298,0.6234898018587336,0,43.24,0.0,83.74,100.0
2018-10-02 11:00:00,2018-10-02 11:15:00,2018-10-02 12:00:00,229.43,51.55,66.24,39.92,55.84,2.63,208.9099999999999,39.27874999999999,23.952579421379895,23.681145833333336,69.66,0.19509032201612816,-0.9807852804032304,0.7818314824680298,0.6234898018587336,0,30.71,0.0,85.91,100.0
2018-10-02 11:15:00,2018-10-02 11:30:00,2018-10-02 12:15:00,173.26999999999998,59.83,51.55,41.15,54.04,2.66,227.5899999999999,42.85374999999999,22.43650760340184,23.741458333333338,69.66,0.130526192220052,-0.9914448613738104,0.7818314824680298,0.6234898018587336,0,37.44,0.0,84.77,100.0
2018-10-02 11:30:00,2018-10-02 11:45:00,2018-10-02 12:30:00,126.4,53.17,59.83,49.97,52.2,2.66,230.7899999999999,45.99687499999999,20.00750881505194,23.751562500000002,69.66,0.06540312923014312,-0.9978589232386035,0.7818314824680298,0.6234898018587336,0,34.02,0.0,84.23,100.0
2018-10-02 11:45:00,2018-10-02 12:00:00,2018-10-02 12:45:00,72.54,61.06,53.17,66.24,48.13,2.66,225.6099999999999,49.61499999999999,16.933896849219405,23.88625,69.66,1.2246467991473532e-16,-1.0,0.7818314824680298,0.6234898018587336,0,43.42,0.0,81.5,100.0
2018-10-02 12:00:00,2018-10-02 12:15:00,2018-10-02 13:00:00,23.29,55.37,61.06,51.55,48.13,2.59,229.42999999999986,52.89312499999999,11.90816196918631,23.96166666666667,69.66,-0.06540312923014287,-0.9978589232386035,0.7818314824680298,0.6234898018587336,0,45.22,0.25,77.45,100.0
2018-10-02 12:15:00,2018-10-02 12:30:00,2018-10-02 13:15:00,59.760000000000005,3.67,55.37,59.83,4.5,2.66,173.2699999999999,51.91624999999999,14.89131159225073,23.953020833333337,69.66,-0.13052619222005177,-0.9914448613738104,0.7818314824680298,0.6234898018587336,0,0.0,12.46,100.0,28.25
2018-10-02 12:30:00,2018-10-02 12:45:00,2018-10-02 13:30:00,117.32,6.3,3.67,53.17,5.18,2.66,126.39999999999989,49.13999999999999,18.54742030580003,23.964687499999997,69.66,-0.19509032201612792,-0.9807852804032305,0.7818314824680298,0.6234898018587336,0,0.0,16.02,100.0,36.6
2018-10-02 12:45:00,2018-10-02 13:00:00,2018-10-02 13:45:00,167.43,7.2,6.3,61.06,5.36,2.66,72.53999999999988,45.41187499999999,20.50464222400336,23.98385416666667,69.66,-0.2588190451025208,-0.9659258262890683,0.7818314824680298,0.6234898018587336,0,0.0,14.9,100.0,43.51
2018-10-02 13:00:00,2018-10-02 13:15:00,2018-10-02 14:00:00,217.94,6.12,7.2,55.37,5.62,2.84,23.289999999999885,42.10687499999999,22.2366414164636,23.9890625,69.66,-0.32143946530316153,-0.9469301294951057,0.7818314824680298,0.6234898018587336,0,0.0,15.84,100.0,36.04
2018-10-02 13:15:00,2018-10-02 13:30:00,2018-10-02 14:15:00,242.85000000000002,40.14,6.12,3.67,32.9,3.35,59.759999999999884,41.463124999999984,22.13493921347842,24.06447916666667,69.66,-0.38268343236508967,-0.9238795325112868,0.7818314824680298,0.6234898018587336,0,24.34,1.66,85.51,99.91
2018-10-02 13:30:00,2018-10-02 13:45:00,2018-10-02 14:30:00,232.77,63.86,40.14,6.3,45.58,2.66,117.31999999999988,41.10062499999999,21.713679866834756,24.254895833333332,69.66,-0.44228869021900147,-0.8968727415326883,0.7818314824680298,0.6234898018587336,0,43.85,0.0,82.44,100.0
2018-10-02 13:45:00,2018-10-02 14:00:00,2018-10-02 14:45:00,229.21,57.31,63.86,7.2,38.2,2.63,167.4299999999999,41.428749999999994,21.915541823954747,24.453958333333333,69.66,-0.4999999999999997,-0.8660254037844388,0.7818314824680298,0.6234898018587336,0,38.23,0.0,83.19,100.0
2018-10-02 14:00:00,2018-10-02 14:15:00,2018-10-02 15:00:00,224.85,56.63,57.31,6.12,45.47,2.66,217.93999999999988,42.47312499999999,22.214867971347118,24.570208333333337,69.66,-0.555570233019602,-0.8314696123025455,0.7818314824680298,0.6234898018587336,0,35.93,0.0,84.44,100.0
2018-10-02 14:15:00,2018-10-02 14:30:00,2018-10-02 15:15:00,208.29000000000002,65.05,56.63,40.14,49.68,2.66,242.8499999999999,43.96687499999999,22.86956184504598,24.730312499999997,69.66,-0.6087614290087207,-0.7933533402912352,0.7818314824680298,0.6234898018587336,0,44.75,0.0,82.39,100.0
2018-10-02 14:30:00,2018-10-02 14:45:00,2018-10-02 15:30:00,216.97000000000003,53.78,65.05,63.86,52.09,2.66,232.76999999999987,44.204999999999984,22.950520691261183,24.74791666666667,69.66,-0.6593458151000688,-0.7518398074789774,0.7818314824680298,0.6234898018587336,0,35.86,0.0,83.2,100.0
2018-10-02 14:45:00,2018-10-02 15:00:00,2018-10-02 15:45:00,218.37,53.75,53.78,57.31,50.58,2.63,229.20999999999987,43.42437499999998,22.393411689811433,24.780937499999997,69.66,-0.7071067811865471,-0.7071067811865479,0.7818314824680298,0.6234898018587336,0,36.4,0.0,82.8,100.0
2018-10-02 15:00:00,2018-10-02 15:15:00,2018-10-02 16:00:00,221.47,52.27,53.75,56.63,43.88,2.74,224.84999999999988,43.469374999999985,22.410412052422938,24.868333333333336,69.66,-0.7518398074789773,-0.6593458151000691,0.7818314824680298,0.6234898018587336,0,33.62,0.0,84.1,100.0
2018-10-02 15:15:00,2018-10-02 15:30:00,2018-10-02 16:15:00,243.5,48.49,52.27,65.05,48.13,2.74,208.2899999999999,42.76062499999999,22.058338125511266,24.872083333333336,69.66,-0.7933533402912349,-0.6087614290087209,0.7818314824680298,0.6234898018587336,0,28.51,0.0,86.2,100.0
2018-10-02 15:30:00,2018-10-02 15:45:00,2018-10-02 16:30:00,238.53,62.46,48.49,53.78,39.13,2.66,216.96999999999989,43.34124999999999,22.443597047655004,25.115104166666665,69.66,-0.8314696123025452,-0.5555702330196022,0.7818314824680298,0.6234898018587336,0,38.52,0.0,85.12,100.0
2018-10-02 15:45:00,2018-10-02 16:00:00,2018-10-02 16:45:00,241.2,55.15,62.46,53.75,48.6,2.63,218.3699999999999,42.97187499999999,22.19621342108567,25.183333333333334,69.66,-0.8660254037844385,-0.5000000000000004,0.7818314824680298,0.6234898018587336,0,38.41,0.0,82.06,100.0
2018-10-02 16:00:00,2018-10-02 16:15:00,2018-10-02 17:00:00,255.31,55.37,55.15,52.27,45.54,2.7,221.46999999999989,42.97187499999999,22.19621342108567,25.285729166666666,69.66,-0.8968727415326883,-0.44228869021900136,0.7818314824680298,0.6234898018587336,0,33.77,0.0,85.37,100.0
2018-10-02 16:15:00,2018-10-02 16:30:00,2018-10-02 17:15:00,239.37,70.52,55.37,48.49,51.98,2.66,243.4999999999999,47.149999999999984,20.642347855803738,25.478854166666668,70.52,-0.9238795325112868,-0.3826834323650895,0.7818314824680298,0.6234898018587336,0,50.26,0.0,81.43,100.0
2018-10-02 16:30:00,2018-10-02 16:45:00,2018-10-02 17:30:00,227.45999999999998,57.49,70.52,62.46,52.56,2.66,238.5299999999999,50.34937499999999,17.83977559722592,25.530208333333334,70.52,-0.9469301294951056,-0.3214394653031618,0.7818314824680298,0.6234898018587336,0,40.9,0.0,81.48,100.0
2018-10-02 16:45:00,2018-10-02 17:00:00,2018-10-02 17:45:00,200.67,57.82,57.49,55.15,51.37,3.28,241.19999999999987,53.51312499999999,13.97746879747455,25.597395833333334,70.52,-0.9659258262890683,-0.25881904510252063,0.7818314824680298,0.6234898018587336,0,35.96,0.0,84.92,100.0
2018-10-02 17:00:00,2018-10-02 17:15:00,2018-10-02 18:00:00,161.21,69.48,57.82,55.37,49.0,3.67,255.3099999999999,57.47312499999999,7.432367320334166,25.810729166666672,70.52,-0.9807852804032303,-0.19509032201612866,0.7818314824680298,0.6234898018587336,0,49.43,0.0,81.48,100.0
2018-10-02 17:15:00,2018-10-02 17:30:00,2018-10-02 18:15:00,153.43,54.58,69.48,70.52,50.69,2.95,239.3699999999999,58.375624999999985,6.0142653008801075,25.851250000000004,70.52,-0.9914448613738104,-0.13052619222005163,0.7818314824680298,0.6234898018587336,0,37.94,0.0,82.11,100.0
2018-10-02 17:30:00,2018-10-02 17:45:00,2018-10-02 18:30:00,204.55,45.58,54.58,57.49,47.95,2.66,227.45999999999987,57.23312499999999,6.574129903216962,25.826562499999998,70.52,-0.9978589232386035,-0.06540312923014273,0.7818314824680298,0.6234898018587336,0,25.13,0.04,87.57,100.0
2018-10-02 17:45:00,2018-10-02 18:00:00,2018-10-02 18:45:00,268.81,31.03,45.58,57.82,36.0,2.63,200.6699999999999,55.59062499999999,9.134207319706121,25.774791666666662,70.52,-1.0,-1.8369701987210297e-16,0.7818314824680298,0.6234898018587336,0,1.44,1.15,99.89,99.93
2018-10-02 18:00:00,2018-10-02 18:15:00,2018-10-02 19:00:00,310.03000000000003,30.02,31.03,69.48,26.75,2.63,161.20999999999987,53.92749999999999,11.021174789921412,25.808854166666666,70.52,-0.9978589232386036,0.06540312923014237,0.7818314824680298,0.6234898018587336,0,6.26,0.54,97.89,99.98
2018-10-02 18:15:00,2018-10-02 18:30:00,2018-10-02 19:15:00,380.70000000000005,46.8,30.02,54.58,33.55,2.52,153.4299999999999,52.78687499999999,10.752137995969699,25.946875000000002,70.52,-0.9914448613738105,0.13052619222005127,0.7818314824680298,0.6234898018587336,0,28.4,0.0,85.49,100.0
2018-10-02 18:30:00,2018-10-02 18:45:00,2018-10-02 19:30:00,412.12,96.7,46.8,45.58,37.08,2.56,204.5499999999999,55.469374999999985,15.12857167281079,26.56791666666666,96.7,-0.9807852804032304,0.1950903220161283,0.7818314824680298,0.6234898018587336,0,54.22,0.0,87.22,100.0
2018-10-02 18:45:00,2018-10-02 19:00:00,2018-10-02 19:45:00,413.78,95.29,96.7,31.03,32.9,2.59,268.8099999999999,58.06562499999999,17.917966879904952,27.217812500000004,96.7,-0.9659258262890684,0.2588190451025203,0.7818314824680298,0.6234898018587336,0,43.7,0.0,90.9,100.0
2018-10-02 19:00:00,2018-10-02 19:15:00,2018-10-02 20:00:00,442.91,71.24,95.29,30.02,39.13,2.59,310.02999999999986,59.251249999999985,18.121706899116727,27.552291666666665,96.7,-0.9469301294951057,0.3214394653031615,0.7818314824680298,0.6234898018587336,0,40.79,0.0,86.78,100.0
2018-10-02 19:15:00,2018-10-02 19:30:00,2018-10-02 20:15:00,406.98,117.47,71.24,46.8,35.71,2.7,380.69999999999993,63.562499999999986,22.680620168989893,28.403958333333332,117.47,-0.923879532511287,0.38268343236508917,0.7818314824680298,0.6234898018587336,0,69.37,0.0,86.11,100.0
2018-10-02 19:30:00,2018-10-02 19:45:00,2018-10-02 20:30:00,407.52,128.12,117.47,96.7,32.04,2.77,412.1199999999999,67.66624999999999,27.53131350730451,29.404791666666668,128.12,-0.8968727415326884,0.442288690219001,0.7818314824680298,0.6234898018587336,0,86.94,0.0,82.75,100.0
2018-10-02 19:45:00,2018-10-02 20:00:00,2018-10-02 20:45:00,396.5400000000001,96.95,128.12,95.29,39.2,2.84,413.7799999999999,70.27874999999999,28.194913742331,30.006354166666664,128.12,-0.8660254037844386,0.5000000000000001,0.7818314824680298,0.6234898018587336,0,55.33,0.0,86.85,100.0
2018-10-02 20:00:00,2018-10-02 20:15:00,2018-10-02 21:00:00,358.69999999999993,100.37,96.95,71.24,39.6,3.02,442.9099999999999,73.09124999999999,28.80527357859118,30.639374999999998,128.12,-0.8314696123025455,0.5555702330196018,0.7818314824680298,0.6234898018587336,0,39.74,0.0,92.98,100.0
2018-10-02 20:15:00,2018-10-02 20:30:00,2018-10-02 21:15:00,284.9,81.54,100.37,117.47,30.46,3.35,406.9799999999999,73.77999999999999,28.867239866325676,31.171458333333334,128.12,-0.7933533402912357,0.6087614290087199,0.7818314824680298,0.6234898018587336,0,46.26,0.0,86.98,100.0
2018-10-02 20:30:00,2018-10-02 20:45:00,2018-10-02 21:30:00,160.24,128.66,81.54,128.12,37.04,2.74,407.51999999999987,78.22812499999999,31.387654662850384,32.12583333333333,128.66,-0.7518398074789772,0.6593458151000691,0.7818314824680298,0.6234898018587336,0,73.22,0.0,86.91,100.0
2018-10-02 20:45:00,2018-10-02 21:00:00,2018-10-02 21:45:00,78.05,85.97,128.66,96.95,29.23,2.74,396.5399999999999,79.9875,30.98071628045383,32.716874999999995,128.66,-0.7071067811865477,0.7071067811865474,0.7818314824680298,0.6234898018587336,0,41.36,0.0,90.11,100.0
2018-10-02 21:00:00,2018-10-02 21:15:00,2018-10-02 22:00:00,19.189999999999998,62.53,85.97,100.37,10.58,2.77,358.69999999999993,79.553125,31.173119774644828,33.25802083333333,128.66,-0.6593458151000687,0.7518398074789775,0.7818314824680298,0.6234898018587336,0,21.35,0.54,94.64,100.0
2018-10-02 21:15:00,2018-10-02 21:30:00,2018-10-02 22:15:00,14.91,7.74,62.53,81.54,6.95,2.81,284.89999999999986,76.625625,35.30630095477796,33.26625,128.66,-0.608761429008721,0.7933533402912349,0.7818314824680298,0.6234898018587336,0,0.0,14.62,100.0,46.79
2018-10-02 21:30:00,2018-10-02 21:45:00,2018-10-02 22:30:00,14.44,4.0,7.74,128.66,4.28,2.7,160.2399999999999,74.02687499999999,38.84838537808692,33.26333333333333,128.66,-0.555570233019603,0.8314696123025447,0.7818314824680298,0.6234898018587336,0,0.0,16.81,100.0,23.15
2018-10-02 21:45:00,2018-10-02 22:00:00,2018-10-02 22:45:00,14.08,3.78,4.0,85.97,3.46,2.77,78.04999999999988,72.32374999999999,41.220925189004234,33.266666666666666,128.66,-0.5000000000000004,0.8660254037844384,0.7818314824680298,0.6234898018587336,0,0.0,16.88,100.0,21.85
2018-10-02 22:00:00,2018-10-02 22:15:00,2018-10-02 23:00:00,13.83,3.67,3.78,62.53,3.56,3.46,19.189999999999888,70.676875,43.349574496001225,33.2678125,128.66,-0.4422886902190014,0.8968727415326883,0.7818314824680298,0.6234898018587336,0,0.0,16.09,100.0,22.24
2018-10-02 22:15:00,2018-10-02 22:30:00,2018-10-02 23:15:00,13.75,3.46,3.67,7.74,3.2,2.88,14.909999999999886,67.96812499999999,46.028235657413184,33.270520833333336,128.66,-0.38268343236508956,0.9238795325112868,0.7818314824680298,0.6234898018587336,0,7.31,0.07,42.78,99.98
2018-10-02 22:30:00,2018-10-02 22:45:00,2018-10-02 23:30:00,14.29,3.53,3.46,4.0,3.28,2.59,14.439999999999886,62.14499999999999,47.881224399549275,33.273125,128.66,-0.32143946530316186,0.9469301294951056,0.7818314824680298,0.6234898018587336,0,8.06,0.0,40.12,100.0
2018-10-02 22:45:00,2018-10-02 23:00:00,2018-10-02 23:45:00,15.510000000000002,3.42,3.53,3.78,3.24,2.56,14.079999999999886,56.40312499999999,49.05629097255899,33.275,128.66,-0.25881904510252157,0.9659258262890681,0.7818314824680298,0.6234898018587336,0,7.63,0.0,40.9,100.0
2018-10-02 23:00:00,2018-10-02 23:15:00,2018-10-03 00:00:00,14.79,3.42,3.42,3.67,3.2,2.63,13.829999999999886,52.16437499999999,50.499951481257646,33.27729166666666,128.66,-0.19509032201612872,0.9807852804032303,0.7818314824680298,0.6234898018587336,0,7.06,0.0,43.6,100.0
2018-10-02 23:15:00,2018-10-02 23:30:00,2018-10-03 00:15:00,14.79,3.38,3.42,3.46,3.28,2.56,13.749999999999886,45.03374999999999,48.801561946699074,33.278333333333336,128.66,-0.13052619222005168,0.9914448613738104,0.7818314824680298,0.6234898018587336,0,7.09,0.0,43.03,100.0
2018-10-02 23:30:00,2018-10-02 23:45:00,2018-10-03 00:30:00,14.099999999999998,4.07,3.38,3.53,3.17,2.63,14.289999999999885,37.280624999999986,44.664308943040744,33.287708333333335,128.66,-0.0654031292301428,0.9978589232386035,0.7818314824680298,0.6234898018587336,0,7.74,0.0,46.54,100.0
2018-10-02 23:45:00,2018-10-03 00:00:00,2018-10-03 00:45:00,12.84,4.64,4.07,3.42,2.52,3.13,15.509999999999886,31.51124999999999,42.49324429762358,33.30979166666667,128.66,0.0,1.0,0.9749279121818236,-0.22252093395631434,0,7.85,0.0,50.88,100.0
2018-10-03 00:00:00,2018-10-03 00:15:00,2018-10-03 01:00:00,13.52,2.7,4.64,3.42,3.35,2.48,14.789999999999885,25.40687499999999,39.03776964664348,33.303020833333335,128.66,0.06540312923014306,0.9978589232386035,0.9749279121818236,-0.22252093395631434,0,5.18,0.0,46.22,100.0
2018-10-03 00:15:00,2018-10-03 00:30:00,2018-10-03 01:15:00,13.56,3.38,2.7,3.38,2.52,2.56,14.789999999999887,20.521874999999987,36.5167797421186,33.31197916666667,128.66,0.13052619222005157,0.9914448613738104,0.9749279121818236,-0.22252093395631434,0,6.95,0.0,43.74,100.0
2018-10-03 00:30:00,2018-10-03 00:45:00,2018-10-03 01:30:00,13.64,3.38,3.38,4.07,2.56,2.66,14.099999999999884,12.691874999999989,23.6572539664774,33.32052083333333,128.66,0.19509032201612825,0.9807852804032304,0.9749279121818236,-0.22252093395631434,0,7.45,0.0,41.32,100.0
2018-10-03 00:45:00,2018-10-03 01:00:00,2018-10-03 01:45:00,14.69,3.38,3.38,4.64,2.63,2.63,12.839999999999886,7.52999999999999,14.242012673777545,33.32833333333333,128.66,0.25881904510252074,0.9659258262890683,0.9749279121818236,-0.22252093395631434,0,7.31,0.0,41.97,100.0
2018-10-03 01:00:00,2018-10-03 01:15:00,2018-10-03 02:00:00,14.87,3.38,3.38,2.7,2.56,2.66,13.52,3.8331249999999892,1.0871736220211063,33.336875,128.66,0.3214394653031616,0.9469301294951057,0.9749279121818236,-0.22252093395631434,0,6.62,0.0,45.47,100.0
2018-10-03 01:15:00,2018-10-03 01:30:00,2018-10-03 02:15:00,14.979999999999999,3.42,3.38,3.38,2.59,2.63,13.559999999999885,3.563124999999989,0.4071043900754812,33.34552083333333,128.66,0.3826834323650898,0.9238795325112867,0.9749279121818236,-0.22252093395631434,0,7.49,0.0,41.54,100.0
2018-10-03 01:30:00,2018-10-03 01:45:00,2018-10-03 02:30:00,15.08,3.46,3.42,3.38,2.56,2.59,13.639999999999887,3.5293749999999893,0.39157484523237623,33.35489583333334,128.66,0.44228869021900125,0.8968727415326884,0.9749279121818236,-0.22252093395631434,0,7.38,0.0,42.45,100.0
2018-10-03 01:45:00,2018-10-03 02:00:00,2018-10-03 02:45:00,14.21,4.43,3.46,3.38,2.52,2.59,14.689999999999886,3.569999999999989,0.4454772721965999,33.37479166666667,128.66,0.49999999999999994,0.8660254037844387,0.9749279121818236,-0.22252093395631434,0,7.6,0.0,50.36,100.0
2018-10-03 02:00:00,2018-10-03 02:15:00,2018-10-03 03:00:00,14.14,3.56,4.43,3.38,3.13,2.66,14.869999999999886,3.563124999999989,0.4447291135272455,33.37927083333333,128.66,0.5555702330196022,0.8314696123025452,0.9749279121818236,-0.22252093395631434,0,7.06,0.0,45.02,100.0
2018-10-03 02:15:00,2018-10-03 02:30:00,2018-10-03 03:15:00,13.739999999999998,3.53,3.56,3.42,3.1,2.59,14.979999999999885,3.5674999999999892,0.4440368791482592,33.38375,128.66,0.6087614290087207,0.7933533402912352,0.9749279121818236,-0.22252093395631434,0,7.13,0.0,44.37,100.0
2018-10-03 02:30:00,2018-10-03 02:45:00,2018-10-03 03:30:00,13.1,3.56,3.53,3.46,2.59,2.56,15.079999999999886,3.5693749999999893,0.4439379004080684,33.393854166666664,128.66,0.6593458151000688,0.7518398074789774,0.9749279121818236,-0.22252093395631434,0,7.52,0.0,42.79,100.0
2018-10-03 02:45:00,2018-10-03 03:00:00,2018-10-03 03:45:00,12.459999999999999,3.56,3.56,4.43,2.92,2.77,14.209999999999887,3.5781249999999893,0.44228411052028127,33.40052083333333,128.66,0.7071067811865476,0.7071067811865476,0.9749279121818236,-0.22252093395631434,0,7.09,0.0,44.87,100.0
2018-10-03 03:00:00,2018-10-03 03:15:00,2018-10-03 04:00:00,11.889999999999999,3.49,3.56,3.56,2.95,3.17,14.139999999999887,3.582499999999989,0.441042798426312,33.40614583333333,128.66,0.7518398074789774,0.6593458151000688,0.9749279121818236,-0.22252093395631434,0,6.98,0.0,44.72,100.0
2018-10-03 03:15:00,2018-10-03 03:30:00,2018-10-03 04:15:00,11.68,3.13,3.49,3.53,2.59,2.81,13.739999999999887,3.5668749999999894,0.45222669582713304,33.41177083333333,128.66,0.7933533402912352,0.6087614290087207,0.9749279121818236,-0.22252093395631434,0,6.23,0.0,44.89,100.0
2018-10-03 03:30:00,2018-10-03 03:45:00,2018-10-03 04:30:00,11.68,2.92,3.13,3.56,2.66,2.63,13.099999999999886,3.4949999999999894,0.4579028281674942,33.414479166666666,128.66,0.8314696123025451,0.5555702330196024,0.9749279121818236,-0.22252093395631434,0,5.8,0.0,44.97,100.0
2018-10-03 03:45:00,2018-10-03 04:00:00,2018-10-03 04:45:00,11.68,2.92,2.92,3.56,2.56,3.13,12.459999999999885,3.3874999999999895,0.3699239787360164,33.41822916666667,128.66,0.8660254037844386,0.5000000000000001,0.9749279121818236,-0.22252093395631434,0,5.8,0.0,44.97,100.0
2018-10-03 04:00:00,2018-10-03 04:15:00,2018-10-03 05:00:00,11.68,2.92,2.92,3.49,2.56,2.92,11.889999999999885,3.401249999999989,0.3475247293990351,33.42197916666667,128.66,0.8968727415326884,0.44228869021900125,0.9749279121818236,-0.22252093395631434,0,5.72,0.0,45.47,100.0
2018-10-03 04:15:00,2018-10-03 04:30:00,2018-10-03 05:15:00,11.75,2.92,2.92,3.13,2.56,2.59,11.68,3.3724999999999894,0.3665975314209003,33.42572916666667,128.66,0.9238795325112867,0.38268343236508984,0.9749279121818236,-0.22252093395631434,0,5.72,0.0,45.47,100.0
2018-10-03 04:30:00,2018-10-03 04:45:00,2018-10-03 05:30:00,11.82,2.92,2.92,2.92,2.59,2.56,11.68,3.3437499999999893,0.38257148030652177,33.42916666666667,128.66,0.9469301294951056,0.3214394653031617,0.9749279121818236,-0.22252093395631434,0,5.76,0.0,45.22,100.0
2018-10-03 04:45:00,2018-10-03 05:00:00,2018-10-03 05:45:00,11.82,2.92,2.92,2.92,2.59,2.59,11.68,3.3149999999999897,0.3958219297158114,33.432604166666664,128.66,0.9659258262890683,0.25881904510252074,0.9749279121818236,-0.22252093395631434,0,5.87,0.0,44.54,100.0
2018-10-03 05:00:00,2018-10-03 05:15:00,2018-10-03 06:00:00,12.43,2.92,2.92,2.92,2.59,2.56,11.68,3.2862499999999892,0.40661522050210336,33.43604166666667,128.66,0.9807852804032304,0.19509032201612833,0.9749279121818236,-0.22252093395631434,0,5.8,0.0,44.97,100.0
2018-10-03 05:15:00,2018-10-03 05:30:00,2018-10-03 06:15:00,12.68,2.99,2.92,2.92,2.63,2.63,11.749999999999886,3.2593749999999893,0.41107281522742156,33.43979166666667,128.66,0.9914448613738104,0.1305261922200517,0.9749279121818236,-0.22252093395631434,0,5.94,0.0,44.96,100.0
2018-10-03 05:30:00,2018-10-03 05:45:00,2018-10-03 06:30:00,13.18,2.99,2.99,2.92,2.56,2.56,11.819999999999887,3.2299999999999893,0.41247727215450763,33.444270833333334,128.66,0.9978589232386035,0.06540312923014327,0.9749279121818236,-0.22252093395631434,0,5.98,0.0,44.72,100.0
2018-10-03 05:45:00,2018-10-03 06:00:00,2018-10-03 06:45:00,13.32,2.92,2.99,2.92,2.77,2.63,11.819999999999887,3.1356249999999894,0.2779156516267249,33.44583333333333,128.66,1.0,6.123233995736766e-17,0.9749279121818236,-0.22252093395631434,0,6.05,0.0,43.47,100.0
2018-10-03 06:00:00,2018-10-03 06:15:00,2018-10-03 07:00:00,12.670000000000002,3.53,2.92,2.92,3.13,2.56,12.429999999999886,3.1337499999999894,0.2751334904080358,33.449999999999996,128.66,0.9978589232386035,-0.06540312923014314,0.9749279121818236,-0.22252093395631434,0,7.92,0.0,40.71,100.0
2018-10-03 06:15:00,2018-10-03 06:30:00,2018-10-03 07:15:00,12.309999999999999,3.24,3.53,2.99,2.84,2.48,12.679999999999886,3.1156249999999894,0.25741427586504356,33.454166666666666,128.66,0.9914448613738104,-0.1305261922200516,0.9749279121818236,-0.22252093395631434,0,7.16,0.0,41.23,100.0
2018-10-03 06:30:00,2018-10-03 06:45:00,2018-10-03 07:30:00,11.74,3.49,3.24,2.99,2.52,2.52,13.179999999999886,3.1112499999999894,0.25032166814746304,33.46427083333333,128.66,0.9807852804032304,-0.1950903220161282,0.9749279121818236,-0.22252093395631434,0,7.85,0.0,40.62,100.0
2018-10-03 06:45:00,2018-10-03 07:00:00,2018-10-03 07:45:00,11.67,3.06,3.49,2.92,3.06,2.52,13.319999999999887,3.0799999999999894,0.22195157139375285,33.46427083333334,128.66,0.9659258262890683,-0.25881904510252063,0.9749279121818236,-0.22252093395631434,0,6.44,0.0,42.92,100.0
2018-10-03 07:00:00,2018-10-03 07:15:00,2018-10-03 08:00:00,11.919999999999998,2.88,3.06,3.53,2.84,2.59,12.669999999999888,3.0418749999999894,0.19950622651734398,33.4646875,128.66,0.9469301294951057,-0.3214394653031616,0.9749279121818236,-0.22252093395631434,0,6.23,0.0,41.96,100.0
2018-10-03 07:15:00,2018-10-03 07:30:00,2018-10-03 08:15:00,51.41,2.88,2.88,3.24,2.63,2.52,12.309999999999887,3.0262499999999894,0.2017695158942588,33.46729166666667,128.66,0.9238795325112868,-0.3826834323650895,0.9749279121818236,-0.22252093395631434,0,6.16,0.0,42.35,100.0
2018-10-03 07:30:00,2018-10-03 07:45:00,2018-10-03 08:30:00,121.53,2.92,2.88,3.49,2.88,2.56,11.739999999999887,3.0262499999999894,0.2017695158942588,33.467708333333334,128.66,0.8968727415326884,-0.44228869021900113,0.9749279121818236,-0.22252093395631434,0,5.94,0.0,44.12,100.0
2018-10-03 07:45:00,2018-10-03 08:00:00,2018-10-03 08:45:00,206.42000000000002,2.99,2.92,3.06,3.17,2.56,11.669999999999886,3.030624999999989,0.20017082559453983,33.46583333333333,128.66,0.8660254037844387,-0.4999999999999998,0.9749279121818236,-0.22252093395631434,0,5.98,0.0,44.72,100.0
2018-10-03 08:00:00,2018-10-03 08:15:00,2018-10-03 09:00:00,260.35,3.13,2.99,2.88,2.92,3.13,11.919999999999884,3.0437499999999895,0.19937010193152863,33.468020833333334,128.66,0.8314696123025451,-0.5555702330196023,0.9749279121818236,-0.22252093395631434,0,5.94,0.0,46.62,100.0
2018-10-03 08:15:00,2018-10-03 08:30:00,2018-10-03 09:15:00,288.0,42.37,3.13,2.88,19.3,3.02,51.40999999999988,5.50937499999999,9.519406801866229,33.708333333333336,128.66,0.7933533402912352,-0.6087614290087207,0.9749279121818236,-0.22252093395631434,0,40.36,0.0,72.41,100.0
2018-10-03 08:30:00,2018-10-03 08:45:00,2018-10-03 09:30:00,284.33,73.04,42.37,2.92,50.72,2.74,121.52999999999989,9.891874999999988,18.86843469221581,33.94083333333333,128.66,0.7518398074789774,-0.6593458151000688,0.9749279121818236,-0.22252093395631434,0,56.84,0.0,78.92,100.0
2018-10-03 08:45:00,2018-10-03 09:00:00,2018-10-03 09:45:00,257.4,87.88,73.04,2.99,66.85,2.48,206.4199999999999,15.20187499999999,26.55029218736412,34.15989583333333,128.66,0.7071067811865476,-0.7071067811865475,0.9749279121818236,-0.22252093395631434,0,57.53,0.0,83.67,100.0
2018-10-03 09:00:00,2018-10-03 09:15:00,2018-10-03 10:00:00,257.44,57.06,87.88,3.13,59.0,2.59,260.3499999999999,18.58562499999999,28.169964272419755,34.1396875,128.66,0.659345815100069,-0.7518398074789773,0.9749279121818236,-0.22252093395631434,0,37.37,0.0,83.66,100.0
2018-10-03 09:15:00,2018-10-03 09:30:00,2018-10-03 10:15:00,239.04,70.02,57.06,42.37,50.44,2.63,287.9999999999999,22.774999999999988,30.432515300251254,34.34364583333333,128.66,0.6087614290087209,-0.793353340291235,0.9749279121818236,-0.22252093395631434,0,47.95,0.0,82.51,100.0
2018-10-03 09:30:00,2018-10-03 09:45:00,2018-10-03 10:30:00,224.17000000000002,69.37,70.02,73.04,69.66,2.63,284.32999999999987,26.923749999999988,31.939847345244512,34.340625,128.66,0.5555702330196025,-0.831469612302545,0.9749279121818236,-0.22252093395631434,0,46.22,0.0,83.22,100.0
2018-10-03 09:45:00,2018-10-03 10:00:00,2018-10-03 10:45:00,215.6,60.95,69.37,87.88,52.06,2.66,257.39999999999986,30.55062499999999,32.300928482930566,34.43322916666667,128.66,0.49999999999999994,-0.8660254037844387,0.9749279121818236,-0.22252093395631434,0,37.15,0.0,85.39,100.0
2018-10-03 10:00:00,2018-10-03 10:15:00,2018-10-03 11:00:00,220.64,57.1,60.95,57.06,39.92,2.63,257.4399999999999,33.898749999999986,32.10237118870687,34.6121875,128.66,0.4422886902190017,-0.8968727415326881,0.9749279121818236,-0.22252093395631434,0,36.79,0.0,84.06,100.0
2018-10-03 10:15:00,2018-10-03 10:30:00,2018-10-03 11:15:00,231.90999999999997,51.62,57.1,70.02,41.15,2.74,239.0399999999999,36.922499999999985,31.34165608658889,34.72125,128.66,0.3826834323650899,-0.9238795325112867,0.9749279121818236,-0.22252093395631434,0,27.9,0.0,87.97,100.0
2018-10-03 10:30:00,2018-10-03 10:45:00,2018-10-03 11:30:00,233.07000000000002,54.5,51.62,69.37,49.97,2.63,224.1699999999999,40.110624999999985,30.35766037360894,34.768437500000005,128.66,0.32143946530316175,-0.9469301294951056,0.9749279121818236,-0.22252093395631434,0,36.83,0.0,82.85,100.0
2018-10-03 10:45:00,2018-10-03 11:00:00,2018-10-03 11:45:00,235.41,52.38,54.5,60.95,66.24,2.63,215.5999999999999,43.19312499999999,28.908433613469683,34.6240625,128.66,0.258819045102521,-0.9659258262890682,0.9749279121818236,-0.22252093395631434,0,33.44,0.0,84.29,100.0
2018-10-03 11:00:00,2018-10-03 11:15:00,2018-10-03 12:00:00,206.32,62.14,52.38,57.1,51.55,2.59,220.63999999999987,46.896874999999994,27.255174214896893,34.734375,128.66,0.19509032201612816,-0.9807852804032304,0.9749279121818236,-0.22252093395631434,0,39.49,0.0,84.4,100.0
2018-10-03 11:15:00,2018-10-03 11:30:00,2018-10-03 12:15:00,149.01000000000002,62.89,62.14,51.62,59.83,2.59,231.90999999999988,50.647499999999994,24.97340097483725,34.76625,128.66,0.130526192220052,-0.9914448613738104,0.9749279121818236,-0.22252093395631434,0,40.07,0.0,84.34,100.0
2018-10-03 11:30:00,2018-10-03 11:45:00,2018-10-03 12:30:00,99.22,55.66,62.89,54.5,53.17,3.2,233.0699999999999,53.94374999999999,21.72570305968254,34.7921875,128.66,0.06540312923014312,-0.9978589232386035,0.9749279121818236,-0.22252093395631434,0,34.74,0.0,84.83,100.0
2018-10-03 11:45:00,2018-10-03 12:00:00,2018-10-03 12:45:00,49.31999999999999,54.72,55.66,52.38,61.06,3.2,235.40999999999988,57.17687499999999,17.300952184327063,34.726145833333334,128.66,1.2246467991473532e-16,-1.0,0.9749279121818236,-0.22252093395631434,0,35.96,0.0,83.57,100.0
2018-10-03 12:00:00,2018-10-03 12:15:00,2018-10-03 13:00:00,20.99,33.05,54.72,62.14,55.37,3.24,206.31999999999988,59.046874999999986,12.232789296982508,34.49364583333333,128.66,-0.06540312923014287,-0.9978589232386035,0.9749279121818236,-0.22252093395631434,0,22.75,3.6,82.37,99.41
2018-10-03 12:15:00,2018-10-03 12:30:00,2018-10-03 13:15:00,56.81,5.58,33.05,62.89,3.67,2.81,149.00999999999988,56.74749999999999,17.48258544237656,34.51354166666666,128.66,-0.13052619222005177,-0.9914448613738104,0.9749279121818236,-0.22252093395631434,0,0.0,16.34,100.0,32.32
2018-10-03 12:30:00,2018-10-03 12:45:00,2018-10-03 13:30:00,103.64,5.87,5.58,55.66,6.3,2.7,99.21999999999987,52.54937499999999,20.813666024018342,34.509062500000006,128.66,-0.19509032201612792,-0.9807852804032305,0.9749279121818236,-0.22252093395631434,0,0.0,16.27,100.0,33.94
2018-10-03 12:45:00,2018-10-03 13:00:00,2018-10-03 13:45:00,149.82999999999998,4.82,5.87,54.72,7.2,2.74,49.31999999999989,47.35812499999999,21.69388456995151,34.48427083333333,128.66,-0.2588190451025208,-0.9659258262890683,0.9749279121818236,-0.22252093395631434,0,0.0,16.42,100.0,28.17
2018-10-03 13:00:00,2018-10-03 13:15:00,2018-10-03 14:00:00,194.5,4.72,4.82,33.05,6.12,2.81,20.98999999999989,44.08687499999999,23.825747815847947,34.4696875,128.66,-0.32143946530316153,-0.9469301294951057,0.9749279121818236,-0.22252093395631434,0,0.0,16.56,100.0,27.41
2018-10-03 13:15:00,2018-10-03 13:30:00,2018-10-03 14:15:00,212.43,41.4,4.72,5.58,40.14,2.74,56.80999999999989,42.298124999999985,22.866676687581535,34.4828125,128.66,-0.38268343236508967,-0.9238795325112868,0.9749279121818236,-0.22252093395631434,0,21.67,3.35,88.6,99.67
2018-10-03 13:30:00,2018-10-03 13:45:00,2018-10-03 14:30:00,217.33,52.7,41.4,5.87,63.86,2.7,103.6399999999999,41.25624999999999,21.971719002788806,34.3665625,128.66,-0.44228869021900147,-0.8968727415326883,0.9749279121818236,-0.22252093395631434,0,33.59,0.0,84.33,100.0
2018-10-03 13:45:00,2018-10-03 14:00:00,2018-10-03 14:45:00,225.68,51.01,52.7,4.82,57.31,2.7,149.82999999999987,40.63499999999999,21.542428484272875,34.300937499999996,128.66,-0.4999999999999997,-0.8660254037844388,0.9749279121818236,-0.22252093395631434,0,33.23,0.0,83.79,100.0
2018-10-03 14:00:00,2018-10-03 14:15:00,2018-10-03 15:00:00,241.41000000000003,49.39,51.01,4.72,56.63,2.59,194.4999999999999,40.15312499999999,21.25302646646794,34.225520833333334,128.66,-0.555570233019602,-0.8314696123025455,0.9749279121818236,-0.22252093395631434,0,28.04,0.0,86.96,100.0
2018-10-03 14:15:00,2018-10-03 14:30:00,2018-10-03 15:15:00,234.46,59.33,49.39,41.4,65.05,2.59,212.4299999999999,40.63499999999999,21.592252951000997,34.165937500000005,128.66,-0.6087614290087207,-0.7933533402912352,0.9749279121818236,-0.22252093395631434,0,41.4,0.0,82.01,100.0
2018-10-03 14:30:00,2018-10-03 14:45:00,2018-10-03 15:30:00,243.64000000000001,57.6,59.33,52.7,53.78,2.59,217.3299999999999,40.828749999999985,21.72926968256207,34.205729166666664,128.66,-0.6593458151000688,-0.7518398074789774,0.9749279121818236,-0.22252093395631434,0,35.39,0.0,85.2,100.0
2018-10-03 14:45:00,2018-10-03 15:00:00,2018-10-03 15:45:00,242.28,59.36,57.6,51.01,53.75,2.59,225.6799999999999,41.264999999999986,22.02485726400992,34.26416666666667,128.66,-0.7071067811865471,-0.7071067811865479,0.9749279121818236,-0.22252093395631434,0,38.41,0.0,83.96,100.0
2018-10-03 15:00:00,2018-10-03 15:15:00,2018-10-03 16:00:00,236.06,65.12,59.36,49.39,52.27,2.66,241.40999999999988,41.45124999999999,22.212397685470844,34.398020833333334,128.66,-0.7518398074789773,-0.6593458151000691,0.9749279121818236,-0.22252093395631434,0,42.34,0.0,83.84,100.0
2018-10-03 15:15:00,2018-10-03 15:30:00,2018-10-03 16:15:00,252.8,52.38,65.12,59.33,48.49,3.24,234.4599999999999,40.79437499999999,21.718603191950123,34.438541666666666,128.66,-0.7933533402912349,-0.6087614290087209,0.9749279121818236,-0.22252093395631434,0,32.87,0.0,84.7,100.0
2018-10-03 15:30:00,2018-10-03 15:45:00,2018-10-03 16:30:00,250.03000000000003,66.78,52.38,57.6,62.46,2.77,243.6399999999999,41.48937499999998,22.35187505242872,34.48354166666667,128.66,-0.8314696123025452,-0.5555702330196022,0.9749279121818236,-0.22252093395631434,0,45.61,0.0,82.58,100.0
2018-10-03 15:45:00,2018-10-03 16:00:00,2018-10-03 16:45:00,237.93000000000004,58.0,66.78,59.36,55.15,2.59,242.2799999999999,41.694374999999994,22.486912851909782,34.51322916666667,128.66,-0.8660254037844385,-0.5000000000000004,0.9749279121818236,-0.22252093395631434,0,35.03,0.0,85.6,100.0
2018-10-03 16:00:00,2018-10-03 16:15:00,2018-10-03 17:00:00,195.73,58.9,58.0,65.12,55.37,2.59,236.0599999999999,43.30999999999999,22.735056080863508,34.550000000000004,128.66,-0.8968727415326883,-0.44228869021900136,0.9749279121818236,-0.22252093395631434,0,37.87,0.0,84.11,100.0
2018-10-03 16:15:00,2018-10-03 16:30:00,2018-10-03 17:15:00,130.5,69.12,58.9,52.38,70.52,2.56,252.7999999999999,47.28124999999999,21.30198695984732,34.53541666666666,128.66,-0.9238795325112868,-0.3826834323650895,0.9749279121818236,-0.22252093395631434,0,47.84,0.0,82.23,100.0
2018-10-03 16:30:00,2018-10-03 16:45:00,2018-10-03 17:30:00,70.08999999999999,64.01,69.12,66.78,57.49,2.59,250.02999999999992,50.91499999999999,18.73180383732442,34.60333333333333,128.66,-0.9469301294951056,-0.3214394653031618,0.9749279121818236,-0.22252093395631434,0,40.64,0.0,84.42,100.0
2018-10-03 16:45:00,2018-10-03 17:00:00,2018-10-03 17:45:00,27.830000000000002,45.9,64.01,58.0,57.82,2.52,237.9299999999999,53.48249999999999,14.596694617275501,34.479166666666664,128.66,-0.9659258262890683,-0.25881904510252063,0.9749279121818236,-0.22252093395631434,0,20.34,0.0,91.43,100.0
2018-10-03 17:00:00,2018-10-03 17:15:00,2018-10-03 18:00:00,14.690000000000001,16.7,45.9,58.9,69.48,2.66,195.7299999999999,54.23124999999999,12.184048934467512,33.929375,128.66,-0.9807852804032303,-0.19509032201612866,0.9749279121818236,-0.22252093395631434,0,4.36,10.84,96.76,83.88
2018-10-03 17:15:00,2018-10-03 17:30:00,2018-10-03 18:15:00,14.290000000000001,3.89,16.7,69.12,54.58,2.59,130.4999999999999,51.88687499999999,17.06033364223502,33.401354166666664,128.66,-0.9914448613738104,-0.13052619222005163,0.9749279121818236,-0.22252093395631434,0,0.0,17.75,100.0,21.41
2018-10-03 17:30:00,2018-10-03 17:45:00,2018-10-03 18:30:00,14.180000000000001,3.6,3.89,64.01,45.58,2.59,70.08999999999989,48.818124999999995,20.671788208434673,32.964062500000004,128.66,-0.9978589232386035,-0.06540312923014273,0.9749279121818236,-0.22252093395631434,0,0.0,17.68,100.0,19.95
2018-10-03 17:45:00,2018-10-03 18:00:00,2018-10-03 18:45:00,14.280000000000001,3.64,3.6,45.9,31.03,3.17,27.829999999999885,45.857499999999995,23.362869981019163,32.67875,128.66,-1.0,-1.8369701987210297e-16,0.9749279121818236,-0.22252093395631434,0,0.0,17.57,100.0,20.29
2018-10-03 18:00:00,2018-10-03 18:15:00,2018-10-03 19:00:00,14.360000000000001,3.56,3.64,16.7,30.02,3.02,14.689999999999888,42.993124999999985,25.46873664876968,32.403124999999996,128.66,-0.9978589232386036,0.06540312923014237,0.9749279121818236,-0.22252093395631434,0,0.0,11.95,100.0,28.55
2018-10-03 18:15:00,2018-10-03 18:30:00,2018-10-03 19:15:00,15.080000000000002,3.49,3.56,3.89,46.8,2.52,14.289999999999885,39.50312499999999,26.782954635073164,31.951979166666664,128.66,-0.9914448613738105,0.13052619222005127,0.9749279121818236,-0.22252093395631434,0,0.0,6.19,100.0,49.11
2018-10-03 18:30:00,2018-10-03 18:45:00,2018-10-03 19:30:00,15.69,3.49,3.49,3.6,96.7,2.59,14.179999999999886,36.12124999999999,27.68537697842518,30.981041666666666,128.66,-0.9807852804032304,0.1950903220161283,0.9749279121818236,-0.22252093395631434,0,0.0,9.65,100.0,34.01
2018-10-03 18:45:00,2018-10-03 19:00:00,2018-10-03 19:45:00,15.549999999999999,3.74,3.49,3.64,95.29,3.31,14.279999999999887,32.64499999999999,28.03885518347741,30.02739583333333,128.66,-0.9659258262890684,0.2588190451025203,0.9749279121818236,-0.22252093395631434,0,0.0,17.53,100.0,20.87
2018-10-03 19:00:00,2018-10-03 19:15:00,2018-10-03 20:00:00,15.549999999999999,3.64,3.74,3.56,71.24,2.7,14.359999999999888,28.802499999999988,27.533236619584365,29.323229166666668,128.66,-0.9469301294951057,0.3214394653031615,0.9749279121818236,-0.22252093395631434,0,0.0,17.39,100.0,20.49
2018-10-03 19:15:00,2018-10-03 19:30:00,2018-10-03 20:15:00,14.9,4.21,3.64,3.49,117.47,2.66,15.079999999999888,25.79187499999999,27.423913656413063,28.143437500000005,128.66,-0.923879532511287,0.38268343236508917,0.9749279121818236,-0.22252093395631434,0,0.0,17.5,100.0,23.39
2018-10-03 19:30:00,2018-10-03 19:45:00,2018-10-03 20:30:00,14.33,4.1,4.21,3.49,128.12,2.66,15.689999999999886,21.87437499999999,25.71247118830476,26.8515625,128.66,-0.8968727415326884,0.442288690219001,0.9749279121818236,-0.22252093395631434,0,0.0,17.57,100.0,22.72
2018-10-03 19:45:00,2018-10-03 20:00:00,2018-10-03 20:45:00,14.33,3.6,4.1,3.74,96.95,2.74,15.549999999999885,18.474374999999988,24.266786449989734,25.879166666666666,128.66,-0.8660254037844386,0.5000000000000001,0.9749279121818236,-0.22252093395631434,0,0.0,17.42,100.0,20.24
2018-10-03 20:00:00,2018-10-03 20:15:00,2018-10-03 21:00:00,13.61,3.64,3.6,3.64,100.37,2.74,15.549999999999887,15.020624999999988,22.103455744733864,24.8715625,128.66,-0.8314696123025455,0.5555702330196018,0.9749279121818236,-0.22252093395631434,0,0.0,17.39,100.0,20.49
2018-10-03 20:15:00,2018-10-03 20:30:00,2018-10-03 21:15:00,12.97,3.56,3.64,4.21,81.54,2.66,14.899999999999887,10.923124999999988,17.235456811016412,24.059270833333333,128.66,-0.7933533402912357,0.6087614290087199,0.9749279121818236,-0.22252093395631434,0,0.0,17.46,100.0,19.98
2018-10-03 20:30:00,2018-10-03 20:45:00,2018-10-03 21:30:00,12.39,3.53,3.56,4.1,128.66,2.63,14.329999999999886,7.143124999999987,10.490481232260764,22.75583333333333,87.88,-0.7518398074789772,0.6593458151000691,0.9749279121818236,-0.22252093395631434,0,0.0,17.39,100.0,19.89
2018-10-03 20:45:00,2018-10-03 21:00:00,2018-10-03 21:45:00,11.669999999999998,3.6,3.53,3.6,85.97,2.66,14.329999999999886,4.499374999999987,3.156648675322874,21.8978125,87.88,-0.7071067811865477,0.7071067811865474,0.9749279121818236,-0.22252093395631434,0,0.0,17.35,100.0,20.32
2018-10-03 21:00:00,2018-10-03 21:15:00,2018-10-03 22:00:00,11.67,2.92,3.6,3.64,62.53,2.7,13.609999999999886,3.638124999999988,0.2740943896149897,21.276875,87.88,-0.6593458151000687,0.7518398074789775,0.9749279121818236,-0.22252093395631434,0,0.0,11.66,100.0,24.29
2018-10-03 21:15:00,2018-10-03 21:30:00,2018-10-03 22:15:00,11.49,2.92,2.92,3.56,7.74,2.63,12.969999999999885,3.5774999999999877,0.3157827576728456,21.226666666666667,87.88,-0.608761429008721,0.7933533402912349,0.9749279121818236,-0.22252093395631434,0,0.0,11.38,100.0,24.85
2018-10-03 21:30:00,2018-10-03 21:45:00,2018-10-03 22:30:00,11.309999999999999,2.95,2.92,3.53,4.0,2.92,12.389999999999887,3.536874999999988,0.35020920093353175,21.215729166666666,87.88,-0.555570233019603,0.8314696123025447,0.9749279121818236,-0.22252093395631434,0,0.0,11.34,100.0,25.18
2018-10-03 21:45:00,2018-10-03 22:00:00,2018-10-03 22:45:00,11.2,2.88,2.95,3.6,3.78,3.28,11.669999999999886,3.489374999999988,0.3830056911046422,21.206354166666667,87.88,-0.5000000000000004,0.8660254037844384,0.9749279121818236,-0.22252093395631434,0,0.0,11.41,100.0,24.47
2018-10-03 22:00:00,2018-10-03 22:15:00,2018-10-03 23:00:00,11.049999999999999,2.92,2.88,2.92,3.67,2.74,11.669999999999886,3.4493749999999874,0.406255288480753,21.198541666666667,87.88,-0.4422886902190014,0.8968727415326883,0.9749279121818236,-0.22252093395631434,0,0.0,10.91,100.0,25.85
2018-10-03 22:15:00,2018-10-03 22:30:00,2018-10-03 23:15:00,11.260000000000002,2.74,2.92,2.92,3.46,2.56,11.489999999999887,3.4024999999999874,0.44067419943039665,21.191041666666667,87.88,-0.38268343236508956,0.9238795325112868,0.9749279121818236,-0.22252093395631434,0,5.18,0.11,46.76,99.92
2018-10-03 22:30:00,2018-10-03 22:45:00,2018-10-03 23:30:00,11.8,2.77,2.74,2.95,3.53,2.63,11.309999999999885,3.357499999999988,0.4655037594302119,21.183125,87.88,-0.32143946530316186,0.9469301294951056,0.9749279121818236,-0.22252093395631434,0,5.51,0.0,44.92,100.0
2018-10-03 22:45:00,2018-10-03 23:00:00,2018-10-03 23:45:00,12.05,2.77,2.77,2.88,3.42,3.17,11.199999999999887,3.2968749999999876,0.4748120516780444,21.176354166666666,87.88,-0.25881904510252157,0.9659258262890681,0.9749279121818236,-0.22252093395631434,0,5.47,0.0,45.18,100.0
2018-10-03 23:00:00,2018-10-03 23:15:00,2018-10-04 00:00:00,13.739999999999998,2.77,2.77,2.92,3.42,2.7,11.049999999999887,3.2424999999999877,0.4821630948587436,21.169583333333332,87.88,-0.19509032201612872,0.9807852804032303,0.9749279121818236,-0.22252093395631434,0,5.33,0.0,46.11,100.0
2018-10-03 23:15:00,2018-10-03 23:30:00,2018-10-04 00:15:00,13.809999999999999,2.95,2.77,2.74,3.38,2.45,11.259999999999888,3.1637499999999874,0.4160810468452404,21.16510416666667,87.88,-0.13052619222005168,0.9914448613738104,0.9749279121818236,-0.22252093395631434,0,5.72,0.0,45.84,100.0
2018-10-03 23:30:00,2018-10-03 23:45:00,2018-10-04 00:30:00,13.78,3.31,2.95,2.77,4.07,2.45,11.799999999999887,3.1143749999999875,0.3423990499678331,21.1571875,87.88,-0.0654031292301428,0.9978589232386035,0.9749279121818236,-0.22252093395631434,0,6.88,0.0,43.35,100.0
2018-10-03 23:45:00,2018-10-04 00:00:00,2018-10-04 00:45:00,13.5,3.02,3.31,2.77,4.64,2.45,12.049999999999887,3.0781249999999876,0.318967450406631,21.1403125,87.88,0.0,1.0,0.43388373911755823,-0.900968867902419,0,5.9,0.0,45.56,100.0
2018-10-04 00:00:00,2018-10-04 00:15:00,2018-10-04 01:00:00,11.809999999999999,4.46,3.02,2.77,2.7,2.84,13.739999999999887,3.129374999999987,0.44579239497647494,21.158645833333335,87.88,0.06540312923014306,0.9978589232386035,0.43388373911755823,-0.900968867902419,0,7.16,0.0,52.87,100.0
2018-10-04 00:15:00,2018-10-04 00:30:00,2018-10-04 01:15:00,11.53,3.02,4.46,2.95,3.38,2.48,13.809999999999885,3.0956249999999876,0.4321453568174615,21.154895833333335,87.88,0.13052619222005157,0.9914448613738104,0.43388373911755823,-0.900968867902419,0,5.98,0.0,45.08,100.0
2018-10-04 00:30:00,2018-10-04 00:45:00,2018-10-04 01:30:00,11.02,3.28,3.02,3.31,3.38,2.48,13.779999999999887,3.0799999999999876,0.42052051084805003,21.153854166666665,87.88,0.19509032201612825,0.9807852804032304,0.43388373911755823,-0.900968867902419,0,7.02,0.0,42.33,100.0
2018-10-04 00:45:00,2018-10-04 01:00:00,2018-10-04 01:45:00,11.09,2.74,3.28,3.02,3.38,2.59,13.499999999999886,3.0262499999999877,0.40530659696574434,21.1471875,87.88,0.25881904510252074,0.9659258262890683,0.43388373911755823,-0.900968867902419,0,5.26,0.0,46.2,100.0
2018-10-04 01:00:00,2018-10-04 01:15:00,2018-10-04 02:00:00,11.06,2.77,2.74,4.46,3.38,3.1,11.809999999999887,3.0168749999999873,0.4093702290335248,21.140833333333333,87.88,0.3214394653031616,0.9469301294951057,0.43388373911755823,-0.900968867902419,0,5.44,0.0,45.38,100.0
2018-10-04 01:15:00,2018-10-04 01:30:00,2018-10-04 02:15:00,11.06,2.74,2.77,3.02,3.42,2.74,11.529999999999887,3.005624999999988,0.4143212635370896,21.13375,87.88,0.3826834323650898,0.9238795325112867,0.43388373911755823,-0.900968867902419,0,5.36,0.0,45.52,100.0
2018-10-04 01:30:00,2018-10-04 01:45:00,2018-10-04 02:30:00,11.100000000000001,2.77,2.74,3.28,3.46,2.56,11.019999999999886,2.9943749999999874,0.41810538075822506,21.126562500000002,87.88,0.44228869021900125,0.8968727415326884,0.43388373911755823,-0.900968867902419,0,5.4,0.0,45.64,100.0
2018-10-04 01:45:00,2018-10-04 02:00:00,2018-10-04 02:45:00,11.030000000000001,2.81,2.77,2.74,4.43,2.52,11.089999999999888,2.9899999999999873,0.4196427052195525,21.1096875,87.88,0.49999999999999994,0.8660254037844387,0.43388373911755823,-0.900968867902419,0,5.29,0.0,46.91,100.0
2018-10-04 02:00:00,2018-10-04 02:15:00,2018-10-04 03:00:00,11.030000000000001,2.74,2.81,2.77,3.56,2.52,11.059999999999887,2.978749999999988,0.4237610618544301,21.101145833333334,87.88,0.5555702330196022,0.8314696123025452,0.43388373911755823,-0.900968867902419,0,5.51,0.0,44.53,100.0
2018-10-04 02:15:00,2018-10-04 02:30:00,2018-10-04 03:15:00,11.100000000000001,2.74,2.74,2.74,3.53,2.56,11.059999999999887,2.978749999999988,0.4237610618544301,21.092916666666664,87.88,0.6087614290087207,0.7933533402912352,0.43388373911755823,-0.900968867902419,0,5.54,0.0,44.33,100.0
2018-10-04 02:30:00,2018-10-04 02:45:00,2018-10-04 03:30:00,11.06,2.81,2.74,2.77,3.56,2.52,11.099999999999888,2.9812499999999873,0.42263866073040685,21.085104166666667,87.88,0.6593458151000688,0.7518398074789774,0.43388373911755823,-0.900968867902419,0,5.62,0.0,44.72,100.0
2018-10-04 02:45:00,2018-10-04 03:00:00,2018-10-04 03:45:00,11.09,2.74,2.81,2.81,3.56,2.52,11.029999999999887,2.9793749999999877,0.4236370609601969,21.0765625,87.88,0.7071067811865476,0.7071067811865476,0.43388373911755823,-0.900968867902419,0,5.47,0.0,44.79,100.0
2018-10-04 03:00:00,2018-10-04 03:15:00,2018-10-04 04:00:00,11.73,2.74,2.74,2.74,3.49,2.7,11.029999999999887,2.9774999999999876,0.4246248344644896,21.068749999999998,87.88,0.7518398074789774,0.6593458151000688,0.43388373911755823,-0.900968867902419,0,5.51,0.0,44.53,100.0
2018-10-04 03:15:00,2018-10-04 03:30:00,2018-10-04 04:15:00,11.84,2.81,2.74,2.74,3.13,3.2,11.099999999999886,2.968749999999988,0.42653949118927187,21.065416666666668,87.88,0.7933533402912352,0.6087614290087207,0.43388373911755823,-0.900968867902419,0,5.54,0.0,45.24,100.0
2018-10-04 03:30:00,2018-10-04 03:45:00,2018-10-04 04:30:00,11.88,2.77,2.81,2.81,2.92,2.81,11.059999999999885,2.9349999999999876,0.419508641203054,21.06385416666667,87.88,0.8314696123025451,0.5555702330196024,0.43388373911755823,-0.900968867902419,0,5.47,0.0,45.18,100.0
2018-10-04 03:45:00,2018-10-04 04:00:00,2018-10-04 04:45:00,11.879999999999999,2.77,2.77,2.74,2.92,2.52,11.089999999999888,2.9193749999999876,0.420705787242161,21.062291666666667,87.88,0.8660254037844386,0.5000000000000001,0.43388373911755823,-0.900968867902419,0,5.47,0.0,45.18,100.0
2018-10-04 04:00:00,2018-10-04 04:15:00,2018-10-04 05:00:00,11.85,3.38,2.77,2.74,2.92,2.56,11.729999999999887,2.8518749999999873,0.19326855517415636,21.067083333333333,87.88,0.8968727415326884,0.44228869021900125,0.43388373911755823,-0.900968867902419,0,6.7,0.0,45.04,100.0
2018-10-04 04:15:00,2018-10-04 04:30:00,2018-10-04 05:15:00,11.95,2.92,3.38,2.81,2.92,2.52,11.839999999999886,2.8456249999999876,0.18930691857169782,21.067083333333333,87.88,0.9238795325112867,0.38268343236508984,0.43388373911755823,-0.900968867902419,0,5.9,0.0,44.36,100.0
2018-10-04 04:30:00,2018-10-04 04:45:00,2018-10-04 05:30:00,11.88,2.81,2.92,2.77,2.92,2.52,11.879999999999887,2.8162499999999877,0.15251536822280345,21.0659375,87.88,0.9469301294951056,0.3214394653031617,0.43388373911755823,-0.900968867902419,0,5.62,0.0,44.72,100.0
2018-10-04 04:45:00,2018-10-04 05:00:00,2018-10-04 05:45:00,11.809999999999999,2.77,2.81,2.77,2.92,2.52,11.879999999999885,2.8181249999999873,0.151748919004834,21.064375,87.88,0.9659258262890683,0.25881904510252074,0.43388373911755823,-0.900968867902419,0,5.62,0.0,44.21,100.0
2018-10-04 05:00:00,2018-10-04 05:15:00,2018-10-04 06:00:00,11.23,3.35,2.77,3.38,2.92,3.17,11.849999999999888,2.8543749999999877,0.19811514182188025,21.068854166666668,87.88,0.9807852804032304,0.19509032201612833,0.43388373911755823,-0.900968867902419,0,7.34,0.0,41.52,100.0
2018-10-04 05:15:00,2018-10-04 05:30:00,2018-10-04 06:15:00,10.91,3.02,3.35,2.92,2.99,2.66,11.949999999999887,2.8718749999999877,0.19960018642047483,21.069166666666668,87.88,0.9914448613738104,0.1305261922200517,0.43388373911755823,-0.900968867902419,0,6.44,0.0,42.46,100.0
2018-10-04 05:30:00,2018-10-04 05:45:00,2018-10-04 06:30:00,10.870000000000001,2.74,3.02,2.81,2.99,2.56,11.879999999999887,2.8699999999999877,0.20068632251374272,21.0665625,87.88,0.9978589232386035,0.06540312923014327,0.43388373911755823,-0.900968867902419,0,5.44,0.0,44.98,100.0
2018-10-04 05:45:00,2018-10-04 06:00:00,2018-10-04 06:45:00,10.940000000000001,2.7,2.74,2.77,2.92,2.52,11.809999999999887,2.8631249999999877,0.20447245393718932,21.064270833333335,87.88,1.0,6.123233995736766e-17,0.43388373911755823,-0.900968867902419,0,5.33,0.0,45.19,100.0
2018-10-04 06:00:00,2018-10-04 06:15:00,2018-10-04 07:00:00,11.16,2.77,2.7,3.35,3.53,2.45,11.229999999999887,2.864999999999988,0.203469899602114,21.05635416666667,87.88,0.9978589232386035,-0.06540312923014314,0.43388373911755823,-0.900968867902419,0,5.58,0.0,44.46,100.0
2018-10-04 06:15:00,2018-10-04 06:30:00,2018-10-04 07:15:00,11.770000000000001,2.7,2.77,3.02,3.24,2.45,10.909999999999886,2.8624999999999874,0.20522853126233828,21.050729166666667,87.88,0.9914448613738104,-0.1305261922200516,0.43388373911755823,-0.900968867902419,0,5.47,0.0,44.26,100.0
2018-10-04 06:30:00,2018-10-04 06:45:00,2018-10-04 07:30:00,12.09,2.7,2.7,2.74,3.49,2.48,10.869999999999887,2.855624999999988,0.2086854317366275,21.0425,87.88,0.9807852804032304,-0.1950903220161282,0.43388373911755823,-0.900968867902419,0,5.47,0.0,44.26,100.0
2018-10-04 06:45:00,2018-10-04 07:00:00,2018-10-04 07:45:00,12.56,2.77,2.7,2.7,3.06,2.48,10.939999999999888,2.8574999999999875,0.2077709075980104,21.039479166666666,87.88,0.9659258262890683,-0.25881904510252063,0.43388373911755823,-0.900968867902419,0,5.62,0.0,44.21,100.0
2018-10-04 07:00:00,2018-10-04 07:15:00,2018-10-04 08:00:00,12.88,2.99,2.77,2.77,2.88,2.45,11.159999999999888,2.8731249999999875,0.20774740532456043,21.040625,87.88,0.9469301294951057,-0.3214394653031616,0.43388373911755823,-0.900968867902419,0,6.52,0.0,41.68,100.0
2018-10-04 07:15:00,2018-10-04 07:30:00,2018-10-04 08:15:00,43.3,3.31,2.99,2.7,2.88,2.48,11.769999999999886,2.9043749999999875,0.23208211783560498,21.04510416666667,87.88,0.9238795325112868,-0.3826834323650895,0.43388373911755823,-0.900968867902419,0,7.13,0.0,42.11,100.0
2018-10-04 07:30:00,2018-10-04 07:45:00,2018-10-04 08:30:00,84.24000000000001,3.02,3.31,2.7,2.92,2.84,12.089999999999888,2.9199999999999875,0.2309220648704793,21.046145833333334,87.88,0.8968727415326884,-0.44228869021900113,0.43388373911755823,-0.900968867902419,0,5.58,0.0,47.6,100.0
2018-10-04 07:45:00,2018-10-04 08:00:00,2018-10-04 08:45:00,137.77,3.24,3.02,2.77,2.99,7.99,12.559999999999887,2.9493749999999874,0.23969951902125283,21.048750000000002,87.88,0.8660254037844387,-0.4999999999999998,0.43388373911755823,-0.900968867902419,0,5.08,0.0,53.77,100.0
2018-10-04 08:00:00,2018-10-04 08:15:00,2018-10-04 09:00:00,199.26,3.31,3.24,2.99,3.13,9.04,12.879999999999885,2.944999999999988,0.232325203204525,21.050625,87.88,0.8314696123025451,-0.5555702330196023,0.43388373911755823,-0.900968867902419,0,5.0,0.0,55.2,100.0
2018-10-04 08:15:00,2018-10-04 08:30:00,2018-10-04 09:15:00,234.51,33.73,3.31,3.31,42.37,28.04,43.29999999999988,4.870624999999988,7.455076683671155,20.960625,87.88,0.7933533402912352,-0.6087614290087207,0.43388373911755823,-0.900968867902419,0,34.6,0.0,69.8,100.0
2018-10-04 08:30:00,2018-10-04 08:45:00,2018-10-04 09:30:00,260.82,43.96,33.73,3.02,73.04,49.46,84.23999999999988,7.4424999999999875,12.008203185740989,20.657708333333336,87.88,0.7518398074789774,-0.6593458151000688,0.43388373911755823,-0.900968867902419,0,50.15,0.0,65.92,100.0
2018-10-04 08:45:00,2018-10-04 09:00:00,2018-10-04 09:45:00,266.83000000000004,56.77,43.96,3.24,87.88,56.41,137.7699999999999,10.817499999999988,16.83796138937363,20.333645833333335,70.02,0.7071067811865476,-0.7071067811865475,0.43388373911755823,-0.900968867902419,0,53.64,0.0,72.69,100.0
2018-10-04 09:00:00,2018-10-04 09:15:00,2018-10-04 10:00:00,266.11,64.8,56.77,3.31,57.06,40.75,199.25999999999988,14.658124999999988,21.152144459472865,20.414270833333333,70.02,0.659345815100069,-0.7518398074789773,0.43388373911755823,-0.900968867902419,0,44.32,0.0,82.54,100.0
2018-10-04 09:15:00,2018-10-04 09:30:00,2018-10-04 10:15:00,256.85,68.98,64.8,33.73,70.02,47.16,234.50999999999988,18.780624999999986,24.624824230020508,20.4034375,69.37,0.6087614290087209,-0.793353340291235,0.43388373911755823,-0.900968867902419,0,46.58,0.0,82.87,100.0
2018-10-04 09:30:00,2018-10-04 09:45:00,2018-10-04 10:30:00,239.25,70.27,68.98,43.96,69.37,46.91,260.8199999999999,23.001249999999985,27.1695449619151,20.4128125,70.27,0.5555702330196025,-0.831469612302545,0.43388373911755823,-0.900968867902419,0,46.55,0.0,83.37,100.0
2018-10-04 09:45:00,2018-10-04 10:00:00,2018-10-04 10:45:00,238.5,62.78,70.27,56.77,60.95,54.72,266.82999999999987,26.756249999999987,28.23512282490592,20.431875,70.27,0.49999999999999994,-0.8660254037844387,0.43388373911755823,-0.900968867902419,0,40.25,0.0,84.18,100.0
2018-10-04 10:00:00,2018-10-04 10:15:00,2018-10-04 11:00:00,230.4,64.08,62.78,64.8,57.1,57.78,266.1099999999999,30.588124999999987,28.87293763603549,20.504583333333333,70.27,0.4422886902190017,-0.8968727415326881,0.43388373911755823,-0.900968867902419,0,39.64,0.0,85.04,100.0
2018-10-04 10:15:00,2018-10-04 10:30:00,2018-10-04 11:15:00,233.07,59.72,64.08,68.98,51.62,48.38,256.84999999999985,34.15187499999998,28.729403539481837,20.588958333333334,70.27,0.3826834323650899,-0.9238795325112867,0.43388373911755823,-0.900968867902419,0,31.5,0.0,88.45,100.0
2018-10-04 10:30:00,2018-10-04 10:45:00,2018-10-04 11:30:00,250.89,52.67,59.72,70.27,54.5,57.82,239.2499999999999,37.27499999999999,27.84297038751458,20.569895833333334,70.27,0.32143946530316175,-0.9469301294951056,0.43388373911755823,-0.900968867902419,0,26.1,0.0,89.6,100.0
2018-10-04 10:45:00,2018-10-04 11:00:00,2018-10-04 11:45:00,255.06,62.03,52.67,62.78,52.38,62.06,238.4999999999999,40.978749999999984,26.9332818913238,20.670416666666664,70.27,0.258819045102521,-0.9659258262890682,0.43388373911755823,-0.900968867902419,0,36.29,0.0,86.31,100.0
2018-10-04 11:00:00,2018-10-04 11:15:00,2018-10-04 12:00:00,259.84999999999997,55.98,62.03,64.08,62.14,57.49,230.3999999999999,44.29062499999999,25.26462805701645,20.60625,70.27,0.19509032201612816,-0.9807852804032304,0.43388373911755823,-0.900968867902419,0,33.08,0.0,86.09,100.0
2018-10-04 11:15:00,2018-10-04 11:30:00,2018-10-04 12:15:00,209.74,62.39,55.98,59.72,62.89,51.8,233.0699999999999,47.98312499999999,23.24172667820486,20.601041666666667,70.27,0.130526192220052,-0.9914448613738104,0.43388373911755823,-0.900968867902419,0,39.42,0.0,84.54,100.0
2018-10-04 11:30:00,2018-10-04 11:45:00,2018-10-04 12:30:00,143.39,70.49,62.39,52.67,55.66,44.28,250.88999999999987,52.19999999999999,20.680924181477014,20.755520833333335,70.49,0.06540312923014312,-0.9978589232386035,0.43388373911755823,-0.900968867902419,0,49.28,0.0,81.96,100.0
2018-10-04 11:45:00,2018-10-04 12:00:00,2018-10-04 12:45:00,81.62,66.2,70.49,62.03,54.72,48.96,255.0599999999999,56.134999999999984,16.572531490390876,20.875104166666667,70.49,1.2246467991473532e-16,-1.0,0.43388373911755823,-0.900968867902419,0,46.08,0.0,82.07,100.0
2018-10-04 12:00:00,2018-10-04 12:15:00,2018-10-04 13:00:00,25.889999999999997,60.77,66.2,55.98,33.05,54.0,259.8499999999999,59.72624999999999,9.417504230819013,21.163854166666667,70.49,-0.06540312923014287,-0.9978589232386035,0.43388373911755823,-0.900968867902419,0,48.02,0.0,78.46,100.0
2018-10-04 12:15:00,2018-10-04 12:30:00,2018-10-04 13:15:00,57.82,12.28,60.77,62.39,5.58,3.89,209.73999999999987,58.38562499999999,13.614366019369767,21.233645833333334,70.49,-0.13052619222005177,-0.9914448613738104,0.43388373911755823,-0.900968867902419,0,1.3,12.89,99.44,68.98
2018-10-04 12:30:00,2018-10-04 12:45:00,2018-10-04 13:30:00,121.94,4.14,12.28,70.49,5.87,3.67,143.3899999999999,55.89687499999999,18.709961490723927,21.215625,70.49,-0.19509032201612792,-0.9807852804032305,0.43388373911755823,-0.900968867902419,0,0.0,17.75,100.0,22.71
2018-10-04 12:45:00,2018-10-04 13:00:00,2018-10-04 13:45:00,178.53,4.43,4.14,66.2,4.82,3.49,81.61999999999989,52.625624999999985,22.46923200978118,21.211562500000003,70.49,-0.2588190451025208,-0.9659258262890683,0.43388373911755823,-0.900968867902419,0,0.0,17.03,100.0,25.18
2018-10-04 13:00:00,2018-10-04 13:15:00,2018-10-04 14:00:00,232.17000000000002,5.04,4.43,60.77,4.72,4.07,25.889999999999887,48.89062499999999,24.96351699699741,21.214895833333333,70.49,-0.32143946530316153,-0.9469301294951057,0.43388373911755823,-0.900968867902419,0,0.0,17.17,100.0,28.17
2018-10-04 13:15:00,2018-10-04 13:30:00,2018-10-04 14:15:00,259.38,44.21,5.04,12.28,41.4,25.85,57.81999999999989,47.34249999999999,24.4320653803563,21.24416666666667,70.49,-0.38268343236508967,-0.9238795325112868,0.43388373911755823,-0.900968867902419,0,24.66,1.73,87.33,99.92
2018-10-04 13:30:00,2018-10-04 13:45:00,2018-10-04 14:30:00,258.15,68.26,44.21,4.14,52.7,61.02,121.93999999999988,47.21687499999999,24.318758376701307,21.40625,70.49,-0.44228869021900147,-0.8968727415326883,0.43388373911755823,-0.900968867902419,0,46.12,0.0,82.86,100.0
2018-10-04 13:45:00,2018-10-04 14:00:00,2018-10-04 14:45:00,256.35,61.02,68.26,4.43,51.01,52.85,178.52999999999992,47.10687499999999,24.25200242215847,21.51052083333333,70.49,-0.4999999999999997,-0.8660254037844388,0.43388373911755823,-0.900968867902419,0,38.12,0.0,84.81,100.0
2018-10-04 14:00:00,2018-10-04 14:15:00,2018-10-04 15:00:00,253.25,58.68,61.02,5.04,49.39,60.62,232.1699999999999,46.76937499999999,24.050184112795904,21.60729166666667,70.49,-0.555570233019602,-0.8314696123025455,0.43388373911755823,-0.900968867902419,0,37.94,0.0,83.98,100.0
2018-10-04 14:15:00,2018-10-04 14:30:00,2018-10-04 15:15:00,232.63,71.42,58.68,44.21,59.33,121.46,259.3799999999999,47.500624999999985,24.604319607731075,21.733229166666664,71.42,-0.6087614290087207,-0.7933533402912352,0.43388373911755823,-0.900968867902419,0,49.75,0.0,82.05,100.0
2018-10-04 14:30:00,2018-10-04 14:45:00,2018-10-04 15:30:00,214.99,67.03,71.42,68.26,57.6,127.62,258.14999999999986,48.398124999999986,25.034659279374644,21.831458333333334,71.42,-0.6593458151000688,-0.7518398074789774,0.43388373911755823,-0.900968867902419,0,47.2,0.0,81.76,100.0
2018-10-04 14:45:00,2018-10-04 15:00:00,2018-10-04 15:45:00,219.95999999999998,59.22,67.03,61.02,59.36,71.14,256.3499999999999,48.22249999999998,24.94811879180481,21.830000000000002,71.42,-0.7071067811865471,-0.7071067811865479,0.43388373911755823,-0.900968867902419,0,39.31,0.0,83.32,100.0
2018-10-04 15:00:00,2018-10-04 15:15:00,2018-10-04 16:00:00,228.24,55.58,59.22,58.68,65.12,112.46,253.2499999999999,48.197499999999984,24.94053189589196,21.730625,71.42,-0.7518398074789773,-0.6593458151000691,0.43388373911755823,-0.900968867902419,0,35.1,0.0,84.55,100.0
2018-10-04 15:15:00,2018-10-04 15:30:00,2018-10-04 16:15:00,239.94,50.8,55.58,71.42,52.38,110.05,232.62999999999988,47.47312499999998,24.684803705607624,21.714166666666667,71.42,-0.7933533402912349,-0.6087614290087209,0.43388373911755823,-0.900968867902419,0,28.87,0.0,86.94,100.0
2018-10-04 15:30:00,2018-10-04 15:45:00,2018-10-04 16:30:00,249.81,49.39,50.8,67.03,66.78,96.01,214.9899999999999,46.15437499999999,23.97329868018544,21.533020833333335,71.42,-0.8314696123025452,-0.5555702330196022,0.43388373911755823,-0.900968867902419,0,25.09,0.0,89.16,100.0
2018-10-04 15:45:00,2018-10-04 16:00:00,2018-10-04 16:45:00,260.82,64.19,49.39,59.22,58.0,115.24,219.95999999999987,46.02874999999999,23.87298286635975,21.5975,71.42,-0.8660254037844385,-0.5000000000000004,0.43388373911755823,-0.900968867902419,0,39.2,0.0,85.34,100.0
2018-10-04 16:00:00,2018-10-04 16:15:00,2018-10-04 17:00:00,248.90999999999997,63.86,64.19,55.58,58.9,82.19,228.2399999999999,46.22187499999999,24.003595100200737,21.64916666666667,71.42,-0.8968727415326883,-0.44228869021900136,0.43388373911755823,-0.900968867902419,0,45.58,0.0,81.39,100.0
2018-10-04 16:15:00,2018-10-04 16:30:00,2018-10-04 17:15:00,254.45000000000005,62.5,63.86,50.8,69.12,61.63,239.93999999999988,49.360624999999985,22.602626636286725,21.58020833333333,71.42,-0.9238795325112868,-0.3826834323650895,0.43388373911755823,-0.900968867902419,0,38.02,0.0,85.43,100.0
2018-10-04 16:30:00,2018-10-04 16:45:00,2018-10-04 17:30:00,245.26999999999998,59.26,62.5,49.39,64.01,60.73,249.8099999999999,52.805624999999985,19.424958162358422,21.530729166666664,71.42,-0.9469301294951056,-0.3214394653031618,0.43388373911755823,-0.900968867902419,0,37.66,0.0,84.4,100.0
2018-10-04 16:45:00,2018-10-04 17:00:00,2018-10-04 17:45:00,199.81,75.2,59.26,64.19,45.9,48.53,260.81999999999994,57.22874999999999,15.58353773818693,21.8359375,75.2,-0.9659258262890683,-0.25881904510252063,0.43388373911755823,-0.900968867902419,0,51.84,0.0,82.33,100.0
2018-10-04 17:00:00,2018-10-04 17:15:00,2018-10-04 18:00:00,199.41000000000003,51.95,75.2,63.86,16.7,49.07,248.9099999999999,60.16062499999999,8.109453178813517,22.203125,75.2,-0.9807852804032303,-0.19509032201612866,0.43388373911755823,-0.900968867902419,0,32.72,0.0,84.62,100.0
2018-10-04 17:15:00,2018-10-04 17:30:00,2018-10-04 18:15:00,180.04000000000002,68.04,51.95,62.5,3.89,54.32,254.4499999999999,61.64999999999999,7.178013304528792,22.871354166666666,75.2,-0.9914448613738104,-0.13052619222005163,0.43388373911755823,-0.900968867902419,0,46.08,0.0,82.8,100.0
2018-10-04 17:30:00,2018-10-04 17:45:00,2018-10-04 18:30:00,180.35999999999999,50.08,68.04,59.26,3.6,59.62,245.26999999999992,60.51374999999999,7.474530817214774,23.355520833333333,75.2,-0.9978589232386035,-0.06540312923014273,0.43388373911755823,-0.900968867902419,0,30.6,0.04,85.33,100.0
2018-10-04 17:45:00,2018-10-04 18:00:00,2018-10-04 18:45:00,208.72,29.74,50.08,75.2,3.64,34.81,199.8099999999999,58.55874999999999,10.54606791356357,23.627395833333335,75.2,-1.0,-1.8369701987210297e-16,0.43388373911755823,-0.900968867902419,0,1.58,1.51,99.86,99.87
2018-10-04 18:00:00,2018-10-04 18:15:00,2018-10-04 19:00:00,210.26999999999998,51.55,29.74,51.95,3.56,27.32,199.4099999999999,58.11312499999999,10.681301839400032,24.127291666666668,75.2,-0.9978589232386036,0.06540312923014237,0.43388373911755823,-0.900968867902419,0,25.63,0.18,89.54,100.0
2018-10-04 18:15:00,2018-10-04 18:30:00,2018-10-04 19:15:00,236.66,48.67,51.55,68.04,3.49,32.22,180.03999999999988,56.69124999999999,10.323502842422078,24.597916666666666,75.2,-0.9914448613738105,0.13052619222005127,0.43388373911755823,-0.900968867902419,0,36.43,0.0,80.06,100.0
2018-10-04 18:30:00,2018-10-04 18:45:00,2018-10-04 19:30:00,250.83999999999997,50.4,48.67,50.08,3.49,40.86,180.35999999999987,55.65187499999998,10.06417111511786,25.086562500000003,75.2,-0.9807852804032304,0.1950903220161283,0.43388373911755823,-0.900968867902419,0,40.75,0.0,77.76,100.0
2018-10-04 18:45:00,2018-10-04 19:00:00,2018-10-04 19:45:00,254.59,58.1,50.4,29.74,3.74,36.18,208.71999999999989,55.58187499999999,10.0429827608322,25.6528125,75.2,-0.9659258262890684,0.2588190451025203,0.43388373911755823,-0.900968867902419,0,41.29,0.0,81.51,100.0
2018-10-04 19:00:00,2018-10-04 19:15:00,2018-10-04 20:00:00,268.38,53.1,58.1,51.55,3.64,31.75,210.2699999999999,55.42687499999999,10.060937281604179,26.168020833333333,75.2,-0.9469301294951057,0.3214394653031615,0.43388373911755823,-0.900968867902419,0,32.69,0.0,85.16,100.0
2018-10-04 19:15:00,2018-10-04 19:30:00,2018-10-04 20:15:00,250.2,75.06,53.1,48.67,4.21,37.76,236.65999999999988,56.94312499999999,11.030714912659628,26.906041666666667,75.2,-0.923879532511287,0.38268343236508917,0.43388373911755823,-0.900968867902419,0,54.5,0.0,80.92,100.0
2018-10-04 19:30:00,2018-10-04 19:45:00,2018-10-04 20:30:00,253.55,64.58,75.06,50.4,4.1,31.79,250.83999999999986,57.89249999999999,10.993401145687155,27.536041666666666,75.2,-0.8968727415326884,0.442288690219001,0.43388373911755823,-0.900968867902419,0,37.62,0.0,86.41,100.0
2018-10-04 19:45:00,2018-10-04 20:00:00,2018-10-04 20:45:00,244.84000000000003,61.85,64.58,58.1,3.6,36.4,254.5899999999999,57.74624999999999,10.923995877768162,28.142812499999994,75.2,-0.8660254037844386,0.5000000000000001,0.43388373911755823,-0.900968867902419,0,39.1,0.0,84.53,100.0
2018-10-04 20:00:00,2018-10-04 20:15:00,2018-10-04 21:00:00,202.67999999999998,66.89,61.85,53.1,3.64,40.32,268.3799999999999,57.93562499999999,11.053832462515913,28.801666666666666,75.2,-0.8314696123025455,0.5555702330196018,0.43388373911755823,-0.900968867902419,0,38.12,0.0,86.88,100.0
2018-10-04 20:15:00,2018-10-04 20:30:00,2018-10-04 21:15:00,156.67000000000002,56.88,66.89,75.06,3.56,34.34,250.19999999999987,57.58437499999999,10.992333105822938,29.357083333333335,75.2,-0.7933533402912357,0.6087614290087199,0.43388373911755823,-0.900968867902419,0,33.62,0.0,86.09,100.0
2018-10-04 20:30:00,2018-10-04 20:45:00,2018-10-04 21:30:00,92.63000000000001,67.93,56.88,64.58,3.53,34.92,253.5499999999999,58.126249999999985,11.271724510362,30.02791666666667,75.2,-0.7518398074789772,0.6593458151000691,0.43388373911755823,-0.900968867902419,0,40.97,0.0,85.63,100.0
2018-10-04 20:45:00,2018-10-04 21:00:00,2018-10-04 21:45:00,43.27,53.14,67.93,61.85,3.6,39.64,244.83999999999986,56.74749999999998,10.4156219809475,30.543958333333332,75.2,-0.7071067811865477,0.7071067811865474,0.43388373911755823,-0.900968867902419,0,30.89,0.0,86.45,100.0
2018-10-04 21:00:00,2018-10-04 21:15:00,2018-10-04 22:00:00,22.25,24.73,53.14,66.89,2.92,19.04,202.6799999999999,55.046249999999986,12.970059692904202,30.771145833333332,75.2,-0.6593458151000687,0.7518398074789775,0.43388373911755823,-0.900968867902419,0,5.87,4.79,97.3,98.18
2018-10-04 21:15:00,2018-10-04 21:30:00,2018-10-04 22:15:00,14.799999999999999,10.87,24.73,56.88,2.92,7.49,156.6699999999999,51.47312499999999,16.336284659749793,30.853958333333335,75.2,-0.608761429008721,0.7933533402912349,0.43388373911755823,-0.900968867902419,0,0.5,12.49,99.89,65.65
2018-10-04 21:30:00,2018-10-04 21:45:00,2018-10-04 22:30:00,14.4,3.89,10.87,67.93,2.95,5.26,92.62999999999988,48.586249999999986,19.99821144346424,30.86375,75.2,-0.555570233019603,0.8314696123025447,0.43388373911755823,-0.900968867902419,0,0.0,17.06,100.0,22.23
2018-10-04 21:45:00,2018-10-04 22:00:00,2018-10-04 22:45:00,14.080000000000002,3.78,3.89,53.14,2.88,3.78,43.26999999999988,46.96374999999999,22.3734694658094,30.873124999999998,75.2,-0.5000000000000004,0.8660254037844384,0.43388373911755823,-0.900968867902419,0,0.0,17.14,100.0,21.54
2018-10-04 22:00:00,2018-10-04 22:15:00,2018-10-04 23:00:00,13.860000000000001,3.71,3.78,24.73,2.92,3.78,22.249999999999886,43.97374999999999,24.642399658667742,30.881354166666668,75.2,-0.4422886902190014,0.8968727415326883,0.43388373911755823,-0.900968867902419,0,0.0,16.52,100.0,21.91
2018-10-04 22:15:00,2018-10-04 22:30:00,2018-10-04 23:15:00,13.82,3.42,3.71,10.87,2.74,3.49,14.799999999999887,41.14562499999999,26.46996528349415,30.8884375,75.2,-0.38268343236508956,0.9238795325112868,0.43388373911755823,-0.900968867902419,0,5.87,0.04,50.34,99.99
2018-10-04 22:30:00,2018-10-04 22:45:00,2018-10-04 23:30:00,13.75,3.49,3.42,3.89,2.77,3.46,14.399999999999885,38.21374999999998,27.84478561485998,30.8959375,75.2,-0.32143946530316186,0.9469301294951056,0.43388373911755823,-0.900968867902419,0,7.02,0.0,44.52,100.0
2018-10-04 22:45:00,2018-10-04 23:00:00,2018-10-04 23:45:00,13.889999999999999,3.46,3.49,3.78,2.77,3.46,14.079999999999886,34.798749999999984,28.538436772842275,30.903125,75.2,-0.25881904510252157,0.9659258262890681,0.43388373911755823,-0.900968867902419,0,6.7,0.0,45.88,100.0
2018-10-04 23:00:00,2018-10-04 23:15:00,2018-10-05 00:00:00,13.82,3.49,3.46,3.71,2.77,3.42,13.859999999999888,31.698124999999987,29.071633558064708,30.910625,75.2,-0.19509032201612872,0.9807852804032303,0.43388373911755823,-0.900968867902419,0,6.23,0.0,48.87,100.0
2018-10-04 23:15:00,2018-10-04 23:30:00,2018-10-05 00:15:00,14.0,3.38,3.49,3.42,2.95,3.31,13.819999999999887,27.218124999999986,27.526232537969992,30.91510416666667,75.2,-0.13052619222005168,0.9914448613738104,0.43388373911755823,-0.900968867902419,0,6.19,0.0,47.92,100.0
2018-10-04 23:30:00,2018-10-04 23:45:00,2018-10-05 00:30:00,14.07,3.42,3.38,3.49,3.31,2.77,13.749999999999886,23.39562499999999,26.291339583775517,30.91625,75.2,-0.0654031292301428,0.9978589232386035,0.43388373911755823,-0.900968867902419,0,6.62,0.0,45.9,100.0
2018-10-04 23:45:00,2018-10-05 00:00:00,2018-10-05 00:45:00,13.89,3.6,3.42,3.46,3.02,2.77,13.889999999999887,19.75499999999999,24.699207983253828,30.922291666666666,75.2,0.0,1.0,-0.433883739117558,-0.9009688679024191,0,6.55,0.0,48.17,100.0
2018-10-05 00:00:00,2018-10-05 00:15:00,2018-10-05 01:00:00,13.89,3.42,3.6,3.49,4.46,3.13,13.819999999999887,15.788124999999988,21.72866833780681,30.911458333333332,75.2,0.06540312923014306,0.9978589232386035,-0.433883739117558,-0.9009688679024191,0,6.8,0.0,44.93,100.0
2018-10-05 00:15:00,2018-10-05 00:30:00,2018-10-05 01:15:00,13.75,3.56,3.42,3.38,3.02,2.77,13.999999999999886,12.455624999999989,19.100812145283538,30.917083333333338,75.2,0.13052619222005157,0.9914448613738104,-0.433883739117558,-0.9009688679024191,0,6.34,0.0,48.96,100.0
2018-10-05 00:30:00,2018-10-05 00:45:00,2018-10-05 01:30:00,13.79,3.49,3.56,3.42,3.28,2.81,14.069999999999887,8.428124999999987,12.7006408395173,30.919270833333332,75.2,0.19509032201612825,0.9807852804032304,-0.433883739117558,-0.9009688679024191,0,6.88,0.0,45.24,100.0
2018-10-05 00:45:00,2018-10-05 01:00:00,2018-10-05 01:45:00,13.829999999999998,3.42,3.49,3.6,2.74,2.84,13.889999999999887,5.320624999999987,5.316983953278161,30.926354166666666,75.2,0.25881904510252074,0.9659258262890683,-0.433883739117558,-0.9009688679024191,0,6.48,0.0,46.68,100.0
2018-10-05 01:00:00,2018-10-05 01:15:00,2018-10-05 02:00:00,13.25,3.42,3.42,3.42,2.77,2.95,13.889999999999887,3.988749999999987,1.7824031355290122,30.933125,75.2,0.3214394653031616,0.9469301294951057,-0.433883739117558,-0.9009688679024191,0,6.12,0.0,48.78,100.0
2018-10-05 01:15:00,2018-10-05 01:30:00,2018-10-05 02:15:00,12.6,3.42,3.42,3.56,2.74,2.88,13.749999999999886,3.5231249999999874,0.1445561635457699,30.940208333333334,75.2,0.3826834323650898,0.9238795325112867,-0.433883739117558,-0.9009688679024191,0,6.48,0.0,46.68,100.0
2018-10-05 01:30:00,2018-10-05 01:45:00,2018-10-05 02:30:00,11.88,3.53,3.42,3.49,2.77,2.92,13.789999999999885,3.5006249999999874,0.10945711223621549,30.948125,75.2,0.44228869021900125,0.8968727415326884,-0.433883739117558,-0.9009688679024191,0,6.84,0.0,45.86,100.0
2018-10-05 01:45:00,2018-10-05 02:00:00,2018-10-05 02:45:00,11.23,3.46,3.53,3.42,2.81,3.02,13.829999999999886,3.480624999999988,0.08249763280912586,30.954895833333335,75.2,0.49999999999999994,0.8660254037844387,-0.433883739117558,-0.9009688679024191,0,6.26,0.0,48.37,100.0
2018-10-05 02:00:00,2018-10-05 02:15:00,2018-10-05 03:00:00,11.16,2.84,3.46,3.42,2.74,2.99,13.249999999999886,3.4262499999999876,0.1618979232237337,30.9559375,75.2,0.5555702330196022,0.8314696123025452,-0.433883739117558,-0.9009688679024191,0,4.64,0.0,52.2,100.0
2018-10-05 02:15:00,2018-10-05 02:30:00,2018-10-05 03:15:00,11.27,2.77,2.84,3.42,2.74,3.38,12.599999999999884,3.3856249999999877,0.22688016532785382,30.95625,75.2,0.6087614290087207,0.7933533402912352,-0.433883739117558,-0.9009688679024191,0,4.64,0.0,51.26,100.0
2018-10-05 02:30:00,2018-10-05 02:45:00,2018-10-05 03:30:00,11.270000000000001,2.81,2.77,3.53,2.81,4.1,11.879999999999885,3.3431249999999877,0.264000917459073,30.95625,75.2,0.6593458151000688,0.7518398074789774,-0.433883739117558,-0.9009688679024191,0,4.54,0.0,52.63,100.0
2018-10-05 02:45:00,2018-10-05 03:00:00,2018-10-05 03:45:00,11.270000000000001,2.81,2.81,3.46,2.74,3.17,11.229999999999887,3.3024999999999873,0.29147255453004245,30.956979166666667,75.2,0.7071067811865476,0.7071067811865476,-0.433883739117558,-0.9009688679024191,0,4.61,0.0,52.05,100.0
2018-10-05 03:00:00,2018-10-05 03:15:00,2018-10-05 04:00:00,11.34,2.77,2.81,2.84,2.74,2.99,11.159999999999886,3.2574999999999874,0.3137773893133614,30.957291666666666,75.2,0.7518398074789774,0.6593458151000688,-0.433883739117558,-0.9009688679024191,0,4.68,0.0,50.93,100.0
2018-10-05 03:15:00,2018-10-05 03:30:00,2018-10-05 04:15:00,11.81,2.88,2.77,2.77,2.81,2.95,11.269999999999888,3.2262499999999874,0.32472825184196197,30.958020833333336,75.2,0.7933533402912352,0.6087614290087207,-0.433883739117558,-0.9009688679024191,0,4.68,0.0,52.41,100.0
2018-10-05 03:30:00,2018-10-05 03:45:00,2018-10-05 04:30:00,12.379999999999999,2.81,2.88,2.81,2.77,2.95,11.269999999999886,3.1881249999999874,0.33537700341462107,30.958437500000002,75.2,0.8314696123025451,0.5555702330196024,-0.433883739117558,-0.9009688679024191,0,4.68,0.0,51.48,100.0
2018-10-05 03:45:00,2018-10-05 04:00:00,2018-10-05 04:45:00,12.41,2.81,2.81,2.81,2.77,2.95,11.269999999999886,3.1387499999999875,0.329201211334975,30.95885416666667,75.2,0.8660254037844386,0.5000000000000001,-0.433883739117558,-0.9009688679024191,0,4.79,0.0,50.6,100.0
2018-10-05 04:00:00,2018-10-05 04:15:00,2018-10-05 05:00:00,12.34,2.84,2.81,2.77,3.38,2.88,11.339999999999886,3.1024999999999876,0.3281672592512045,30.95322916666667,75.2,0.8968727415326884,0.44228869021900125,-0.433883739117558,-0.9009688679024191,0,4.75,0.0,51.32,100.0
2018-10-05 04:15:00,2018-10-05 04:30:00,2018-10-05 05:15:00,11.83,3.35,2.84,2.88,2.92,2.95,11.809999999999885,3.0893749999999875,0.3134778451812169,30.957708333333333,75.2,0.9238795325112867,0.38268343236508984,-0.433883739117558,-0.9009688679024191,0,6.48,0.0,45.92,100.0
2018-10-05 04:30:00,2018-10-05 04:45:00,2018-10-05 05:30:00,11.29,3.38,3.35,2.81,2.81,3.02,12.379999999999887,3.0824999999999876,0.3057265936166907,30.963645833333334,75.2,0.9469301294951056,0.3214394653031617,-0.433883739117558,-0.9009688679024191,0,6.41,0.0,46.64,100.0
2018-10-05 04:45:00,2018-10-05 05:00:00,2018-10-05 05:45:00,11.829999999999998,2.84,3.38,2.81,2.77,2.95,12.409999999999886,3.0462499999999872,0.29784381401079585,30.964375,75.2,0.9659258262890683,0.25881904510252074,-0.433883739117558,-0.9009688679024191,0,4.68,0.0,51.88,100.0
2018-10-05 05:00:00,2018-10-05 05:15:00,2018-10-05 06:00:00,12.079999999999998,2.77,2.84,2.84,3.35,2.92,12.339999999999886,3.005624999999988,0.28827002865288276,30.958333333333332,75.2,0.9807852804032304,0.19509032201612833,-0.433883739117558,-0.9009688679024191,0,4.61,0.0,51.5,100.0
2018-10-05 05:15:00,2018-10-05 05:30:00,2018-10-05 06:15:00,12.08,2.84,2.77,3.35,3.02,2.95,11.829999999999885,2.9693749999999874,0.26975611099577756,30.956458333333334,75.2,0.9914448613738104,0.1305261922200517,-0.433883739117558,-0.9009688679024191,0,4.79,0.0,51.0,100.0
2018-10-05 05:30:00,2018-10-05 05:45:00,2018-10-05 06:30:00,12.01,2.84,2.84,3.38,2.74,2.99,11.289999999999885,2.9262499999999876,0.22871584454209734,30.9575,75.2,0.9978589232386035,0.06540312923014327,-0.433883739117558,-0.9009688679024191,0,4.9,0.0,50.15,100.0
2018-10-05 05:45:00,2018-10-05 06:00:00,2018-10-05 06:45:00,11.37,3.38,2.84,2.84,2.7,2.95,11.829999999999886,2.9212499999999872,0.21759696124856456,30.964583333333337,75.2,1.0,6.123233995736766e-17,-0.433883739117558,-0.9009688679024191,0,6.52,0.0,46.02,100.0
2018-10-05 06:00:00,2018-10-05 06:15:00,2018-10-05 07:00:00,11.16,3.02,3.38,2.77,2.77,3.64,12.079999999999886,2.9324999999999877,0.21775846721677494,30.967187500000005,75.2,0.9978589232386035,-0.06540312923014314,-0.433883739117558,-0.9009688679024191,0,5.65,0.0,47.14,100.0
2018-10-05 06:15:00,2018-10-05 06:30:00,2018-10-05 07:15:00,11.24,2.84,3.02,2.84,2.7,3.85,12.079999999999886,2.9368749999999872,0.21513712933753518,30.96864583333333,75.2,0.9914448613738104,-0.1305261922200516,-0.433883739117558,-0.9009688679024191,0,4.9,0.0,50.15,100.0
2018-10-05 06:30:00,2018-10-05 06:45:00,2018-10-05 07:30:00,11.46,2.77,2.84,2.84,2.7,3.17,12.009999999999886,2.9343749999999873,0.21682276038183254,30.969375,75.2,0.9807852804032304,-0.1950903220161282,-0.433883739117558,-0.9009688679024191,0,4.68,0.0,50.93,100.0
2018-10-05 06:45:00,2018-10-05 07:00:00,2018-10-05 07:45:00,11.89,2.74,2.77,3.38,2.77,2.88,11.369999999999886,2.9299999999999877,0.21997158917596946,30.969062500000003,75.2,0.9659258262890683,-0.25881904510252063,-0.433883739117558,-0.9009688679024191,0,4.75,0.0,49.97,100.0
2018-10-05 07:00:00,2018-10-05 07:15:00,2018-10-05 08:00:00,12.25,2.81,2.74,3.02,2.99,2.84,11.159999999999886,2.9324999999999877,0.21836036738519937,30.967187499999998,75.2,0.9469301294951057,-0.3214394653031616,-0.433883739117558,-0.9009688679024191,0,4.79,0.0,50.6,100.0
2018-10-05 07:15:00,2018-10-05 07:30:00,2018-10-05 08:15:00,39.17,2.92,2.81,2.84,3.31,2.92,11.239999999999887,2.9349999999999876,0.21797362235967224,30.963125,75.2,0.9238795325112868,-0.3826834323650895,-0.433883739117558,-0.9009688679024191,0,5.11,0.0,49.61,100.0
2018-10-05 07:30:00,2018-10-05 07:45:00,2018-10-05 08:30:00,83.09,2.99,2.92,2.77,3.02,3.06,11.459999999999887,2.9462499999999876,0.2158667124514267,30.9628125,75.2,0.8968727415326884,-0.44228869021900113,-0.433883739117558,-0.9009688679024191,0,5.29,0.0,49.21,100.0
2018-10-05 07:45:00,2018-10-05 08:00:00,2018-10-05 08:45:00,130.79,3.17,2.99,2.74,3.24,3.2,11.889999999999887,2.9687499999999876,0.21922804917383815,30.962083333333336,75.2,0.8660254037844387,-0.4999999999999998,-0.433883739117558,-0.9009688679024191,0,5.22,0.0,51.91,100.0
2018-10-05 08:00:00,2018-10-05 08:15:00,2018-10-05 09:00:00,183.56,3.17,3.17,2.81,3.31,3.02,12.249999999999886,2.9893749999999875,0.22165482042930695,30.960625000000004,75.2,0.8314696123025451,-0.5555702330196023,-0.433883739117558,-0.9009688679024191,0,5.29,0.0,51.4,100.0
2018-10-05 08:15:00,2018-10-05 08:30:00,2018-10-05 09:15:00,204.76999999999998,29.84,3.17,2.92,33.73,28.48,39.16999999999989,4.644999999999987,6.508430110252631,30.920104166666672,75.2,0.7933533402912352,-0.6087614290087207,-0.433883739117558,-0.9009688679024191,0,26.93,0.0,74.24,100.0
2018-10-05 08:30:00,2018-10-05 08:45:00,2018-10-05 09:30:00,214.02,46.91,29.84,2.99,43.96,38.59,83.08999999999989,7.365624999999987,12.103862487215212,30.950833333333335,75.2,0.7518398074789774,-0.6593458151000688,-0.433883739117558,-0.9009688679024191,0,44.6,0.0,72.47,100.0
2018-10-05 08:45:00,2018-10-05 09:00:00,2018-10-05 09:45:00,217.79999999999998,50.87,46.91,3.17,56.77,55.51,130.78999999999988,10.367499999999987,15.953105301164344,30.889375,75.2,0.7071067811865476,-0.7071067811865475,-0.433883739117558,-0.9009688679024191,0,40.39,0.0,78.32,100.0
2018-10-05 09:00:00,2018-10-05 09:15:00,2018-10-05 10:00:00,218.33999999999997,55.94,50.87,3.17,64.8,58.03,183.5599999999999,13.690624999999986,19.226390219159967,30.797083333333333,75.2,0.659345815100069,-0.7518398074789773,-0.433883739117558,-0.9009688679024191,0,25.38,0.0,91.07,100.0
2018-10-05 09:15:00,2018-10-05 09:30:00,2018-10-05 10:15:00,219.13,51.05,55.94,29.84,68.98,54.36,204.76999999999987,16.703749999999985,20.986884855488494,30.610312500000003,75.2,0.6087614290087209,-0.793353340291235,-0.433883739117558,-0.9009688679024191,0,23.11,0.0,91.1,100.0
2018-10-05 09:30:00,2018-10-05 09:45:00,2018-10-05 10:30:00,213.69,56.16,51.05,46.91,70.27,60.3,214.01999999999987,20.03624999999999,22.685475219565696,30.463333333333335,75.2,0.5555702330196025,-0.831469612302545,-0.433883739117558,-0.9009688679024191,0,28.58,0.0,89.12,100.0
2018-10-05 09:45:00,2018-10-05 10:00:00,2018-10-05 10:45:00,214.66,54.65,56.16,50.87,62.78,60.12,217.79999999999987,23.240624999999987,23.704542409829415,30.378645833333334,75.2,0.49999999999999994,-0.8660254037844387,-0.433883739117558,-0.9009688679024191,0,27.32,0.0,89.45,100.0
2018-10-05 10:00:00,2018-10-05 10:15:00,2018-10-05 11:00:00,216.18,56.48,54.65,55.94,64.08,47.2,218.3399999999999,26.581874999999986,24.377044072946955,30.299479166666668,75.2,0.4422886902190017,-0.8968727415326881,-0.433883739117558,-0.9009688679024191,0,28.15,0.0,89.5,100.0
2018-10-05 10:15:00,2018-10-05 10:30:00,2018-10-05 11:15:00,221.58,51.84,56.48,51.05,59.72,49.32,219.12999999999988,29.644374999999986,24.279721726358307,30.21739583333333,75.2,0.3826834323650899,-0.9238795325112867,-0.433883739117558,-0.9009688679024191,0,25.27,0.0,89.89,100.0
2018-10-05 10:30:00,2018-10-05 10:45:00,2018-10-05 11:30:00,222.34,50.72,51.84,56.16,52.67,53.14,213.68999999999988,32.641249999999985,23.730686851364375,30.197083333333335,75.2,0.32143946530316175,-0.9469301294951056,-0.433883739117558,-0.9009688679024191,0,20.95,0.0,92.43,100.0
2018-10-05 10:45:00,2018-10-05 11:00:00,2018-10-05 11:45:00,226.23,55.62,50.72,54.65,62.03,52.6,214.65999999999988,35.946249999999985,23.00746859038419,30.1303125,75.2,0.258819045102521,-0.9659258262890682,-0.433883739117558,-0.9009688679024191,0,26.17,0.0,90.48,100.0
2018-10-05 11:00:00,2018-10-05 11:15:00,2018-10-05 12:00:00,215.5,58.0,55.62,56.48,55.98,59.69,216.1799999999999,39.39562499999998,21.89104210880302,30.151354166666668,75.2,0.19509032201612816,-0.9807852804032304,-0.433883739117558,-0.9009688679024191,0,27.11,0.0,90.59,100.0
2018-10-05 11:15:00,2018-10-05 11:30:00,2018-10-05 12:15:00,163.01,57.24,58.0,51.84,62.39,50.26,221.57999999999987,42.790624999999984,20.110659011066346,30.097708333333333,75.2,0.130526192220052,-0.9914448613738104,-0.433883739117558,-0.9009688679024191,0,25.74,0.0,91.2,100.0
2018-10-05 11:30:00,2018-10-05 11:45:00,2018-10-05 12:30:00,117.07000000000001,51.48,57.24,50.72,70.49,56.77,222.3399999999999,45.821249999999985,17.34841162578022,29.8996875,75.2,0.06540312923014312,-0.9978589232386035,-0.433883739117558,-0.9009688679024191,0,24.19,0.0,90.51,100.0
2018-10-05 11:45:00,2018-10-05 12:00:00,2018-10-05 12:45:00,62.74,59.51,51.48,55.62,66.2,50.72,226.22999999999988,49.34249999999999,13.659574709704662,29.83,75.2,1.2246467991473532e-16,-1.0,-0.433883739117558,-0.9009688679024191,0,30.56,0.0,88.96,100.0
2018-10-05 12:00:00,2018-10-05 12:15:00,2018-10-05 13:00:00,19.93,47.27,59.51,58.0,60.77,46.12,215.4999999999999,52.09874999999998,6.783198798317854,29.689375,75.2,-0.06540312923014287,-0.9978589232386035,-0.433883739117558,-0.9009688679024191,0,28.48,0.07,85.65,100.0
2018-10-05 12:15:00,2018-10-05 12:30:00,2018-10-05 13:15:00,49.02,4.75,47.27,57.24,12.28,6.12,163.00999999999988,50.530624999999986,12.357428165252557,29.610937500000002,75.2,-0.13052619222005177,-0.9914448613738104,-0.433883739117558,-0.9009688679024191,0,0.0,18.11,100.0,25.37
2018-10-05 12:30:00,2018-10-05 12:45:00,2018-10-05 13:30:00,103.13,5.54,4.75,51.48,4.14,5.26,117.06999999999988,47.944999999999986,16.483659711969437,29.62552083333333,75.2,-0.19509032201612792,-0.9807852804032305,-0.433883739117558,-0.9009688679024191,0,0.0,17.93,100.0,29.52
2018-10-05 12:45:00,2018-10-05 13:00:00,2018-10-05 13:45:00,152.74,5.18,5.54,59.51,4.43,4.0,62.73999999999989,45.08937499999998,19.424843457783176,29.63333333333333,75.2,-0.2588190451025208,-0.9659258262890683,-0.433883739117558,-0.9009688679024191,0,0.0,17.06,100.0,29.05
2018-10-05 13:00:00,2018-10-05 13:15:00,2018-10-05 14:00:00,202.5,4.46,5.18,47.27,5.04,3.64,19.929999999999886,41.87187499999999,21.5124467514596,29.627291666666665,75.2,-0.32143946530316153,-0.9469301294951057,-0.433883739117558,-0.9009688679024191,0,0.0,17.24,100.0,25.05
2018-10-05 13:15:00,2018-10-05 13:30:00,2018-10-05 14:15:00,222.01,33.84,4.46,4.75,44.21,26.57,49.01999999999989,40.796249999999986,21.456827839583156,29.519270833333334,75.2,-0.38268343236508967,-0.9238795325112868,-0.433883739117558,-0.9009688679024191,0,15.37,5.0,91.05,98.93
2018-10-05 13:30:00,2018-10-05 13:45:00,2018-10-05 14:30:00,218.58999999999997,59.65,33.84,5.54,68.26,43.67,103.12999999999988,41.01437499999999,21.628952230965453,29.429583333333337,75.2,-0.44228869021900147,-0.8968727415326883,-0.433883739117558,-0.9009688679024191,0,34.06,0.0,86.84,100.0
2018-10-05 13:45:00,2018-10-05 14:00:00,2018-10-05 14:45:00,220.0,54.79,59.65,5.18,61.02,55.58,152.7399999999999,41.023124999999986,21.634494366275018,29.364687500000002,75.2,-0.4999999999999997,-0.8660254037844388,-0.433883739117558,-0.9009688679024191,0,28.19,0.0,88.92,100.0
2018-10-05 14:00:00,2018-10-05 14:15:00,2018-10-05 15:00:00,207.76,54.22,54.79,4.46,58.68,64.87,202.4999999999999,40.88187499999999,21.54028905874723,29.318229166666665,75.2,-0.555570233019602,-0.8314696123025455,-0.433883739117558,-0.9009688679024191,0,28.62,0.0,88.44,100.0
2018-10-05 14:15:00,2018-10-05 14:30:00,2018-10-05 15:15:00,197.68,53.35,54.22,33.84,71.42,41.72,222.00999999999988,40.97624999999999,21.59134082074364,29.13,75.2,-0.6087614290087207,-0.7933533402912352,-0.433883739117558,-0.9009688679024191,0,25.7,0.0,90.09,100.0
2018-10-05 14:30:00,2018-10-05 14:45:00,2018-10-05 15:30:00,186.31,56.23,53.35,59.65,67.03,39.1,218.5899999999999,41.320624999999986,21.787058506356136,29.017500000000002,75.2,-0.6593458151000688,-0.7518398074789774,-0.433883739117558,-0.9009688679024191,0,30.38,0.0,87.98,100.0
2018-10-05 14:45:00,2018-10-05 15:00:00,2018-10-05 15:45:00,180.33,56.2,56.23,54.79,59.22,53.68,219.9999999999999,41.35687499999999,21.81128914081846,28.986041666666665,75.2,-0.7071067811865471,-0.7071067811865479,-0.433883739117558,-0.9009688679024191,0,28.66,0.0,89.08,100.0
2018-10-05 15:00:00,2018-10-05 15:15:00,2018-10-05 16:00:00,190.07999999999998,41.98,56.2,54.22,55.58,55.04,207.75999999999988,40.35562499999999,21.387893762813253,28.844375,75.2,-0.7518398074789773,-0.6593458151000691,-0.433883739117558,-0.9009688679024191,0,22.03,0.0,88.55,100.0
2018-10-05 15:15:00,2018-10-05 15:30:00,2018-10-05 16:15:00,197.21,43.27,41.98,53.35,50.8,38.52,197.6799999999999,39.48249999999999,20.961700044366914,28.765937500000003,75.2,-0.7933533402912349,-0.6087614290087209,-0.433883739117558,-0.9009688679024191,0,29.05,0.0,83.02,100.0
2018-10-05 15:30:00,2018-10-05 15:45:00,2018-10-05 16:30:00,200.76999999999998,44.86,43.27,56.23,49.39,56.81,186.3099999999999,39.06874999999999,20.78539808224784,28.71875,75.2,-0.8314696123025452,-0.5555702330196022,-0.433883739117558,-0.9009688679024191,0,26.42,0.0,86.17,100.0
2018-10-05 15:45:00,2018-10-05 16:00:00,2018-10-05 16:45:00,196.59,50.22,44.86,56.2,64.19,56.66,180.3299999999999,38.48812499999999,20.33106619767856,28.573229166666664,75.2,-0.8660254037844385,-0.5000000000000004,-0.433883739117558,-0.9009688679024191,0,22.39,0.0,91.33,100.0
2018-10-05 16:00:00,2018-10-05 16:15:00,2018-10-05 17:00:00,191.83999999999997,51.73,50.22,41.98,63.86,44.71,190.07999999999987,38.766874999999985,20.479591584901968,28.446875000000002,75.2,-0.8968727415326883,-0.44228869021900136,-0.433883739117558,-0.9009688679024191,0,22.97,0.0,91.39,100.0
2018-10-05 16:15:00,2018-10-05 16:30:00,2018-10-05 17:15:00,185.4,50.4,51.73,43.27,62.5,38.74,197.2099999999999,41.61999999999999,18.638930025621377,28.320833333333336,75.2,-0.9238795325112868,-0.3826834323650895,-0.433883739117558,-0.9009688679024191,0,22.1,0.0,91.58,100.0
2018-10-05 16:30:00,2018-10-05 16:45:00,2018-10-05 17:30:00,178.92,48.42,50.4,44.86,59.26,45.36,200.76999999999987,44.29999999999999,16.1789033157383,28.207916666666666,75.2,-0.9469301294951056,-0.3214394653031618,-0.433883739117558,-0.9009688679024191,0,21.1,0.0,91.67,100.0
2018-10-05 16:45:00,2018-10-05 17:00:00,2018-10-05 17:45:00,164.95999999999998,46.04,48.42,50.22,75.2,50.18,196.5899999999999,46.853749999999984,12.640257055831798,27.90416666666667,75.06,-0.9659258262890683,-0.25881904510252063,-0.433883739117558,-0.9009688679024191,0,19.98,0.0,91.73,100.0
2018-10-05 17:00:00,2018-10-05 17:15:00,2018-10-05 18:00:00,148.65,46.98,46.04,51.73,51.95,58.25,191.8399999999999,49.51124999999999,6.355148380447406,27.852395833333333,75.06,-0.9807852804032303,-0.19509032201612866,-0.433883739117558,-0.9009688679024191,0,23.4,0.0,89.51,100.0
2018-10-05 17:15:00,2018-10-05 17:30:00,2018-10-05 18:15:00,144.4,43.96,46.98,50.4,68.04,46.76,185.3999999999999,50.14374999999999,5.154088031601979,27.6015625,75.06,-0.9914448613738104,-0.13052619222005163,-0.433883739117558,-0.9009688679024191,0,21.89,0.0,89.52,100.0
2018-10-05 17:30:00,2018-10-05 17:45:00,2018-10-05 18:30:00,144.65,41.94,43.96,48.42,50.08,51.48,178.9199999999999,49.03687499999999,4.888532140057862,27.516770833333336,75.06,-0.9978589232386035,-0.06540312923014273,-0.433883739117558,-0.9009688679024191,0,18.0,0.0,91.89,100.0
2018-10-05 17:45:00,2018-10-05 18:00:00,2018-10-05 18:45:00,160.01999999999998,32.08,41.94,46.04,29.74,33.41,164.95999999999987,47.617499999999986,6.146986558469515,27.541145833333335,75.06,-1.0,-1.8369701987210297e-16,-0.433883739117558,-0.9009688679024191,0,1.58,0.72,99.88,99.97
2018-10-05 18:00:00,2018-10-05 18:15:00,2018-10-05 19:00:00,179.64000000000001,30.67,32.08,46.98,51.55,27.25,148.6499999999999,46.14562499999999,7.130608291680389,27.323645833333334,75.06,-0.9978589232386036,0.06540312923014237,-0.433883739117558,-0.9009688679024191,0,7.16,0.4,97.38,99.99
2018-10-05 18:15:00,2018-10-05 18:30:00,2018-10-05 19:15:00,189.75,39.71,30.67,43.96,48.67,29.52,144.39999999999986,45.29312499999999,7.03302630340466,27.230312499999997,75.06,-0.9914448613738105,0.13052619222005127,-0.433883739117558,-0.9009688679024191,0,27.79,0.0,81.93,100.0
2018-10-05 18:30:00,2018-10-05 18:45:00,2018-10-05 19:30:00,193.35,42.19,39.71,41.94,50.4,37.87,144.64999999999986,44.41562499999999,6.466787232419399,27.144791666666663,75.06,-0.9807852804032304,0.1950903220161283,-0.433883739117558,-0.9009688679024191,0,34.96,0.0,77.0,100.0
2018-10-05 18:45:00,2018-10-05 19:00:00,2018-10-05 19:45:00,195.36,47.45,42.19,32.08,58.1,38.12,160.0199999999999,43.868749999999984,5.780679971898461,27.033854166666668,75.06,-0.9659258262890684,0.2588190451025203,-0.433883739117558,-0.9009688679024191,0,23.94,0.0,89.28,100.0
2018-10-05 19:00:00,2018-10-05 19:15:00,2018-10-05 20:00:00,195.64999999999998,50.29,47.45,30.67,53.1,38.63,179.63999999999987,44.38812499999998,5.95823612610163,27.004583333333333,75.06,-0.9469301294951057,0.3214394653031615,-0.433883739117558,-0.9009688679024191,0,27.14,0.0,88.0,100.0
2018-10-05 19:15:00,2018-10-05 19:30:00,2018-10-05 20:15:00,200.14999999999998,49.82,50.29,39.71,75.06,38.38,189.7499999999999,44.797499999999985,6.0908892002734065,26.741666666666664,67.93,-0.923879532511287,0.38268343236508917,-0.433883739117558,-0.9009688679024191,0,28.48,0.0,86.82,100.0
2018-10-05 19:30:00,2018-10-05 19:45:00,2018-10-05 20:30:00,213.26,45.79,49.82,42.19,64.58,29.45,193.3499999999999,44.85562499999998,6.095643904410934,26.545937500000004,67.93,-0.8968727415326884,0.442288690219001,-0.433883739117558,-0.9009688679024191,0,30.28,0.0,83.41,100.0
2018-10-05 19:45:00,2018-10-05 20:00:00,2018-10-05 20:45:00,218.88,49.46,45.79,47.45,61.85,36.58,195.3599999999999,44.80812499999999,6.0564926099502685,26.416875,67.93,-0.8660254037844386,0.5000000000000001,-0.433883739117558,-0.9009688679024191,0,28.84,0.0,86.39,100.0
2018-10-05 20:00:00,2018-10-05 20:15:00,2018-10-05 21:00:00,199.22000000000003,50.58,49.46,50.29,66.89,35.32,195.6499999999999,44.73624999999999,5.980265331697857,26.246979166666666,67.93,-0.8314696123025455,0.5555702330196018,-0.433883739117558,-0.9009688679024191,0,34.88,0.0,82.32,100.0
2018-10-05 20:15:00,2018-10-05 20:30:00,2018-10-05 21:15:00,149.89999999999998,54.32,50.58,49.82,56.88,35.24,200.14999999999986,44.98124999999999,6.280062574330535,26.220312499999995,67.93,-0.7933533402912357,0.6087614290087199,-0.433883739117558,-0.9009688679024191,0,34.38,0.0,84.5,100.0
2018-10-05 20:30:00,2018-10-05 20:45:00,2018-10-05 21:30:00,94.82,58.9,54.32,45.79,67.93,33.16,213.25999999999988,45.63624999999998,7.097839349936467,26.12625,59.65,-0.7518398074789772,0.6593458151000691,-0.433883739117558,-0.9009688679024191,0,39.53,0.0,83.03,100.0
2018-10-05 20:45:00,2018-10-05 21:00:00,2018-10-05 21:45:00,43.59,55.08,58.9,49.46,53.14,21.67,218.87999999999988,46.20124999999999,7.4581456098353325,26.14645833333333,59.65,-0.7071067811865477,0.7071067811865474,-0.433883739117558,-0.9009688679024191,0,37.73,0.0,82.5,100.0
2018-10-05 21:00:00,2018-10-05 21:15:00,2018-10-05 22:00:00,16.56,30.92,55.08,50.58,24.73,7.85,199.21999999999989,45.197499999999984,8.31704913115264,26.2109375,59.65,-0.6593458151000687,0.7518398074789775,-0.433883739117558,-0.9009688679024191,0,13.28,4.25,91.88,99.07
2018-10-05 21:15:00,2018-10-05 21:30:00,2018-10-05 22:15:00,15.120000000000001,5.0,30.92,54.32,10.87,6.19,149.8999999999999,42.76249999999998,12.811647288698241,26.14979166666667,59.65,-0.608761429008721,0.7933533402912349,-0.433883739117558,-0.9009688679024191,0,0.0,16.02,100.0,29.79
2018-10-05 21:30:00,2018-10-05 21:45:00,2018-10-05 22:30:00,14.83,3.82,5.0,58.9,3.89,3.56,94.81999999999988,40.37999999999999,15.91232580423148,26.1490625,59.65,-0.555570233019603,0.8314696123025447,-0.433883739117558,-0.9009688679024191,0,0.0,15.7,100.0,23.64
2018-10-05 21:45:00,2018-10-05 22:00:00,2018-10-05 22:45:00,14.58,3.85,3.82,55.08,3.78,3.6,43.58999999999989,38.61562499999999,18.143484356908612,26.14979166666667,59.65,-0.5000000000000004,0.8660254037844384,-0.433883739117558,-0.9009688679024191,0,0.0,16.27,100.0,23.03
2018-10-05 22:00:00,2018-10-05 22:15:00,2018-10-05 23:00:00,14.219999999999999,3.89,3.85,30.92,3.71,3.53,16.559999999999885,36.94187499999999,19.945064307602244,26.151666666666667,59.65,-0.4422886902190014,0.8968727415326883,-0.433883739117558,-0.9009688679024191,0,0.04,15.48,99.99,24.37
2018-10-05 22:15:00,2018-10-05 22:30:00,2018-10-05 23:15:00,14.08,3.56,3.89,5.0,3.42,3.24,15.119999999999887,34.68249999999998,21.49113203742455,26.153125,59.65,-0.38268343236508956,0.9238795325112868,-0.433883739117558,-0.9009688679024191,0,6.34,0.04,48.96,99.99
2018-10-05 22:30:00,2018-10-05 22:45:00,2018-10-05 23:30:00,14.010000000000002,3.53,3.56,3.82,3.49,3.17,14.829999999999886,32.26624999999999,22.65309522863306,26.15354166666667,59.65,-0.32143946530316186,0.9469301294951056,-0.433883739117558,-0.9009688679024191,0,6.37,0.0,48.47,100.0
2018-10-05 22:45:00,2018-10-05 23:00:00,2018-10-05 23:45:00,13.83,3.6,3.53,3.85,3.46,3.2,14.579999999999886,29.525624999999987,23.293822670600786,26.155,59.65,-0.25881904510252157,0.9659258262890681,-0.433883739117558,-0.9009688679024191,0,7.06,0.0,45.43,100.0
2018-10-05 23:00:00,2018-10-05 23:15:00,2018-10-06 00:00:00,13.47,3.53,3.6,3.89,3.49,3.17,14.219999999999885,26.603124999999988,23.438205914369764,26.155416666666667,59.65,-0.19509032201612872,0.9807852804032303,-0.433883739117558,-0.9009688679024191,0,7.02,0.0,44.92,100.0
2018-10-05 23:15:00,2018-10-05 23:30:00,2018-10-06 00:15:00,13.47,3.42,3.53,3.56,3.38,3.1,14.079999999999886,23.70312499999999,23.256001837899827,26.15583333333333,59.65,-0.13052619222005168,0.9914448613738104,-0.433883739117558,-0.9009688679024191,0,6.26,0.0,47.94,100.0
2018-10-05 23:30:00,2018-10-05 23:45:00,2018-10-06 00:30:00,13.43,3.46,3.42,3.53,3.42,3.1,14.009999999999886,21.057499999999987,22.999226481558622,26.15625,59.65,-0.0654031292301428,0.9978589232386035,-0.433883739117558,-0.9009688679024191,0,6.3,0.0,48.14,100.0
2018-10-05 23:45:00,2018-10-06 00:00:00,2018-10-06 00:45:00,13.29,3.42,3.46,3.6,3.6,3.13,13.829999999999886,18.17999999999999,22.129349854887963,26.154374999999998,59.65,0.0,1.0,-0.9749279121818236,-0.2225209339563146,1,6.88,0.0,44.51,100.0
2018-10-06 00:00:00,2018-10-06 00:15:00,2018-10-06 01:00:00,13.0,3.17,3.42,3.53,3.42,2.56,13.469999999999887,15.216874999999986,20.721951440064892,26.151770833333334,59.65,0.06540312923014306,0.9978589232386035,-0.9749279121818236,-0.2225209339563146,1,6.16,0.0,45.76,100.0
2018-10-06 00:15:00,2018-10-06 00:30:00,2018-10-06 01:15:00,12.419999999999998,3.42,3.17,3.42,3.56,2.7,13.469999999999887,12.035624999999987,18.232139537350246,26.1503125,59.65,0.13052619222005157,0.9914448613738104,-0.9749279121818236,-0.2225209339563146,1,6.16,0.0,48.54,100.0
2018-10-06 00:30:00,2018-10-06 00:45:00,2018-10-06 01:30:00,12.06,3.42,3.42,3.46,3.49,2.48,13.429999999999886,8.568124999999986,13.702547764354374,26.149583333333336,59.65,0.19509032201612825,0.9807852804032304,-0.9749279121818236,-0.2225209339563146,1,6.44,0.0,46.9,100.0
2018-10-06 00:45:00,2018-10-06 01:00:00,2018-10-06 01:45:00,12.27,3.28,3.42,3.42,3.42,2.45,13.289999999999885,5.330624999999988,6.619404683158139,26.148124999999997,59.65,0.25881904510252074,0.9659258262890683,-0.9749279121818236,-0.2225209339563146,1,6.66,0.0,44.18,100.0
2018-10-06 01:00:00,2018-10-06 01:15:00,2018-10-06 02:00:00,12.450000000000001,2.88,3.28,3.17,3.42,2.56,12.999999999999886,3.5781249999999876,0.44113799928978176,26.1425,59.65,0.3214394653031616,0.9469301294951057,-0.9749279121818236,-0.2225209339563146,1,6.16,0.0,42.35,100.0
2018-10-06 01:15:00,2018-10-06 01:30:00,2018-10-06 02:15:00,12.530000000000001,2.84,2.88,3.42,3.42,2.59,12.419999999999884,3.4431249999999873,0.2899508310343441,26.136458333333334,59.65,0.3826834323650898,0.9238795325112867,-0.9749279121818236,-0.2225209339563146,1,5.94,0.0,43.13,100.0
2018-10-06 01:30:00,2018-10-06 01:45:00,2018-10-06 02:30:00,12.39,3.06,2.84,3.42,3.53,3.17,12.059999999999885,3.3956249999999875,0.28655210593807773,26.1315625,59.65,0.44228869021900125,0.8968727415326884,-0.9749279121818236,-0.2225209339563146,1,6.44,0.0,42.92,100.0
2018-10-06 01:45:00,2018-10-06 02:00:00,2018-10-06 02:45:00,11.74,3.49,3.06,3.28,3.46,2.95,12.269999999999886,3.3731249999999875,0.26317101743460763,26.131874999999997,59.65,0.49999999999999994,0.8660254037844387,-0.9749279121818236,-0.2225209339563146,1,7.63,0.0,41.6,100.0
2018-10-06 02:00:00,2018-10-06 02:15:00,2018-10-06 03:00:00,11.52,3.06,3.49,2.88,2.84,2.52,12.449999999999887,3.3212499999999876,0.23663989000718127,26.134166666666662,59.65,0.5555702330196022,0.8314696123025452,-0.9749279121818236,-0.2225209339563146,1,6.55,0.0,42.33,100.0
2018-10-06 02:15:00,2018-10-06 02:30:00,2018-10-06 03:15:00,11.44,2.92,3.06,2.84,2.77,2.52,12.529999999999886,3.2812499999999876,0.24677608786639973,26.135729166666664,59.65,0.6087614290087207,0.7933533402912352,-0.9749279121818236,-0.2225209339563146,1,5.87,0.0,44.54,100.0
2018-10-06 02:30:00,2018-10-06 02:45:00,2018-10-06 03:30:00,11.58,2.92,2.92,3.06,2.81,2.59,12.389999999999887,3.2431249999999876,0.2524559058878949,26.136875,59.65,0.6593458151000688,0.7518398074789774,-0.9749279121818236,-0.2225209339563146,1,6.08,0.0,43.29,100.0
2018-10-06 02:45:00,2018-10-06 03:00:00,2018-10-06 03:45:00,12.3,2.84,2.92,3.49,2.81,2.48,11.739999999999887,3.1956249999999873,0.2523382836941676,26.1371875,59.65,0.7071067811865476,0.7071067811865476,-0.9749279121818236,-0.2225209339563146,1,5.72,0.0,44.47,100.0
2018-10-06 03:00:00,2018-10-06 03:15:00,2018-10-06 04:00:00,12.920000000000002,2.84,2.84,3.06,2.77,2.52,11.519999999999886,3.1524999999999874,0.2504620730624801,26.137916666666666,59.65,0.7518398074789774,0.6593458151000688,-0.9749279121818236,-0.2225209339563146,1,5.83,0.0,43.79,100.0
2018-10-06 03:15:00,2018-10-06 03:30:00,2018-10-06 04:15:00,13.36,2.84,2.84,2.92,2.88,2.59,11.439999999999886,3.1162499999999875,0.25109447931562756,26.1375,59.65,0.7933533402912352,0.6087614290087207,-0.9749279121818236,-0.2225209339563146,1,5.76,0.0,44.22,100.0
2018-10-06 03:30:00,2018-10-06 03:45:00,2018-10-06 04:30:00,13.219999999999999,3.06,2.84,2.92,2.81,2.59,11.579999999999886,3.0912499999999876,0.2350232702155416,26.140104166666664,59.65,0.8314696123025451,0.5555702330196024,-0.9749279121818236,-0.2225209339563146,1,5.94,0.0,45.8,100.0
2018-10-06 03:45:00,2018-10-06 04:00:00,2018-10-06 04:45:00,12.61,3.56,3.06,2.84,2.81,2.59,12.299999999999887,3.0999999999999877,0.24927394577612805,26.147916666666664,59.65,0.8660254037844386,0.5000000000000001,-0.9749279121818236,-0.2225209339563146,1,6.8,0.0,46.38,100.0
2018-10-06 04:00:00,2018-10-06 04:15:00,2018-10-06 05:00:00,12.069999999999999,3.46,3.56,2.84,2.84,2.59,12.919999999999886,3.1181249999999876,0.2638233015064904,26.154374999999998,59.65,0.8968727415326884,0.44228869021900125,-0.9749279121818236,-0.2225209339563146,1,6.55,0.0,46.71,100.0
2018-10-06 04:15:00,2018-10-06 04:30:00,2018-10-06 05:15:00,11.709999999999999,3.28,3.46,2.84,3.35,2.52,13.359999999999886,3.1093749999999876,0.25586785538201556,26.153645833333332,59.65,0.9238795325112867,0.38268343236508984,-0.9749279121818236,-0.2225209339563146,1,6.08,0.0,47.48,100.0
2018-10-06 04:30:00,2018-10-06 04:45:00,2018-10-06 05:30:00,11.709999999999999,2.92,3.28,3.06,3.38,2.77,13.219999999999885,3.0781249999999876,0.2463792491623812,26.148854166666666,59.65,0.9469301294951056,0.3214394653031617,-0.9749279121818236,-0.2225209339563146,1,5.62,0.0,46.11,100.0
2018-10-06 04:45:00,2018-10-06 05:00:00,2018-10-06 05:45:00,11.86,2.95,2.92,3.56,2.84,3.17,12.609999999999888,3.0574999999999877,0.2423968853818801,26.150000000000002,59.65,0.9659258262890683,0.25881904510252074,-0.9749279121818236,-0.2225209339563146,1,5.76,0.0,45.58,100.0
2018-10-06 05:00:00,2018-10-06 05:15:00,2018-10-06 06:00:00,12.219999999999999,2.92,2.95,3.46,2.77,2.56,12.069999999999887,3.0599999999999876,0.24075402393902823,26.1515625,59.65,0.9807852804032304,0.19509032201612833,-0.9749279121818236,-0.2225209339563146,1,5.76,0.0,45.22,100.0
2018-10-06 05:15:00,2018-10-06 05:30:00,2018-10-06 06:15:00,12.18,2.92,2.92,3.28,2.84,2.59,11.709999999999887,3.0649999999999875,0.2369335350743535,26.152395833333333,59.65,0.9914448613738104,0.1305261922200517,-0.9749279121818236,-0.2225209339563146,1,5.51,0.0,46.83,100.0
2018-10-06 05:30:00,2018-10-06 05:45:00,2018-10-06 06:30:00,12.14,2.92,2.92,2.92,2.84,2.59,11.709999999999887,3.0562499999999875,0.23952752982243478,26.153229166666666,59.65,0.9978589232386035,0.06540312923014327,-0.9749279121818236,-0.2225209339563146,1,5.65,0.0,45.91,100.0
2018-10-06 05:45:00,2018-10-06 06:00:00,2018-10-06 06:45:00,11.959999999999999,3.1,2.92,2.95,3.38,2.56,11.859999999999886,3.0318749999999874,0.21246231293539614,26.1503125,59.65,1.0,6.123233995736766e-17,-0.9749279121818236,-0.2225209339563146,1,6.23,0.0,44.55,100.0
2018-10-06 06:00:00,2018-10-06 06:15:00,2018-10-06 07:00:00,11.6,3.28,3.1,2.92,3.02,2.56,12.219999999999885,3.045624999999988,0.2207931371620197,26.15302083333333,59.65,0.9978589232386035,-0.06540312923014314,-0.9749279121818236,-0.2225209339563146,1,6.62,0.0,44.4,100.0
2018-10-06 06:15:00,2018-10-06 06:30:00,2018-10-06 07:15:00,11.599999999999998,2.88,3.28,2.92,2.84,2.52,12.179999999999886,3.0431249999999874,0.2224218613757393,26.1534375,59.65,0.9914448613738104,-0.1305261922200516,-0.9749279121818236,-0.2225209339563146,1,5.83,0.0,44.29,100.0
2018-10-06 06:30:00,2018-10-06 06:45:00,2018-10-06 07:30:00,12.069999999999999,2.88,2.88,2.92,2.77,2.56,12.139999999999885,3.0406249999999875,0.22401084665223406,26.154583333333335,59.65,0.9807852804032304,-0.1950903220161282,-0.9749279121818236,-0.2225209339563146,1,5.83,0.0,44.29,100.0
2018-10-06 06:45:00,2018-10-06 07:00:00,2018-10-06 07:45:00,12.71,2.92,2.88,3.1,2.74,2.59,11.959999999999885,3.045624999999988,0.22033975904917036,26.156458333333333,59.65,0.9659258262890683,-0.25881904510252063,-0.9749279121818236,-0.2225209339563146,1,5.83,0.0,44.78,100.0
2018-10-06 07:00:00,2018-10-06 07:15:00,2018-10-06 08:00:00,19.51,2.92,2.92,3.28,2.81,2.74,11.599999999999886,3.0506249999999877,0.2164910146353473,26.15760416666667,59.65,0.9469301294951057,-0.3214394653031616,-0.9749279121818236,-0.2225209339563146,1,6.08,0.0,43.29,100.0
2018-10-06 07:15:00,2018-10-06 07:30:00,2018-10-06 08:15:00,54.11,2.88,2.92,2.88,2.92,3.13,11.599999999999886,3.053124999999987,0.21426381966594368,26.157187499999996,59.65,0.9238795325112868,-0.3826834323650895,-0.9749279121818236,-0.2225209339563146,1,5.76,0.0,44.72,100.0
2018-10-06 07:30:00,2018-10-06 07:45:00,2018-10-06 08:30:00,101.77,3.35,2.88,2.88,2.99,3.02,12.069999999999887,3.0712499999999876,0.2260219846449114,26.160937500000003,59.65,0.8968727415326884,-0.44228869021900113,-0.9749279121818236,-0.2225209339563146,1,7.13,0.0,42.52,100.0
2018-10-06 07:45:00,2018-10-06 08:00:00,2018-10-06 08:45:00,146.56,3.56,3.35,2.92,3.17,2.66,12.709999999999887,3.0712499999999876,0.22602198464491138,26.165000000000003,59.65,0.8660254037844387,-0.4999999999999998,-0.9749279121818236,-0.2225209339563146,1,7.45,0.0,43.12,100.0
2018-10-06 08:00:00,2018-10-06 08:15:00,2018-10-06 09:00:00,187.74,9.72,3.56,2.92,3.17,3.06,19.509999999999888,3.4624999999999875,1.628321605224991,26.233229166666664,59.65,0.8314696123025451,-0.5555702330196023,-0.9749279121818236,-0.2225209339563146,1,12.82,0.0,60.42,100.0
2018-10-06 08:15:00,2018-10-06 08:30:00,2018-10-06 09:15:00,214.66,37.48,9.72,2.88,29.84,21.85,54.109999999999886,5.599999999999987,8.390759053866383,26.312812499999996,59.65,0.7933533402912352,-0.6087614290087207,-0.9749279121818236,-0.2225209339563146,1,39.49,0.0,68.84,100.0
2018-10-06 08:30:00,2018-10-06 08:45:00,2018-10-06 09:30:00,224.74,51.01,37.48,3.35,46.91,47.3,101.76999999999988,8.605624999999987,13.776843328912944,26.355520833333333,59.65,0.7518398074789774,-0.6593458151000688,-0.9749279121818236,-0.2225209339563146,1,55.73,0.0,67.52,100.0
2018-10-06 08:45:00,2018-10-06 09:00:00,2018-10-06 09:45:00,218.08,48.35,51.01,3.56,50.87,45.65,146.5599999999999,11.443124999999988,16.68762517509339,26.329270833333336,59.65,0.7071067811865476,-0.7071067811865475,-0.9749279121818236,-0.2225209339563146,1,49.64,0.0,69.77,100.0
2018-10-06 09:00:00,2018-10-06 09:15:00,2018-10-06 10:00:00,214.52,50.9,48.35,9.72,55.94,41.9,187.7399999999999,14.441874999999987,19.032785272639632,26.276770833333334,59.65,0.659345815100069,-0.7518398074789773,-0.9749279121818236,-0.2225209339563146,1,31.68,0.0,84.9,100.0
2018-10-06 09:15:00,2018-10-06 09:30:00,2018-10-06 10:15:00,195.73000000000002,64.4,50.9,37.48,51.05,44.46,214.6599999999999,18.28437499999999,22.252491986503554,26.415833333333328,64.4,0.6087614290087209,-0.793353340291235,-0.9749279121818236,-0.2225209339563146,1,45.29,0.0,81.8,100.0
2018-10-06 09:30:00,2018-10-06 09:45:00,2018-10-06 10:30:00,195.58999999999997,61.09,64.4,51.01,56.16,47.41,224.7399999999999,21.919999999999987,24.118908039130353,26.467187499999998,64.4,0.5555702330196025,-0.831469612302545,-0.9749279121818236,-0.2225209339563146,1,44.6,0.0,80.77,100.0
2018-10-06 09:45:00,2018-10-06 10:00:00,2018-10-06 10:45:00,205.99,41.69,61.09,48.35,54.65,47.23,218.07999999999987,24.33187499999999,24.045703675176565,26.3321875,64.4,0.49999999999999994,-0.8660254037844387,-0.9749279121818236,-0.2225209339563146,1,22.28,0.0,88.2,100.0
2018-10-06 10:00:00,2018-10-06 10:15:00,2018-10-06 11:00:00,201.56,47.34,41.69,50.9,56.48,37.87,214.51999999999992,27.085624999999986,23.999994783528546,26.236979166666668,64.4,0.4422886902190017,-0.8968727415326881,-0.9749279121818236,-0.2225209339563146,1,30.46,0.0,84.1,100.0
2018-10-06 10:15:00,2018-10-06 10:30:00,2018-10-06 11:15:00,197.6,45.61,47.34,64.4,51.84,47.74,195.72999999999988,29.756249999999987,23.53072509374754,26.172083333333333,64.4,0.3826834323650899,-0.9238795325112867,-0.9749279121818236,-0.2225209339563146,1,23.8,0.0,88.66,100.0
2018-10-06 10:30:00,2018-10-06 10:45:00,2018-10-06 11:30:00,178.19,60.95,45.61,61.09,50.72,44.5,195.58999999999986,33.38562499999999,23.583733527781224,26.278645833333332,64.4,0.32143946530316175,-0.9469301294951056,-0.9749279121818236,-0.2225209339563146,1,39.56,0.0,83.88,100.0
2018-10-06 10:45:00,2018-10-06 11:00:00,2018-10-06 11:45:00,171.20999999999998,52.09,60.95,41.69,55.62,42.3,205.9899999999999,36.458749999999995,22.596561650780295,26.241874999999997,64.4,0.258819045102521,-0.9659258262890682,-0.9749279121818236,-0.2225209339563146,1,34.52,0.0,83.36,100.0
2018-10-06 11:00:00,2018-10-06 11:15:00,2018-10-06 12:00:00,168.84,42.91,52.09,47.34,58.0,44.14,201.5599999999999,38.95812499999999,20.896313137354817,26.0846875,64.4,0.19509032201612816,-0.9807852804032304,-0.9749279121818236,-0.2225209339563146,1,23.44,0.0,87.76,100.0
2018-10-06 11:15:00,2018-10-06 11:30:00,2018-10-06 12:15:00,154.91,41.65,42.91,45.61,57.24,48.02,197.59999999999988,41.38124999999999,18.705221488598056,25.922291666666666,64.4,0.130526192220052,-0.9914448613738104,-0.9749279121818236,-0.2225209339563146,1,23.58,0.0,87.02,100.0
2018-10-06 11:30:00,2018-10-06 11:45:00,2018-10-06 12:30:00,137.49,41.54,41.65,60.95,51.48,49.14,178.18999999999988,43.76812499999998,15.930825943258043,25.818750000000005,64.4,0.06540312923014312,-0.9978589232386035,-0.9749279121818236,-0.2225209339563146,1,21.71,0.0,88.63,100.0
2018-10-06 11:45:00,2018-10-06 12:00:00,2018-10-06 12:45:00,116.5,45.11,41.54,52.09,59.51,44.5,171.20999999999987,46.36499999999999,12.08787253820979,25.66875,64.4,1.2246467991473532e-16,-1.0,-0.9749279121818236,-0.2225209339563146,1,26.96,0.0,85.84,100.0
2018-10-06 12:00:00,2018-10-06 12:15:00,2018-10-06 13:00:00,100.19000000000001,40.54,45.11,42.91,47.27,32.47,168.8399999999999,48.291249999999984,7.784496511496732,25.598645833333332,64.4,-0.06540312923014287,-0.9978589232386035,-0.9749279121818236,-0.2225209339563146,1,26.96,0.4,83.27,100.0
2018-10-06 12:15:00,2018-10-06 12:30:00,2018-10-06 13:15:00,112.61,27.72,40.54,41.65,4.75,3.42,154.90999999999988,47.681249999999984,8.908962393988723,25.83791666666667,64.4,-0.13052619222005177,-0.9914448613738104,-0.9749279121818236,-0.2225209339563146,1,3.64,1.08,99.15,99.92
2018-10-06 12:30:00,2018-10-06 12:45:00,2018-10-06 13:30:00,164.34,24.12,27.72,41.54,5.54,3.28,137.4899999999999,46.000624999999985,10.514197822914578,26.031458333333333,64.4,-0.19509032201612792,-0.9807852804032305,-0.9749279121818236,-0.2225209339563146,1,0.79,1.94,99.95,99.68
2018-10-06 12:45:00,2018-10-06 13:00:00,2018-10-06 13:45:00,237.6,24.12,24.12,45.11,5.18,3.38,116.49999999999989,44.48624999999999,11.740215540504694,26.22875,64.4,-0.2588190451025208,-0.9659258262890683,-0.9749279121818236,-0.2225209339563146,1,0.79,2.02,99.95,99.65
2018-10-06 13:00:00,2018-10-06 13:15:00,2018-10-06 14:00:00,318.49,24.23,24.12,40.54,4.46,4.5,100.1899999999999,42.81937499999999,12.574891882612125,26.4346875,64.4,-0.32143946530316153,-0.9469301294951057,-0.9749279121818236,-0.2225209339563146,1,0.76,2.09,99.95,99.63
2018-10-06 13:15:00,2018-10-06 13:30:00,2018-10-06 14:15:00,339.84000000000003,40.14,24.23,27.72,33.84,19.51,112.60999999999989,41.30312499999999,11.276961979380156,26.500312500000003,64.4,-0.38268343236508967,-0.9238795325112868,-0.9749279121818236,-0.2225209339563146,1,14.9,0.97,93.75,99.97
2018-10-06 13:30:00,2018-10-06 13:45:00,2018-10-06 14:30:00,376.09000000000003,75.85,40.14,24.12,59.65,47.59,164.3399999999999,42.22562499999999,13.283137792305881,26.6690625,75.85,-0.44228869021900147,-0.8968727415326883,-0.9749279121818236,-0.2225209339563146,1,47.66,0.0,84.67,100.0
2018-10-06 13:45:00,2018-10-06 14:00:00,2018-10-06 14:45:00,383.97,97.38,75.85,24.12,54.79,47.48,237.59999999999988,45.70624999999999,18.82642785919588,27.112708333333334,97.38,-0.4999999999999997,-0.8660254037844388,-0.9749279121818236,-0.2225209339563146,1,45.22,0.0,90.7,100.0
2018-10-06 14:00:00,2018-10-06 14:15:00,2018-10-06 15:00:00,387.14000000000004,105.12,97.38,24.23,54.22,35.03,318.4899999999999,49.31749999999999,23.703397303973198,27.642916666666668,105.12,-0.555570233019602,-0.8314696123025455,-0.9749279121818236,-0.2225209339563146,1,47.63,0.0,91.09,100.0
2018-10-06 14:15:00,2018-10-06 14:30:00,2018-10-06 15:15:00,430.12,61.49,105.12,40.14,53.35,34.6,339.8399999999999,50.30999999999999,23.859327316586338,27.72770833333333,105.12,-0.6087614290087207,-0.7933533402912352,-0.9749279121818236,-0.2225209339563146,1,28.3,0.0,90.84,100.0
2018-10-06 14:30:00,2018-10-06 14:45:00,2018-10-06 15:30:00,417.24,112.1,61.49,75.85,56.23,46.58,376.0899999999999,53.50687499999998,28.11755939772112,28.309687499999995,112.1,-0.6593458151000688,-0.7518398074789774,-0.9749279121818236,-0.2225209339563146,1,50.54,0.0,91.16,100.0
2018-10-06 14:45:00,2018-10-06 15:00:00,2018-10-06 15:45:00,420.41,105.26,112.1,97.38,56.2,47.88,383.9699999999999,56.82999999999999,30.770564465085744,28.820729166666666,112.1,-0.7071067811865471,-0.7071067811865479,-0.9749279121818236,-0.2225209339563146,1,43.6,0.0,92.39,100.0
2018-10-06 15:00:00,2018-10-06 15:15:00,2018-10-06 16:00:00,390.56,108.29,105.26,105.12,41.98,34.49,387.1399999999999,60.91624999999999,32.916986852345616,29.511458333333334,112.1,-0.7518398074789773,-0.6593458151000691,-0.9749279121818236,-0.2225209339563146,1,53.71,0.0,89.59,100.0
2018-10-06 15:15:00,2018-10-06 15:30:00,2018-10-06 16:15:00,389.41,104.47,108.29,61.49,43.27,34.92,430.1199999999999,64.84249999999999,34.109696293722564,30.148958333333336,112.1,-0.7933533402912349,-0.6087614290087209,-0.9749279121818236,-0.2225209339563146,1,41.83,0.0,92.83,100.0
2018-10-06 15:30:00,2018-10-06 15:45:00,2018-10-06 16:30:00,393.15,99.22,104.47,112.1,44.86,50.62,417.2399999999999,68.44749999999999,34.50218444171308,30.715208333333333,112.1,-0.8314696123025452,-0.5555702330196022,-0.9749279121818236,-0.2225209339563146,1,46.8,0.0,90.44,100.0
2018-10-06 15:45:00,2018-10-06 16:00:00,2018-10-06 16:45:00,387.75,108.43,99.22,105.26,50.22,36.14,420.40999999999985,72.405,35.22231554710713,31.3215625,112.1,-0.8660254037844385,-0.5000000000000004,-0.9749279121818236,-0.2225209339563146,1,43.2,0.0,92.9,100.0
2018-10-06 16:00:00,2018-10-06 16:15:00,2018-10-06 17:00:00,393.86999999999995,78.44,108.43,108.29,51.73,35.93,390.55999999999995,74.77374999999998,34.26099419803054,31.599791666666665,112.1,-0.8968727415326883,-0.44228869021900136,-0.9749279121818236,-0.2225209339563146,1,42.37,0.0,87.98,100.0
2018-10-06 16:15:00,2018-10-06 16:30:00,2018-10-06 17:15:00,325.47,103.32,78.44,104.47,50.4,51.59,389.40999999999985,79.49875,32.61965911743221,32.151041666666664,112.1,-0.9238795325112868,-0.3826834323650895,-0.9749279121818236,-0.2225209339563146,1,41.04,0.0,92.94,100.0
2018-10-06 16:30:00,2018-10-06 16:45:00,2018-10-06 17:30:00,248.97,102.96,103.32,99.22,48.42,35.32,393.14999999999986,84.42624999999998,29.70670670803941,32.719166666666666,112.1,-0.9469301294951056,-0.3214394653031618,-0.9749279121818236,-0.2225209339563146,1,49.14,0.0,90.25,100.0
2018-10-06 16:45:00,2018-10-06 17:00:00,2018-10-06 17:45:00,172.47,103.03,102.96,108.43,46.04,24.12,387.7499999999999,89.35812499999999,25.54395261572383,33.3128125,112.1,-0.9659258262890683,-0.25881904510252063,-0.9749279121818236,-0.2225209339563146,1,40.03,0.0,93.21,100.0
2018-10-06 17:00:00,2018-10-06 17:15:00,2018-10-06 18:00:00,114.22999999999999,84.56,103.03,78.44,46.98,4.97,393.86999999999983,93.12875,19.35485044988635,33.70427083333333,112.1,-0.9807852804032303,-0.19509032201612866,-0.9749279121818236,-0.2225209339563146,1,33.62,0.0,92.92,100.0
2018-10-06 17:15:00,2018-10-06 17:30:00,2018-10-06 18:15:00,116.07,34.92,84.56,103.32,43.96,3.6,325.46999999999986,92.80249999999998,20.267757183516043,33.610104166666666,112.1,-0.9914448613738104,-0.13052619222005163,-0.9749279121818236,-0.2225209339563146,1,11.59,0.14,94.91,100.0
2018-10-06 17:30:00,2018-10-06 17:45:00,2018-10-06 18:30:00,154.09,26.46,34.92,102.96,41.94,3.46,248.96999999999989,89.71562499999999,25.65880817788199,33.44885416666666,112.1,-0.9978589232386035,-0.06540312923014273,-0.9749279121818236,-0.2225209339563146,1,1.4,0.94,99.86,99.94
2018-10-06 17:45:00,2018-10-06 18:00:00,2018-10-06 18:45:00,167.99,26.53,26.46,103.03,32.08,3.49,172.46999999999989,85.28749999999998,29.74258195332027,33.391041666666666,112.1,-1.0,-1.8369701987210297e-16,-0.9749279121818236,-0.2225209339563146,1,1.19,1.37,99.9,99.87
2018-10-06 18:00:00,2018-10-06 18:15:00,2018-10-06 19:00:00,202.58,26.32,26.53,84.56,30.67,3.38,114.22999999999989,80.3625,32.45158595893238,33.345729166666665,112.1,-0.9978589232386036,0.06540312923014237,-0.9749279121818236,-0.2225209339563146,1,5.44,0.9,97.93,99.94
2018-10-06 18:15:00,2018-10-06 18:30:00,2018-10-06 19:15:00,215.60999999999999,36.76,26.32,34.92,39.71,3.35,116.06999999999988,78.816875,33.871513052775676,33.315000000000005,112.1,-0.9914448613738105,0.13052619222005127,-0.9749279121818236,-0.2225209339563146,1,20.81,0.0,87.02,100.0
2018-10-06 18:30:00,2018-10-06 18:45:00,2018-10-06 19:30:00,187.85,64.48,36.76,26.46,42.19,3.42,154.0899999999999,75.84062499999999,32.89426326670588,33.5471875,112.1,-0.9807852804032304,0.1950903220161283,-0.9749279121818236,-0.2225209339563146,1,42.44,0.0,83.53,100.0
2018-10-06 18:45:00,2018-10-06 19:00:00,2018-10-06 19:45:00,184.25,40.43,64.48,26.53,47.45,3.46,167.9899999999999,71.78874999999998,33.01349210455453,33.474062499999995,112.1,-0.9659258262890684,0.2588190451025203,-0.9749279121818236,-0.2225209339563146,1,14.51,0.0,94.12,100.0
2018-10-06 19:00:00,2018-10-06 19:15:00,2018-10-06 20:00:00,173.33999999999997,60.91,40.43,26.32,50.29,3.49,202.5799999999999,68.82749999999999,31.705630907616193,33.5846875,112.1,-0.9469301294951057,0.3214394653031615,-0.9749279121818236,-0.2225209339563146,1,30.78,0.0,89.25,100.0
2018-10-06 19:15:00,2018-10-06 19:30:00,2018-10-06 20:15:00,176.65,49.79,60.91,36.76,49.82,3.49,215.6099999999999,65.40999999999998,30.6075176631492,33.584375,112.1,-0.923879532511287,0.38268343236508917,-0.9749279121818236,-0.2225209339563146,1,25.52,0.0,88.99,100.0
2018-10-06 19:30:00,2018-10-06 19:45:00,2018-10-06 20:30:00,175.68,36.72,49.79,64.48,45.79,3.46,187.84999999999988,61.50374999999999,30.0260111975849,33.48989583333333,112.1,-0.8968727415326884,0.442288690219001,-0.9749279121818236,-0.2225209339563146,1,11.16,0.0,95.68,100.0
2018-10-06 19:45:00,2018-10-06 20:00:00,2018-10-06 20:45:00,164.59,36.83,36.72,40.43,49.46,3.42,184.2499999999999,57.02874999999999,27.963472351220936,33.358333333333334,112.1,-0.8660254037844386,0.5000000000000001,-0.9749279121818236,-0.2225209339563146,1,11.02,0.0,95.8,100.0
2018-10-06 20:00:00,2018-10-06 20:15:00,2018-10-06 21:00:00,121.24999999999999,50.0,36.83,60.91,50.58,3.42,173.33999999999986,55.25124999999999,27.445061230347065,33.352291666666666,112.1,-0.8314696123025455,0.5555702330196018,-0.9749279121818236,-0.2225209339563146,1,24.7,0.0,89.66,100.0
2018-10-06 20:15:00,2018-10-06 20:30:00,2018-10-06 21:15:00,72.22,53.1,50.0,49.79,54.32,3.46,176.6499999999999,52.11249999999998,24.47970754012397,33.33958333333333,112.1,-0.7933533402912357,0.6087614290087199,-0.9749279121818236,-0.2225209339563146,1,28.4,0.0,88.18,100.0
2018-10-06 20:30:00,2018-10-06 20:45:00,2018-10-06 21:30:00,39.96,35.75,53.1,36.72,58.9,3.53,175.6799999999999,47.91187499999999,20.898619038931283,33.098437499999996,112.1,-0.7518398074789772,0.6593458151000691,-0.9749279121818236,-0.2225209339563146,1,10.44,0.0,95.99,100.0
2018-10-06 20:45:00,2018-10-06 21:00:00,2018-10-06 21:45:00,17.78,25.74,35.75,36.83,55.08,3.38,164.5899999999999,43.08124999999998,15.945731746693546,32.792812500000004,112.1,-0.7071067811865477,0.7071067811865474,-0.9749279121818236,-0.2225209339563146,1,7.42,5.15,96.09,98.06
2018-10-06 21:00:00,2018-10-06 21:15:00,2018-10-06 22:00:00,14.580000000000002,6.66,25.74,50.0,30.92,2.81,121.24999999999989,38.21249999999999,14.350537664143975,32.540104166666666,112.1,-0.6593458151000687,0.7518398074789775,-0.9749279121818236,-0.2225209339563146,1,0.0,15.23,100.0,40.07
2018-10-06 21:15:00,2018-10-06 21:30:00,2018-10-06 22:15:00,13.71,4.07,6.66,53.1,5.0,2.81,72.21999999999989,36.28437499999998,16.565012061854695,32.53041666666667,112.1,-0.608761429008721,0.7933533402912349,-0.9749279121818236,-0.2225209339563146,1,0.0,17.39,100.0,22.79
2018-10-06 21:30:00,2018-10-06 21:45:00,2018-10-06 22:30:00,13.389999999999999,3.49,4.07,35.75,3.82,2.81,39.95999999999989,34.84874999999999,18.262616144395025,32.52697916666666,112.1,-0.555570233019603,0.8314696123025447,-0.9749279121818236,-0.2225209339563146,1,0.0,17.82,100.0,19.22
2018-10-06 21:45:00,2018-10-06 22:00:00,2018-10-06 22:45:00,13.07,3.56,3.49,25.74,3.85,2.81,17.779999999999887,33.413124999999994,19.70592922154127,32.52395833333333,112.1,-0.5000000000000004,0.8660254037844384,-0.9749279121818236,-0.2225209339563146,1,0.0,17.78,100.0,19.63
2018-10-06 22:00:00,2018-10-06 22:15:00,2018-10-06 23:00:00,12.85,3.46,3.56,6.66,3.89,2.81,14.579999999999886,31.98437499999999,20.95738890247054,32.51947916666666,112.1,-0.4422886902190014,0.8968727415326883,-0.9749279121818236,-0.2225209339563146,1,0.0,16.96,100.0,19.99
2018-10-06 22:15:00,2018-10-06 22:30:00,2018-10-06 23:15:00,13.21,3.2,3.46,4.07,3.56,3.13,13.709999999999887,29.88687499999999,22.026597478602937,32.51572916666667,112.1,-0.38268343236508956,0.9238795325112868,-0.9749279121818236,-0.2225209339563146,1,6.34,0.07,45.06,99.98
2018-10-06 22:30:00,2018-10-06 22:45:00,2018-10-06 23:30:00,14.290000000000001,3.17,3.2,3.49,3.53,3.28,13.389999999999887,26.054999999999986,20.983491725640555,32.51197916666667,112.1,-0.32143946530316186,0.9469301294951056,-0.9749279121818236,-0.2225209339563146,1,6.91,0.0,41.7,100.0
2018-10-06 22:45:00,2018-10-06 23:00:00,2018-10-06 23:45:00,14.360000000000001,3.24,3.17,3.56,3.6,2.59,13.069999999999887,23.730624999999986,21.31951994908428,32.508229166666666,112.1,-0.25881904510252157,0.9659258262890681,-0.9749279121818236,-0.2225209339563146,1,7.13,0.0,41.37,100.0
2018-10-06 23:00:00,2018-10-06 23:15:00,2018-10-07 00:00:00,13.71,3.24,3.24,3.46,3.53,2.59,12.849999999999888,20.126249999999988,19.528899058511488,32.505208333333336,112.1,-0.19509032201612872,0.9807852804032303,-0.9749279121818236,-0.2225209339563146,1,6.77,0.0,43.17,100.0
2018-10-06 23:15:00,2018-10-06 23:30:00,2018-10-07 00:15:00,13.030000000000001,3.56,3.24,3.2,3.42,2.59,13.209999999999887,17.236874999999987,18.308080770097355,32.50666666666667,112.1,-0.13052619222005168,0.9914448613738104,-0.9749279121818236,-0.2225209339563146,1,6.34,0.0,48.96,100.0
2018-10-06 23:30:00,2018-10-06 23:45:00,2018-10-07 00:30:00,11.370000000000001,4.25,3.56,3.17,3.46,2.56,14.289999999999885,15.207499999999987,17.82930540570875,32.514895833333334,112.1,-0.0654031292301428,0.9978589232386035,-0.9749279121818236,-0.2225209339563146,1,6.23,0.0,56.35,100.0
2018-10-06 23:45:00,2018-10-07 00:00:00,2018-10-07 00:45:00,10.579999999999998,3.31,4.25,3.24,3.42,2.52,14.359999999999886,13.112499999999986,17.120783605023377,32.51375,112.1,0.0,1.0,-0.7818314824680299,0.6234898018587334,1,6.08,0.0,47.81,100.0
2018-10-07 00:00:00,2018-10-07 00:15:00,2018-10-07 01:00:00,10.55,2.59,3.31,3.24,3.17,2.74,13.709999999999885,10.149374999999987,14.360303996065504,32.50770833333333,112.1,0.06540312923014306,0.9978589232386035,-0.7818314824680299,0.6234898018587334,1,4.57,0.0,49.31,100.0
2018-10-07 00:15:00,2018-10-07 00:30:00,2018-10-07 01:15:00,10.19,2.88,2.59,3.56,3.42,3.02,13.029999999999886,7.010624999999987,9.185426275324279,32.50208333333333,112.1,0.13052619222005157,0.9914448613738104,-0.7818314824680299,0.6234898018587334,1,5.36,0.0,47.33,100.0
2018-10-07 00:30:00,2018-10-07 00:45:00,2018-10-07 01:30:00,10.16,2.59,2.88,4.25,3.42,2.81,11.369999999999887,4.938124999999987,5.447585725293315,32.4934375,112.1,0.19509032201612825,0.9807852804032304,-0.7818314824680299,0.6234898018587334,1,4.57,0.0,49.31,100.0
2018-10-07 00:45:00,2018-10-07 01:00:00,2018-10-07 01:45:00,10.200000000000001,2.52,2.59,3.31,3.28,2.63,10.579999999999886,3.4868749999999875,0.9437406870644031,32.48552083333333,112.1,0.25881904510252074,0.9659258262890683,-0.7818314824680299,0.6234898018587334,1,4.64,0.0,47.73,100.0
2018-10-07 01:00:00,2018-10-07 01:15:00,2018-10-07 02:00:00,10.200000000000001,2.56,2.52,2.59,2.88,2.56,10.549999999999887,3.2306249999999874,0.4993804756105501,32.4821875,112.1,0.3214394653031616,0.9469301294951057,-0.7818314824680299,0.6234898018587334,1,4.82,0.0,46.91,100.0
2018-10-07 01:15:00,2018-10-07 01:30:00,2018-10-07 02:15:00,10.2,2.52,2.56,2.88,2.84,2.56,10.189999999999886,3.1337499999999876,0.47699416929990407,32.478854166666665,112.1,0.3826834323650898,0.9238795325112867,-0.7818314824680299,0.6234898018587334,1,4.64,0.0,47.73,100.0
2018-10-07 01:30:00,2018-10-07 01:45:00,2018-10-07 02:30:00,10.200000000000001,2.56,2.52,2.59,3.06,2.59,10.159999999999886,3.0756249999999876,0.4866077572554278,32.47364583333333,112.1,0.44228869021900125,0.8968727415326884,-0.7818314824680299,0.6234898018587334,1,4.64,0.0,48.31,100.0
2018-10-07 01:45:00,2018-10-07 02:00:00,2018-10-07 02:45:00,10.200000000000001,2.56,2.56,2.52,3.49,2.56,10.199999999999886,3.0131249999999876,0.48459672349409577,32.46395833333333,112.1,0.49999999999999994,0.8660254037844387,-0.7818314824680299,0.6234898018587334,1,4.61,0.0,48.55,100.0
2018-10-07 02:00:00,2018-10-07 02:15:00,2018-10-07 03:00:00,10.16,2.56,2.56,2.56,3.06,2.56,10.199999999999886,2.9568749999999877,0.48168608493630294,32.45875,112.1,0.5555702330196022,0.8314696123025452,-0.7818314824680299,0.6234898018587334,1,4.61,0.0,48.55,100.0
2018-10-07 02:15:00,2018-10-07 02:30:00,2018-10-07 03:15:00,10.23,2.52,2.56,2.52,2.92,2.63,10.199999999999886,2.9143749999999877,0.48831302401359433,32.45458333333334,112.1,0.6087614290087207,0.7933533402912352,-0.7818314824680299,0.6234898018587334,1,4.72,0.0,47.1,100.0
2018-10-07 02:30:00,2018-10-07 02:45:00,2018-10-07 03:30:00,10.370000000000001,2.56,2.52,2.56,2.92,2.56,10.199999999999886,2.8762499999999873,0.49067396257223106,32.450833333333335,112.1,0.6593458151000688,0.7518398074789774,-0.7818314824680299,0.6234898018587334,1,4.5,0.0,49.45,100.0
2018-10-07 02:45:00,2018-10-07 03:00:00,2018-10-07 03:45:00,10.87,2.56,2.56,2.56,2.84,2.56,10.199999999999886,2.833749999999988,0.48676065735263885,32.447916666666664,112.1,0.7071067811865476,0.7071067811865476,-0.7818314824680299,0.6234898018587334,1,4.61,0.0,48.55,100.0
2018-10-07 03:00:00,2018-10-07 03:15:00,2018-10-07 04:00:00,11.09,2.52,2.56,2.56,2.84,2.63,10.159999999999886,2.788749999999988,0.4803628186552465,32.444583333333334,112.1,0.7518398074789774,0.6593458151000688,-0.7818314824680299,0.6234898018587334,1,4.57,0.0,48.29,100.0
2018-10-07 03:15:00,2018-10-07 03:30:00,2018-10-07 04:15:00,11.67,2.59,2.52,2.52,2.84,2.59,10.229999999999887,2.7281249999999875,0.4385946128504855,32.44197916666667,112.1,0.7933533402912352,0.6087614290087207,-0.7818314824680299,0.6234898018587334,1,4.46,0.0,50.22,100.0
2018-10-07 03:30:00,2018-10-07 03:45:00,2018-10-07 04:30:00,11.63,2.7,2.59,2.56,3.06,2.56,10.369999999999886,2.6312499999999877,0.19563598223883438,32.438229166666666,112.1,0.8314696123025451,0.5555702330196024,-0.7818314824680299,0.6234898018587334,1,5.08,0.0,46.93,100.0
2018-10-07 03:45:00,2018-10-07 04:00:00,2018-10-07 04:45:00,11.16,3.06,2.7,2.56,3.56,3.13,10.869999999999887,2.615624999999987,0.14396044394752133,32.43302083333334,112.1,0.8660254037844386,0.5000000000000001,-0.7818314824680299,0.6234898018587334,1,5.87,0.0,46.23,100.0
2018-10-07 04:00:00,2018-10-07 04:15:00,2018-10-07 05:00:00,10.98,2.74,3.06,2.52,3.46,2.88,11.089999999999886,2.6249999999999876,0.14684175171441904,32.42552083333334,112.1,0.8968727415326884,0.44228869021900125,-0.7818314824680299,0.6234898018587334,1,5.18,0.0,46.76,100.0
2018-10-07 04:15:00,2018-10-07 04:30:00,2018-10-07 05:15:00,10.4,3.17,2.74,2.59,3.28,3.1,11.669999999999888,2.6431249999999875,0.18903434720056284,32.424375,112.1,0.9238795325112867,0.38268343236508984,-0.7818314824680299,0.6234898018587334,1,6.16,0.0,45.76,100.0
2018-10-07 04:30:00,2018-10-07 04:45:00,2018-10-07 05:30:00,10.3,2.66,3.17,2.7,2.92,3.02,11.629999999999885,2.6474999999999875,0.1885636498547348,32.42166666666667,112.1,0.9469301294951056,0.3214394653031617,-0.7818314824680299,0.6234898018587334,1,4.82,0.0,48.32,100.0
2018-10-07 04:45:00,2018-10-07 05:00:00,2018-10-07 05:45:00,10.23,2.59,2.66,3.06,2.95,2.52,11.159999999999886,2.6518749999999875,0.18635378832085797,32.41791666666666,112.1,0.9659258262890683,0.25881904510252074,-0.7818314824680299,0.6234898018587334,1,4.61,0.0,48.98,100.0
2018-10-07 05:00:00,2018-10-07 05:15:00,2018-10-07 06:00:00,10.23,2.56,2.59,2.74,2.92,2.63,10.979999999999885,2.651874999999988,0.18635378832085797,32.41416666666667,112.1,0.9807852804032304,0.19509032201612833,-0.7818314824680299,0.6234898018587334,1,4.64,0.0,48.31,100.0
2018-10-07 05:15:00,2018-10-07 05:30:00,2018-10-07 06:15:00,10.200000000000001,2.59,2.56,3.17,2.92,2.66,10.399999999999887,2.6562499999999876,0.18401341675685293,32.41072916666666,112.1,0.9914448613738104,0.1305261922200517,-0.7818314824680299,0.6234898018587334,1,4.64,0.0,48.74,100.0
2018-10-07 05:30:00,2018-10-07 05:45:00,2018-10-07 06:30:00,10.16,2.56,2.59,2.66,2.92,2.52,10.299999999999887,2.6562499999999876,0.18401341675685293,32.406979166666666,112.1,0.9978589232386035,0.06540312923014327,-0.7818314824680299,0.6234898018587334,1,4.54,0.0,49.12,100.0
2018-10-07 05:45:00,2018-10-07 06:00:00,2018-10-07 06:45:00,10.63,2.52,2.56,2.59,3.1,2.59,10.229999999999887,2.6537499999999876,0.18556922575290727,32.4009375,112.1,1.0,6.123233995736766e-17,-0.7818314824680299,0.6234898018587334,1,4.64,0.0,47.73,100.0
2018-10-07 06:00:00,2018-10-07 06:15:00,2018-10-07 07:00:00,10.88,2.56,2.52,2.56,3.28,2.52,10.229999999999887,2.6537499999999876,0.18556922575290727,32.3934375,112.1,0.9978589232386035,-0.06540312923014314,-0.7818314824680299,0.6234898018587334,1,4.93,0.0,46.08,100.0
2018-10-07 06:15:00,2018-10-07 06:30:00,2018-10-07 07:15:00,10.8,2.56,2.56,2.59,2.88,2.52,10.199999999999886,2.6562499999999876,0.18401341675685293,32.39010416666667,112.1,0.9914448613738104,-0.1305261922200516,-0.7818314824680299,0.6234898018587334,1,4.82,0.0,46.91,100.0
2018-10-07 06:30:00,2018-10-07 06:45:00,2018-10-07 07:30:00,10.870000000000001,2.52,2.56,2.56,2.88,2.56,10.159999999999886,2.6537499999999876,0.18556922575290727,32.38635416666667,112.1,0.9807852804032304,-0.1950903220161282,-0.7818314824680299,0.6234898018587334,1,4.86,0.0,46.03,100.0
2018-10-07 06:45:00,2018-10-07 07:00:00,2018-10-07 07:45:00,10.4,2.99,2.52,2.52,2.92,2.56,10.629999999999887,2.6806249999999876,0.20057631819711302,32.38708333333333,112.1,0.9659258262890683,-0.25881904510252063,-0.7818314824680299,0.6234898018587334,1,6.3,0.0,42.88,100.0
2018-10-07 07:00:00,2018-10-07 07:15:00,2018-10-07 08:00:00,10.11,2.81,2.99,2.56,2.92,2.59,10.879999999999887,2.6987499999999875,0.19833289577499086,32.3859375,112.1,0.9469301294951057,-0.3214394653031616,-0.7818314824680299,0.6234898018587334,1,5.54,0.0,45.24,100.0
2018-10-07 07:15:00,2018-10-07 07:30:00,2018-10-07 08:15:00,10.149999999999999,2.48,2.81,2.56,2.88,2.52,10.799999999999887,2.6918749999999876,0.20381421545490763,32.381770833333334,112.1,0.9238795325112868,-0.3826834323650895,-0.7818314824680299,0.6234898018587334,1,4.86,0.0,45.45,100.0
2018-10-07 07:30:00,2018-10-07 07:45:00,2018-10-07 08:30:00,10.040000000000001,2.59,2.48,2.52,3.35,2.95,10.869999999999887,2.6849999999999876,0.2052742069684003,32.37385416666667,112.1,0.8968727415326884,-0.44228869021900113,-0.7818314824680299,0.6234898018587334,1,4.72,0.0,48.11,100.0
2018-10-07 07:45:00,2018-10-07 08:00:00,2018-10-07 08:45:00,10.11,2.52,2.59,2.99,3.56,2.95,10.399999999999887,2.6512499999999877,0.1841492262990418,32.36302083333333,112.1,0.8660254037844387,-0.4999999999999998,-0.7818314824680299,0.6234898018587334,1,4.82,0.0,46.33,100.0
2018-10-07 08:00:00,2018-10-07 08:15:00,2018-10-07 09:00:00,10.33,2.52,2.52,2.81,9.72,2.59,10.109999999999886,2.6374999999999877,0.18521946454557078,32.288020833333334,112.1,0.8314696123025451,-0.5555702330196023,-0.7818314824680299,0.6234898018587334,1,4.82,0.0,46.33,100.0
2018-10-07 08:15:00,2018-10-07 08:30:00,2018-10-07 09:15:00,11.09,2.52,2.52,2.48,37.48,2.56,10.149999999999887,2.5968749999999874,0.12568406590170517,31.92385416666667,112.1,0.7933533402912352,-0.6087614290087207,-0.7818314824680299,0.6234898018587334,1,4.61,0.0,47.97,100.0
2018-10-07 08:30:00,2018-10-07 08:45:00,2018-10-07 09:30:00,11.78,2.48,2.52,2.59,51.01,2.52,10.039999999999885,2.585624999999988,0.12757197741508197,31.418333333333333,112.1,0.7518398074789774,-0.6593458151000688,-0.7818314824680299,0.6234898018587334,1,4.9,0.0,45.16,100.0
2018-10-07 08:45:00,2018-10-07 09:00:00,2018-10-07 09:45:00,11.82,2.59,2.48,2.52,48.35,2.63,10.109999999999886,2.5856249999999874,0.12757197741508197,30.941666666666666,112.1,0.7071067811865476,-0.7071067811865475,-0.7818314824680299,0.6234898018587334,1,2.12,2.3,77.38,74.77
2018-10-07 09:00:00,2018-10-07 09:15:00,2018-10-07 10:00:00,11.709999999999997,2.74,2.59,2.52,50.9,2.74,10.329999999999886,2.5968749999999874,0.1326517411178013,30.439999999999998,112.1,0.659345815100069,-0.7518398074789773,-0.7818314824680299,0.6234898018587334,1,0.0,11.77,100.0,22.67
2018-10-07 09:15:00,2018-10-07 09:30:00,2018-10-07 10:15:00,11.17,3.28,2.74,2.52,64.4,3.02,11.089999999999886,2.6399999999999877,0.21189620111400237,29.803333333333338,112.1,0.6087614290087209,-0.793353340291235,-0.7818314824680299,0.6234898018587334,1,0.0,17.6,100.0,18.32
2018-10-07 09:30:00,2018-10-07 09:45:00,2018-10-07 10:30:00,11.02,3.17,3.28,2.48,61.09,3.46,11.779999999999886,2.6781249999999877,0.2461762263532199,29.200000000000003,112.1,0.5555702330196025,-0.831469612302545,-0.7818314824680299,0.6234898018587334,1,0.0,16.56,100.0,18.8
2018-10-07 09:45:00,2018-10-07 10:00:00,2018-10-07 10:45:00,11.49,2.63,3.17,2.59,41.69,2.81,11.819999999999887,2.6849999999999876,0.24318203068176242,28.793125,112.1,0.49999999999999994,-0.8660254037844387,-0.7818314824680299,0.6234898018587334,1,0.0,11.95,100.0,21.49
2018-10-07 10:00:00,2018-10-07 10:15:00,2018-10-07 11:00:00,11.489999999999998,2.63,2.63,2.74,47.34,2.77,11.709999999999885,2.6893749999999876,0.24151782423146692,28.32739583333333,112.1,0.4422886902190017,-0.8968727415326881,-0.7818314824680299,0.6234898018587334,1,0.0,11.88,100.0,21.61
2018-10-07 10:15:00,2018-10-07 10:30:00,2018-10-07 11:15:00,11.379999999999999,2.74,2.63,3.28,45.61,2.74,11.169999999999886,2.7006249999999876,0.23941252979218053,27.88083333333334,112.1,0.3826834323650899,-0.9238795325112867,-0.7818314824680299,0.6234898018587334,1,0.0,11.84,100.0,22.55
2018-10-07 10:30:00,2018-10-07 10:45:00,2018-10-07 11:30:00,11.02,3.02,2.74,3.17,60.95,2.74,11.019999999999886,2.7318749999999876,0.24632850915284632,27.277395833333333,112.1,0.32143946530316175,-0.9469301294951056,-0.7818314824680299,0.6234898018587334,1,0.0,14.9,100.0,19.86
2018-10-07 10:45:00,2018-10-07 11:00:00,2018-10-07 11:45:00,10.55,3.1,3.02,2.63,52.09,2.74,11.489999999999887,2.7387499999999876,0.25482530790025104,26.767083333333336,112.1,0.258819045102521,-0.9659258262890682,-0.7818314824680299,0.6234898018587334,1,0.0,16.27,100.0,18.72
2018-10-07 11:00:00,2018-10-07 11:15:00,2018-10-07 12:00:00,10.620000000000001,2.63,3.1,2.63,42.91,2.74,11.489999999999887,2.7274999999999876,0.25540409167918154,26.3475,112.1,0.19509032201612816,-0.9807852804032304,-0.7818314824680299,0.6234898018587334,1,0.0,12.02,100.0,21.37
2018-10-07 11:15:00,2018-10-07 11:30:00,2018-10-07 12:15:00,10.76,2.63,2.63,2.74,41.65,2.7,11.379999999999887,2.7368749999999875,0.24881516115674993,25.941041666666663,112.1,0.130526192220052,-0.9914448613738104,-0.7818314824680299,0.6234898018587334,1,0.0,11.99,100.0,21.43
2018-10-07 11:30:00,2018-10-07 11:45:00,2018-10-07 12:30:00,10.84,2.66,2.63,3.02,41.54,2.7,11.019999999999886,2.7412499999999875,0.24680141317759008,25.536041666666666,112.1,0.06540312923014312,-0.9978589232386035,-0.7818314824680299,0.6234898018587334,1,0.0,11.84,100.0,21.92
2018-10-07 11:45:00,2018-10-07 12:00:00,2018-10-07 12:45:00,10.98,2.63,2.66,3.1,45.11,2.74,10.549999999999885,2.7481249999999875,0.24202837524027923,25.093541666666667,112.1,1.2246467991473532e-16,-1.0,-0.7818314824680299,0.6234898018587334,1,0.0,10.58,100.0,24.12
2018-10-07 12:00:00,2018-10-07 12:15:00,2018-10-07 13:00:00,11.02,2.7,2.63,2.63,40.54,3.02,10.619999999999887,2.7593749999999875,0.2352516937695442,24.699375000000003,112.1,-0.06540312923014287,-0.9978589232386035,-0.7818314824680299,0.6234898018587334,1,0.0,6.34,100.0,39.18
2018-10-07 12:15:00,2018-10-07 12:30:00,2018-10-07 13:15:00,10.95,2.77,2.7,2.63,27.72,3.31,10.759999999999886,2.774999999999988,0.22699118935858606,24.43947916666667,112.1,-0.13052619222005177,-0.9914448613738104,-0.7818314824680299,0.6234898018587334,1,0.0,11.45,100.0,23.51
2018-10-07 12:30:00,2018-10-07 12:45:00,2018-10-07 13:30:00,10.950000000000001,2.74,2.77,2.66,24.12,2.77,10.839999999999886,2.7912499999999874,0.21423920637084848,24.21677083333333,112.1,-0.19509032201612792,-0.9807852804032305,-0.7818314824680299,0.6234898018587334,1,0.0,11.45,100.0,23.27
2018-10-07 12:45:00,2018-10-07 13:00:00,2018-10-07 13:45:00,10.84,2.77,2.74,2.63,24.12,2.81,10.979999999999887,2.802499999999988,0.2080114180673767,23.994375,112.1,-0.2588190451025208,-0.9659258262890683,-0.7818314824680299,0.6234898018587334,1,0.0,11.41,100.0,23.59
2018-10-07 13:00:00,2018-10-07 13:15:00,2018-10-07 14:00:00,11.120000000000001,2.74,2.77,2.7,24.23,2.77,11.019999999999886,2.802499999999988,0.2080114180673767,23.770520833333336,112.1,-0.32143946530316153,-0.9469301294951057,-0.7818314824680299,0.6234898018587334,1,0.0,11.41,100.0,23.35
2018-10-07 13:15:00,2018-10-07 13:30:00,2018-10-07 14:15:00,11.55,2.7,2.74,2.77,40.14,2.7,10.949999999999887,2.7662499999999874,0.16840705907542386,23.380520833333332,112.1,-0.38268343236508967,-0.9238795325112868,-0.7818314824680299,0.6234898018587334,1,0.0,11.7,100.0,22.49
2018-10-07 13:30:00,2018-10-07 13:45:00,2018-10-07 14:30:00,11.509999999999998,2.74,2.7,2.74,75.85,2.66,10.949999999999887,2.7393749999999875,0.13226246414405432,22.618958333333335,112.1,-0.44228869021900147,-0.8968727415326883,-0.7818314824680299,0.6234898018587334,1,0.0,11.84,100.0,22.55
2018-10-07 13:45:00,2018-10-07 14:00:00,2018-10-07 14:45:00,11.55,2.66,2.74,2.77,97.38,2.74,10.839999999999888,2.7412499999999875,0.13090430682928497,21.632291666666664,112.1,-0.4999999999999997,-0.8660254037844388,-0.7818314824680299,0.6234898018587334,1,0.0,11.77,100.0,22.04
2018-10-07 14:00:00,2018-10-07 14:15:00,2018-10-07 15:00:00,11.520000000000001,3.02,2.66,2.74,105.12,2.74,11.119999999999887,2.7656249999999876,0.1436127063369876,20.568749999999998,112.1,-0.555570233019602,-0.8314696123025455,-0.7818314824680299,0.6234898018587334,1,0.0,15.23,100.0,19.45
2018-10-07 14:15:00,2018-10-07 14:30:00,2018-10-07 15:15:00,11.81,3.13,3.02,2.7,61.49,2.74,11.549999999999887,2.7899999999999876,0.16818888205351776,19.960833333333333,112.1,-0.6087614290087207,-0.7933533402912352,-0.7818314824680299,0.6234898018587334,1,0.0,15.59,100.0,19.68
2018-10-07 14:30:00,2018-10-07 14:45:00,2018-10-07 15:30:00,11.989999999999998,2.7,3.13,2.74,112.1,2.95,11.509999999999886,2.7699999999999876,0.15839034076113967,18.82125,108.43,-0.6593458151000688,-0.7518398074789774,-0.7818314824680299,0.6234898018587334,1,0.0,11.59,100.0,22.69
2018-10-07 14:45:00,2018-10-07 15:00:00,2018-10-07 15:45:00,11.95,2.7,2.7,2.66,105.26,3.38,11.549999999999887,2.7449999999999877,0.1340242517100999,17.752916666666668,108.43,-0.7071067811865471,-0.7071067811865479,-0.7818314824680299,0.6234898018587334,1,0.0,11.7,100.0,22.49
2018-10-07 15:00:00,2018-10-07 15:15:00,2018-10-07 16:00:00,11.620000000000001,2.99,2.7,3.02,108.29,2.95,11.519999999999886,2.7674999999999876,0.14276291551531223,16.656041666666667,108.43,-0.7518398074789773,-0.6593458151000691,-0.7818314824680299,0.6234898018587334,1,0.0,13.5,100.0,21.62
2018-10-07 15:15:00,2018-10-07 15:30:00,2018-10-07 16:15:00,10.86,3.42,2.99,3.13,104.47,2.7,11.809999999999889,2.8168749999999876,0.20825821573562991,15.6034375,108.43,-0.7933533402912349,-0.6087614290087209,-0.7818314824680299,0.6234898018587334,1,0.0,17.82,100.0,18.85
2018-10-07 15:30:00,2018-10-07 15:45:00,2018-10-07 16:30:00,10.72,2.88,3.42,2.7,99.22,2.7,11.989999999999887,2.8306249999999875,0.20467867358710315,14.599895833333333,108.43,-0.8314696123025452,-0.5555702330196022,-0.7818314824680299,0.6234898018587334,1,0.0,13.21,100.0,21.3
2018-10-07 15:45:00,2018-10-07 16:00:00,2018-10-07 16:45:00,10.72,2.66,2.88,2.7,108.43,2.7,11.949999999999886,2.832499999999988,0.20296243506219136,13.498125,103.32,-0.8660254037844385,-0.5000000000000004,-0.7818314824680299,0.6234898018587334,1,0.0,11.77,100.0,22.04
2018-10-07 16:00:00,2018-10-07 16:15:00,2018-10-07 17:00:00,10.690000000000001,2.66,2.66,2.99,78.44,2.74,11.619999999999887,2.8299999999999876,0.20481699159585484,12.708750000000002,103.32,-0.8968727415326883,-0.44228869021900136,-0.7818314824680299,0.6234898018587334,1,0.0,11.81,100.0,21.97
2018-10-07 16:15:00,2018-10-07 16:30:00,2018-10-07 17:15:00,10.870000000000001,2.66,2.66,3.42,103.32,2.95,10.859999999999886,2.8231249999999877,0.2085281382005378,11.660208333333332,103.03,-0.9238795325112868,-0.3826834323650895,-0.7818314824680299,0.6234898018587334,1,0.0,11.95,100.0,21.73
2018-10-07 16:30:00,2018-10-07 16:45:00,2018-10-07 17:30:00,11.509999999999998,2.74,2.66,2.88,102.96,3.31,10.719999999999887,2.8231249999999877,0.2085281382005378,10.61625,103.03,-0.9469301294951056,-0.3214394653031618,-0.7818314824680299,0.6234898018587334,1,0.0,11.88,100.0,22.47
2018-10-07 16:45:00,2018-10-07 17:00:00,2018-10-07 17:45:00,11.66,2.66,2.74,2.66,103.03,2.66,10.719999999999887,2.8162499999999877,0.21195149809894887,9.570729166666668,84.56,-0.9659258262890683,-0.25881904510252063,-0.7818314824680299,0.6234898018587334,1,0.0,12.02,100.0,21.61
2018-10-07 17:00:00,2018-10-07 17:15:00,2018-10-07 18:00:00,11.62,2.63,2.66,2.66,84.56,2.7,10.689999999999888,2.8093749999999873,0.21605753729364513,8.717291666666666,64.48,-0.9807852804032303,-0.19509032201612866,-0.7818314824680299,0.6234898018587334,1,0.0,12.13,100.0,21.19
2018-10-07 17:15:00,2018-10-07 17:30:00,2018-10-07 18:15:00,11.37,2.84,2.63,2.66,34.92,2.7,10.869999999999887,2.818124999999988,0.21427840400139966,8.383125000000001,64.48,-0.9914448613738104,-0.13052619222005163,-0.7818314824680299,0.6234898018587334,1,0.0,13.64,100.0,20.38
2018-10-07 17:30:00,2018-10-07 17:45:00,2018-10-07 18:30:00,10.58,3.38,2.84,2.74,26.46,2.7,11.509999999999886,2.858124999999988,0.2523197067637631,8.142708333333333,64.48,-0.9978589232386035,-0.06540312923014273,-0.7818314824680299,0.6234898018587334,1,0.0,18.29,100.0,18.17
2018-10-07 17:45:00,2018-10-07 18:00:00,2018-10-07 18:45:00,10.94,2.81,3.38,2.66,26.53,2.7,11.659999999999886,2.8674999999999877,0.247525251330734,7.895625,64.48,-1.0,-1.8369701987210297e-16,-0.7818314824680299,0.6234898018587334,1,0.0,13.72,100.0,20.06
2018-10-07 18:00:00,2018-10-07 18:15:00,2018-10-07 19:00:00,11.809999999999999,2.59,2.81,2.63,26.32,2.74,11.619999999999887,2.8406249999999877,0.2527960826859606,7.6484375,64.48,-0.9978589232386036,0.06540312923014237,-0.7818314824680299,0.6234898018587334,1,0.0,8.21,100.0,30.09
2018-10-07 18:15:00,2018-10-07 18:30:00,2018-10-07 19:15:00,12.639999999999999,2.59,2.59,2.84,36.76,2.63,11.369999999999887,2.8068749999999874,0.24790922617239788,7.2925,64.48,-0.9914448613738105,0.13052619222005127,-0.7818314824680299,0.6234898018587334,1,0.0,4.86,100.0,47.03
2018-10-07 18:30:00,2018-10-07 18:45:00,2018-10-07 19:30:00,12.790000000000001,2.59,2.59,3.38,64.48,2.66,10.579999999999886,2.799999999999988,0.2522647419803316,6.6478125,60.91,-0.9807852804032304,0.1950903220161283,-0.7818314824680299,0.6234898018587334,1,0.0,7.09,100.0,34.31
2018-10-07 18:45:00,2018-10-07 19:00:00,2018-10-07 19:45:00,12.46,3.17,2.59,2.81,40.43,2.77,10.939999999999886,2.8293749999999873,0.2659057340889381,6.259687500000001,60.91,-0.9659258262890684,0.2588190451025203,-0.7818314824680299,0.6234898018587334,1,0.0,11.48,100.0,26.62
2018-10-07 19:00:00,2018-10-07 19:15:00,2018-10-07 20:00:00,12.06,3.46,3.17,2.59,60.91,2.77,11.809999999999885,2.8587499999999872,0.30509988126243315,5.66125,53.1,-0.9469301294951057,0.3214394653031615,-0.7818314824680299,0.6234898018587334,1,0.0,11.16,100.0,29.61
2018-10-07 19:15:00,2018-10-07 19:30:00,2018-10-07 20:15:00,12.13,3.42,3.46,2.59,49.79,2.95,12.639999999999885,2.8587499999999877,0.30509988126243315,5.178229166666666,53.1,-0.923879532511287,0.38268343236508917,-0.7818314824680299,0.6234898018587334,1,0.0,11.16,100.0,29.3
2018-10-07 19:30:00,2018-10-07 19:45:00,2018-10-07 20:30:00,12.13,2.74,3.42,2.59,36.72,3.35,12.789999999999885,2.8499999999999877,0.30636987457378806,4.824270833333333,53.1,-0.8968727415326884,0.442288690219001,-0.7818314824680299,0.6234898018587334,1,0.0,11.84,100.0,22.55
2018-10-07 19:45:00,2018-10-07 20:00:00,2018-10-07 20:45:00,12.06,2.84,2.74,3.17,36.83,2.99,12.459999999999885,2.861249999999987,0.3024664238330407,4.470208333333334,53.1,-0.8660254037844386,0.5000000000000001,-0.7818314824680299,0.6234898018587334,1,0.0,11.74,100.0,23.51
2018-10-07 20:00:00,2018-10-07 20:15:00,2018-10-07 21:00:00,11.77,3.06,2.84,3.46,50.0,3.46,12.059999999999887,2.8862499999999875,0.3013277908629177,3.9812500000000006,53.1,-0.8314696123025455,0.5555702330196018,-0.7818314824680299,0.6234898018587334,1,0.0,14.4,100.0,20.79
2018-10-07 20:15:00,2018-10-07 20:30:00,2018-10-07 21:15:00,11.27,3.49,3.06,3.42,53.1,2.74,12.129999999999887,2.9381249999999874,0.3281619027572823,3.4644791666666666,35.75,-0.7933533402912357,0.6087614290087199,-0.7818314824680299,0.6234898018587334,1,0.0,17.82,100.0,19.22
2018-10-07 20:30:00,2018-10-07 20:45:00,2018-10-07 21:30:00,11.950000000000001,2.74,3.49,2.74,35.75,2.7,12.129999999999887,2.938124999999988,0.3281619027572823,3.120625,25.74,-0.7518398074789772,0.6593458151000691,-0.7818314824680299,0.6234898018587334,1,0.0,11.66,100.0,22.88
2018-10-07 20:45:00,2018-10-07 21:00:00,2018-10-07 21:45:00,11.99,2.77,2.74,2.84,25.74,2.77,12.059999999999887,2.9449999999999874,0.3233805808119496,2.8813541666666667,6.66,-0.7071067811865477,0.7071067811865474,-0.7818314824680299,0.6234898018587334,1,0.0,11.77,100.0,22.91
2018-10-07 21:00:00,2018-10-07 21:15:00,2018-10-07 22:00:00,12.030000000000001,2.77,2.77,3.06,6.66,2.77,11.769999999999886,2.953749999999988,0.31656111186667585,2.8408333333333338,4.25,-0.6593458151000687,0.7518398074789775,-0.7818314824680299,0.6234898018587334,1,0.0,11.63,100.0,23.17
2018-10-07 21:15:00,2018-10-07 21:30:00,2018-10-07 22:15:00,11.63,2.99,2.77,3.49,4.07,2.77,11.269999999999886,2.9631249999999874,0.31527207999005824,2.829583333333334,4.25,-0.608761429008721,0.7933533402912349,-0.7818314824680299,0.6234898018587334,1,0.0,12.67,100.0,22.97
2018-10-07 21:30:00,2018-10-07 21:45:00,2018-10-07 22:30:00,10.8,3.42,2.99,2.74,3.49,2.77,11.949999999999886,2.9656249999999877,0.3187077178564326,2.8288541666666664,4.25,-0.555570233019603,0.8314696123025447,-0.7818314824680299,0.6234898018587334,1,0.0,17.78,100.0,18.89
2018-10-07 21:45:00,2018-10-07 22:00:00,2018-10-07 22:45:00,10.65,2.81,3.42,2.77,3.56,2.74,11.989999999999887,2.9656249999999877,0.3187077178564326,2.8210416666666664,4.25,-0.5000000000000004,0.8660254037844384,-0.7818314824680299,0.6234898018587334,1,0.0,12.35,100.0,22.19
2018-10-07 22:00:00,2018-10-07 22:15:00,2018-10-07 23:00:00,10.43,2.81,2.81,2.77,3.46,2.77,12.029999999999886,2.9793749999999877,0.3067260331651736,2.814270833333333,4.25,-0.4422886902190014,0.8968727415326883,-0.7818314824680299,0.6234898018587334,1,0.0,11.02,100.0,24.71
2018-10-07 22:15:00,2018-10-07 22:30:00,2018-10-07 23:15:00,10.4,2.59,2.81,2.99,3.2,2.59,11.629999999999885,2.9793749999999877,0.3067260331651736,2.807916666666667,4.25,-0.38268343236508956,0.9238795325112868,-0.7818314824680299,0.6234898018587334,1,4.97,0.04,46.21,99.99
2018-10-07 22:30:00,2018-10-07 22:45:00,2018-10-07 23:30:00,10.290000000000001,2.59,2.59,3.42,3.17,3.17,10.799999999999887,2.9793749999999877,0.3067260331651736,2.8018750000000003,4.25,-0.32143946530316186,0.9469301294951056,-0.7818314824680299,0.6234898018587334,1,5.0,0.0,46.0,100.0
2018-10-07 22:45:00,2018-10-07 23:00:00,2018-10-07 23:45:00,10.190000000000001,2.66,2.59,2.81,3.24,2.81,10.649999999999887,2.947499999999988,0.3117190241969065,2.795833333333334,4.25,-0.25881904510252157,0.9659258262890681,-0.7818314824680299,0.6234898018587334,1,5.0,0.0,46.97,100.0
2018-10-07 23:00:00,2018-10-07 23:15:00,2018-10-08 00:00:00,10.84,2.59,2.66,2.81,3.24,2.59,10.429999999999886,2.893124999999988,0.29288903089962265,2.7890625,4.25,-0.19509032201612872,0.9807852804032303,-0.7818314824680299,0.6234898018587334,1,4.93,0.0,46.51,100.0
2018-10-07 23:15:00,2018-10-07 23:30:00,2018-10-08 00:15:00,10.91,2.56,2.59,2.59,3.56,2.56,10.399999999999887,2.8393749999999875,0.2692226948482763,2.7786458333333335,4.25,-0.13052619222005168,0.9914448613738104,-0.7818314824680299,0.6234898018587334,1,4.64,0.0,48.31,100.0
2018-10-07 23:30:00,2018-10-07 23:45:00,2018-10-08 00:30:00,11.6,2.48,2.56,2.59,4.25,2.52,10.289999999999885,2.8231249999999877,0.2822613760708018,2.7602083333333334,3.49,-0.0654031292301428,0.9978589232386035,-0.7818314824680299,0.6234898018587334,1,4.5,0.0,48.27,100.0
2018-10-07 23:45:00,2018-10-08 00:00:00,2018-10-08 00:45:00,12.319999999999999,2.56,2.48,2.66,3.31,2.59,10.189999999999886,2.8056249999999876,0.28926563816222317,2.7523958333333334,3.49,0.0,1.0,0.0,1.0,0,4.54,0.0,49.12,100.0
2018-10-08 00:00:00,2018-10-08 00:15:00,2018-10-08 01:00:00,12.14,3.24,2.56,2.59,2.59,2.56,10.839999999999886,2.8168749999999876,0.3021530811052374,2.7591666666666668,3.49,0.06540312923014306,0.9978589232386035,0.0,1.0,0,6.23,0.0,46.14,100.0
2018-10-08 00:15:00,2018-10-08 00:30:00,2018-10-08 01:15:00,12.1,2.63,3.24,2.56,2.88,3.13,10.909999999999886,2.7631249999999876,0.24954255032245728,2.7565625,3.49,0.13052619222005157,0.9914448613738104,0.0,1.0,0,4.75,0.0,48.44,100.0
2018-10-08 00:30:00,2018-10-08 00:45:00,2018-10-08 01:30:00,11.49,3.17,2.63,2.48,2.59,2.77,11.599999999999886,2.789999999999987,0.2680718188217705,2.7626041666666663,3.49,0.19509032201612825,0.9807852804032304,0.0,1.0,0,6.55,0.0,43.56,100.0
2018-10-08 00:45:00,2018-10-08 01:00:00,2018-10-08 01:45:00,10.870000000000001,3.28,3.17,2.56,2.52,2.66,12.319999999999887,2.8218749999999875,0.2929637083691148,2.7705208333333338,3.49,0.25881904510252074,0.9659258262890683,0.0,1.0,0,6.34,0.0,45.95,100.0
2018-10-08 01:00:00,2018-10-08 01:15:00,2018-10-08 02:00:00,10.440000000000001,3.06,3.28,3.24,2.56,2.56,12.139999999999887,2.8399999999999874,0.29811910379304374,2.775729166666667,3.49,0.3214394653031616,0.9469301294951057,0.0,1.0,0,6.19,0.0,44.32,100.0
2018-10-08 01:15:00,2018-10-08 01:30:00,2018-10-08 02:15:00,10.41,2.59,3.06,2.63,2.52,2.56,12.099999999999886,2.8149999999999875,0.30124740670483763,2.776458333333333,3.49,0.3826834323650898,0.9238795325112867,0.0,1.0,0,4.82,0.0,47.33,100.0
2018-10-08 01:30:00,2018-10-08 01:45:00,2018-10-08 02:30:00,10.51,2.56,2.59,3.17,2.56,2.63,11.489999999999885,2.7612499999999875,0.262770693850052,2.776458333333333,3.49,0.44228869021900125,0.8968727415326884,0.0,1.0,0,4.93,0.0,46.08,100.0
2018-10-08 01:45:00,2018-10-08 02:00:00,2018-10-08 02:45:00,10.48,2.66,2.56,3.28,2.56,2.66,10.869999999999887,2.7518749999999876,0.2635388670034196,2.7775,3.49,0.49999999999999994,0.8660254037844387,0.0,1.0,0,5.04,0.0,46.68,100.0
2018-10-08 02:00:00,2018-10-08 02:15:00,2018-10-08 03:00:00,10.48,2.63,2.66,3.06,2.56,3.2,10.439999999999886,2.740624999999987,0.26465706002571726,2.7782291666666663,3.49,0.5555702330196022,0.8314696123025452,0.0,1.0,0,5.04,0.0,46.26,100.0
2018-10-08 02:15:00,2018-10-08 02:30:00,2018-10-08 03:15:00,10.58,2.56,2.63,2.59,2.52,2.81,10.409999999999886,2.7387499999999876,0.26582125111897614,2.7786458333333335,3.49,0.6087614290087207,0.7933533402912352,0.0,1.0,0,5.04,0.0,45.29,100.0
2018-10-08 02:30:00,2018-10-08 02:45:00,2018-10-08 03:30:00,10.55,2.66,2.56,2.56,2.56,2.63,10.509999999999886,2.7431249999999876,0.2639062038328274,2.7796874999999996,3.49,0.6593458151000688,0.7518398074789774,0.0,1.0,0,5.18,0.0,45.68,100.0
2018-10-08 02:45:00,2018-10-08 03:00:00,2018-10-08 03:45:00,10.55,2.63,2.66,2.66,2.56,2.63,10.479999999999887,2.7412499999999875,0.2645958003190064,2.780416666666667,3.49,0.7071067811865476,0.7071067811865476,0.0,1.0,0,5.11,0.0,45.76,100.0
2018-10-08 03:00:00,2018-10-08 03:15:00,2018-10-08 04:00:00,11.02,2.63,2.63,2.63,2.52,2.63,10.479999999999887,2.7437499999999875,0.2633409150634464,2.7815625,3.49,0.7518398074789774,0.6593458151000688,0.0,1.0,0,5.11,0.0,45.76,100.0
2018-10-08 03:15:00,2018-10-08 03:30:00,2018-10-08 04:15:00,11.35,2.66,2.63,2.56,2.59,2.59,10.579999999999886,2.7499999999999876,0.26007210547547716,2.782291666666666,3.49,0.7933533402912352,0.6087614290087207,0.0,1.0,0,5.18,0.0,45.68,100.0
2018-10-08 03:30:00,2018-10-08 03:45:00,2018-10-08 04:30:00,11.420000000000002,2.63,2.66,2.66,2.7,2.63,10.549999999999885,2.7593749999999875,0.25277135799263206,2.7815624999999997,3.49,0.8314696123025451,0.5555702330196024,0.0,1.0,0,5.22,0.0,44.99,100.0
2018-10-08 03:45:00,2018-10-08 04:00:00,2018-10-08 04:45:00,11.379999999999999,2.63,2.63,2.63,3.06,2.63,10.549999999999887,2.7637499999999875,0.24987184224405012,2.777083333333333,3.49,0.8660254037844386,0.5000000000000001,0.0,1.0,0,5.26,0.0,44.72,100.0
2018-10-08 04:00:00,2018-10-08 04:15:00,2018-10-08 05:00:00,10.91,3.1,2.63,2.63,2.74,2.7,11.019999999999886,2.7549999999999875,0.23505318556965626,2.7808333333333333,3.49,0.8968727415326884,0.44228869021900125,0.0,1.0,0,6.16,0.0,44.95,100.0
2018-10-08 04:15:00,2018-10-08 04:30:00,2018-10-08 05:15:00,10.58,2.99,3.1,2.66,3.17,2.63,11.349999999999886,2.7774999999999874,0.23920441059149225,2.7789583333333336,3.49,0.9238795325112867,0.38268343236508984,0.0,1.0,0,5.65,0.0,46.77,100.0
2018-10-08 04:30:00,2018-10-08 04:45:00,2018-10-08 05:30:00,11.120000000000001,2.7,2.99,2.63,2.66,2.63,11.419999999999888,2.748124999999988,0.21703164382515608,2.779375,3.49,0.9469301294951056,0.3214394653031617,0.0,1.0,0,5.18,0.0,46.22,100.0
2018-10-08 04:45:00,2018-10-08 05:00:00,2018-10-08 05:45:00,11.41,2.59,2.7,2.63,2.59,2.59,11.379999999999885,2.7049999999999876,0.17066048179496002,2.779375,3.49,0.9659258262890683,0.25881904510252074,0.0,1.0,0,5.22,0.0,44.45,100.0
2018-10-08 05:00:00,2018-10-08 05:15:00,2018-10-08 06:00:00,11.340000000000002,2.63,2.59,3.1,2.56,2.92,10.909999999999886,2.6781249999999877,0.14449129531398025,2.7801041666666664,3.49,0.9807852804032304,0.19509032201612833,0.0,1.0,0,5.18,0.0,45.27,100.0
2018-10-08 05:15:00,2018-10-08 05:30:00,2018-10-08 06:15:00,11.27,2.66,2.63,2.99,2.59,3.71,10.579999999999886,2.6824999999999877,0.14280668768131255,2.7808333333333333,3.49,0.9914448613738104,0.1305261922200517,0.0,1.0,0,5.33,0.0,44.65,100.0
2018-10-08 05:30:00,2018-10-08 05:45:00,2018-10-08 06:30:00,10.549999999999999,3.24,2.66,2.7,2.56,3.46,11.119999999999887,2.7249999999999877,0.192548695260368,2.7879166666666664,3.49,0.9978589232386035,0.06540312923014327,0.0,1.0,0,6.77,0.0,43.17,100.0
2018-10-08 05:45:00,2018-10-08 06:00:00,2018-10-08 06:45:00,10.19,2.88,3.24,2.59,2.52,2.52,11.409999999999886,2.7387499999999876,0.19525224082314088,2.7916666666666665,3.49,1.0,6.123233995736766e-17,0.0,1.0,0,5.83,0.0,44.29,100.0
2018-10-08 06:00:00,2018-10-08 06:15:00,2018-10-08 07:00:00,10.149999999999999,2.56,2.88,2.63,2.56,2.52,11.339999999999888,2.7343749999999876,0.19839886446615992,2.7916666666666665,3.49,0.9978589232386035,-0.06540312923014314,0.0,1.0,0,5.15,0.0,44.51,100.0
2018-10-08 06:15:00,2018-10-08 06:30:00,2018-10-08 07:15:00,10.22,2.59,2.56,2.66,2.56,2.52,11.269999999999886,2.7362499999999876,0.19687797628597267,2.7919791666666662,3.49,0.9914448613738104,-0.1305261922200516,0.0,1.0,0,5.0,0.0,46.0,100.0
2018-10-08 06:30:00,2018-10-08 06:45:00,2018-10-08 07:30:00,10.58,2.52,2.59,3.24,2.52,2.48,10.549999999999887,2.7274999999999876,0.20308557321106743,2.791979166666667,3.49,0.9807852804032304,-0.1950903220161282,0.0,1.0,0,4.97,0.0,45.22,100.0
2018-10-08 06:45:00,2018-10-08 07:00:00,2018-10-08 07:45:00,11.52,2.52,2.52,2.88,2.99,2.45,10.189999999999886,2.7206249999999876,0.20807056356311904,2.7870833333333334,3.49,0.9659258262890683,-0.25881904510252063,0.0,1.0,0,4.97,0.0,45.22,100.0
2018-10-08 07:00:00,2018-10-08 07:15:00,2018-10-08 08:00:00,12.6,2.52,2.52,2.56,2.81,2.48,10.149999999999885,2.7137499999999877,0.21271680127925977,2.7840624999999997,3.49,0.9469301294951057,-0.3214394653031616,0.0,1.0,0,4.86,0.0,46.03,100.0
2018-10-08 07:15:00,2018-10-08 07:30:00,2018-10-08 08:15:00,26.39,2.66,2.52,2.59,2.48,2.81,10.219999999999885,2.7137499999999877,0.21271680127925977,2.7859374999999997,3.49,0.9238795325112868,-0.3826834323650895,0.0,1.0,0,4.86,0.0,48.01,100.0
2018-10-08 07:30:00,2018-10-08 07:45:00,2018-10-08 08:30:00,119.34,2.88,2.66,2.52,2.59,2.92,10.579999999999886,2.7293749999999877,0.21515891666734646,2.7889583333333334,3.49,0.8968727415326884,-0.44228869021900113,0.0,1.0,0,4.46,0.0,54.25,100.0
2018-10-08 07:45:00,2018-10-08 08:00:00,2018-10-08 08:45:00,204.98,3.46,2.88,2.52,2.52,2.92,11.519999999999886,2.7812499999999876,0.2763122102738492,2.79875,3.49,0.8660254037844387,-0.4999999999999998,0.0,1.0,0,5.29,0.0,54.74,100.0
2018-10-08 08:00:00,2018-10-08 08:15:00,2018-10-08 09:00:00,311.47,3.6,3.46,2.52,2.52,2.88,12.599999999999888,2.8124999999999876,0.3330446667436547,2.81,3.6,0.8314696123025451,-0.5555702330196023,0.0,1.0,0,5.8,0.0,52.74,100.0
2018-10-08 08:15:00,2018-10-08 08:30:00,2018-10-08 09:15:00,382.46,16.45,3.6,2.66,2.52,24.88,26.389999999999887,3.6537499999999876,3.320404484026854,2.9551041666666666,16.45,0.7933533402912352,-0.6087614290087207,0.0,1.0,0,16.06,0.0,71.55,100.0
2018-10-08 08:30:00,2018-10-08 08:45:00,2018-10-08 09:30:00,375.01,95.83,16.45,2.88,2.48,38.12,119.33999999999989,9.474374999999988,22.541459016874118,3.9274999999999998,95.83,0.7518398074789774,-0.6593458151000688,0.0,1.0,0,67.61,0.0,81.71,100.0
2018-10-08 08:45:00,2018-10-08 09:00:00,2018-10-08 09:45:00,389.95,89.1,95.83,3.46,2.59,46.12,204.97999999999988,14.881249999999987,29.532794033709976,4.828645833333334,95.83,0.7071067811865476,-0.7071067811865475,0.0,1.0,0,62.46,0.0,81.88,100.0
2018-10-08 09:00:00,2018-10-08 09:15:00,2018-10-08 10:00:00,377.31,110.09,89.1,3.6,2.74,42.95,311.4699999999999,21.597499999999986,37.20539233431129,5.9468749999999995,110.09,0.659345815100069,-0.7518398074789773,0.0,1.0,0,58.9,0.0,88.17,100.0
2018-10-08 09:15:00,2018-10-08 09:30:00,2018-10-08 10:15:00,362.41,87.44,110.09,16.45,3.28,44.96,382.4599999999999,26.896249999999984,40.05873607513753,6.823541666666667,110.09,0.6087614290087209,-0.793353340291235,0.0,1.0,0,55.12,0.0,84.59,100.0
2018-10-08 09:30:00,2018-10-08 09:45:00,2018-10-08 10:30:00,379.91,88.38,87.44,95.83,3.17,55.01,375.0099999999999,32.21749999999999,42.162497776460306,7.711145833333333,110.09,0.5555702330196025,-0.831469612302545,0.0,1.0,0,45.61,0.0,88.86,100.0
2018-10-08 09:45:00,2018-10-08 10:00:00,2018-10-08 10:45:00,379.12,104.04,88.38,89.1,2.63,46.3,389.9499999999999,38.53999999999999,44.79189240253212,8.7675,110.09,0.49999999999999994,-0.8660254037844387,0.0,1.0,0,56.92,0.0,87.73,100.0
2018-10-08 10:00:00,2018-10-08 10:15:00,2018-10-08 11:00:00,367.49,97.45,104.04,110.09,2.63,44.78,377.30999999999995,44.470624999999984,45.9034916249231,9.755208333333334,110.09,0.4422886902190017,-0.8968727415326881,0.0,1.0,0,50.76,0.0,88.69,100.0
2018-10-08 10:15:00,2018-10-08 10:30:00,2018-10-08 11:15:00,407.88,72.54,97.45,87.44,2.74,41.69,362.40999999999985,48.84249999999999,45.029281514920996,10.482291666666667,110.09,0.3826834323650899,-0.9238795325112867,0.0,1.0,0,47.41,0.0,83.71,100.0
2018-10-08 10:30:00,2018-10-08 10:45:00,2018-10-08 11:30:00,389.7,105.88,72.54,88.38,3.02,47.38,379.90999999999985,55.30249999999998,45.33346990635065,11.55375,110.09,0.32143946530316175,-0.9469301294951056,0.0,1.0,0,60.73,0.0,86.74,100.0
2018-10-08 10:45:00,2018-10-08 11:00:00,2018-10-08 11:45:00,397.65,103.25,105.88,104.04,3.1,55.66,379.1199999999999,61.59812499999998,44.55389155544518,12.596979166666669,110.09,0.258819045102521,-0.9659258262890682,0.0,1.0,0,49.64,0.0,90.13,100.0
2018-10-08 11:00:00,2018-10-08 11:15:00,2018-10-08 12:00:00,404.09999999999997,85.82,103.25,97.45,2.63,55.84,367.48999999999984,66.804375,42.14823676157005,13.463541666666666,110.09,0.19509032201612816,-0.9807852804032304,0.0,1.0,0,44.82,0.0,88.64,100.0
2018-10-08 11:15:00,2018-10-08 11:30:00,2018-10-08 12:15:00,304.06,112.93,85.82,72.54,2.63,54.04,407.8799999999999,73.69624999999998,40.05986705466562,14.612500000000002,112.93,0.130526192220052,-0.9914448613738104,0.0,1.0,0,52.81,0.0,90.58,100.0
2018-10-08 11:30:00,2018-10-08 11:45:00,2018-10-08 12:30:00,219.85000000000002,87.7,112.93,105.88,2.66,52.2,389.69999999999993,78.99749999999999,35.71431689462895,15.498333333333333,112.93,0.06540312923014312,-0.9978589232386035,0.0,1.0,0,43.45,0.0,89.61,100.0
2018-10-08 11:45:00,2018-10-08 12:00:00,2018-10-08 12:45:00,112.32,111.2,87.7,103.25,2.63,48.13,397.6499999999999,85.73124999999999,30.632694722101625,16.629270833333333,112.93,1.2246467991473532e-16,-1.0,0.0,1.0,0,53.71,0.0,90.05,100.0
2018-10-08 12:00:00,2018-10-08 12:15:00,2018-10-08 13:00:00,24.440000000000005,92.27,111.2,85.82,2.7,48.13,404.0999999999999,91.273125,22.107135080881527,17.562291666666667,112.93,-0.06540312923014287,-0.9978589232386035,0.0,1.0,0,51.73,0.0,87.23,100.0
2018-10-08 12:15:00,2018-10-08 12:30:00,2018-10-08 13:15:00,74.08,12.89,92.27,112.93,2.77,4.5,304.0599999999999,91.050625,22.86403957876523,17.667708333333334,112.93,-0.13052619222005177,-0.9914448613738104,0.0,1.0,0,3.35,14.65,96.78,66.06
2018-10-08 12:30:00,2018-10-08 12:45:00,2018-10-08 13:30:00,169.01,3.49,12.89,87.7,2.74,5.18,219.84999999999988,85.27937499999999,31.099972160105683,17.675520833333334,112.93,-0.19509032201612792,-0.9807852804032305,0.0,1.0,0,0.0,11.3,100.0,29.51
2018-10-08 12:45:00,2018-10-08 13:00:00,2018-10-08 13:45:00,260.49,3.67,3.49,111.2,2.77,5.36,112.31999999999988,79.93999999999998,36.79731851643511,17.684895833333332,112.93,-0.2588190451025208,-0.9659258262890683,0.0,1.0,0,0.0,10.62,100.0,32.66
2018-10-08 13:00:00,2018-10-08 13:15:00,2018-10-08 14:00:00,358.74,4.39,3.67,92.27,2.74,5.62,24.439999999999888,73.33375,40.12884076244273,17.702083333333334,112.93,-0.32143946530316153,-0.9469301294951057,0.0,1.0,0,0.0,16.13,100.0,26.26
2018-10-08 13:15:00,2018-10-08 13:30:00,2018-10-08 14:15:00,405.53999999999996,62.53,4.39,12.89,2.7,32.9,74.07999999999988,71.77687499999999,40.03446542023961,18.3253125,112.93,-0.38268343236508967,-0.9238795325112868,0.0,1.0,0,26.53,1.44,92.06,99.97
2018-10-08 13:30:00,2018-10-08 13:45:00,2018-10-08 14:30:00,413.82,98.42,62.53,3.49,2.74,45.58,169.00999999999988,72.40437499999999,40.36708668097515,19.32197916666667,112.93,-0.44228869021900147,-0.8968727415326883,0.0,1.0,0,49.82,0.0,89.22,100.0
2018-10-08 13:45:00,2018-10-08 14:00:00,2018-10-08 14:45:00,430.59000000000003,95.15,98.42,3.67,2.66,38.2,260.4899999999999,71.84874999999998,39.98721528110562,20.285416666666666,112.93,-0.4999999999999997,-0.8660254037844388,0.0,1.0,0,51.23,0.0,88.05,100.0
2018-10-08 14:00:00,2018-10-08 14:15:00,2018-10-08 15:00:00,401.14,102.64,95.15,4.39,3.02,45.47,358.7399999999999,72.17312499999998,40.213983687075334,21.323125,112.93,-0.555570233019602,-0.8314696123025455,0.0,1.0,0,50.04,0.0,89.89,100.0
2018-10-08 14:15:00,2018-10-08 14:30:00,2018-10-08 15:15:00,403.99,109.33,102.64,62.53,3.13,49.68,405.5399999999999,74.47249999999998,41.208719116832356,22.429375000000004,112.93,-0.6087614290087207,-0.7933533402912352,0.0,1.0,0,61.7,0.0,87.09,100.0
2018-10-08 14:30:00,2018-10-08 14:45:00,2018-10-08 15:30:00,392.22,106.7,109.33,98.42,2.7,52.09,413.81999999999994,74.52374999999999,41.24823873133838,23.512708333333332,112.93,-0.6593458151000688,-0.7518398074789774,0.0,1.0,0,50.54,0.0,90.37,100.0
2018-10-08 14:45:00,2018-10-08 15:00:00,2018-10-08 15:45:00,383.62,111.92,106.7,95.15,2.7,50.58,430.58999999999986,75.06562499999998,41.676776502140356,24.65041666666667,112.93,-0.7071067811865471,-0.7071067811865479,0.0,1.0,0,54.22,0.0,90.0,100.0
2018-10-08 15:00:00,2018-10-08 15:15:00,2018-10-08 16:00:00,417.89,73.19,111.92,102.64,2.99,43.88,401.1399999999999,74.27624999999999,41.58511660964154,25.38166666666667,112.93,-0.7518398074789773,-0.6593458151000691,0.0,1.0,0,46.04,0.0,84.65,100.0
2018-10-08 15:15:00,2018-10-08 15:30:00,2018-10-08 16:15:00,393.54999999999995,112.18,73.19,109.33,3.42,48.13,403.9899999999999,74.22937499999999,41.5419197120133,26.514583333333334,112.93,-0.7933533402912349,-0.6087614290087209,0.0,1.0,0,54.61,0.0,89.91,100.0
2018-10-08 15:30:00,2018-10-08 15:45:00,2018-10-08 16:30:00,410.18,94.93,112.18,106.7,2.88,39.13,392.21999999999986,74.68124999999999,41.72490905846871,27.473437500000003,112.93,-0.8314696123025452,-0.5555702330196022,0.0,1.0,0,42.37,0.0,91.32,100.0
2018-10-08 15:45:00,2018-10-08 16:00:00,2018-10-08 16:45:00,401.54,103.32,94.93,111.92,2.66,48.6,383.6199999999999,74.18874999999998,41.335643347327796,28.521979166666668,112.93,-0.8660254037844385,-0.5000000000000004,0.0,1.0,0,54.11,0.0,88.59,100.0
2018-10-08 16:00:00,2018-10-08 16:15:00,2018-10-08 17:00:00,401.76000000000005,107.46,103.32,73.19,2.66,45.54,417.8899999999999,75.13812499999999,41.9104626284936,29.613645833333333,112.93,-0.8968727415326883,-0.44228869021900136,0.0,1.0,0,49.5,0.0,90.83,100.0
2018-10-08 16:15:00,2018-10-08 16:30:00,2018-10-08 17:15:00,424.91,87.84,107.46,112.18,2.66,51.98,393.5499999999999,79.82249999999999,38.76145371048381,30.500937500000003,112.93,-0.9238795325112868,-0.3826834323650895,0.0,1.0,0,43.78,0.0,89.5,100.0
2018-10-08 16:30:00,2018-10-08 16:45:00,2018-10-08 17:30:00,371.56,111.56,87.84,94.93,2.74,52.56,410.1799999999999,86.57687499999999,33.994372460516864,31.634479166666665,112.93,-0.9469301294951056,-0.3214394653031618,0.0,1.0,0,49.14,0.0,91.52,100.0
2018-10-08 16:45:00,2018-10-08 17:00:00,2018-10-08 17:45:00,308.45,94.68,111.56,103.32,2.66,51.37,401.5399999999999,92.26499999999999,26.41532722681979,32.593020833333334,112.93,-0.9659258262890683,-0.25881904510252063,0.0,1.0,0,48.42,0.0,89.03,100.0
2018-10-08 17:00:00,2018-10-08 17:15:00,2018-10-08 18:00:00,229.14,107.68,94.68,107.46,2.63,49.0,401.75999999999993,98.72062499999998,13.722967276042588,33.68729166666667,112.93,-0.9807852804032303,-0.19509032201612866,0.0,1.0,0,48.64,0.0,91.13,100.0
2018-10-08 17:15:00,2018-10-08 17:30:00,2018-10-08 18:15:00,161.06,110.99,107.68,87.84,2.84,50.69,424.9099999999999,101.74937499999999,10.329328069111408,34.813854166666665,112.93,-0.9914448613738104,-0.13052619222005163,0.0,1.0,0,53.93,0.0,89.94,100.0
2018-10-08 17:30:00,2018-10-08 17:45:00,2018-10-08 18:30:00,156.67,58.21,110.99,111.56,3.38,47.95,371.5599999999999,99.23625,14.770451869779077,35.385,112.93,-0.9978589232386035,-0.06540312923014273,0.0,1.0,0,43.27,0.0,80.26,100.0
2018-10-08 17:45:00,2018-10-08 18:00:00,2018-10-08 18:45:00,178.45,31.57,58.21,94.68,2.81,36.0,308.4499999999999,95.26249999999999,22.079448730662733,35.684583333333336,112.93,-1.0,-1.8369701987210297e-16,0.0,1.0,0,10.44,0.83,94.94,99.97
2018-10-08 18:00:00,2018-10-08 18:15:00,2018-10-08 19:00:00,203.39999999999998,28.37,31.57,107.68,2.59,26.75,229.13999999999987,90.62062499999998,27.243645926331954,35.953125,112.93,-0.9978589232386036,0.06540312923014237,0.0,1.0,0,7.27,0.4,96.87,99.99
2018-10-08 18:15:00,2018-10-08 18:30:00,2018-10-08 19:15:00,224.46,42.91,28.37,110.99,2.59,33.55,161.0599999999999,86.46937499999999,29.07532984953649,36.373124999999995,112.93,-0.9914448613738105,0.13052619222005127,0.0,1.0,0,31.57,0.0,80.55,100.0
2018-10-08 18:30:00,2018-10-08 18:45:00,2018-10-08 19:30:00,229.54,53.82,42.91,58.21,2.59,37.08,156.66999999999987,83.16437499999998,29.588777426743246,36.90677083333333,112.93,-0.9807852804032304,0.1950903220161283,0.0,1.0,0,37.33,0.0,82.17,100.0
2018-10-08 18:45:00,2018-10-08 19:00:00,2018-10-08 19:45:00,231.05,53.35,53.82,31.57,3.17,32.9,178.44999999999987,79.50375,29.427389638523483,37.42947916666667,112.93,-0.9659258262890684,0.2588190451025203,0.0,1.0,0,35.24,0.0,83.44,100.0
2018-10-08 19:00:00,2018-10-08 19:15:00,2018-10-08 20:00:00,236.63000000000002,53.32,53.35,28.37,3.46,39.13,203.3999999999999,78.26187499999999,30.079674869159664,37.94885416666667,112.93,-0.9469301294951057,0.3214394653031615,0.0,1.0,0,30.31,0.0,86.94,100.0
2018-10-08 19:15:00,2018-10-08 19:30:00,2018-10-08 20:15:00,225.22,63.97,53.32,42.91,3.42,35.71,224.4599999999999,75.24874999999999,28.923547041078542,38.57958333333333,112.93,-0.923879532511287,0.38268343236508917,0.0,1.0,0,46.73,0.0,80.75,100.0
2018-10-08 19:30:00,2018-10-08 19:45:00,2018-10-08 20:30:00,226.32999999999998,58.9,63.97,53.82,2.74,32.04,229.5399999999999,72.99687499999999,28.705335026513108,39.16458333333333,112.93,-0.8968727415326884,0.442288690219001,0.0,1.0,0,38.12,0.0,83.95,100.0
2018-10-08 19:45:00,2018-10-08 20:00:00,2018-10-08 20:45:00,220.93,54.86,58.9,53.35,2.84,39.2,231.04999999999987,69.96812499999999,27.891106606485934,39.70645833333334,112.93,-0.8660254037844386,0.5000000000000001,0.0,1.0,0,36.43,0.0,83.31,100.0
2018-10-08 20:00:00,2018-10-08 20:15:00,2018-10-08 21:00:00,189.35,58.9,54.86,53.32,3.06,39.6,236.62999999999988,66.93312499999999,26.239407795992012,40.288125,112.93,-0.8314696123025455,0.5555702330196018,0.0,1.0,0,36.68,0.0,84.89,100.0
2018-10-08 20:15:00,2018-10-08 20:30:00,2018-10-08 21:15:00,144.23999999999998,52.56,58.9,63.97,3.49,30.46,225.21999999999989,64.72812499999999,25.869626548026712,40.79927083333333,112.93,-0.7933533402912357,0.6087614290087199,0.0,1.0,0,35.1,0.0,83.16,100.0
2018-10-08 20:30:00,2018-10-08 20:45:00,2018-10-08 21:30:00,88.05,60.01,52.56,58.9,2.74,37.04,226.32999999999987,61.50624999999999,22.872950420474762,41.395833333333336,112.93,-0.7518398074789772,0.6593458151000691,0.0,1.0,0,38.77,0.0,84.0,100.0
2018-10-08 20:45:00,2018-10-08 21:00:00,2018-10-08 21:45:00,42.330000000000005,49.46,60.01,54.86,2.77,29.23,220.9299999999999,58.679999999999986,21.34180346175082,41.8821875,112.93,-0.7071067811865477,0.7071067811865474,0.0,1.0,0,29.88,0.0,85.59,100.0
2018-10-08 21:00:00,2018-10-08 21:15:00,2018-10-08 22:00:00,18.79,27.32,49.46,58.9,2.77,10.58,189.34999999999988,53.657499999999985,18.48378123518032,42.13791666666667,112.93,-0.6593458151000687,0.7518398074789775,0.0,1.0,0,9.07,5.47,94.91,98.05
2018-10-08 21:15:00,2018-10-08 21:30:00,2018-10-08 22:15:00,14.83,7.45,27.32,52.56,2.99,6.95,144.23999999999987,47.18624999999999,15.092396626696186,42.184374999999996,112.93,-0.608761429008721,0.7933533402912349,0.0,1.0,0,0.0,13.82,100.0,47.45
2018-10-08 21:30:00,2018-10-08 21:45:00,2018-10-08 22:30:00,14.5,3.82,7.45,60.01,3.42,4.28,88.04999999999988,43.78687499999999,18.06014871158011,42.18854166666667,112.93,-0.555570233019603,0.8314696123025447,0.0,1.0,0,0.0,16.06,100.0,23.14
2018-10-08 21:45:00,2018-10-08 22:00:00,2018-10-08 22:45:00,14.18,3.74,3.82,49.46,2.81,3.46,42.329999999999885,42.047499999999985,20.34821383438889,42.198229166666664,112.93,-0.5000000000000004,0.8660254037844384,0.0,1.0,0,0.0,16.09,100.0,22.64
2018-10-08 22:00:00,2018-10-08 22:15:00,2018-10-08 23:00:00,13.68,3.78,3.74,27.32,2.81,3.56,18.789999999999885,40.51062499999998,22.17026822930638,42.208333333333336,112.93,-0.4422886902190014,0.8968727415326883,0.0,1.0,0,0.0,15.62,100.0,23.52
2018-10-08 22:15:00,2018-10-08 22:30:00,2018-10-08 23:15:00,13.469999999999999,3.49,3.78,7.45,2.59,3.2,14.829999999999888,38.046874999999986,23.890350227328067,42.217708333333334,112.93,-0.38268343236508956,0.9238795325112868,0.0,1.0,0,7.34,0.07,42.94,99.98
2018-10-08 22:30:00,2018-10-08 22:45:00,2018-10-08 23:30:00,13.259999999999998,3.49,3.49,3.82,2.59,3.28,14.499999999999886,34.90124999999998,24.898604598200322,42.22708333333333,112.93,-0.32143946530316186,0.9469301294951056,0.0,1.0,0,8.78,0.0,36.94,100.0
2018-10-08 22:45:00,2018-10-08 23:00:00,2018-10-08 23:45:00,13.08,3.42,3.49,3.74,2.66,3.24,14.179999999999886,31.780624999999986,25.512188378486865,42.23500000000001,112.93,-0.25881904510252157,0.9659258262890681,0.0,1.0,0,8.24,0.0,38.33,100.0
2018-10-08 23:00:00,2018-10-08 23:15:00,2018-10-09 00:00:00,13.260000000000002,3.28,3.42,3.78,2.59,3.2,13.679999999999886,28.65312499999999,25.746102792158727,42.2421875,112.93,-0.19509032201612872,0.9807852804032303,0.0,1.0,0,7.02,0.0,42.33,100.0
2018-10-08 23:15:00,2018-10-08 23:30:00,2018-10-09 00:15:00,13.18,3.28,3.28,3.49,2.56,3.28,13.469999999999887,24.859999999999985,24.713480633047865,42.2496875,112.93,-0.13052619222005168,0.9914448613738104,0.0,1.0,0,6.44,0.0,45.38,100.0
2018-10-08 23:30:00,2018-10-08 23:45:00,2018-10-09 00:30:00,13.100000000000001,3.28,3.28,3.49,2.48,3.17,13.259999999999886,21.383749999999985,23.566029278126923,42.25802083333333,112.93,-0.0654031292301428,0.9978589232386035,0.0,1.0,0,6.05,0.0,47.66,100.0
2018-10-08 23:45:00,2018-10-09 00:00:00,2018-10-09 00:45:00,13.75,3.24,3.28,3.42,2.56,2.52,13.079999999999886,18.157499999999985,22.25943774559543,42.26510416666667,112.93,0.0,1.0,0.7818314824680298,0.6234898018587336,0,6.01,0.0,47.45,100.0
2018-10-09 00:00:00,2018-10-09 00:15:00,2018-10-09 01:00:00,14.540000000000001,3.46,3.24,3.28,3.24,3.35,13.259999999999886,14.692499999999987,19.830038294215214,42.26739583333333,112.93,0.06540312923014306,0.9978589232386035,0.7818314824680298,0.6234898018587336,0,6.59,0.0,46.49,100.0
2018-10-09 00:15:00,2018-10-09 00:30:00,2018-10-09 01:15:00,14.58,3.2,3.46,3.28,2.63,2.52,13.179999999999886,11.607499999999987,17.388108544348487,42.27333333333333,112.93,0.13052619222005157,0.9914448613738104,0.7818314824680298,0.6234898018587336,0,6.23,0.0,45.69,100.0
2018-10-09 00:30:00,2018-10-09 00:45:00,2018-10-09 01:30:00,14.620000000000001,3.2,3.2,3.28,3.17,2.56,13.099999999999888,8.056874999999987,12.154510849245364,42.27364583333333,112.93,0.19509032201612825,0.9807852804032304,0.7818314824680298,0.6234898018587336,0,6.16,0.0,46.1,100.0
2018-10-09 00:45:00,2018-10-09 01:00:00,2018-10-09 01:45:00,13.32,3.89,3.2,3.24,3.28,2.63,13.749999999999886,5.208749999999986,5.793688241314936,42.28,112.93,0.25881904510252074,0.9659258262890683,0.7818314824680298,0.6234898018587336,0,6.26,0.0,52.78,100.0
2018-10-09 01:00:00,2018-10-09 01:15:00,2018-10-09 02:00:00,11.7,4.25,3.89,3.46,3.06,2.56,14.539999999999885,3.766874999999987,0.9942630358347601,42.29239583333334,112.93,0.3214394653031616,0.9469301294951057,0.7818314824680298,0.6234898018587336,0,6.44,0.0,55.08,100.0
2018-10-09 01:15:00,2018-10-09 01:30:00,2018-10-09 02:15:00,11.120000000000001,3.24,4.25,3.2,2.59,2.59,14.579999999999888,3.5037499999999864,0.298053581680554,42.299166666666665,112.93,0.3826834323650898,0.9238795325112867,0.7818314824680298,0.6234898018587336,0,5.98,0.0,47.64,100.0
2018-10-09 01:30:00,2018-10-09 01:45:00,2018-10-09 02:30:00,10.469999999999999,3.24,3.24,3.2,2.56,2.56,14.619999999999887,3.4674999999999865,0.292606818192334,42.30625,112.93,0.44228869021900125,0.8968727415326884,0.7818314824680298,0.6234898018587336,0,6.05,0.0,47.21,100.0
2018-10-09 01:45:00,2018-10-09 02:00:00,2018-10-09 02:45:00,10.51,2.59,3.24,3.89,2.66,2.52,13.319999999999887,3.395624999999987,0.35204702729565945,42.30552083333333,112.93,0.49999999999999994,0.8660254037844387,0.7818314824680298,0.6234898018587336,0,4.36,0.0,51.07,100.0
2018-10-09 02:00:00,2018-10-09 02:15:00,2018-10-09 03:00:00,10.51,2.63,2.59,4.25,2.63,3.13,11.699999999999886,3.3237499999999867,0.3823263495402586,42.30552083333333,112.93,0.5555702330196022,0.8314696123025452,0.7818314824680298,0.6234898018587336,0,4.43,0.0,51.05,100.0
2018-10-09 02:15:00,2018-10-09 02:30:00,2018-10-09 03:15:00,10.44,2.66,2.63,3.24,2.56,3.1,11.119999999999887,3.2718749999999868,0.4114489451047723,42.3065625,112.93,0.6087614290087207,0.7933533402912352,0.7818314824680298,0.6234898018587336,0,4.57,0.0,50.3,100.0
2018-10-09 02:30:00,2018-10-09 02:45:00,2018-10-09 03:30:00,10.44,2.59,2.66,3.24,2.66,2.59,10.469999999999885,3.2156249999999864,0.43842001485776644,42.30583333333333,112.93,0.6593458151000688,0.7518398074789774,0.7818314824680298,0.6234898018587336,0,4.54,0.0,49.55,100.0
2018-10-09 02:45:00,2018-10-09 03:00:00,2018-10-09 03:45:00,10.469999999999999,2.63,2.59,2.59,2.63,2.92,10.509999999999886,3.166249999999987,0.45672577938291564,42.30583333333333,112.93,0.7071067811865476,0.7071067811865476,0.7818314824680298,0.6234898018587336,0,4.57,0.0,49.88,100.0
2018-10-09 03:00:00,2018-10-09 03:15:00,2018-10-09 04:00:00,10.43,2.63,2.63,2.63,2.63,2.95,10.509999999999886,3.125624999999987,0.4734048050326178,42.30583333333333,112.93,0.7518398074789774,0.6593458151000688,0.7818314824680298,0.6234898018587336,0,4.61,0.0,49.55,100.0
2018-10-09 03:15:00,2018-10-09 03:30:00,2018-10-09 04:15:00,10.469999999999999,2.59,2.63,2.66,2.66,2.59,10.439999999999886,3.0824999999999867,0.48856294379845516,42.305104166666666,112.93,0.7933533402912352,0.6087614290087207,0.7818314824680298,0.6234898018587336,0,4.5,0.0,49.88,100.0
2018-10-09 03:30:00,2018-10-09 03:45:00,2018-10-09 04:30:00,10.54,2.59,2.59,2.59,2.63,2.66,10.439999999999886,3.0393749999999864,0.49955566199178847,42.3046875,112.93,0.8314696123025451,0.5555702330196024,0.7818314824680298,0.6234898018587336,0,4.46,0.0,50.22,100.0
2018-10-09 03:45:00,2018-10-09 04:00:00,2018-10-09 04:45:00,10.54,2.66,2.59,2.63,2.63,2.56,10.469999999999885,3.0031249999999865,0.5046994000670983,42.305,112.93,0.8660254037844386,0.5000000000000001,0.7818314824680298,0.6234898018587336,0,4.64,0.0,49.73,100.0
2018-10-09 04:00:00,2018-10-09 04:15:00,2018-10-09 05:00:00,10.940000000000001,2.59,2.66,2.63,3.1,2.56,10.429999999999886,2.948749999999987,0.49938556001664824,42.2996875,112.93,0.8968727415326884,0.44228869021900125,0.7818314824680298,0.6234898018587336,0,4.57,0.0,49.31,100.0
2018-10-09 04:15:00,2018-10-09 04:30:00,2018-10-09 05:15:00,12.45,2.63,2.59,2.59,2.99,2.56,10.469999999999885,2.9131249999999866,0.5005212127654288,42.2959375,112.93,0.9238795325112867,0.38268343236508984,0.7818314824680298,0.6234898018587336,0,4.57,0.0,49.88,100.0
2018-10-09 04:30:00,2018-10-09 04:45:00,2018-10-09 05:30:00,13.139999999999999,2.66,2.63,2.59,2.7,2.59,10.539999999999885,2.8793749999999867,0.4982402627530298,42.295520833333335,112.93,0.9469301294951056,0.3214394653031617,0.7818314824680298,0.6234898018587336,0,4.61,0.0,49.98,100.0
2018-10-09 04:45:00,2018-10-09 05:00:00,2018-10-09 05:45:00,13.11,2.66,2.66,2.66,2.59,2.59,10.539999999999885,2.8024999999999864,0.4260355032779337,42.29625,112.93,0.9659258262890683,0.25881904510252074,0.7818314824680298,0.6234898018587336,0,4.75,0.0,48.86,100.0
2018-10-09 05:00:00,2018-10-09 05:15:00,2018-10-09 06:00:00,12.680000000000001,2.99,2.66,2.59,2.63,2.59,10.939999999999888,2.7237499999999866,0.2157508691833203,42.300000000000004,112.93,0.9807852804032304,0.19509032201612833,0.7818314824680298,0.6234898018587336,0,5.62,0.0,46.97,100.0
2018-10-09 05:15:00,2018-10-09 05:30:00,2018-10-09 06:15:00,11.13,4.14,2.99,2.63,2.66,2.63,12.449999999999887,2.779999999999987,0.38998397409804403,42.315416666666664,112.93,0.9914448613738104,0.1305261922200517,0.7818314824680298,0.6234898018587336,0,6.48,0.0,53.84,100.0
2018-10-09 05:30:00,2018-10-09 05:45:00,2018-10-09 06:30:00,10.52,3.35,4.14,2.66,3.24,2.56,13.139999999999885,2.786874999999987,0.3989003439811719,42.316562499999996,112.93,0.9978589232386035,0.06540312923014327,0.7818314824680298,0.6234898018587336,0,5.51,0.0,51.95,100.0
2018-10-09 05:45:00,2018-10-09 06:00:00,2018-10-09 06:45:00,10.66,2.63,3.35,2.66,2.88,2.77,13.109999999999888,2.7893749999999864,0.39778242724923746,42.31395833333333,112.93,1.0,6.123233995736766e-17,0.7818314824680298,0.6234898018587336,0,4.54,0.0,50.13,100.0
2018-10-09 06:00:00,2018-10-09 06:15:00,2018-10-09 07:00:00,11.05,2.56,2.63,2.99,2.56,3.13,12.679999999999886,2.784999999999987,0.3998906101089385,42.31395833333333,112.93,0.9978589232386035,-0.06540312923014314,0.7818314824680298,0.6234898018587336,0,4.64,0.0,48.31,100.0
2018-10-09 06:15:00,2018-10-09 06:30:00,2018-10-09 07:15:00,11.38,2.59,2.56,4.14,2.59,2.84,11.129999999999885,2.7806249999999864,0.40161344527829657,42.31395833333333,112.93,0.9914448613738104,-0.1305261922200516,0.7818314824680298,0.6234898018587336,0,4.75,0.0,47.87,100.0
2018-10-09 06:30:00,2018-10-09 06:45:00,2018-10-09 07:30:00,11.74,2.74,2.59,3.35,2.52,2.52,10.519999999999886,2.7899999999999867,0.3987950602167663,42.31625,112.93,0.9807852804032304,-0.1950903220161282,0.7818314824680298,0.6234898018587336,0,4.68,0.0,50.52,100.0
2018-10-09 06:45:00,2018-10-09 07:00:00,2018-10-09 07:45:00,12.25,2.77,2.74,2.63,2.52,3.06,10.659999999999886,2.7987499999999867,0.39671896545701696,42.31885416666666,112.93,0.9659258262890683,-0.25881904510252063,0.7818314824680298,0.6234898018587336,0,4.64,0.0,51.26,100.0
2018-10-09 07:00:00,2018-10-09 07:15:00,2018-10-09 08:00:00,12.61,2.95,2.77,2.56,2.52,2.84,11.049999999999887,2.8187499999999868,0.39577258312478714,42.32333333333333,112.93,0.9469301294951057,-0.3214394653031616,0.7818314824680298,0.6234898018587336,0,4.75,0.0,52.76,100.0
2018-10-09 07:15:00,2018-10-09 07:30:00,2018-10-09 08:15:00,38.24,2.92,2.95,2.59,2.66,2.63,11.379999999999887,2.8393749999999867,0.39189393900422426,42.32604166666667,112.93,0.9238795325112868,-0.3826834323650895,0.7818314824680298,0.6234898018587336,0,4.72,0.0,52.61,100.0
2018-10-09 07:30:00,2018-10-09 07:45:00,2018-10-09 08:30:00,89.1,3.1,2.92,2.74,2.88,2.88,11.739999999999888,2.871249999999987,0.3910542642053861,42.32833333333333,112.93,0.8968727415326884,-0.44228869021900113,0.7818314824680298,0.6234898018587336,0,4.82,0.0,54.09,100.0
2018-10-09 07:45:00,2018-10-09 08:00:00,2018-10-09 08:45:00,141.87,3.28,3.1,2.77,3.46,3.17,12.249999999999886,2.909999999999987,0.3988420740759161,42.32645833333333,112.93,0.8660254037844387,-0.4999999999999998,0.7818314824680298,0.6234898018587336,0,4.64,0.0,57.72,100.0
2018-10-09 08:00:00,2018-10-09 08:15:00,2018-10-09 09:00:00,196.45,3.31,3.28,2.95,3.6,2.92,12.609999999999886,2.9549999999999863,0.400811676542906,42.323437500000004,112.93,0.8314696123025451,-0.5555702330196023,0.7818314824680298,0.6234898018587336,0,4.32,0.0,60.82,100.0
2018-10-09 08:15:00,2018-10-09 08:30:00,2018-10-09 09:15:00,218.97999999999996,28.55,3.31,2.92,16.45,19.3,38.23999999999989,4.574999999999987,6.20271311605265,42.44947916666667,112.93,0.7933533402912352,-0.6087614290087207,0.7818314824680298,0.6234898018587336,0,28.58,0.0,70.67,100.0
2018-10-09 08:30:00,2018-10-09 08:45:00,2018-10-09 09:30:00,228.55999999999997,53.96,28.55,3.1,95.83,50.72,89.09999999999988,7.781249999999988,13.431094461641928,42.013333333333335,112.93,0.7518398074789774,-0.6593458151000688,0.7818314824680298,0.6234898018587336,0,51.73,0.0,72.19,100.0
2018-10-09 08:45:00,2018-10-09 09:00:00,2018-10-09 09:45:00,223.31,56.05,53.96,3.28,89.1,66.85,141.8699999999999,11.118124999999987,17.69851343289657,41.6690625,112.93,0.7071067811865476,-0.7071067811865475,0.7818314824680298,0.6234898018587336,0,48.85,0.0,75.39,100.0
2018-10-09 09:00:00,2018-10-09 09:15:00,2018-10-09 10:00:00,225.43,57.89,56.05,3.31,110.09,59.0,196.44999999999987,14.549374999999987,20.83411309270008,41.1253125,112.93,0.659345815100069,-0.7518398074789773,0.7818314824680298,0.6234898018587336,0,30.71,0.0,88.34,100.0
2018-10-09 09:15:00,2018-10-09 09:30:00,2018-10-09 10:15:00,231.16,51.08,57.89,28.55,87.44,50.44,218.97999999999985,17.483124999999987,22.40728891419964,40.7465625,112.93,0.6087614290087209,-0.793353340291235,0.7818314824680298,0.6234898018587336,0,24.26,0.0,90.33,100.0
2018-10-09 09:30:00,2018-10-09 09:45:00,2018-10-09 10:30:00,223.02,63.54,51.08,53.96,88.38,69.66,228.5599999999999,21.244999999999983,24.658224794174366,40.4878125,112.93,0.5555702330196025,-0.831469612302545,0.7818314824680298,0.6234898018587336,0,37.48,0.0,86.13,100.0
2018-10-09 09:45:00,2018-10-09 10:00:00,2018-10-09 10:45:00,221.94,50.8,63.54,56.05,104.04,52.06,223.30999999999986,24.255624999999984,25.137629653756292,39.93322916666667,112.93,0.49999999999999994,-0.8660254037844387,0.7818314824680298,0.6234898018587336,0,29.34,0.0,86.59,100.0
2018-10-09 10:00:00,2018-10-09 10:15:00,2018-10-09 11:00:00,229.03,60.01,50.8,57.89,97.45,39.92,225.4299999999999,27.846249999999984,25.87445721049099,39.54322916666667,112.93,0.4422886902190017,-0.8968727415326881,0.7818314824680298,0.6234898018587336,0,38.48,0.0,84.18,100.0
2018-10-09 10:15:00,2018-10-09 10:30:00,2018-10-09 11:15:00,219.88,56.81,60.01,51.08,72.54,41.15,231.15999999999985,31.234999999999985,25.89532197135278,39.379374999999996,112.93,0.3826834323650899,-0.9238795325112867,0.7818314824680298,0.6234898018587336,0,39.46,0.0,82.13,100.0
2018-10-09 10:30:00,2018-10-09 10:45:00,2018-10-09 11:30:00,225.64,55.4,56.81,63.54,105.88,49.97,223.01999999999987,34.52624999999998,25.406382287478927,38.853541666666665,112.93,0.32143946530316175,-0.9469301294951056,0.7818314824680298,0.6234898018587336,0,33.7,0.0,85.43,100.0
2018-10-09 10:45:00,2018-10-09 11:00:00,2018-10-09 11:45:00,241.57999999999998,49.72,55.4,50.8,103.25,66.24,221.93999999999986,37.460624999999986,24.254342257818394,38.2959375,112.93,0.258819045102521,-0.9659258262890682,0.7818314824680298,0.6234898018587336,0,27.86,0.0,87.24,100.0
2018-10-09 11:00:00,2018-10-09 11:15:00,2018-10-09 12:00:00,229.23999999999998,67.1,49.72,60.01,85.82,51.55,229.02999999999986,41.469999999999985,23.50887837605223,38.1009375,112.93,0.19509032201612816,-0.9807852804032304,0.7818314824680298,0.6234898018587336,0,44.21,0.0,83.5,100.0
2018-10-09 11:15:00,2018-10-09 11:30:00,2018-10-09 12:15:00,188.77999999999997,47.66,67.1,56.81,112.93,59.83,219.87999999999985,44.266249999999985,21.31576173721018,37.42104166666667,112.18,0.130526192220052,-0.9914448613738104,0.7818314824680298,0.6234898018587336,0,24.73,0.0,88.76,100.0
2018-10-09 11:30:00,2018-10-09 11:45:00,2018-10-09 12:30:00,132.37,61.16,47.66,55.4,87.7,53.17,225.63999999999984,47.89499999999998,18.791355392839815,37.14458333333333,112.18,0.06540312923014312,-0.9978589232386035,0.7818314824680298,0.6234898018587336,0,37.76,0.0,85.09,100.0
2018-10-09 11:45:00,2018-10-09 12:00:00,2018-10-09 12:45:00,70.74000000000001,65.66,61.16,49.72,111.2,61.06,241.57999999999984,51.79374999999999,15.271979191889512,36.670208333333335,112.18,1.2246467991473532e-16,-1.0,0.7818314824680298,0.6234898018587336,0,44.96,0.0,82.51,100.0
2018-10-09 12:00:00,2018-10-09 12:15:00,2018-10-09 13:00:00,19.87,54.76,65.66,67.1,92.27,55.37,229.23999999999984,55.009374999999984,8.747907941866911,36.27947916666667,112.18,-0.06540312923014287,-0.9978589232386035,0.7818314824680298,0.6234898018587336,0,41.62,0.0,79.61,100.0
2018-10-09 12:15:00,2018-10-09 12:30:00,2018-10-09 13:15:00,44.96,7.2,54.76,47.66,12.89,3.67,188.7799999999999,53.67499999999998,13.185131777877857,36.22020833333334,112.18,-0.13052619222005177,-0.9914448613738104,0.7818314824680298,0.6234898018587336,0,0.43,15.3,99.82,42.58
2018-10-09 12:30:00,2018-10-09 12:45:00,2018-10-09 13:30:00,101.91,4.75,7.2,61.16,3.49,6.3,132.36999999999986,50.59937499999998,17.719667910527626,36.233333333333334,112.18,-0.19509032201612792,-0.9807852804032305,0.7818314824680298,0.6234898018587336,0,0.0,15.91,100.0,28.61
2018-10-09 12:45:00,2018-10-09 13:00:00,2018-10-09 13:45:00,147.31,4.03,4.75,65.66,3.67,7.2,70.73999999999987,47.34812499999999,20.907016531164498,36.23708333333333,112.18,-0.2588190451025208,-0.9659258262890683,0.7818314824680298,0.6234898018587336,0,0.0,11.88,100.0,32.12
2018-10-09 13:00:00,2018-10-09 13:15:00,2018-10-09 14:00:00,216.5,3.89,4.03,54.76,4.39,6.12,19.869999999999873,43.97312499999999,23.169053907839846,36.231875,112.18,-0.32143946530316153,-0.9469301294951057,0.7818314824680298,0.6234898018587336,0,0.0,14.72,100.0,25.55
2018-10-09 13:15:00,2018-10-09 13:30:00,2018-10-09 14:15:00,242.20999999999998,32.29,3.89,7.2,62.53,40.14,44.95999999999987,42.798749999999984,23.255109888743053,35.916875,112.18,-0.38268343236508967,-0.9238795325112868,0.7818314824680298,0.6234898018587336,0,14.9,4.18,90.8,99.17
2018-10-09 13:30:00,2018-10-09 13:45:00,2018-10-09 14:30:00,246.68,61.7,32.29,4.75,98.42,63.86,101.90999999999988,42.68374999999999,23.15659783814356,35.534375000000004,112.18,-0.44228869021900147,-0.8968727415326883,0.7818314824680298,0.6234898018587336,0,38.05,0.0,85.12,100.0
2018-10-09 13:45:00,2018-10-09 14:00:00,2018-10-09 14:45:00,253.41,49.43,61.7,4.03,95.15,57.31,147.3099999999999,42.59812499999999,23.12894485778351,35.058125,112.18,-0.4999999999999997,-0.8660254037844388,0.7818314824680298,0.6234898018587336,0,24.59,0.0,89.53,100.0
2018-10-09 14:00:00,2018-10-09 14:15:00,2018-10-09 15:00:00,251.07,73.08,49.43,3.89,102.64,56.63,216.4999999999999,43.414999999999985,23.945855852318463,34.750208333333326,112.18,-0.555570233019602,-0.8314696123025455,0.7818314824680298,0.6234898018587336,0,48.89,0.0,83.12,100.0
2018-10-09 14:15:00,2018-10-09 14:30:00,2018-10-09 15:15:00,274.65,58.0,73.08,32.29,109.33,65.05,242.20999999999987,43.48937499999999,23.989153660756546,34.21552083333333,112.18,-0.6087614290087207,-0.7933533402912352,0.7818314824680298,0.6234898018587336,0,32.36,0.0,87.33,100.0
2018-10-09 14:30:00,2018-10-09 14:45:00,2018-10-09 15:30:00,301.68,66.17,58.0,61.7,106.7,53.78,246.6799999999999,44.16249999999999,24.460389024911557,33.79333333333333,112.18,-0.6593458151000688,-0.7518398074789774,0.7818314824680298,0.6234898018587336,0,49.57,0.0,80.03,100.0
2018-10-09 14:45:00,2018-10-09 15:00:00,2018-10-09 15:45:00,332.32,56.16,66.17,49.43,111.92,53.75,253.40999999999985,44.56499999999998,24.601107952692157,33.2125,112.18,-0.7071067811865471,-0.7071067811865479,0.7818314824680298,0.6234898018587336,0,32.11,0.0,86.81,100.0
2018-10-09 15:00:00,2018-10-09 15:15:00,2018-10-09 16:00:00,346.67999999999995,70.74,56.16,73.08,73.19,52.27,251.06999999999988,44.79249999999998,24.824267990215,33.18697916666667,112.18,-0.7518398074789773,-0.6593458151000691,0.7818314824680298,0.6234898018587336,0,32.26,0.0,90.99,100.0
2018-10-09 15:15:00,2018-10-09 15:30:00,2018-10-09 16:15:00,358.16,81.58,70.74,58.0,112.18,48.49,274.64999999999986,46.91249999999999,26.3783714669805,32.868229166666666,111.56,-0.7933533402912349,-0.6087614290087209,0.7818314824680298,0.6234898018587336,0,42.7,0.0,88.6,100.0
2018-10-09 15:30:00,2018-10-09 15:45:00,2018-10-09 16:30:00,382.36,93.2,81.58,66.17,94.93,62.46,301.67999999999984,48.914999999999985,28.513677638985975,32.850208333333335,111.56,-0.8314696123025452,-0.5555702330196022,0.7818314824680298,0.6234898018587336,0,45.58,0.0,89.83,100.0
2018-10-09 15:45:00,2018-10-09 16:00:00,2018-10-09 16:45:00,389.34000000000003,86.8,93.2,56.16,103.32,55.15,332.3199999999999,50.23624999999999,29.72312228615136,32.678125,111.56,-0.8660254037844385,-0.5000000000000004,0.7818314824680298,0.6234898018587336,0,56.34,0.0,83.88,100.0
2018-10-09 16:00:00,2018-10-09 16:15:00,2018-10-09 17:00:00,372.96000000000004,85.1,86.8,70.74,107.46,55.37,346.67999999999984,52.13249999999998,30.895902337526987,32.44520833333333,111.56,-0.8968727415326883,-0.44228869021900136,0.7818314824680298,0.6234898018587336,0,38.3,0.0,91.19,100.0
2018-10-09 16:15:00,2018-10-09 16:30:00,2018-10-09 17:15:00,397.4,93.06,85.1,81.58,87.84,70.52,358.15999999999985,57.49874999999999,30.07105437023285,32.499583333333334,111.56,-0.9238795325112868,-0.3826834323650895,0.7818314824680298,0.6234898018587336,0,44.6,0.0,90.18,100.0
2018-10-09 16:30:00,2018-10-09 16:45:00,2018-10-09 17:30:00,384.51,117.4,93.06,93.2,111.56,57.49,382.3599999999999,64.53937499999999,30.08414833195994,32.56041666666666,117.4,-0.9469301294951056,-0.3214394653031618,0.7818314824680298,0.6234898018587336,0,62.35,0.0,88.32,100.0
2018-10-09 16:45:00,2018-10-09 17:00:00,2018-10-09 17:45:00,344.8,93.78,117.4,86.8,94.68,57.82,389.33999999999986,70.14874999999999,26.423337193425954,32.55104166666667,117.4,-0.9659258262890683,-0.25881904510252063,0.7818314824680298,0.6234898018587336,0,51.16,0.0,87.79,100.0
2018-10-09 17:00:00,2018-10-09 17:15:00,2018-10-09 18:00:00,302.46999999999997,68.72,93.78,85.1,107.68,69.48,372.9599999999999,74.20062499999999,20.18697026201204,32.14520833333333,117.4,-0.9807852804032303,-0.19509032201612866,0.7818314824680298,0.6234898018587336,0,43.13,0.0,84.7,100.0
2018-10-09 17:15:00,2018-10-09 17:30:00,2018-10-09 18:15:00,189.04000000000002,117.5,68.72,93.06,110.99,54.58,397.39999999999986,79.52624999999999,19.660809963922592,32.21302083333333,117.5,-0.9914448613738104,-0.13052619222005163,0.7818314824680298,0.6234898018587336,0,59.47,0.0,89.22,100.0
2018-10-09 17:30:00,2018-10-09 17:45:00,2018-10-09 18:30:00,88.2,104.51,117.5,117.4,58.21,45.58,384.5099999999999,82.20187499999999,19.963448230061612,32.6953125,117.5,-0.9978589232386035,-0.06540312923014273,0.7818314824680298,0.6234898018587336,0,46.73,0.0,91.29,100.0
2018-10-09 17:45:00,2018-10-09 18:00:00,2018-10-09 18:45:00,37.800000000000004,54.07,104.51,93.78,31.57,31.03,344.7999999999999,82.491875,19.51392010166973,32.9296875,117.5,-1.0,-1.8369701987210297e-16,0.7818314824680298,0.6234898018587336,0,24.62,0.0,91.01,100.0
2018-10-09 18:00:00,2018-10-09 18:15:00,2018-10-09 19:00:00,15.33,26.39,54.07,68.72,28.37,30.02,302.46999999999986,79.57374999999999,23.737205731456214,32.9090625,117.5,-0.9978589232386036,0.06540312923014237,0.7818314824680298,0.6234898018587336,0,11.05,1.8,92.24,99.77
2018-10-09 18:15:00,2018-10-09 18:30:00,2018-10-09 19:15:00,16.12,4.07,26.39,117.5,42.91,46.8,189.03999999999988,76.20312499999999,29.653088734301463,32.50447916666667,117.5,-0.9914448613738105,0.13052619222005127,0.7818314824680298,0.6234898018587336,0,0.0,6.19,100.0,54.94
2018-10-09 18:30:00,2018-10-09 18:45:00,2018-10-09 19:30:00,16.59,3.67,4.07,104.51,53.82,96.7,88.19999999999987,72.29687499999999,34.44664419772063,31.982083333333332,117.5,-0.9807852804032304,0.1950903220161283,0.7818314824680298,0.6234898018587336,0,0.0,10.69,100.0,32.47
2018-10-09 18:45:00,2018-10-09 19:00:00,2018-10-09 19:45:00,16.630000000000003,3.67,3.67,54.07,53.35,95.29,37.79999999999987,69.01624999999999,38.12986852111464,31.464583333333334,117.5,-0.9659258262890684,0.2588190451025203,0.7818314824680298,0.6234898018587336,0,0.0,18.14,100.0,19.83
2018-10-09 19:00:00,2018-10-09 19:15:00,2018-10-09 20:00:00,16.35,3.92,3.67,26.39,53.32,71.24,15.329999999999872,64.83999999999999,41.24445674875586,30.95,117.5,-0.9469301294951057,0.3214394653031615,0.7818314824680298,0.6234898018587336,0,0.0,18.07,100.0,21.2
2018-10-09 19:15:00,2018-10-09 19:30:00,2018-10-09 20:15:00,15.16,4.86,3.92,4.07,63.97,117.47,16.119999999999873,60.04499999999999,43.42175707522667,30.334270833333335,117.5,-0.923879532511287,0.38268343236508917,0.7818314824680298,0.6234898018587336,0,0.0,18.14,100.0,25.88
2018-10-09 19:30:00,2018-10-09 19:45:00,2018-10-09 20:30:00,14.73,4.14,4.86,3.67,58.9,128.12,16.589999999999872,54.47874999999999,44.5095274737612,29.763854166666665,117.5,-0.8968727415326884,0.442288690219001,0.7818314824680298,0.6234898018587336,0,0.0,18.22,100.0,22.16
2018-10-09 19:45:00,2018-10-09 20:00:00,2018-10-09 20:45:00,14.69,3.71,4.14,3.67,54.86,96.95,16.62999999999987,49.28562499999998,45.27614893196399,29.231041666666666,117.5,-0.8660254037844386,0.5000000000000001,0.7818314824680298,0.6234898018587336,0,0.0,18.29,100.0,19.88
2018-10-09 20:00:00,2018-10-09 20:15:00,2018-10-09 21:00:00,14.790000000000001,3.64,3.71,3.92,58.9,100.37,16.349999999999874,44.194374999999994,45.541872898568734,28.655416666666667,117.5,-0.8314696123025455,0.5555702330196018,0.7818314824680298,0.6234898018587336,0,0.0,18.22,100.0,19.59
2018-10-09 20:15:00,2018-10-09 20:30:00,2018-10-09 21:15:00,14.790000000000001,3.67,3.64,4.86,52.56,81.54,15.159999999999872,38.60749999999999,44.67938555698836,28.146145833333332,117.5,-0.7933533402912357,0.6087614290087199,0.7818314824680298,0.6234898018587336,0,0.0,17.93,100.0,20.05
2018-10-09 20:30:00,2018-10-09 20:45:00,2018-10-09 21:30:00,14.72,3.71,3.67,4.14,60.01,128.66,14.729999999999873,31.501874999999988,40.420986847606805,27.5596875,117.5,-0.7518398074789772,0.6593458151000691,0.7818314824680298,0.6234898018587336,0,0.0,17.93,100.0,20.26
2018-10-09 20:45:00,2018-10-09 21:00:00,2018-10-09 21:45:00,14.760000000000002,3.67,3.71,3.71,49.46,85.97,14.689999999999872,25.869999999999987,37.52520736118633,27.082708333333333,117.5,-0.7071067811865477,0.7071067811865474,0.7818314824680298,0.6234898018587336,0,0.0,17.96,100.0,20.02
2018-10-09 21:00:00,2018-10-09 21:15:00,2018-10-09 22:00:00,14.66,3.74,3.67,3.64,27.32,62.53,14.789999999999873,21.80874999999999,36.159346453407274,26.83708333333333,117.5,-0.6593458151000687,0.7518398074789775,0.7818314824680298,0.6234898018587336,0,0.0,18.11,100.0,20.22
2018-10-09 21:15:00,2018-10-09 21:30:00,2018-10-09 22:15:00,14.45,3.67,3.74,3.67,7.45,7.74,14.789999999999873,14.694374999999988,26.55459352182631,26.797708333333333,117.5,-0.608761429008721,0.7933533402912349,0.7818314824680298,0.6234898018587336,0,0.0,18.11,100.0,19.86
2018-10-09 21:30:00,2018-10-09 21:45:00,2018-10-09 22:30:00,14.339999999999998,3.64,3.67,3.71,3.82,4.0,14.719999999999871,8.389999999999986,12.994646493847043,26.79583333333333,117.5,-0.555570233019603,0.8314696123025447,0.7818314824680298,0.6234898018587336,0,0.0,18.07,100.0,19.75
2018-10-09 21:45:00,2018-10-09 22:00:00,2018-10-09 22:45:00,14.049999999999999,3.71,3.64,3.67,3.74,3.78,14.759999999999872,5.242499999999987,5.468690999686714,26.79552083333333,117.5,-0.5000000000000004,0.8660254037844384,0.7818314824680298,0.6234898018587336,0,0.0,18.0,100.0,20.19
2018-10-09 22:00:00,2018-10-09 22:15:00,2018-10-09 23:00:00,13.79,3.64,3.71,3.74,3.78,3.67,14.659999999999872,3.820624999999987,0.30709259097371966,26.7940625,117.5,-0.4422886902190014,0.8968727415326883,0.7818314824680298,0.6234898018587336,0,0.0,17.35,100.0,20.53
2018-10-09 22:15:00,2018-10-09 22:30:00,2018-10-09 23:15:00,13.069999999999999,3.46,3.64,3.67,3.49,3.46,14.449999999999871,3.782499999999987,0.3115987003438744,26.793750000000003,117.5,-0.38268343236508956,0.9238795325112868,0.7818314824680298,0.6234898018587336,0,6.8,0.07,45.35,99.98
2018-10-09 22:30:00,2018-10-09 22:45:00,2018-10-09 23:30:00,12.35,3.53,3.46,3.64,3.49,3.53,14.339999999999872,3.7737499999999864,0.3165611118820514,26.794166666666666,117.5,-0.32143946530316186,0.9469301294951056,0.7818314824680298,0.6234898018587336,0,6.98,0.0,45.13,100.0
2018-10-09 22:45:00,2018-10-09 23:00:00,2018-10-09 23:45:00,11.85,3.42,3.53,3.71,3.42,3.42,14.049999999999873,3.7581249999999864,0.32728463824478043,26.794166666666666,117.5,-0.25881904510252157,0.9659258262890681,0.7818314824680298,0.6234898018587336,0,6.88,0.0,44.51,100.0
2018-10-09 23:00:00,2018-10-09 23:15:00,2018-10-10 00:00:00,12.030000000000001,3.38,3.42,3.64,3.28,3.42,13.789999999999871,3.724374999999987,0.33656293531975806,26.795208333333335,117.5,-0.19509032201612872,0.9807852804032303,0.7818314824680298,0.6234898018587336,0,6.62,0.0,45.47,100.0
2018-10-09 23:15:00,2018-10-09 23:30:00,2018-10-10 00:15:00,12.350000000000001,2.74,3.38,3.46,3.28,3.38,13.069999999999872,3.5918749999999866,0.27509586407503184,26.78958333333333,117.5,-0.13052619222005168,0.9914448613738104,0.7818314824680298,0.6234898018587336,0,4.5,0.0,52.01,100.0
2018-10-09 23:30:00,2018-10-09 23:45:00,2018-10-10 00:30:00,12.350000000000001,2.81,2.74,3.53,3.28,4.07,12.349999999999872,3.5087499999999867,0.296982217575858,26.7846875,117.5,-0.0654031292301428,0.9978589232386035,0.7818314824680298,0.6234898018587336,0,4.64,0.0,51.8,100.0
2018-10-09 23:45:00,2018-10-10 00:00:00,2018-10-10 00:45:00,12.27,2.92,2.81,3.42,3.24,4.64,11.849999999999872,3.4593749999999868,0.3238724431490355,26.781354166666663,117.5,0.0,1.0,0.9749279121818236,-0.22252093395631434,0,4.75,0.0,52.37,100.0
2018-10-10 00:00:00,2018-10-10 00:15:00,2018-10-10 01:00:00,11.55,3.56,2.92,3.38,3.46,2.7,12.029999999999873,3.454374999999987,0.32165526488980467,26.78239583333333,117.5,0.06540312923014306,0.9978589232386035,0.9749279121818236,-0.22252093395631434,0,7.38,0.0,43.45,100.0
2018-10-10 00:15:00,2018-10-10 00:30:00,2018-10-10 01:15:00,11.370000000000001,3.06,3.56,2.74,3.2,3.38,12.349999999999872,3.4162499999999865,0.3298839759011792,26.780937499999997,117.5,0.13052619222005157,0.9914448613738104,0.9749279121818236,-0.22252093395631434,0,5.65,0.0,47.62,100.0
2018-10-10 00:30:00,2018-10-10 00:45:00,2018-10-10 01:30:00,11.37,2.81,3.06,2.81,3.2,3.38,12.349999999999872,3.3599999999999866,0.35105199053192654,26.776875,117.5,0.19509032201612825,0.9807852804032304,0.9749279121818236,-0.22252093395631434,0,4.75,0.0,50.92,100.0
2018-10-10 00:45:00,2018-10-10 01:00:00,2018-10-10 01:45:00,11.34,2.84,2.81,2.92,3.89,3.38,12.269999999999872,3.308124999999987,0.3625468720475759,26.765937499999996,117.5,0.25881904510252074,0.9659258262890683,0.9749279121818236,-0.22252093395631434,0,5.0,0.0,49.39,100.0
2018-10-10 01:00:00,2018-10-10 01:15:00,2018-10-10 02:00:00,11.31,2.84,2.84,3.56,4.25,3.38,11.549999999999873,3.2518749999999867,0.3609920143597908,26.75125,117.5,0.3214394653031616,0.9469301294951057,0.9749279121818236,-0.22252093395631434,0,4.86,0.0,50.45,100.0
2018-10-10 01:15:00,2018-10-10 01:30:00,2018-10-10 02:15:00,11.379999999999999,2.88,2.84,3.06,3.24,3.42,11.369999999999873,3.202499999999987,0.35439208520590626,26.747500000000002,117.5,0.3826834323650898,0.9238795325112867,0.9749279121818236,-0.22252093395631434,0,4.9,0.0,50.67,100.0
2018-10-10 01:30:00,2018-10-10 01:45:00,2018-10-10 02:30:00,12.030000000000001,2.81,2.88,2.81,3.24,3.46,11.369999999999871,3.1506249999999865,0.34722954861538474,26.743020833333333,117.5,0.44228869021900125,0.8968727415326884,0.9749279121818236,-0.22252093395631434,0,4.82,0.0,50.36,100.0
2018-10-10 01:45:00,2018-10-10 02:00:00,2018-10-10 02:45:00,12.139999999999999,2.81,2.81,2.84,2.59,4.43,11.339999999999872,3.0943749999999866,0.3241906991751951,26.7453125,117.5,0.49999999999999994,0.8660254037844387,0.9749279121818236,-0.22252093395631434,0,4.82,0.0,50.36,100.0
2018-10-10 02:00:00,2018-10-10 02:15:00,2018-10-10 03:00:00,12.17,2.81,2.81,2.84,2.63,3.56,11.309999999999873,3.0424999999999867,0.2980876549888562,26.7471875,117.5,0.5555702330196022,0.8314696123025452,0.9749279121818236,-0.22252093395631434,0,4.86,0.0,50.05,100.0
2018-10-10 02:15:00,2018-10-10 02:30:00,2018-10-10 03:15:00,12.059999999999999,2.95,2.81,2.88,2.66,3.53,11.379999999999871,3.0106249999999863,0.27835383854329776,26.750208333333333,117.5,0.6087614290087207,0.7933533402912352,0.9749279121818236,-0.22252093395631434,0,5.4,0.0,47.94,100.0
2018-10-10 02:30:00,2018-10-10 02:45:00,2018-10-10 03:30:00,11.44,3.46,2.95,2.81,2.59,3.56,12.029999999999873,3.0062499999999868,0.2705982955541162,26.759270833333332,117.5,0.6593458151000688,0.7518398074789774,0.9749279121818236,-0.22252093395631434,0,6.84,0.0,45.14,100.0
2018-10-10 02:45:00,2018-10-10 03:00:00,2018-10-10 03:45:00,11.33,2.92,3.46,2.81,2.63,3.56,12.139999999999873,2.9749999999999868,0.24902309141287493,26.762291666666666,117.5,0.7071067811865476,0.7071067811865476,0.9749279121818236,-0.22252093395631434,0,5.18,0.0,49.11,100.0
2018-10-10 03:00:00,2018-10-10 03:15:00,2018-10-10 04:00:00,11.370000000000001,2.84,2.92,2.81,2.63,3.49,12.169999999999872,2.9412499999999864,0.2275103020895096,26.764479166666664,117.5,0.7518398074789774,0.6593458151000688,0.9749279121818236,-0.22252093395631434,0,5.08,0.0,48.8,100.0
2018-10-10 03:15:00,2018-10-10 03:30:00,2018-10-10 04:15:00,11.340000000000002,2.84,2.84,2.95,2.59,3.13,12.059999999999873,2.9474999999999865,0.22322914249007333,26.767083333333332,117.5,0.7933533402912352,0.6087614290087207,0.9749279121818236,-0.22252093395631434,0,5.0,0.0,49.39,100.0
2018-10-10 03:30:00,2018-10-10 03:45:00,2018-10-10 04:30:00,11.49,2.84,2.84,3.46,2.59,2.92,11.439999999999872,2.9493749999999865,0.22218991748468592,26.7696875,117.5,0.8314696123025451,0.5555702330196024,0.9749279121818236,-0.22252093395631434,0,5.08,0.0,48.8,100.0
2018-10-10 03:45:00,2018-10-10 04:00:00,2018-10-10 04:45:00,12.14,2.81,2.84,2.92,2.66,2.92,11.32999999999987,2.9424999999999866,0.22468032859344547,26.77125,117.5,0.8660254037844386,0.5000000000000001,0.9749279121818236,-0.22252093395631434,0,4.9,0.0,49.75,100.0
2018-10-10 04:00:00,2018-10-10 04:15:00,2018-10-10 05:00:00,12.21,2.88,2.81,2.84,2.59,2.92,11.369999999999871,2.8999999999999866,0.15839034079419906,26.774270833333333,117.5,0.8968727415326884,0.44228869021900125,0.9749279121818236,-0.22252093395631434,0,4.93,0.0,50.44,100.0
2018-10-10 04:15:00,2018-10-10 04:30:00,2018-10-10 05:15:00,12.21,2.81,2.88,2.84,2.63,2.92,11.339999999999872,2.8843749999999866,0.15410908289883066,26.77614583333333,117.5,0.9238795325112867,0.38268343236508984,0.9749279121818236,-0.22252093395631434,0,4.82,0.0,50.36,100.0
2018-10-10 04:30:00,2018-10-10 04:45:00,2018-10-10 05:30:00,12.14,2.99,2.81,2.84,2.66,2.92,11.489999999999872,2.8956249999999866,0.1548373644567326,26.779583333333335,117.5,0.9469301294951056,0.3214394653031617,0.9749279121818236,-0.22252093395631434,0,5.26,0.0,49.42,100.0
2018-10-10 04:45:00,2018-10-10 05:00:00,2018-10-10 05:45:00,11.99,3.46,2.99,2.81,2.66,2.92,12.139999999999871,2.9343749999999864,0.20539500829345153,26.78791666666667,117.5,0.9659258262890683,0.25881904510252074,0.9749279121818236,-0.22252093395631434,0,6.91,0.0,44.77,100.0
2018-10-10 05:00:00,2018-10-10 05:15:00,2018-10-10 06:00:00,12.14,2.95,3.46,2.88,2.99,2.92,12.209999999999873,2.941249999999987,0.2039569502538708,26.787499999999998,117.5,0.9807852804032304,0.19509032201612833,0.9749279121818236,-0.22252093395631434,0,5.0,0.0,50.81,100.0
2018-10-10 05:15:00,2018-10-10 05:30:00,2018-10-10 06:15:00,12.07,2.81,2.95,2.81,4.14,2.99,12.209999999999873,2.9368749999999864,0.20596476502514804,26.773645833333333,117.5,0.9914448613738104,0.1305261922200517,0.9749279121818236,-0.22252093395631434,0,4.79,0.0,50.6,100.0
2018-10-10 05:30:00,2018-10-10 05:45:00,2018-10-10 06:30:00,11.96,2.92,2.81,2.99,3.35,2.99,12.139999999999873,2.9437499999999868,0.2034353399900257,26.769166666666667,117.5,0.9978589232386035,0.06540312923014327,0.9749279121818236,-0.22252093395631434,0,4.72,0.0,52.61,100.0
2018-10-10 05:45:00,2018-10-10 06:00:00,2018-10-10 06:45:00,11.39,3.31,2.92,3.46,2.63,2.92,11.989999999999872,2.9749999999999868,0.2183460557391067,26.77625,117.5,1.0,6.123233995736766e-17,0.9749279121818236,-0.22252093395631434,0,6.05,0.0,48.0,100.0
2018-10-10 06:00:00,2018-10-10 06:15:00,2018-10-10 07:00:00,11.06,3.1,3.31,2.95,2.56,3.53,12.139999999999873,2.9931249999999867,0.21592008806918914,26.781875,117.5,0.9978589232386035,-0.06540312923014314,0.9749279121818236,-0.22252093395631434,0,5.65,0.0,48.1,100.0
2018-10-10 06:15:00,2018-10-10 06:30:00,2018-10-10 07:15:00,11.06,2.74,3.1,2.81,2.59,3.24,12.069999999999872,2.9799999999999867,0.22436020158847234,26.7834375,117.5,0.9914448613738104,-0.1305261922200516,0.9749279121818236,-0.22252093395631434,0,4.68,0.0,50.52,100.0
2018-10-10 06:30:00,2018-10-10 06:45:00,2018-10-10 07:30:00,11.31,2.81,2.74,2.92,2.74,3.49,11.959999999999871,2.9393749999999867,0.18998252401697877,26.784166666666668,117.5,0.9807852804032304,-0.1950903220161282,0.9749279121818236,-0.22252093395631434,0,4.82,0.0,50.36,100.0
2018-10-10 06:45:00,2018-10-10 07:00:00,2018-10-10 07:45:00,12.89,2.74,2.81,3.31,2.77,3.06,11.389999999999873,2.9281249999999868,0.1960299324895908,26.783854166666668,117.5,0.9659258262890683,-0.25881904510252063,0.9749279121818236,-0.22252093395631434,0,4.64,0.0,50.85,100.0
2018-10-10 07:00:00,2018-10-10 07:15:00,2018-10-10 08:00:00,18.29,2.77,2.74,3.1,2.95,2.88,11.05999999999987,2.9237499999999867,0.19871068807912182,26.781979166666662,117.5,0.9469301294951057,-0.3214394653031616,0.9749279121818236,-0.22252093395631434,0,4.46,0.0,52.76,100.0
2018-10-10 07:15:00,2018-10-10 07:30:00,2018-10-10 08:15:00,59.150000000000006,2.74,2.77,2.74,2.92,2.88,11.059999999999874,2.9174999999999867,0.20277758765919987,26.780104166666664,117.5,0.9238795325112868,-0.3826834323650895,0.9749279121818236,-0.22252093395631434,0,4.54,0.0,51.67,100.0
2018-10-10 07:30:00,2018-10-10 07:45:00,2018-10-10 08:30:00,117.65,3.06,2.74,2.81,3.1,2.92,11.309999999999873,2.931249999999987,0.20450779338907915,26.779687499999998,117.5,0.8968727415326884,-0.44228869021900113,0.9749279121818236,-0.22252093395631434,0,4.36,0.0,57.45,100.0
2018-10-10 07:45:00,2018-10-10 08:00:00,2018-10-10 08:45:00,175.07000000000002,4.32,3.06,2.74,3.28,2.99,12.889999999999873,3.025624999999987,0.39055999466378133,26.790520833333336,117.5,0.8660254037844387,-0.4999999999999998,0.9749279121818236,-0.22252093395631434,0,6.8,0.0,53.62,100.0
2018-10-10 08:00:00,2018-10-10 08:15:00,2018-10-10 09:00:00,225.54000000000002,8.17,4.32,2.77,3.31,3.13,18.28999999999987,3.356249999999987,1.3022810516767995,26.84114583333333,117.5,0.8314696123025451,-0.5555702330196023,0.9749279121818236,-0.22252093395631434,0,9.65,0.0,64.62,100.0
2018-10-10 08:15:00,2018-10-10 08:30:00,2018-10-10 09:15:00,248.11,43.6,8.17,2.74,28.55,42.37,59.14999999999987,5.905624999999986,9.81837242670234,26.99791666666667,117.5,0.7933533402912352,-0.6087614290087207,0.9749279121818236,-0.22252093395631434,0,40.46,0.0,73.3,100.0
2018-10-10 08:30:00,2018-10-10 08:45:00,2018-10-10 09:30:00,266.0,61.56,43.6,3.06,53.96,73.04,117.64999999999986,9.566249999999986,16.61496459332821,27.077083333333334,117.5,0.7518398074789774,-0.6593458151000688,0.9749279121818236,-0.22252093395631434,0,56.74,0.0,73.53,100.0
2018-10-10 08:45:00,2018-10-10 09:00:00,2018-10-10 09:45:00,318.31,61.74,61.56,4.32,56.05,87.88,175.06999999999988,13.208749999999986,20.750665313130234,27.136354166666663,117.5,0.7071067811865476,-0.7071067811865475,0.9749279121818236,-0.22252093395631434,0,54.79,0.0,74.8,100.0
2018-10-10 09:00:00,2018-10-10 09:15:00,2018-10-10 10:00:00,347.19,58.64,61.74,8.17,57.89,57.06,225.53999999999985,16.689374999999988,23.257206267293107,27.144166666666667,117.5,0.659345815100069,-0.7518398074789773,0.9749279121818236,-0.22252093395631434,0,37.12,0.0,84.49,100.0
2018-10-10 09:15:00,2018-10-10 09:30:00,2018-10-10 10:15:00,380.41999999999996,66.17,58.64,43.6,51.08,70.02,248.10999999999987,20.649374999999985,25.810792187753822,27.301354166666666,117.5,0.6087614290087209,-0.793353340291235,0.9749279121818236,-0.22252093395631434,0,41.65,0.0,84.63,100.0
2018-10-10 09:30:00,2018-10-10 09:45:00,2018-10-10 10:30:00,420.56000000000006,79.45,66.17,61.56,63.54,69.37,265.9999999999999,25.432499999999987,28.978744473321022,27.467083333333335,117.5,0.5555702330196025,-0.831469612302545,0.9749279121818236,-0.22252093395631434,0,47.12,0.0,86.01,100.0
2018-10-10 09:45:00,2018-10-10 10:00:00,2018-10-10 10:45:00,388.01,114.05,79.45,61.74,50.8,60.95,318.30999999999983,32.353749999999984,35.38491837545378,28.125937499999996,117.5,0.49999999999999994,-0.8660254037844387,0.9749279121818236,-0.22252093395631434,0,53.03,0.0,90.68,100.0
2018-10-10 10:00:00,2018-10-10 10:15:00,2018-10-10 11:00:00,421.31,87.52,114.05,58.64,60.01,57.1,347.1899999999999,37.62999999999998,36.89138737564665,28.412499999999998,117.5,0.4422886902190017,-0.8968727415326881,0.9749279121818236,-0.22252093395631434,0,42.26,0.0,90.05,100.0
2018-10-10 10:15:00,2018-10-10 10:30:00,2018-10-10 11:15:00,412.40999999999997,99.4,87.52,66.17,56.81,51.62,380.41999999999985,43.671249999999986,38.559908725741494,28.856145833333333,117.5,0.3826834323650899,-0.9238795325112867,0.9749279121818236,-0.22252093395631434,0,44.06,0.0,91.42,100.0
2018-10-10 10:30:00,2018-10-10 10:45:00,2018-10-10 11:30:00,413.56,119.59,99.4,79.45,55.4,54.5,420.5599999999999,50.969999999999985,41.10317186665778,29.52479166666667,119.59,0.32143946530316175,-0.9469301294951056,0.9749279121818236,-0.22252093395631434,0,57.2,0.0,90.21,100.0
2018-10-10 10:45:00,2018-10-10 11:00:00,2018-10-10 11:45:00,425.8,81.5,119.59,114.05,49.72,52.38,388.0099999999999,55.892499999999984,39.72545130328921,29.855833333333333,119.59,0.258819045102521,-0.9659258262890682,0.9749279121818236,-0.22252093395631434,0,43.85,0.0,88.06,100.0
2018-10-10 11:00:00,2018-10-10 11:15:00,2018-10-10 12:00:00,344.76,120.82,81.5,87.52,67.1,62.14,421.3099999999999,63.27062499999999,40.13444304284501,30.41541666666667,120.82,0.19509032201612816,-0.9807852804032304,0.9749279121818236,-0.22252093395631434,0,59.15,0.0,89.81,100.0
2018-10-10 11:15:00,2018-10-10 11:30:00,2018-10-10 12:15:00,258.18,90.5,120.82,99.4,47.66,62.89,412.40999999999985,68.75562499999998,37.390251899517395,30.861666666666668,120.82,0.130526192220052,-0.9914448613738104,0.9749279121818236,-0.22252093395631434,0,48.89,0.0,87.98,100.0
2018-10-10 11:30:00,2018-10-10 11:45:00,2018-10-10 12:30:00,141.10999999999996,120.74,90.5,119.59,61.16,55.66,413.55999999999983,76.11062499999998,35.257462591050945,31.48229166666667,120.82,0.06540312923014312,-0.9978589232386035,0.9749279121818236,-0.22252093395631434,0,58.32,0.0,90.05,100.0
2018-10-10 11:45:00,2018-10-10 12:00:00,2018-10-10 12:45:00,51.260000000000005,93.74,120.74,81.5,65.66,54.72,425.79999999999984,81.69937499999997,30.152294371396533,31.774791666666662,120.82,1.2246467991473532e-16,-1.0,0.9749279121818236,-0.22252093395631434,0,36.18,0.0,93.29,100.0
2018-10-10 12:00:00,2018-10-10 12:15:00,2018-10-10 13:00:00,15.870000000000001,39.78,93.74,120.82,54.76,33.05,344.7599999999999,83.67499999999998,26.02257337389932,31.618750000000002,120.82,-0.06540312923014287,-0.9978589232386035,0.9749279121818236,-0.22252093395631434,0,21.96,3.82,87.55,99.54
2018-10-10 12:15:00,2018-10-10 12:30:00,2018-10-10 13:15:00,75.09,3.92,39.78,90.5,7.2,5.58,258.17999999999984,81.19499999999998,31.115949688222223,31.58458333333333,120.82,-0.13052619222005177,-0.9914448613738104,0.9749279121818236,-0.22252093395631434,0,0.0,15.98,100.0,23.82
2018-10-10 12:30:00,2018-10-10 12:45:00,2018-10-10 13:30:00,168.73000000000002,3.67,3.92,120.74,4.75,5.87,141.10999999999984,77.57687499999999,36.14759357805655,31.573333333333334,120.82,-0.19509032201612792,-0.9807852804032305,0.9749279121818236,-0.22252093395631434,0,0.0,16.06,100.0,22.28
2018-10-10 12:45:00,2018-10-10 13:00:00,2018-10-10 13:45:00,252.28,3.89,3.67,93.74,4.03,4.82,51.25999999999987,73.96124999999998,40.21517233504644,31.571875000000002,120.82,-0.2588190451025208,-0.9659258262890683,0.9749279121818236,-0.22252093395631434,0,0.0,14.94,100.0,25.2
2018-10-10 13:00:00,2018-10-10 13:15:00,2018-10-10 14:00:00,332.02,4.39,3.89,39.78,3.89,4.72,15.869999999999871,70.57062499999999,43.51554183115916,31.57708333333333,120.82,-0.32143946530316153,-0.9469301294951057,0.9749279121818236,-0.22252093395631434,0,0.0,16.85,100.0,25.21
2018-10-10 13:15:00,2018-10-10 13:30:00,2018-10-10 14:15:00,382.03,63.14,4.39,3.92,32.29,41.4,75.08999999999988,70.38124999999998,43.54086656162792,31.8984375,120.82,-0.38268343236508967,-0.9238795325112868,0.9749279121818236,-0.22252093395631434,0,23.9,1.62,93.52,99.97
2018-10-10 13:30:00,2018-10-10 13:45:00,2018-10-10 14:30:00,343.22,97.31,63.14,3.67,61.7,52.7,168.72999999999988,71.49749999999999,43.98571650263284,32.269375000000004,120.82,-0.44228869021900147,-0.8968727415326883,0.9749279121818236,-0.22252093395631434,0,39.56,0.0,92.64,100.0
2018-10-10 13:45:00,2018-10-10 14:00:00,2018-10-10 14:45:00,304.45,87.44,97.31,3.89,49.43,51.01,252.2799999999999,69.834375,42.8333138410906,32.665312500000006,120.82,-0.4999999999999997,-0.8660254037844388,0.9749279121818236,-0.22252093395631434,0,34.34,0.0,93.08,100.0
2018-10-10 14:00:00,2018-10-10 14:15:00,2018-10-10 15:00:00,280.48,84.13,87.44,4.39,73.08,49.39,332.01999999999987,69.62249999999999,42.75361804865162,32.78041666666666,120.82,-0.555570233019602,-0.8314696123025455,0.9749279121818236,-0.22252093395631434,0,33.8,0.0,92.79,100.0
2018-10-10 14:15:00,2018-10-10 14:30:00,2018-10-10 15:15:00,229.89999999999998,113.15,84.13,63.14,58.0,59.33,382.02999999999986,70.48187499999999,43.475623229970644,33.35489583333334,120.82,-0.6087614290087207,-0.7933533402912352,0.9749279121818236,-0.22252093395631434,0,43.67,0.0,93.29,100.0
2018-10-10 14:30:00,2018-10-10 14:45:00,2018-10-10 15:30:00,221.69,58.5,113.15,97.31,66.17,57.6,343.2199999999999,66.66375,41.638912971372015,33.275,120.82,-0.6593458151000688,-0.7518398074789774,0.9749279121818236,-0.22252093395631434,0,23.8,0.0,92.63,100.0
2018-10-10 14:45:00,2018-10-10 15:00:00,2018-10-10 15:45:00,284.72999999999996,48.67,58.5,87.44,56.16,59.36,304.4499999999999,64.61187499999998,41.66614546288593,33.196979166666665,120.82,-0.7071067811865471,-0.7071067811865479,0.9749279121818236,-0.22252093395631434,0,21.38,0.0,91.56,100.0
2018-10-10 15:00:00,2018-10-10 15:15:00,2018-10-10 16:00:00,330.09,60.16,48.67,84.13,70.74,65.12,280.4799999999999,60.820624999999986,39.05730684979923,33.08677083333333,120.82,-0.7518398074789773,-0.6593458151000691,0.9749279121818236,-0.22252093395631434,0,29.12,0.0,90.01,100.0
2018-10-10 15:15:00,2018-10-10 15:30:00,2018-10-10 16:15:00,353.66999999999996,62.57,60.16,113.15,81.58,52.38,229.89999999999986,59.07499999999998,38.30878750365249,32.88875,120.82,-0.7933533402912349,-0.6087614290087209,0.9749279121818236,-0.22252093395631434,0,37.37,0.0,85.85,100.0
2018-10-10 15:30:00,2018-10-10 15:45:00,2018-10-10 16:30:00,404.9,50.29,62.57,58.5,93.2,66.78,221.68999999999986,54.671874999999986,34.86170449410615,32.44177083333333,120.82,-0.8314696123025452,-0.5555702330196022,0.9749279121818236,-0.22252093395631434,0,23.22,0.0,90.79,100.0
2018-10-10 15:45:00,2018-10-10 16:00:00,2018-10-10 16:45:00,372.64,111.71,50.29,48.67,86.8,58.0,284.72999999999985,55.79499999999998,36.35954293579616,32.70125,120.82,-0.8660254037844385,-0.5000000000000004,0.9749279121818236,-0.22252093395631434,0,57.42,0.0,88.94,100.0
2018-10-10 16:00:00,2018-10-10 16:15:00,2018-10-10 17:00:00,381.28,105.52,111.71,60.16,85.1,58.9,330.08999999999986,59.90374999999999,37.99526942183066,32.91395833333333,120.82,-0.8968727415326883,-0.44228869021900136,0.9749279121818236,-0.22252093395631434,0,38.3,0.0,94.0,100.0
2018-10-10 16:15:00,2018-10-10 16:30:00,2018-10-10 17:15:00,399.96,86.15,105.52,62.57,93.06,69.12,353.66999999999985,65.04312499999999,35.558334592390146,32.84197916666667,120.82,-0.9238795325112868,-0.3826834323650895,0.9749279121818236,-0.22252093395631434,0,32.94,0.0,93.41,100.0
2018-10-10 16:30:00,2018-10-10 16:45:00,2018-10-10 17:30:00,379.84000000000003,101.52,86.15,50.29,117.4,64.01,404.89999999999986,71.15874999999998,32.78319937006588,32.6765625,120.82,-0.9469301294951056,-0.3214394653031618,0.9749279121818236,-0.22252093395631434,0,37.62,0.0,93.77,100.0
2018-10-10 16:45:00,2018-10-10 17:00:00,2018-10-10 17:45:00,332.93,79.45,101.52,111.71,93.78,45.9,372.6399999999999,75.88125,27.81932621285934,32.52729166666666,120.82,-0.9659258262890683,-0.25881904510252063,0.9749279121818236,-0.22252093395631434,0,35.96,0.0,91.1,100.0
2018-10-10 17:00:00,2018-10-10 17:15:00,2018-10-10 18:00:00,250.49,114.16,79.45,105.52,68.72,16.7,381.27999999999986,82.74187499999998,22.33804440264076,33.00062500000001,120.82,-0.9807852804032303,-0.19509032201612866,0.9749279121818236,-0.22252093395631434,0,54.76,0.0,90.16,100.0
2018-10-10 17:15:00,2018-10-10 17:30:00,2018-10-10 18:15:00,209.09,104.83,114.16,86.15,117.5,3.89,399.95999999999987,85.3475,22.331081058694235,32.86864583333334,120.82,-0.9914448613738104,-0.13052619222005163,0.9749279121818236,-0.22252093395631434,0,37.44,0.0,94.17,100.0
2018-10-10 17:30:00,2018-10-10 17:45:00,2018-10-10 18:30:00,247.57,81.4,104.83,101.52,104.51,3.6,379.83999999999986,84.35312499999998,22.12958390897462,32.627916666666664,120.82,-0.9978589232386035,-0.06540312923014273,0.9749279121818236,-0.22252093395631434,0,27.04,0.04,94.9,100.0
2018-10-10 17:45:00,2018-10-10 18:00:00,2018-10-10 18:45:00,297.65,32.54,81.4,79.45,54.07,3.64,332.9299999999999,80.92187499999997,25.39954630961648,32.403645833333336,120.82,-1.0,-1.8369701987210297e-16,0.9749279121818236,-0.22252093395631434,0,1.12,0.97,99.94,99.96
2018-10-10 18:00:00,2018-10-10 18:15:00,2018-10-10 19:00:00,366.3,31.72,32.54,114.16,26.39,3.56,250.48999999999987,77.64624999999998,28.019020520665613,32.45916666666667,120.82,-0.9978589232386036,0.06540312923014237,0.9749279121818236,-0.22252093395631434,0,6.55,0.36,97.93,99.99
2018-10-10 18:15:00,2018-10-10 18:30:00,2018-10-10 19:15:00,388.19,63.43,31.72,104.83,4.07,3.49,209.08999999999986,74.53874999999998,26.631899076811706,33.0775,120.82,-0.9914448613738105,0.13052619222005127,0.9749279121818236,-0.22252093395631434,0,28.48,0.0,91.23,100.0
2018-10-10 18:30:00,2018-10-10 18:45:00,2018-10-10 19:30:00,355.9,119.88,63.43,81.4,3.67,3.49,247.56999999999988,78.37499999999999,28.406917291391895,34.288020833333334,120.82,-0.9807852804032304,0.1950903220161283,0.9749279121818236,-0.22252093395631434,0,55.33,0.0,90.8,100.0
2018-10-10 18:45:00,2018-10-10 19:00:00,2018-10-10 19:45:00,325.37,82.62,119.88,32.54,3.67,3.74,297.64999999999986,80.49687499999999,27.357405925715113,35.110416666666666,120.82,-0.9659258262890684,0.2588190451025203,0.9749279121818236,-0.22252093395631434,0,27.54,0.0,94.87,100.0
2018-10-10 19:00:00,2018-10-10 19:15:00,2018-10-10 20:00:00,295.42,100.37,82.62,31.72,3.92,3.64,366.29999999999984,83.00999999999999,27.22033063722729,36.11510416666667,120.82,-0.9469301294951057,0.3214394653031615,0.9749279121818236,-0.22252093395631434,0,34.88,0.0,94.46,100.0
2018-10-10 19:15:00,2018-10-10 19:30:00,2018-10-10 20:15:00,310.83000000000004,85.32,100.37,63.43,4.86,4.21,388.1899999999999,84.43187499999999,26.704795032621913,36.95322916666667,120.82,-0.923879532511287,0.38268343236508917,0.9749279121818236,-0.22252093395631434,0,30.17,0.0,94.28,100.0
2018-10-10 19:30:00,2018-10-10 19:45:00,2018-10-10 20:30:00,304.42,87.59,85.32,119.88,4.14,4.1,355.89999999999986,86.76312499999999,25.20873824657524,37.8225,120.82,-0.8968727415326884,0.442288690219001,0.9749279121818236,-0.22252093395631434,0,32.51,0.0,93.75,100.0
2018-10-10 19:45:00,2018-10-10 20:00:00,2018-10-10 20:45:00,351.73,52.09,87.59,82.62,3.71,3.6,325.36999999999983,83.036875,25.648352461402848,38.326458333333335,120.82,-0.8660254037844386,0.5000000000000001,0.9749279121818236,-0.22252093395631434,0,21.35,0.0,92.53,100.0
2018-10-10 20:00:00,2018-10-10 20:15:00,2018-10-10 21:00:00,375.8500000000001,70.42,52.09,100.37,3.64,3.64,295.41999999999985,80.84312499999999,25.127303058313913,39.022083333333335,120.82,-0.8314696123025455,0.5555702330196018,0.9749279121818236,-0.22252093395631434,0,27.29,0.0,93.24,100.0
2018-10-10 20:15:00,2018-10-10 20:30:00,2018-10-10 21:15:00,315.01,100.73,70.42,85.32,3.67,3.56,310.82999999999987,81.75437499999998,25.56381792904477,40.033125,120.82,-0.7933533402912357,0.6087614290087199,0.9749279121818236,-0.22252093395631434,0,36.83,0.0,93.92,100.0
2018-10-10 20:30:00,2018-10-10 20:45:00,2018-10-10 21:30:00,267.74,81.18,100.73,87.59,3.71,3.53,304.4199999999999,80.48312499999999,25.04986694544209,40.84010416666667,120.82,-0.7518398074789772,0.6593458151000691,0.9749279121818236,-0.22252093395631434,0,31.03,0.0,93.41,100.0
2018-10-10 20:45:00,2018-10-10 21:00:00,2018-10-10 21:45:00,179.72,99.4,81.18,52.09,3.67,3.6,351.7299999999999,81.72999999999999,25.460556504129595,41.837291666666665,120.82,-0.7071067811865477,0.7071067811865474,0.9749279121818236,-0.22252093395631434,0,41.0,0.0,92.44,100.0
2018-10-10 21:00:00,2018-10-10 21:15:00,2018-10-10 22:00:00,93.88999999999999,94.54,99.4,70.42,3.74,2.92,375.8499999999999,80.50375,24.31585282151291,42.783125000000005,120.82,-0.6593458151000687,0.7518398074789775,0.9749279121818236,-0.22252093395631434,0,46.4,0.0,89.77,100.0
2018-10-10 21:15:00,2018-10-10 21:30:00,2018-10-10 22:15:00,64.58,39.89,94.54,100.73,3.67,2.92,315.0099999999999,76.44499999999998,25.31588705733974,43.16041666666666,120.82,-0.608761429008721,0.7933533402912349,0.9749279121818236,-0.22252093395631434,0,12.38,0.0,95.51,100.0
2018-10-10 21:30:00,2018-10-10 21:45:00,2018-10-10 22:30:00,35.17,33.91,39.89,81.18,3.64,2.95,267.7399999999999,73.47687499999999,27.269516112031766,43.47572916666667,120.82,-0.555570233019603,0.8314696123025447,0.9749279121818236,-0.22252093395631434,0,6.26,0.4,98.34,99.99
2018-10-10 21:45:00,2018-10-10 22:00:00,2018-10-10 22:45:00,28.61,11.38,33.91,99.4,3.71,2.88,179.71999999999989,72.15437499999999,29.633420948472377,43.555625,120.82,-0.5000000000000004,0.8660254037844384,0.9749279121818236,-0.22252093395631434,0,0.18,11.92,99.99,69.05
2018-10-10 22:00:00,2018-10-10 22:15:00,2018-10-10 23:00:00,24.689999999999998,8.71,11.38,94.54,3.64,2.92,93.88999999999987,70.71624999999999,32.02283655358295,43.6084375,120.82,-0.4422886902190014,0.8968727415326883,0.9749279121818236,-0.22252093395631434,0,0.07,12.85,100.0,56.11
2018-10-10 22:15:00,2018-10-10 22:30:00,2018-10-10 23:15:00,18.5,10.58,8.71,39.89,3.46,2.74,64.57999999999987,67.413125,35.17465524329083,43.68260416666667,120.82,-0.38268343236508956,0.9238795325112868,0.9749279121818236,-0.22252093395631434,0,18.0,0.0,50.67,100.0
2018-10-10 22:30:00,2018-10-10 22:45:00,2018-10-10 23:30:00,17.490000000000002,4.5,10.58,33.91,3.53,2.77,35.169999999999874,60.20187499999999,35.50471469022635,43.692708333333336,120.82,-0.32143946530316186,0.9469301294951056,0.9749279121818236,-0.22252093395631434,0,8.71,0.0,45.9,100.0
2018-10-10 22:45:00,2018-10-10 23:00:00,2018-10-10 23:45:00,16.23,4.82,4.5,11.38,3.42,2.77,28.60999999999987,55.33937499999999,37.37950097793416,43.70729166666667,120.82,-0.25881904510252157,0.9659258262890681,0.9749279121818236,-0.22252093395631434,0,8.86,0.0,47.79,100.0
2018-10-10 23:00:00,2018-10-10 23:15:00,2018-10-11 00:00:00,15.0,4.79,4.82,8.71,3.38,2.77,24.68999999999987,49.36562499999999,37.34312570084871,43.72197916666667,120.82,-0.19509032201612872,0.9807852804032303,0.9749279121818236,-0.22252093395631434,0,8.64,0.0,48.49,100.0
2018-10-10 23:15:00,2018-10-10 23:30:00,2018-10-11 00:15:00,14.14,4.39,4.79,10.58,2.74,2.95,18.499999999999872,44.30749999999998,37.610570571981725,43.73916666666667,120.82,-0.13052619222005168,0.9914448613738104,0.9749279121818236,-0.22252093395631434,0,7.85,0.0,48.81,100.0
2018-10-10 23:30:00,2018-10-10 23:45:00,2018-10-11 00:30:00,14.14,3.49,4.39,4.5,2.81,3.31,17.489999999999874,39.05124999999999,37.06710399313013,43.74625,120.82,-0.0654031292301428,0.9978589232386035,0.9749279121818236,-0.22252093395631434,0,6.59,0.0,46.8,100.0
2018-10-10 23:45:00,2018-10-11 00:00:00,2018-10-11 00:45:00,14.11,3.56,3.49,4.82,2.92,3.02,16.229999999999873,36.01812499999999,37.85329034885081,43.752916666666664,120.82,0.0,1.0,0.43388373911755823,-0.900968867902419,0,7.31,0.0,43.78,100.0
2018-10-11 00:00:00,2018-10-11 00:15:00,2018-10-11 01:00:00,14.19,3.56,3.56,4.79,3.56,4.46,14.999999999999872,31.839374999999986,37.51382669575855,43.752916666666664,120.82,0.06540312923014306,0.9978589232386035,0.43388373911755823,-0.900968867902419,0,6.91,0.0,45.8,100.0
2018-10-11 00:15:00,2018-10-11 00:30:00,2018-10-11 01:15:00,14.22,3.53,3.56,4.39,3.06,3.02,14.139999999999873,25.764374999999987,33.52387917006941,43.7578125,120.82,0.13052619222005157,0.9914448613738104,0.43388373911755823,-0.900968867902419,0,6.26,0.0,49.12,100.0
2018-10-11 00:30:00,2018-10-11 00:45:00,2018-10-11 01:30:00,14.26,3.49,3.53,3.49,2.81,3.28,14.139999999999873,20.908749999999987,30.648848239983568,43.76489583333333,120.82,0.19509032201612825,0.9807852804032304,0.43388373911755823,-0.900968867902419,0,6.26,0.0,48.69,100.0
2018-10-11 00:45:00,2018-10-11 01:00:00,2018-10-11 01:45:00,14.26,3.53,3.49,3.56,2.84,2.74,14.109999999999872,14.916874999999987,23.179104199352174,43.772083333333335,120.82,0.25881904510252074,0.9659258262890683,0.43388373911755823,-0.900968867902419,0,7.13,0.0,44.37,100.0
2018-10-11 01:00:00,2018-10-11 01:15:00,2018-10-11 02:00:00,14.219999999999999,3.64,3.53,3.56,2.84,2.77,14.189999999999873,9.235624999999986,10.802876335005962,43.78041666666667,120.82,0.3214394653031616,0.9469301294951057,0.43388373911755823,-0.900968867902419,0,7.09,0.0,45.67,100.0
2018-10-11 01:15:00,2018-10-11 01:30:00,2018-10-11 02:15:00,14.33,3.56,3.64,3.53,2.88,2.74,14.219999999999871,6.964999999999986,7.404662382584325,43.7875,120.82,0.3826834323650898,0.9238795325112867,0.43388373911755823,-0.900968867902419,0,6.3,0.0,49.2,100.0
2018-10-11 01:30:00,2018-10-11 01:45:00,2018-10-11 02:30:00,14.440000000000001,3.53,3.56,3.49,2.81,2.77,14.259999999999872,5.066249999999986,2.5659619906696793,43.794999999999995,120.82,0.44228869021900125,0.8968727415326884,0.43388373911755823,-0.900968867902419,0,6.44,0.0,48.07,100.0
2018-10-11 01:45:00,2018-10-11 02:00:00,2018-10-11 02:45:00,14.51,3.53,3.53,3.53,2.81,2.81,14.259999999999872,4.575624999999986,1.9998717732487372,43.8025,120.82,0.49999999999999994,0.8660254037844387,0.43388373911755823,-0.900968867902419,0,6.8,0.0,46.07,100.0
2018-10-11 02:00:00,2018-10-11 02:15:00,2018-10-11 03:00:00,14.55,3.6,3.53,3.64,2.81,2.74,14.219999999999871,4.256249999999985,1.6996061124750066,43.81072916666667,120.82,0.5555702330196022,0.8314696123025452,0.43388373911755823,-0.900968867902419,0,6.95,0.0,45.99,100.0
2018-10-11 02:15:00,2018-10-11 02:30:00,2018-10-11 03:15:00,14.520000000000001,3.67,3.6,3.56,2.95,2.74,14.329999999999872,3.8243749999999856,0.4735632053252094,43.81822916666667,120.82,0.6087614290087207,0.7933533402912352,0.43388373911755823,-0.900968867902419,0,6.23,0.0,50.76,100.0
2018-10-11 02:30:00,2018-10-11 02:45:00,2018-10-11 03:30:00,14.370000000000001,3.64,3.67,3.53,3.46,2.81,14.439999999999872,3.7706249999999857,0.44155221598124317,43.820104166666674,120.82,0.6593458151000688,0.7518398074789774,0.43388373911755823,-0.900968867902419,0,6.23,0.0,50.45,100.0
2018-10-11 02:45:00,2018-10-11 03:00:00,2018-10-11 03:45:00,13.83,3.6,3.64,3.53,2.92,2.74,14.509999999999872,3.6943749999999858,0.3494990836011325,43.8271875,120.82,0.7071067811865476,0.7071067811865476,0.43388373911755823,-0.900968867902419,0,6.55,0.0,48.17,100.0
2018-10-11 03:00:00,2018-10-11 03:15:00,2018-10-11 04:00:00,13.540000000000001,3.64,3.6,3.6,2.84,2.74,14.549999999999873,3.622499999999986,0.20528942998389277,43.835520833333334,120.82,0.7518398074789774,0.6593458151000688,0.43388373911755823,-0.900968867902419,0,6.88,0.0,46.77,100.0
2018-10-11 03:15:00,2018-10-11 03:30:00,2018-10-11 04:15:00,13.46,3.64,3.64,3.67,2.84,2.81,14.519999999999873,3.575624999999986,0.05612138129237334,43.84385416666667,120.82,0.7933533402912352,0.6087614290087207,0.43388373911755823,-0.900968867902419,0,6.55,0.0,48.58,100.0
2018-10-11 03:30:00,2018-10-11 03:45:00,2018-10-11 04:30:00,13.030000000000001,3.49,3.64,3.64,2.84,2.77,14.369999999999873,3.575624999999986,0.05612138129237334,43.850625,120.82,0.8314696123025451,0.5555702330196024,0.43388373911755823,-0.900968867902419,0,6.48,0.0,47.42,100.0
2018-10-11 03:45:00,2018-10-11 04:00:00,2018-10-11 04:45:00,12.920000000000002,3.06,3.49,3.6,2.81,2.77,13.829999999999874,3.544374999999986,0.13702047087278169,43.853229166666665,120.82,0.8660254037844386,0.5000000000000001,0.43388373911755823,-0.900968867902419,0,6.16,0.0,44.49,100.0
2018-10-11 04:00:00,2018-10-11 04:15:00,2018-10-11 05:00:00,12.63,3.35,3.06,3.64,2.88,3.38,13.539999999999873,3.531249999999986,0.1447357508123458,43.858125,120.82,0.8968727415326884,0.44228869021900125,0.43388373911755823,-0.900968867902419,0,6.98,0.0,43.27,100.0
2018-10-11 04:15:00,2018-10-11 04:30:00,2018-10-11 05:15:00,12.09,3.56,3.35,3.64,2.81,2.92,13.459999999999873,3.533124999999986,0.14490163711363432,43.865937499999994,120.82,0.9238795325112867,0.38268343236508984,0.43388373911755823,-0.900968867902419,0,7.6,0.0,42.42,100.0
2018-10-11 04:30:00,2018-10-11 04:45:00,2018-10-11 05:30:00,12.02,3.06,3.56,3.49,2.99,2.81,13.029999999999871,3.506249999999986,0.18479295864085665,43.86666666666667,120.82,0.9469301294951056,0.3214394653031617,0.43388373911755823,-0.900968867902419,0,6.01,0.0,45.37,100.0
2018-10-11 04:45:00,2018-10-11 05:00:00,2018-10-11 05:45:00,12.06,2.95,3.06,3.06,3.46,2.77,12.919999999999872,3.469999999999986,0.2283363748141802,43.861354166666665,120.82,0.9659258262890683,0.25881904510252074,0.43388373911755823,-0.900968867902419,0,6.01,0.0,44.06,100.0
2018-10-11 05:00:00,2018-10-11 05:15:00,2018-10-11 06:00:00,11.99,3.06,2.95,3.35,2.95,3.35,12.629999999999871,3.433749999999986,0.2439742559437824,43.862500000000004,120.82,0.9807852804032304,0.19509032201612833,0.43388373911755823,-0.900968867902419,0,6.16,0.0,44.49,100.0
2018-10-11 05:15:00,2018-10-11 05:30:00,2018-10-11 06:15:00,12.280000000000001,3.02,3.06,3.56,2.81,3.02,12.089999999999874,3.3999999999999857,0.2609358159842376,43.864687499999995,120.82,0.9914448613738104,0.1305261922200517,0.43388373911755823,-0.900968867902419,0,6.08,0.0,44.49,100.0
2018-10-11 05:30:00,2018-10-11 05:45:00,2018-10-11 06:30:00,12.600000000000001,2.99,3.02,3.06,2.92,2.74,12.019999999999873,3.3662499999999858,0.27640267285863496,43.865416666666675,120.82,0.9978589232386035,0.06540312923014327,0.43388373911755823,-0.900968867902419,0,6.05,0.0,44.31,100.0
2018-10-11 05:45:00,2018-10-11 06:00:00,2018-10-11 06:45:00,12.530000000000001,2.99,2.99,2.95,3.31,2.7,12.059999999999873,3.332499999999986,0.28710842910551276,43.86208333333334,120.82,1.0,6.123233995736766e-17,0.43388373911755823,-0.900968867902419,0,5.9,0.0,45.2,100.0
2018-10-11 06:00:00,2018-10-11 06:15:00,2018-10-11 07:00:00,12.419999999999998,2.99,2.99,3.06,3.1,2.77,11.989999999999872,3.294374999999986,0.28954638564222795,43.8609375,120.82,0.9978589232386035,-0.06540312923014314,0.43388373911755823,-0.900968867902419,0,6.05,0.0,44.31,100.0
2018-10-11 06:15:00,2018-10-11 06:30:00,2018-10-11 07:15:00,11.989999999999998,3.31,2.99,3.02,2.74,2.7,12.279999999999873,3.271874999999986,0.2729976821119603,43.866875,120.82,0.9914448613738104,-0.1305261922200516,0.43388373911755823,-0.900968867902419,0,6.52,0.0,45.27,100.0
2018-10-11 06:30:00,2018-10-11 06:45:00,2018-10-11 07:30:00,12.1,3.31,3.31,2.99,2.81,2.7,12.599999999999872,3.251249999999986,0.25636582760486226,43.872083333333336,120.82,0.9807852804032304,-0.1950903220161282,0.43388373911755823,-0.900968867902419,0,6.19,0.0,47.15,100.0
2018-10-11 06:45:00,2018-10-11 07:00:00,2018-10-11 07:45:00,13.75,2.92,3.31,2.99,2.74,2.77,12.529999999999871,3.208749999999986,0.2513432663979152,43.87395833333333,120.82,0.9659258262890683,-0.25881904510252063,0.43388373911755823,-0.900968867902419,0,5.8,0.0,44.97,100.0
2018-10-11 07:00:00,2018-10-11 07:15:00,2018-10-11 08:00:00,15.05,2.88,2.92,2.99,2.77,2.99,12.419999999999872,3.1612499999999857,0.23674551223545165,43.87510416666667,120.82,0.9469301294951057,-0.3214394653031616,0.43388373911755823,-0.900968867902419,0,5.69,0.0,45.16,100.0
2018-10-11 07:15:00,2018-10-11 07:30:00,2018-10-11 08:15:00,59.33,2.88,2.88,3.31,2.74,3.31,11.98999999999987,3.113749999999986,0.21073902714893464,43.876562500000006,120.82,0.9238795325112868,-0.3826834323650895,0.43388373911755823,-0.900968867902419,0,5.62,0.0,45.61,100.0
2018-10-11 07:30:00,2018-10-11 07:45:00,2018-10-11 08:30:00,162.39999999999998,3.42,2.88,3.31,3.06,3.02,12.099999999999872,3.109374999999986,0.203484297769347,43.8803125,120.82,0.8968727415326884,-0.44228869021900113,0.43388373911755823,-0.900968867902419,0,6.12,0.0,48.78,100.0
2018-10-11 07:45:00,2018-10-11 08:00:00,2018-10-11 08:45:00,293.84,4.57,3.42,2.92,4.32,3.24,13.749999999999872,3.203749999999986,0.40704537531285,43.88291666666667,120.82,0.8660254037844387,-0.4999999999999998,0.43388373911755823,-0.900968867902419,0,7.67,0.0,51.19,100.0
2018-10-11 08:00:00,2018-10-11 08:15:00,2018-10-11 09:00:00,403.48999999999995,4.18,4.57,2.88,8.17,3.31,15.049999999999871,3.255624999999986,0.4703452024189477,43.84135416666667,120.82,0.8314696123025451,-0.5555702330196023,0.43388373911755823,-0.900968867902419,0,6.3,0.0,55.29,100.0
2018-10-11 08:15:00,2018-10-11 08:30:00,2018-10-11 09:15:00,494.35,47.16,4.18,2.88,43.6,33.73,59.32999999999987,5.980624999999986,10.642576913484604,43.8784375,120.82,0.7933533402912352,-0.6087614290087207,0.43388373911755823,-0.900968867902419,0,34.88,0.0,80.4,100.0
2018-10-11 08:30:00,2018-10-11 08:45:00,2018-10-11 09:30:00,483.8,106.49,47.16,3.42,61.56,43.96,162.39999999999986,12.444999999999986,26.501444771937496,44.34645833333334,120.82,0.7518398074789774,-0.6593458151000688,0.43388373911755823,-0.900968867902419,0,74.59,0.0,81.91,100.0
2018-10-11 08:45:00,2018-10-11 09:00:00,2018-10-11 09:45:00,450.79,136.01,106.49,4.57,61.74,56.77,293.83999999999986,20.761249999999986,39.77186440736144,45.120104166666664,136.01,0.7071067811865476,-0.7071067811865475,0.43388373911755823,-0.900968867902419,0,93.2,0.0,82.49,100.0
2018-10-11 09:00:00,2018-10-11 09:15:00,2018-10-11 10:00:00,412.09000000000003,113.83,136.01,4.18,58.64,64.8,403.48999999999984,27.684374999999985,45.33927835893963,45.695,136.01,0.659345815100069,-0.7518398074789773,0.43388373911755823,-0.900968867902419,0,56.02,0.0,89.72,100.0
2018-10-11 09:15:00,2018-10-11 09:30:00,2018-10-11 10:15:00,374.03999999999996,138.02,113.83,47.16,66.17,68.98,494.34999999999985,36.12187499999999,52.03181649466413,46.443437499999995,138.02,0.6087614290087209,-0.793353340291235,0.43388373911755823,-0.900968867902419,0,73.91,0.0,88.16,100.0
2018-10-11 09:30:00,2018-10-11 09:45:00,2018-10-11 10:30:00,379.58000000000004,95.94,138.02,106.49,79.45,70.27,483.7999999999999,41.93124999999999,53.18450454255939,46.615208333333335,138.02,0.5555702330196025,-0.831469612302545,0.43388373911755823,-0.900968867902419,0,48.13,0.0,89.38,100.0
2018-10-11 09:45:00,2018-10-11 10:00:00,2018-10-11 10:45:00,396.34999999999997,103.0,95.94,136.01,114.05,62.78,450.7899999999999,48.18187499999999,54.10944386365829,46.50010416666667,138.02,0.49999999999999994,-0.8660254037844387,0.43388373911755823,-0.900968867902419,0,44.82,0.0,91.69,100.0
2018-10-11 10:00:00,2018-10-11 10:15:00,2018-10-11 11:00:00,423.31999999999994,75.13,103.0,113.83,87.52,64.08,412.0899999999999,52.69062499999998,53.15304865065957,46.37104166666666,138.02,0.4422886902190017,-0.8968727415326881,0.43388373911755823,-0.900968867902419,0,38.88,0.0,88.81,100.0
2018-10-11 10:15:00,2018-10-11 10:30:00,2018-10-11 11:15:00,460.51,99.97,75.13,138.02,99.4,59.72,374.03999999999985,58.73187499999999,52.68828809834664,46.37697916666667,138.02,0.3826834323650899,-0.9238795325112867,0.43388373911755823,-0.900968867902419,0,52.49,0.0,88.54,100.0
2018-10-11 10:30:00,2018-10-11 10:45:00,2018-10-11 11:30:00,444.71,101.48,99.97,95.94,119.59,52.67,379.57999999999987,64.86749999999999,51.58147372119174,46.18833333333333,138.02,0.32143946530316175,-0.9469301294951056,0.43388373911755823,-0.900968867902419,0,50.36,0.0,89.58,100.0
2018-10-11 10:45:00,2018-10-11 11:00:00,2018-10-11 11:45:00,424.40999999999997,119.77,101.48,103.0,81.5,62.03,396.3499999999999,72.17062499999999,50.55553659946022,46.58697916666667,138.02,0.258819045102521,-0.9659258262890682,0.43388373911755823,-0.900968867902419,0,55.84,0.0,90.63,100.0
2018-10-11 11:00:00,2018-10-11 11:15:00,2018-10-11 12:00:00,432.83,102.1,119.77,75.13,120.82,55.98,423.3199999999999,78.37187499999999,47.67932285314415,46.391979166666665,138.02,0.19509032201612816,-0.9807852804032304,0.43388373911755823,-0.900968867902419,0,54.29,0.0,88.29,100.0
2018-10-11 11:15:00,2018-10-11 11:30:00,2018-10-11 12:15:00,307.69,137.16,102.1,99.97,90.5,62.39,460.5099999999999,86.76437499999999,45.41693020900185,46.87802083333333,138.02,0.130526192220052,-0.9914448613738104,0.43388373911755823,-0.900968867902419,0,73.48,0.0,88.15,100.0
2018-10-11 11:30:00,2018-10-11 11:45:00,2018-10-11 12:30:00,230.04000000000002,85.68,137.16,101.48,120.74,70.49,444.7099999999999,91.90562499999999,40.02743792836782,46.512812499999995,138.02,0.06540312923014312,-0.9978589232386035,0.43388373911755823,-0.900968867902419,0,41.62,0.0,89.95,100.0
2018-10-11 11:45:00,2018-10-11 12:00:00,2018-10-11 12:45:00,138.63,99.47,85.68,119.77,93.74,66.2,424.4099999999999,97.83687499999998,33.07374841145666,46.5725,138.02,1.2246467991473532e-16,-1.0,0.43388373911755823,-0.900968867902419,0,50.65,0.0,89.11,100.0
2018-10-11 12:00:00,2018-10-11 12:15:00,2018-10-11 13:00:00,35.99,110.52,99.47,102.1,39.78,60.77,432.82999999999987,104.48312499999999,22.616993809618574,47.309374999999996,138.02,-0.06540312923014287,-0.9978589232386035,0.43388373911755823,-0.900968867902419,0,60.98,0.0,87.56,100.0
2018-10-11 12:15:00,2018-10-11 12:30:00,2018-10-11 13:15:00,60.94,12.02,110.52,137.16,3.92,12.28,307.6899999999999,102.28687499999998,28.908008345168422,47.393750000000004,138.02,-0.13052619222005177,-0.9914448613738104,0.43388373911755823,-0.900968867902419,0,1.22,12.35,99.49,69.75
2018-10-11 12:30:00,2018-10-11 12:45:00,2018-10-11 13:30:00,117.92999999999999,8.03,12.02,85.68,3.67,4.14,230.03999999999988,96.13312499999999,36.76917964116597,47.439166666666665,138.02,-0.19509032201612792,-0.9807852804032305,0.43388373911755823,-0.900968867902419,0,0.0,14.58,100.0,48.24
2018-10-11 12:45:00,2018-10-11 13:00:00,2018-10-11 13:45:00,161.06,8.06,8.03,99.47,3.89,4.43,138.62999999999988,88.13624999999999,40.90772480152701,47.482604166666675,138.02,-0.2588190451025208,-0.9659258262890683,0.43388373911755823,-0.900968867902419,0,0.0,14.36,100.0,48.95
2018-10-11 13:00:00,2018-10-11 13:15:00,2018-10-11 14:00:00,210.17000000000002,7.88,8.06,110.52,4.39,5.04,35.98999999999989,81.51437499999999,44.61948873092732,47.51895833333333,138.02,-0.32143946530316153,-0.9469301294951057,0.43388373911755823,-0.900968867902419,0,0.0,14.62,100.0,47.45
2018-10-11 13:15:00,2018-10-11 13:30:00,2018-10-11 14:15:00,223.92,36.97,7.88,12.02,63.14,44.21,60.939999999999884,75.19874999999998,43.306684079221334,47.24635416666666,138.02,-0.38268343236508967,-0.9238795325112868,0.43388373911755823,-0.900968867902419,0,17.21,3.35,90.66,99.59
2018-10-11 13:30:00,2018-10-11 13:45:00,2018-10-11 14:30:00,195.94,65.02,36.97,8.03,97.31,68.26,117.92999999999988,73.26624999999999,43.0269949966005,46.910000000000004,138.02,-0.44228869021900147,-0.8968727415326883,0.43388373911755823,-0.900968867902419,0,37.62,0.0,86.56,100.0
2018-10-11 13:45:00,2018-10-11 14:00:00,2018-10-11 14:45:00,180.43,51.19,65.02,8.06,87.44,61.02,161.0599999999999,70.02812499999999,42.615031417732915,46.53239583333333,138.02,-0.4999999999999997,-0.8660254037844388,0.43388373911755823,-0.900968867902419,0,27.25,0.0,88.27,100.0
2018-10-11 14:00:00,2018-10-11 14:15:00,2018-10-11 15:00:00,165.24,56.99,51.19,7.88,84.13,58.68,210.16999999999987,68.89437499999998,42.705423977632684,46.24968749999999,138.02,-0.555570233019602,-0.8314696123025455,0.43388373911755823,-0.900968867902419,0,31.0,0.0,87.84,100.0
2018-10-11 14:15:00,2018-10-11 14:30:00,2018-10-11 15:15:00,160.31,50.72,56.99,36.97,113.15,71.42,223.91999999999987,65.81624999999998,42.12560650527768,45.599375,138.02,-0.6087614290087207,-0.7933533402912352,0.43388373911755823,-0.900968867902419,0,29.88,0.0,86.16,100.0
2018-10-11 14:30:00,2018-10-11 14:45:00,2018-10-11 15:30:00,172.63,37.04,50.72,65.02,58.5,67.03,195.93999999999988,61.788749999999986,41.60055962288846,45.37583333333333,138.02,-0.6593458151000688,-0.7518398074789774,0.43388373911755823,-0.900968867902419,0,15.01,0.0,92.68,100.0
2018-10-11 14:45:00,2018-10-11 15:00:00,2018-10-11 15:45:00,202.21999999999997,35.68,37.04,51.19,48.67,59.22,180.42999999999986,56.533124999999984,39.18513824123093,45.240520833333335,138.02,-0.7071067811865471,-0.7071067811865479,0.43388373911755823,-0.900968867902419,0,11.77,0.0,94.97,100.0
2018-10-11 15:00:00,2018-10-11 15:15:00,2018-10-11 16:00:00,223.24,41.8,35.68,56.99,60.16,55.58,165.2399999999999,52.76437499999999,37.48422184212156,45.04927083333334,138.02,-0.7518398074789773,-0.6593458151000691,0.43388373911755823,-0.900968867902419,0,19.4,0.0,90.71,100.0
2018-10-11 15:15:00,2018-10-11 15:30:00,2018-10-11 16:15:00,237.20999999999998,45.79,41.8,50.72,62.57,50.8,160.3099999999999,47.05374999999999,30.501342977605347,44.874479166666674,138.02,-0.7933533402912349,-0.6087614290087209,0.43388373911755823,-0.900968867902419,0,24.8,0.0,87.93,100.0
2018-10-11 15:30:00,2018-10-11 15:45:00,2018-10-11 16:30:00,232.09,49.36,45.79,37.04,50.29,49.39,172.62999999999988,44.78374999999998,28.848955759914734,44.86479166666666,138.02,-0.8314696123025452,-0.5555702330196022,0.43388373911755823,-0.900968867902419,0,29.84,0.0,85.58,100.0
2018-10-11 15:45:00,2018-10-11 16:00:00,2018-10-11 16:45:00,223.88,65.27,49.36,35.68,111.71,64.19,202.21999999999986,42.64624999999998,25.826577849911125,44.381041666666675,138.02,-0.8660254037844385,-0.5000000000000004,0.43388373911755823,-0.900968867902419,0,49.28,0.0,79.81,100.0
2018-10-11 16:00:00,2018-10-11 16:15:00,2018-10-11 17:00:00,221.58,62.82,65.27,41.8,105.52,63.86,223.2399999999999,39.664999999999985,19.89051689876418,43.93625,138.02,-0.8968727415326883,-0.44228869021900136,0.43388373911755823,-0.900968867902419,0,35.64,0.0,86.98,100.0
2018-10-11 16:15:00,2018-10-11 16:30:00,2018-10-11 17:15:00,260.46000000000004,59.76,62.82,45.79,86.15,62.5,237.20999999999987,42.648749999999986,19.084092483990954,43.661354166666676,138.02,-0.9238795325112868,-0.3826834323650895,0.43388373911755823,-0.900968867902419,0,41.69,0.0,82.01,100.0
2018-10-11 16:30:00,2018-10-11 16:45:00,2018-10-11 17:30:00,269.97,44.24,59.76,49.36,101.52,59.26,232.0899999999999,44.91187499999999,16.862250449877454,43.0646875,138.02,-0.9469301294951056,-0.3214394653031618,0.43388373911755823,-0.900968867902419,0,21.02,0.0,90.32,100.0
2018-10-11 16:45:00,2018-10-11 17:00:00,2018-10-11 17:45:00,244.09,57.06,44.24,65.27,79.45,75.2,223.87999999999988,47.97437499999998,14.117412992803915,42.83145833333333,138.02,-0.9659258262890683,-0.25881904510252063,0.43388373911755823,-0.900968867902419,0,32.15,0.0,87.12,100.0
2018-10-11 17:00:00,2018-10-11 17:15:00,2018-10-11 18:00:00,214.82,60.52,57.06,62.82,114.16,51.95,221.57999999999987,51.26437499999998,9.891504542251647,42.272708333333334,138.02,-0.9807852804032303,-0.19509032201612866,0.43388373911755823,-0.900968867902419,0,35.68,0.0,86.14,100.0
2018-10-11 17:15:00,2018-10-11 17:30:00,2018-10-11 18:15:00,161.58,98.64,60.52,59.76,104.83,68.04,260.4599999999999,55.11874999999999,14.50838372933062,42.20822916666666,138.02,-0.9914448613738104,-0.13052619222005163,0.43388373911755823,-0.900968867902419,0,45.72,0.0,90.73,100.0
2018-10-11 17:30:00,2018-10-11 17:45:00,2018-10-11 18:30:00,197.32999999999998,53.75,98.64,44.24,81.4,50.08,269.9699999999999,54.41437499999999,14.282400869930141,41.920208333333335,138.02,-0.9978589232386035,-0.06540312923014273,0.43388373911755823,-0.900968867902419,0,19.73,0.11,93.88,100.0
2018-10-11 17:45:00,2018-10-11 18:00:00,2018-10-11 18:45:00,261.3,31.18,53.75,57.06,32.54,29.74,244.0899999999999,53.163749999999986,15.346429094011015,41.90604166666666,138.02,-1.0,-1.8369701987210297e-16,0.43388373911755823,-0.900968867902419,0,0.68,1.51,99.98,99.88
2018-10-11 18:00:00,2018-10-11 18:15:00,2018-10-11 19:00:00,339.56,31.25,31.18,60.52,31.72,51.55,214.81999999999988,51.554999999999986,16.187126829675783,41.90114583333333,138.02,-0.9978589232386036,0.06540312923014237,0.43388373911755823,-0.900968867902419,0,5.76,0.68,98.34,99.98
2018-10-11 18:15:00,2018-10-11 18:30:00,2018-10-11 19:15:00,358.92,45.4,31.25,98.64,63.43,48.67,161.57999999999987,51.22249999999998,16.25535892405978,41.71333333333333,138.02,-0.9914448613738105,0.13052619222005127,0.43388373911755823,-0.900968867902419,0,17.93,0.0,93.01,100.0
2018-10-11 18:30:00,2018-10-11 18:45:00,2018-10-11 19:30:00,348.8,89.5,45.4,53.75,119.88,50.4,197.32999999999987,54.501249999999985,18.234252752375298,41.396875,138.02,-0.9807852804032304,0.1950903220161283,0.43388373911755823,-0.900968867902419,0,43.34,0.0,90.0,100.0
2018-10-11 18:45:00,2018-10-11 19:00:00,2018-10-11 19:45:00,368.63,95.15,89.5,31.18,82.62,58.1,261.2999999999999,58.218124999999986,19.99507196122027,41.52739583333334,138.02,-0.9659258262890684,0.2588190451025203,0.43388373911755823,-0.900968867902419,0,43.34,0.0,91.0,100.0
2018-10-11 19:00:00,2018-10-11 19:15:00,2018-10-11 20:00:00,357.98,109.51,95.15,31.25,100.37,53.1,339.5599999999999,62.44999999999999,23.01033436306385,41.62260416666667,138.02,-0.9469301294951057,0.3214394653031615,0.43388373911755823,-0.900968867902419,0,50.47,0.0,90.82,100.0
2018-10-11 19:15:00,2018-10-11 19:30:00,2018-10-11 20:15:00,359.32000000000005,64.76,109.51,45.4,85.32,75.06,358.9199999999999,63.63562499999999,22.606549097758613,41.4084375,138.02,-0.923879532511287,0.38268343236508917,0.43388373911755823,-0.900968867902419,0,27.9,0.0,91.84,100.0
2018-10-11 19:30:00,2018-10-11 19:45:00,2018-10-11 20:30:00,375.09000000000003,79.38,64.76,89.5,87.59,64.58,348.7999999999999,65.51187499999999,22.58963236164698,41.322916666666664,138.02,-0.8968727415326884,0.442288690219001,0.43388373911755823,-0.900968867902419,0,35.96,0.0,91.09,100.0
2018-10-11 19:45:00,2018-10-11 20:00:00,2018-10-11 20:45:00,374.48,114.98,79.38,95.15,52.09,61.85,368.6299999999999,68.61874999999999,25.565183813880353,41.97802083333333,138.02,-0.8660254037844386,0.5000000000000001,0.43388373911755823,-0.900968867902419,0,56.09,0.0,89.88,100.0
2018-10-11 20:00:00,2018-10-11 20:15:00,2018-10-11 21:00:00,354.39,98.86,114.98,109.51,70.42,66.89,357.9799999999999,70.87124999999999,26.524735595995814,42.27427083333334,138.02,-0.8314696123025455,0.5555702330196018,0.43388373911755823,-0.900968867902419,0,48.24,0.0,89.87,100.0
2018-10-11 20:15:00,2018-10-11 20:30:00,2018-10-11 21:15:00,294.59000000000003,66.1,98.86,64.76,100.73,56.88,359.3199999999999,71.2675,26.402862415843988,41.91354166666667,138.02,-0.7933533402912357,0.6087614290087199,0.43388373911755823,-0.900968867902419,0,28.62,0.0,91.77,100.0
2018-10-11 20:30:00,2018-10-11 20:45:00,2018-10-11 21:30:00,203.69,95.15,66.1,79.38,81.18,67.93,375.0899999999999,74.44937499999999,26.01883583789556,42.0590625,138.02,-0.7518398074789772,0.6593458151000691,0.43388373911755823,-0.900968867902419,0,48.74,0.0,89.0,100.0
2018-10-11 20:45:00,2018-10-11 21:00:00,2018-10-11 21:45:00,93.41999999999999,114.37,95.15,114.98,99.4,53.14,374.4799999999999,78.03124999999999,27.292015516217912,42.214999999999996,138.02,-0.7071067811865477,0.7071067811865474,0.43388373911755823,-0.900968867902419,0,56.84,0.0,89.55,100.0
2018-10-11 21:00:00,2018-10-11 21:15:00,2018-10-11 22:00:00,18.57,78.77,114.37,98.86,94.54,24.73,354.3899999999999,79.17187499999999,26.915087826985683,42.05072916666666,138.02,-0.6593458151000687,0.7518398074789775,0.43388373911755823,-0.900968867902419,0,35.17,0.0,91.31,100.0
2018-10-11 21:15:00,2018-10-11 21:30:00,2018-10-11 22:15:00,16.05,6.3,78.77,66.1,39.89,10.87,294.5899999999999,73.40062499999999,31.612039136369543,41.70083333333333,138.02,-0.608761429008721,0.7933533402912349,0.43388373911755823,-0.900968867902419,0,0.22,15.62,99.94,37.41
2018-10-11 21:30:00,2018-10-11 21:45:00,2018-10-11 22:30:00,15.509999999999998,4.25,6.3,95.15,33.91,3.89,203.68999999999988,70.30687499999999,35.559507821177206,41.391875,138.02,-0.555570233019603,0.8314696123025447,0.43388373911755823,-0.900968867902419,0,0.0,16.81,100.0,24.51
2018-10-11 21:45:00,2018-10-11 22:00:00,2018-10-11 22:45:00,15.08,4.1,4.25,114.37,11.38,3.78,93.41999999999989,68.61437499999998,37.94590112396022,41.31604166666667,138.02,-0.5000000000000004,0.8660254037844384,0.43388373911755823,-0.900968867902419,0,0.0,16.38,100.0,24.28
2018-10-11 22:00:00,2018-10-11 22:15:00,2018-10-11 23:00:00,14.94,3.92,4.1,78.77,8.71,3.71,18.569999999999887,66.90624999999999,40.14103665125618,41.26614583333333,138.02,-0.4422886902190014,0.8968727415326883,0.43388373911755823,-0.900968867902419,0,0.04,15.98,99.99,23.82
2018-10-11 22:15:00,2018-10-11 22:30:00,2018-10-11 23:15:00,15.84,3.78,3.92,6.3,10.58,3.42,16.049999999999883,64.30499999999998,42.716350645859194,41.1953125,138.02,-0.38268343236508956,0.9238795325112868,0.43388373911755823,-0.900968867902419,0,6.48,0.11,50.39,99.96
2018-10-11 22:30:00,2018-10-11 22:45:00,2018-10-11 23:30:00,15.95,3.71,3.78,4.25,4.5,3.49,15.509999999999884,58.94312499999999,44.56172442785822,41.187083333333334,138.02,-0.32143946530316186,0.9469301294951056,0.43388373911755823,-0.900968867902419,0,7.06,0.0,46.52,100.0
2018-10-11 22:45:00,2018-10-11 23:00:00,2018-10-11 23:45:00,15.84,3.67,3.71,4.1,4.82,3.46,15.079999999999886,53.22562499999999,45.41000729034717,41.175104166666664,138.02,-0.25881904510252157,0.9659258262890681,0.43388373911755823,-0.900968867902419,0,7.02,0.0,46.33,100.0
2018-10-11 23:00:00,2018-10-11 23:15:00,2018-10-12 00:00:00,15.66,3.78,3.67,3.92,4.79,3.49,14.939999999999888,46.617499999999986,44.42082992527284,41.16458333333333,138.02,-0.19509032201612872,0.9807852804032303,0.43388373911755823,-0.900968867902419,0,6.91,0.0,47.99,100.0
2018-10-11 23:15:00,2018-10-11 23:30:00,2018-10-12 00:15:00,14.47,4.68,3.78,3.78,4.39,3.38,15.839999999999886,42.86249999999998,45.259919699995265,41.16760416666667,138.02,-0.13052619222005168,0.9914448613738104,0.43388373911755823,-0.900968867902419,0,7.34,0.0,53.76,100.0
2018-10-11 23:30:00,2018-10-11 23:45:00,2018-10-12 00:30:00,14.21,3.82,4.68,3.71,3.49,3.42,15.949999999999886,38.139999999999986,45.14512861317403,41.17104166666666,138.02,-0.0654031292301428,0.9978589232386035,0.43388373911755823,-0.900968867902419,0,6.34,0.0,51.61,100.0
2018-10-11 23:45:00,2018-10-12 00:00:00,2018-10-12 00:45:00,14.21,3.56,3.82,3.67,3.56,3.6,15.839999999999886,31.176249999999985,41.17403002424626,41.17104166666667,138.02,0.0,1.0,-0.433883739117558,-0.9009688679024191,0,6.66,0.0,47.14,100.0
2018-10-12 00:00:00,2018-10-12 00:15:00,2018-10-12 01:00:00,14.250000000000002,3.6,3.56,3.78,3.56,3.42,15.659999999999885,25.222499999999986,37.69699697920298,41.171458333333334,138.02,0.06540312923014306,0.9978589232386035,-0.433883739117558,-0.9009688679024191,0,6.91,0.0,46.2,100.0
2018-10-12 00:15:00,2018-10-12 00:30:00,2018-10-12 01:15:00,14.36,3.49,3.6,4.68,3.53,3.56,14.469999999999887,21.30937499999999,36.48060108961224,41.17104166666667,138.02,0.13052619222005157,0.9914448613738104,-0.433883739117558,-0.9009688679024191,0,6.44,0.0,47.65,100.0
2018-10-12 00:30:00,2018-10-12 00:45:00,2018-10-12 01:30:00,14.4,3.56,3.49,3.82,3.49,3.49,14.209999999999887,15.584999999999985,31.25665429152726,41.17177083333333,138.02,0.19509032201612825,0.9807852804032304,-0.433883739117558,-0.9009688679024191,0,6.12,0.0,50.28,100.0
2018-10-12 00:45:00,2018-10-12 01:00:00,2018-10-12 01:45:00,14.4,3.56,3.56,3.56,3.53,3.42,14.209999999999887,8.659374999999986,18.11482627185345,41.17208333333333,138.02,0.25881904510252074,0.9659258262890683,-0.433883739117558,-0.9009688679024191,0,6.12,0.0,50.28,100.0
2018-10-12 01:00:00,2018-10-12 01:15:00,2018-10-12 02:00:00,14.32,3.64,3.56,3.6,3.64,3.42,14.249999999999886,3.963749999999986,0.6737476809326866,41.17208333333333,138.02,0.3214394653031616,0.9469301294951057,-0.433883739117558,-0.9009688679024191,0,6.59,0.0,48.35,100.0
2018-10-12 01:15:00,2018-10-12 01:30:00,2018-10-12 02:15:00,14.39,3.6,3.64,3.49,3.56,3.42,14.359999999999888,3.7949999999999857,0.30430248119652153,41.1725,138.02,0.3826834323650898,0.9238795325112867,-0.433883739117558,-0.9009688679024191,0,6.88,0.0,46.36,100.0
2018-10-12 01:30:00,2018-10-12 01:45:00,2018-10-12 02:30:00,14.389999999999999,3.6,3.6,3.56,3.53,3.53,14.399999999999887,3.754374999999986,0.2835262059094435,41.173229166666665,138.02,0.44228869021900125,0.8968727415326884,-0.433883739117558,-0.9009688679024191,0,6.48,0.0,48.56,100.0
2018-10-12 01:45:00,2018-10-12 02:00:00,2018-10-12 02:45:00,14.43,3.56,3.6,3.56,3.53,3.46,14.399999999999887,3.720624999999986,0.27229278256582823,41.173541666666665,138.02,0.49999999999999994,0.8660254037844387,-0.433883739117558,-0.9009688679024191,0,6.08,0.0,50.53,100.0
2018-10-12 02:00:00,2018-10-12 02:15:00,2018-10-12 03:00:00,14.76,3.56,3.56,3.64,3.6,2.84,14.319999999999887,3.698124999999986,0.2697503186976175,41.173125,138.02,0.5555702330196022,0.8314696123025452,-0.433883739117558,-0.9009688679024191,0,6.05,0.0,50.71,100.0
2018-10-12 02:15:00,2018-10-12 02:30:00,2018-10-12 03:15:00,15.629999999999999,3.67,3.56,3.6,3.67,2.77,14.389999999999887,3.6912499999999855,0.2689766487308402,41.173125,138.02,0.6087614290087207,0.7933533402912352,-0.433883739117558,-0.9009688679024191,0,6.91,0.0,46.91,100.0
2018-10-12 02:30:00,2018-10-12 02:45:00,2018-10-12 03:30:00,15.41,3.6,3.67,3.6,3.64,2.81,14.389999999999887,3.6843749999999855,0.26981402750317,41.17270833333333,138.02,0.6593458151000688,0.7518398074789774,-0.433883739117558,-0.9009688679024191,0,6.8,0.0,46.79,100.0
2018-10-12 02:45:00,2018-10-12 03:00:00,2018-10-12 03:45:00,14.87,3.6,3.6,3.56,3.6,2.81,14.429999999999886,3.679999999999986,0.27057808496344676,41.17270833333334,138.02,0.7071067811865476,0.7071067811865476,-0.433883739117558,-0.9009688679024191,0,6.55,0.0,48.17,100.0
2018-10-12 03:00:00,2018-10-12 03:15:00,2018-10-12 04:00:00,13.93,3.89,3.6,3.56,3.64,2.77,14.759999999999888,3.686874999999986,0.2744020488944619,41.1753125,138.02,0.7518398074789774,0.6593458151000688,-0.433883739117558,-0.9009688679024191,0,7.02,0.0,48.47,100.0
2018-10-12 03:15:00,2018-10-12 03:30:00,2018-10-12 04:15:00,12.38,4.54,3.89,3.67,3.64,2.88,15.629999999999885,3.678124999999986,0.2430334018967112,41.1846875,138.02,0.7933533402912352,0.6087614290087207,-0.433883739117558,-0.9009688679024191,0,8.06,0.0,49.08,100.0
2018-10-12 03:30:00,2018-10-12 03:45:00,2018-10-12 04:30:00,11.99,3.38,4.54,3.6,3.49,2.81,15.409999999999886,3.650624999999986,0.2502116293011152,41.18354166666666,138.02,0.8314696123025451,0.5555702330196024,-0.433883739117558,-0.9009688679024191,0,6.66,0.0,45.26,100.0
2018-10-12 03:45:00,2018-10-12 04:00:00,2018-10-12 04:45:00,11.92,3.06,3.38,3.6,3.06,2.81,14.869999999999886,3.6193749999999856,0.28795548169387775,41.18354166666666,138.02,0.8660254037844386,0.5000000000000001,-0.433883739117558,-0.9009688679024191,0,5.58,0.0,48.08,100.0
2018-10-12 04:00:00,2018-10-12 04:15:00,2018-10-12 05:00:00,12.030000000000001,2.95,3.06,3.89,3.35,2.84,13.929999999999886,3.5787499999999857,0.33052751407802344,41.179375,138.02,0.8968727415326884,0.44228869021900125,-0.433883739117558,-0.9009688679024191,0,5.51,0.0,47.2,100.0
2018-10-12 04:15:00,2018-10-12 04:30:00,2018-10-12 05:15:00,12.030000000000001,2.99,2.95,4.54,3.56,3.35,12.379999999999887,3.547499999999986,0.35978292074893226,41.1734375,138.02,0.9238795325112867,0.38268343236508984,-0.433883739117558,-0.9009688679024191,0,5.72,0.0,46.33,100.0
2018-10-12 04:30:00,2018-10-12 04:45:00,2018-10-12 05:30:00,12.030000000000001,2.99,2.99,3.38,3.06,3.38,11.989999999999887,3.5118749999999856,0.3841747446640289,41.17270833333333,138.02,0.9469301294951056,0.3214394653031617,-0.433883739117558,-0.9009688679024191,0,5.47,0.0,47.96,100.0
2018-10-12 04:45:00,2018-10-12 05:00:00,2018-10-12 05:45:00,12.21,2.99,2.99,3.06,2.95,2.84,11.919999999999888,3.4762499999999856,0.40397826372555135,41.173125000000006,138.02,0.9659258262890683,0.25881904510252074,-0.433883739117558,-0.9009688679024191,0,5.51,0.0,47.7,100.0
2018-10-12 05:00:00,2018-10-12 05:15:00,2018-10-12 06:00:00,12.75,3.06,2.99,2.95,3.06,2.77,12.029999999999887,3.4399999999999857,0.413566802418607,41.173125,138.02,0.9807852804032304,0.19509032201612833,-0.433883739117558,-0.9009688679024191,0,5.4,0.0,49.3,100.0
2018-10-12 05:15:00,2018-10-12 05:30:00,2018-10-12 06:15:00,12.78,2.99,3.06,2.99,3.02,2.84,12.029999999999887,3.401874999999986,0.42501792249009124,41.1728125,138.02,0.9914448613738104,0.1305261922200517,-0.433883739117558,-0.9009688679024191,0,5.4,0.0,48.44,100.0
2018-10-12 05:30:00,2018-10-12 05:45:00,2018-10-12 06:30:00,12.78,2.99,2.99,2.99,2.99,2.84,12.029999999999887,3.363749999999986,0.4328232174489202,41.1728125,138.02,0.9978589232386035,0.06540312923014327,-0.433883739117558,-0.9009688679024191,0,5.51,0.0,47.7,100.0
2018-10-12 05:45:00,2018-10-12 06:00:00,2018-10-12 06:45:00,12.559999999999999,3.17,2.99,2.99,2.99,3.38,12.209999999999887,3.3393749999999858,0.4320658045227164,41.1746875,138.02,1.0,6.123233995736766e-17,-0.433883739117558,-0.9009688679024191,0,5.72,0.0,48.47,100.0
2018-10-12 06:00:00,2018-10-12 06:15:00,2018-10-12 07:00:00,11.88,3.6,3.17,3.06,2.99,3.02,12.749999999999888,3.3418749999999857,0.43344865259665927,41.181041666666665,138.02,0.9978589232386035,-0.06540312923014314,-0.433883739117558,-0.9009688679024191,0,6.91,0.0,46.2,100.0
2018-10-12 06:15:00,2018-10-12 06:30:00,2018-10-12 07:15:00,11.739999999999998,3.02,3.6,2.99,3.31,2.84,12.779999999999887,3.3012499999999863,0.43124637686930695,41.178020833333335,138.02,0.9914448613738104,-0.1305261922200516,-0.433883739117558,-0.9009688679024191,0,5.65,0.0,47.14,100.0
2018-10-12 06:30:00,2018-10-12 06:45:00,2018-10-12 07:30:00,12.06,2.99,3.02,2.99,3.31,2.77,12.779999999999886,3.263124999999986,0.4301121765748401,41.1746875,138.02,0.9807852804032304,-0.1950903220161282,-0.433883739117558,-0.9009688679024191,0,5.62,0.0,46.97,100.0
2018-10-12 06:45:00,2018-10-12 07:00:00,2018-10-12 07:45:00,14.399999999999999,2.95,2.99,3.17,2.92,2.74,12.559999999999885,3.222499999999986,0.42706117836088925,41.175000000000004,138.02,0.9659258262890683,-0.25881904510252063,-0.433883739117558,-0.9009688679024191,0,5.62,0.0,46.48,100.0
2018-10-12 07:00:00,2018-10-12 07:15:00,2018-10-12 08:00:00,15.66,2.92,2.95,3.6,2.88,2.81,11.879999999999885,3.161874999999986,0.3956990452832281,41.17541666666667,138.02,0.9469301294951057,-0.3214394653031616,-0.433883739117558,-0.9009688679024191,0,5.4,0.0,47.57,100.0
2018-10-12 07:15:00,2018-10-12 07:30:00,2018-10-12 08:15:00,40.1,2.88,2.92,3.02,2.88,2.92,11.739999999999887,3.0581249999999858,0.17910258076915775,41.17541666666666,138.02,0.9238795325112868,-0.3826834323650895,-0.433883739117558,-0.9009688679024191,0,5.29,0.0,47.82,100.0
2018-10-12 07:30:00,2018-10-12 07:45:00,2018-10-12 08:30:00,94.28,3.31,2.88,2.99,3.42,2.99,12.059999999999887,3.0537499999999858,0.17189658973690405,41.17427083333333,138.02,0.8968727415326884,-0.44228869021900113,-0.433883739117558,-0.9009688679024191,0,5.72,0.0,50.09,100.0
2018-10-12 07:45:00,2018-10-12 08:00:00,2018-10-12 08:45:00,187.34,5.29,3.31,2.95,4.57,3.17,14.399999999999885,3.193124999999986,0.5680417981434321,41.18177083333334,138.02,0.8660254037844387,-0.4999999999999998,-0.433883739117558,-0.9009688679024191,0,7.24,0.0,59.0,100.0
2018-10-12 08:00:00,2018-10-12 08:15:00,2018-10-12 09:00:00,304.88,4.18,5.29,2.92,4.18,3.17,15.659999999999886,3.269999999999986,0.6115042927592077,41.18177083333333,138.02,0.8314696123025451,-0.5555702330196023,-0.433883739117558,-0.9009688679024191,0,6.7,0.0,52.93,100.0
2018-10-12 08:15:00,2018-10-12 08:30:00,2018-10-12 09:15:00,370.65999999999997,27.32,4.18,2.88,47.16,29.84,40.09999999999989,4.790624999999986,5.848665946986223,40.97510416666667,138.02,0.7933533402912352,-0.6087614290087207,-0.433883739117558,-0.9009688679024191,0,27.5,0.0,70.48,100.0
2018-10-12 08:30:00,2018-10-12 08:45:00,2018-10-12 09:30:00,370.80999999999995,57.49,27.32,3.31,106.49,46.91,94.27999999999989,8.196874999999986,13.999222174264988,40.464687500000004,138.02,0.7518398074789774,-0.6593458151000688,-0.433883739117558,-0.9009688679024191,0,54.76,0.0,72.41,100.0
2018-10-12 08:45:00,2018-10-12 09:00:00,2018-10-12 09:45:00,323.76,98.35,57.49,5.29,136.01,50.87,187.3399999999999,14.156874999999985,25.82123683103553,40.07239583333333,138.02,0.7071067811865476,-0.7071067811865475,-0.433883739117558,-0.9009688679024191,0,67.97,0.0,82.27,100.0
2018-10-12 09:00:00,2018-10-12 09:15:00,2018-10-12 10:00:00,264.86,121.72,98.35,4.18,113.83,55.94,304.8799999999999,21.573124999999983,36.43011575584708,40.154583333333335,138.02,0.659345815100069,-0.7518398074789773,-0.433883739117558,-0.9009688679024191,0,67.39,0.0,87.49,100.0
2018-10-12 09:15:00,2018-10-12 09:30:00,2018-10-12 10:15:00,214.53,93.1,121.72,27.32,138.02,51.05,370.65999999999985,27.204999999999984,39.92001878757119,39.68666666666667,137.16,0.6087614290087209,-0.793353340291235,-0.433883739117558,-0.9009688679024191,0,47.45,0.0,89.1,100.0
2018-10-12 09:30:00,2018-10-12 09:45:00,2018-10-12 10:30:00,207.29000000000002,57.64,93.1,57.49,95.94,56.16,370.8099999999999,30.620624999999983,40.039812603949684,39.287708333333335,137.16,0.5555702330196025,-0.831469612302545,-0.433883739117558,-0.9009688679024191,0,32.94,0.0,86.82,100.0
2018-10-12 09:45:00,2018-10-12 10:00:00,2018-10-12 10:45:00,218.77,51.3,57.64,98.35,103.0,54.65,323.7599999999999,33.62874999999998,39.67075762999151,38.74916666666667,137.16,0.49999999999999994,-0.8660254037844387,-0.433883739117558,-0.9009688679024191,0,28.62,0.0,87.33,100.0
2018-10-12 10:00:00,2018-10-12 10:15:00,2018-10-12 11:00:00,207.29,62.82,51.3,121.72,75.13,56.48,264.8599999999999,37.329999999999984,39.45845869392298,38.6209375,137.16,0.4422886902190017,-0.8968727415326881,-0.433883739117558,-0.9009688679024191,0,41.4,0.0,83.5,100.0
2018-10-12 10:15:00,2018-10-12 10:30:00,2018-10-12 11:15:00,218.27,42.77,62.82,93.1,99.97,51.84,214.5299999999999,39.814374999999984,38.45873031067716,38.025104166666665,137.16,0.3826834323650899,-0.9238795325112867,-0.433883739117558,-0.9009688679024191,0,21.13,0.0,89.66,100.0
2018-10-12 10:30:00,2018-10-12 10:45:00,2018-10-12 11:30:00,216.47,50.4,42.77,57.64,101.48,50.72,207.28999999999988,42.77749999999998,37.31682102283124,37.49302083333333,137.16,0.32143946530316175,-0.9469301294951056,-0.433883739117558,-0.9009688679024191,0,28.37,0.0,87.14,100.0
2018-10-12 10:45:00,2018-10-12 11:00:00,2018-10-12 11:45:00,212.07999999999998,62.78,50.4,51.3,119.77,55.62,218.7699999999999,46.516874999999985,36.116881045909686,36.899375,137.16,0.258819045102521,-0.9659258262890682,-0.433883739117558,-0.9009688679024191,0,41.58,0.0,83.37,100.0
2018-10-12 11:00:00,2018-10-12 11:15:00,2018-10-12 12:00:00,208.66000000000003,51.34,62.78,62.82,102.1,58.0,207.2899999999999,49.54312499999998,34.32101173456848,36.370625,137.16,0.19509032201612816,-0.9807852804032304,-0.433883739117558,-0.9009688679024191,0,27.43,0.0,88.2,100.0
2018-10-12 11:15:00,2018-10-12 11:30:00,2018-10-12 12:15:00,159.23000000000002,53.75,51.34,42.77,137.16,57.24,218.2699999999999,52.72249999999998,32.13781388411491,35.50177083333333,121.72,0.130526192220052,-0.9914448613738104,-0.433883739117558,-0.9009688679024191,0,30.89,0.0,86.7,100.0
2018-10-12 11:30:00,2018-10-12 11:45:00,2018-10-12 12:30:00,114.88,48.6,53.75,50.4,85.68,51.48,216.46999999999989,55.55312499999999,29.551465851703213,35.115520833333335,121.72,0.06540312923014312,-0.9978589232386035,-0.433883739117558,-0.9009688679024191,0,25.38,0.0,88.64,100.0
2018-10-12 11:45:00,2018-10-12 12:00:00,2018-10-12 12:45:00,60.99,58.39,48.6,62.78,99.47,59.51,212.07999999999987,58.87187499999998,26.549560546916354,34.68760416666667,121.72,1.2246467991473532e-16,-1.0,-0.433883739117558,-0.9009688679024191,0,38.16,0.0,83.71,100.0
2018-10-12 12:00:00,2018-10-12 12:15:00,2018-10-12 13:00:00,17.71,47.92,58.39,51.34,110.52,47.27,208.65999999999988,61.60562499999999,22.758562665717147,34.03552083333334,121.72,-0.06540312923014287,-0.9978589232386035,-0.433883739117558,-0.9009688679024191,0,33.26,0.54,82.15,99.99
2018-10-12 12:15:00,2018-10-12 12:30:00,2018-10-12 13:15:00,50.25,4.32,47.92,53.75,12.02,4.75,159.22999999999988,60.16812499999998,25.446403286798233,33.9553125,121.72,-0.13052619222005177,-0.9914448613738104,-0.433883739117558,-0.9009688679024191,0,0.0,17.78,100.0,23.61
2018-10-12 12:30:00,2018-10-12 12:45:00,2018-10-12 13:30:00,106.05,4.25,4.32,48.6,8.03,5.54,114.87999999999988,56.84062499999998,28.834462121901623,33.9159375,121.72,-0.19509032201612792,-0.9807852804032305,-0.433883739117558,-0.9009688679024191,0,0.0,17.53,100.0,23.56
2018-10-12 12:45:00,2018-10-12 13:00:00,2018-10-12 13:45:00,155.15,4.5,4.25,58.39,8.06,5.18,60.98999999999989,50.97499999999998,29.33517854044885,33.87885416666666,121.72,-0.2588190451025208,-0.9659258262890683,-0.433883739117558,-0.9009688679024191,0,0.0,16.52,100.0,26.28
2018-10-12 13:00:00,2018-10-12 13:15:00,2018-10-12 14:00:00,200.58999999999997,4.64,4.5,47.92,7.88,4.46,17.709999999999887,43.657499999999985,25.067642863859753,33.845104166666665,121.72,-0.32143946530316153,-0.9469301294951057,-0.433883739117558,-0.9009688679024191,0,0.0,16.63,100.0,26.87
2018-10-12 13:15:00,2018-10-12 13:30:00,2018-10-12 14:15:00,202.90000000000003,36.86,4.64,4.32,36.97,33.84,50.249999999999886,40.142499999999984,21.590144018742038,33.84395833333333,121.72,-0.38268343236508967,-0.9238795325112868,-0.433883739117558,-0.9009688679024191,0,17.6,4.79,90.24,99.17
2018-10-12 13:30:00,2018-10-12 13:45:00,2018-10-12 14:30:00,198.72000000000003,60.05,36.86,4.25,65.02,59.65,106.04999999999988,40.29312499999999,21.71970899861224,33.792187500000004,121.72,-0.44228869021900147,-0.8968727415326883,-0.433883739117558,-0.9009688679024191,0,37.84,0.0,84.6,100.0
2018-10-12 13:45:00,2018-10-12 14:00:00,2018-10-12 14:45:00,199.05,53.6,60.05,4.5,51.19,54.79,155.1499999999999,40.436874999999986,21.79954578619466,33.81729166666667,121.72,-0.4999999999999997,-0.8660254037844388,-0.433883739117558,-0.9009688679024191,0,31.72,0.0,86.06,100.0
2018-10-12 14:00:00,2018-10-12 14:15:00,2018-10-12 15:00:00,193.61,50.08,53.6,4.64,56.99,54.22,200.5899999999999,39.640624999999986,21.191632331167842,33.7453125,121.72,-0.555570233019602,-0.8314696123025455,-0.433883739117558,-0.9009688679024191,0,28.62,0.0,86.82,100.0
2018-10-12 14:15:00,2018-10-12 14:30:00,2018-10-12 15:15:00,198.5,39.17,50.08,36.86,50.72,53.35,202.8999999999999,39.41562499999999,21.176317836427522,33.625,121.72,-0.6087614290087207,-0.7933533402912352,-0.433883739117558,-0.9009688679024191,0,11.56,0.0,95.91,100.0
2018-10-12 14:30:00,2018-10-12 14:45:00,2018-10-12 15:30:00,186.95,55.87,39.17,60.05,37.04,56.23,198.7199999999999,39.757499999999986,21.39392860720123,33.82114583333333,121.72,-0.6593458151000688,-0.7518398074789774,-0.433883739117558,-0.9009688679024191,0,27.32,0.0,89.83,100.0
2018-10-12 14:45:00,2018-10-12 15:00:00,2018-10-12 15:45:00,200.09,53.93,55.87,53.6,35.68,56.2,199.04999999999987,39.204374999999985,20.9002571661068,34.01125,121.72,-0.7071067811865471,-0.7071067811865479,-0.433883739117558,-0.9009688679024191,0,25.52,0.0,90.39,100.0
2018-10-12 15:00:00,2018-10-12 15:15:00,2018-10-12 16:00:00,200.56,44.64,53.93,50.08,41.8,41.98,193.6099999999999,38.78562499999999,20.719252812526786,34.04083333333333,121.72,-0.7518398074789773,-0.6593458151000691,-0.433883739117558,-0.9009688679024191,0,20.84,0.0,90.61,100.0
2018-10-12 15:15:00,2018-10-12 15:30:00,2018-10-12 16:15:00,204.49,44.06,44.64,39.17,45.79,43.27,198.4999999999999,38.17999999999999,20.41233848680804,34.0228125,121.72,-0.7933533402912349,-0.6087614290087209,-0.433883739117558,-0.9009688679024191,0,21.71,0.0,89.7,100.0
2018-10-12 15:30:00,2018-10-12 15:45:00,2018-10-12 16:30:00,207.37,44.32,44.06,55.87,49.36,44.86,186.94999999999987,37.91249999999999,20.301778401165375,33.9703125,121.72,-0.8314696123025452,-0.5555702330196022,-0.433883739117558,-0.9009688679024191,0,19.33,0.0,91.66,100.0
2018-10-12 15:45:00,2018-10-12 16:00:00,2018-10-12 16:45:00,186.70000000000002,67.07,44.32,53.93,65.27,50.22,200.0899999999999,38.454999999999984,20.94743152513034,33.989062499999996,121.72,-0.8660254037844385,-0.5000000000000004,-0.433883739117558,-0.9009688679024191,0,45.04,0.0,83.02,100.0
2018-10-12 16:00:00,2018-10-12 16:15:00,2018-10-12 17:00:00,192.89,45.11,67.07,44.64,62.82,51.73,200.5599999999999,38.27937499999998,20.879007839440064,33.80458333333333,121.72,-0.8968727415326883,-0.44228869021900136,-0.433883739117558,-0.9009688679024191,0,22.54,0.0,89.45,100.0
2018-10-12 16:15:00,2018-10-12 16:30:00,2018-10-12 17:15:00,202.67999999999998,47.99,45.11,44.06,59.76,50.4,204.48999999999987,41.008749999999985,19.03416792080814,33.68197916666667,121.72,-0.9238795325112868,-0.3826834323650895,-0.433883739117558,-0.9009688679024191,0,27.29,0.0,86.93,100.0
2018-10-12 16:30:00,2018-10-12 16:45:00,2018-10-12 17:30:00,200.37,47.2,47.99,44.32,44.24,48.42,207.3699999999999,43.69312499999999,16.523893199981465,33.7128125,121.72,-0.9469301294951056,-0.3214394653031618,-0.433883739117558,-0.9009688679024191,0,26.32,0.0,87.34,100.0
2018-10-12 16:45:00,2018-10-12 17:00:00,2018-10-12 17:45:00,183.17,46.4,47.2,67.07,57.06,46.04,186.69999999999987,46.311874999999986,13.062650103803245,33.60177083333333,121.72,-0.9659258262890683,-0.25881904510252063,-0.433883739117558,-0.9009688679024191,0,23.29,0.0,89.37,100.0
2018-10-12 17:00:00,2018-10-12 17:15:00,2018-10-12 18:00:00,161.43,51.3,46.4,45.11,60.52,46.98,192.88999999999987,49.22812499999999,7.426259336596571,33.50572916666666,121.72,-0.9807852804032303,-0.19509032201612866,-0.433883739117558,-0.9009688679024191,0,32.33,0.0,84.6,100.0
2018-10-12 17:15:00,2018-10-12 17:30:00,2018-10-12 18:15:00,154.59,57.78,51.3,47.99,98.64,43.96,202.6799999999999,50.53562499999999,6.9606051898801375,33.080104166666665,121.72,-0.9914448613738104,-0.13052619222005163,-0.433883739117558,-0.9009688679024191,0,36.68,0.0,84.43,100.0
2018-10-12 17:30:00,2018-10-12 17:45:00,2018-10-12 18:30:00,181.12,44.89,57.78,47.2,53.75,41.94,200.3699999999999,49.588124999999984,6.624698312707332,32.9878125,121.72,-0.9978589232386035,-0.06540312923014273,-0.433883739117558,-0.9009688679024191,0,19.84,0.11,91.46,100.0
2018-10-12 17:45:00,2018-10-12 18:00:00,2018-10-12 18:45:00,199.26000000000002,29.2,44.89,46.4,31.18,32.08,183.1699999999999,48.06312499999998,8.156885679252165,32.9671875,121.72,-1.0,-1.8369701987210297e-16,-0.433883739117558,-0.9009688679024191,0,1.15,1.58,99.92,99.85
2018-10-12 18:00:00,2018-10-12 18:15:00,2018-10-12 19:00:00,226.07999999999998,29.56,29.2,51.3,31.25,30.67,161.4299999999999,46.780624999999986,9.275429551206265,32.94958333333334,121.72,-0.9978589232386036,0.06540312923014237,-0.433883739117558,-0.9009688679024191,0,6.41,0.58,97.73,99.98
2018-10-12 18:15:00,2018-10-12 18:30:00,2018-10-12 19:15:00,245.56,50.94,29.56,57.78,45.4,39.71,154.5899999999999,47.51624999999998,9.10788797897266,33.00729166666667,121.72,-0.9914448613738105,0.13052619222005127,-0.433883739117558,-0.9009688679024191,0,39.17,0.0,79.27,100.0
2018-10-12 18:30:00,2018-10-12 18:45:00,2018-10-12 19:30:00,223.6,71.42,50.94,44.89,89.5,42.19,181.1199999999999,48.48812499999999,10.647034339870826,32.818958333333335,121.72,-0.9807852804032304,0.1950903220161283,-0.433883739117558,-0.9009688679024191,0,60.66,0.0,76.22,100.0
2018-10-12 18:45:00,2018-10-12 19:00:00,2018-10-12 19:45:00,221.8,47.34,71.42,29.2,95.15,47.45,199.25999999999988,48.07624999999999,10.555624611434137,32.3209375,121.72,-0.9659258262890684,0.2588190451025203,-0.433883739117558,-0.9009688679024191,0,24.26,0.0,88.99,100.0
2018-10-12 19:00:00,2018-10-12 19:15:00,2018-10-12 20:00:00,215.45999999999998,56.38,47.34,29.56,109.51,50.29,226.0799999999999,48.80999999999999,10.698333982448542,31.7675,121.72,-0.9469301294951057,0.3214394653031615,-0.433883739117558,-0.9009688679024191,0,33.73,0.0,85.82,100.0
2018-10-12 19:15:00,2018-10-12 19:30:00,2018-10-12 20:15:00,191.19,70.42,56.38,50.94,64.76,49.82,245.5599999999999,50.45749999999999,11.811729075372982,31.826458333333335,121.72,-0.923879532511287,0.38268343236508917,-0.433883739117558,-0.9009688679024191,0,49.82,0.0,81.64,100.0
2018-10-12 19:30:00,2018-10-12 19:45:00,2018-10-12 20:30:00,209.76999999999998,49.46,70.42,71.42,79.38,45.79,223.59999999999988,50.77874999999999,11.709894253899611,31.514791666666667,121.72,-0.8968727415326884,0.442288690219001,-0.433883739117558,-0.9009688679024191,0,30.38,0.0,85.21,100.0
2018-10-12 19:45:00,2018-10-12 20:00:00,2018-10-12 20:45:00,227.99,45.54,49.46,47.34,114.98,49.46,221.79999999999987,49.43312499999999,10.974442878086686,30.791458333333335,121.72,-0.8660254037844386,0.5000000000000001,-0.433883739117558,-0.9009688679024191,0,24.98,0.0,87.68,100.0
2018-10-12 20:00:00,2018-10-12 20:15:00,2018-10-12 21:00:00,214.35,50.04,45.54,56.38,98.86,50.58,215.45999999999987,49.74124999999999,10.91780133257206,30.282916666666665,121.72,-0.8314696123025455,0.5555702330196018,-0.433883739117558,-0.9009688679024191,0,32.98,0.0,83.5,100.0
2018-10-12 20:15:00,2018-10-12 20:30:00,2018-10-12 21:15:00,172.52,46.15,50.04,70.42,66.1,54.32,191.18999999999986,49.626249999999985,10.94529800587962,30.075104166666666,121.72,-0.7933533402912357,0.6087614290087199,-0.433883739117558,-0.9009688679024191,0,26.78,0.0,86.49,100.0
2018-10-12 20:30:00,2018-10-12 20:45:00,2018-10-12 21:30:00,108.68999999999998,68.04,46.15,49.46,95.15,58.9,209.76999999999987,50.92874999999999,11.786719685201263,29.792708333333334,121.72,-0.7518398074789772,0.6593458151000691,-0.433883739117558,-0.9009688679024191,0,53.5,0.0,78.61,100.0
2018-10-12 20:45:00,2018-10-12 21:00:00,2018-10-12 21:45:00,48.78,63.76,68.04,45.54,114.37,55.08,227.98999999999987,52.01374999999999,12.114361247606485,29.26552083333333,121.72,-0.7071067811865477,0.7071067811865474,-0.433883739117558,-0.9009688679024191,0,51.55,0.0,77.76,100.0
2018-10-12 21:00:00,2018-10-12 21:15:00,2018-10-12 22:00:00,16.12,36.4,63.76,50.04,78.77,30.92,214.34999999999985,51.08249999999999,12.692340455960467,28.824166666666667,121.72,-0.6593458151000687,0.7518398074789775,-0.433883739117558,-0.9009688679024191,0,16.2,1.22,91.36,99.94
2018-10-12 21:15:00,2018-10-12 21:30:00,2018-10-12 22:15:00,15.360000000000001,4.32,36.4,46.15,6.3,5.0,172.51999999999987,47.74124999999999,16.84632707558281,28.80354166666667,121.72,-0.608761429008721,0.7933533402912349,-0.433883739117558,-0.9009688679024191,0,0.0,16.45,100.0,25.4
2018-10-12 21:30:00,2018-10-12 21:45:00,2018-10-12 22:30:00,14.71,4.21,4.32,68.04,4.25,3.82,108.68999999999986,45.19874999999998,19.881195535920803,28.803125000000005,121.72,-0.555570233019603,0.8314696123025447,-0.433883739117558,-0.9009688679024191,0,0.0,17.82,100.0,22.99
2018-10-12 21:45:00,2018-10-12 22:00:00,2018-10-12 22:45:00,14.39,3.85,4.21,63.76,4.1,3.85,48.77999999999986,43.61437499999999,21.99117179936972,28.800520833333334,121.72,-0.5000000000000004,0.8660254037844384,-0.433883739117558,-0.9009688679024191,0,0.0,18.22,100.0,20.67
2018-10-12 22:00:00,2018-10-12 22:15:00,2018-10-12 23:00:00,15.010000000000002,3.74,3.85,36.4,3.92,3.89,16.11999999999986,42.000624999999985,23.83348418421855,28.798645833333328,121.72,-0.4422886902190014,0.8968727415326883,-0.433883739117558,-0.9009688679024191,0,0.0,17.68,100.0,20.7
2018-10-12 22:15:00,2018-10-12 22:30:00,2018-10-12 23:15:00,16.02,3.56,3.74,4.32,3.78,3.56,15.359999999999857,39.03937499999999,25.42885257653988,28.796354166666664,121.72,-0.38268343236508956,0.9238795325112868,-0.433883739117558,-0.9009688679024191,0,6.16,0.14,50.04,99.92
2018-10-12 22:30:00,2018-10-12 22:45:00,2018-10-12 23:30:00,16.1,3.56,3.56,4.21,3.71,3.53,14.709999999999857,34.798124999999985,25.33339525674369,28.79479166666667,121.72,-0.32143946530316186,0.9469301294951056,-0.433883739117558,-0.9009688679024191,0,6.23,0.0,49.61,100.0
2018-10-12 22:45:00,2018-10-12 23:00:00,2018-10-12 23:45:00,16.060000000000002,3.53,3.56,3.85,3.67,3.6,14.389999999999858,32.05999999999999,26.183170167113676,28.793333333333333,121.72,-0.25881904510252157,0.9659258262890681,-0.433883739117558,-0.9009688679024191,0,6.08,0.0,50.21,100.0
2018-10-12 23:00:00,2018-10-12 23:15:00,2018-10-13 00:00:00,14.360000000000001,4.36,3.53,3.74,3.78,3.53,15.009999999999858,28.808749999999986,26.191162601868886,28.799375,121.72,-0.19509032201612872,0.9807852804032303,-0.433883739117558,-0.9009688679024191,0,6.01,0.0,58.72,100.0
2018-10-12 23:15:00,2018-10-12 23:30:00,2018-10-13 00:15:00,13.430000000000001,4.57,4.36,3.56,4.68,3.42,16.019999999999857,24.693124999999984,24.444629962108547,28.798229166666662,121.72,-0.13052619222005168,0.9914448613738104,-0.433883739117558,-0.9009688679024191,0,5.54,0.0,63.63,100.0
2018-10-12 23:30:00,2018-10-12 23:45:00,2018-10-13 00:30:00,13.350000000000001,3.64,4.57,3.56,3.82,3.46,16.09999999999986,21.829374999999988,24.056259442386676,28.79635416666667,121.72,-0.0654031292301428,0.9978589232386035,-0.433883739117558,-0.9009688679024191,0,5.26,0.0,56.9,100.0
2018-10-12 23:45:00,2018-10-13 00:00:00,2018-10-13 00:45:00,13.420000000000002,3.49,3.64,3.53,3.56,3.42,16.059999999999857,19.201249999999987,23.615254835329345,28.795624999999998,121.72,0.0,1.0,-0.9749279121818236,-0.2225209339563146,1,6.26,0.0,48.69,100.0
2018-10-13 00:00:00,2018-10-13 00:15:00,2018-10-13 01:00:00,14.4,2.66,3.49,4.36,3.6,3.17,14.359999999999859,16.239999999999984,22.507171912527113,28.785833333333333,121.72,0.06540312923014306,0.9978589232386035,-0.9749279121818236,-0.2225209339563146,1,4.32,0.0,52.43,100.0
2018-10-13 00:15:00,2018-10-13 00:30:00,2018-10-13 01:15:00,14.36,3.64,2.66,4.57,3.49,3.42,13.429999999999858,13.583124999999987,21.296086412400456,28.787395833333335,121.72,0.13052619222005157,0.9914448613738104,-0.9749279121818236,-0.2225209339563146,1,7.06,0.0,45.83,100.0
2018-10-13 00:30:00,2018-10-13 00:45:00,2018-10-13 01:30:00,14.440000000000001,3.56,3.64,3.64,3.56,3.42,13.349999999999858,9.553124999999987,16.06905050040082,28.787395833333335,121.72,0.19509032201612825,0.9807852804032304,-0.9749279121818236,-0.2225209339563146,1,7.09,0.0,44.87,100.0
2018-10-13 00:45:00,2018-10-13 01:00:00,2018-10-13 01:45:00,14.440000000000001,3.56,3.56,3.49,3.56,3.28,13.419999999999858,5.790624999999985,7.915411761837545,28.787395833333335,121.72,0.25881904510252074,0.9659258262890683,-0.9749279121818236,-0.2225209339563146,1,7.24,0.0,44.13,100.0
2018-10-13 01:00:00,2018-10-13 01:15:00,2018-10-13 02:00:00,14.4,3.64,3.56,2.66,3.64,2.88,14.399999999999858,3.743124999999986,0.4384021948376401,28.78739583333333,121.72,0.3214394653031616,0.9469301294951057,-0.9749279121818236,-0.2225209339563146,1,7.49,0.0,43.71,100.0
2018-10-13 01:15:00,2018-10-13 01:30:00,2018-10-13 02:15:00,14.4,3.6,3.64,3.64,3.6,2.84,14.359999999999859,3.698124999999986,0.4131013609739271,28.787395833333335,121.72,0.3826834323650898,0.9238795325112867,-0.9749279121818236,-0.2225209339563146,1,7.42,0.0,43.65,100.0
2018-10-13 01:30:00,2018-10-13 01:45:00,2018-10-13 02:30:00,14.25,3.64,3.6,3.56,3.6,3.06,14.43999999999986,3.662499999999986,0.3914316671700834,28.7878125,121.72,0.44228869021900125,0.8968727415326884,-0.9749279121818236,-0.2225209339563146,1,7.42,0.0,44.04,100.0
2018-10-13 01:45:00,2018-10-13 02:00:00,2018-10-13 02:45:00,14.250000000000002,3.56,3.64,3.56,3.56,3.49,14.43999999999986,3.644374999999986,0.38903677131933345,28.7878125,121.72,0.49999999999999994,0.8660254037844387,-0.9749279121818236,-0.2225209339563146,1,7.34,0.0,43.64,100.0
2018-10-13 02:00:00,2018-10-13 02:15:00,2018-10-13 03:00:00,13.780000000000001,3.6,3.56,3.64,3.56,3.06,14.399999999999858,3.635624999999986,0.38836144175056975,28.788229166666667,121.72,0.5555702330196022,0.8314696123025452,-0.9749279121818236,-0.2225209339563146,1,7.45,0.0,43.51,100.0
2018-10-13 02:15:00,2018-10-13 02:30:00,2018-10-13 03:15:00,12.95,3.6,3.6,3.6,3.67,2.92,14.399999999999858,3.638124999999986,0.3879951474420503,28.787499999999998,121.72,0.6087614290087207,0.7933533402912352,-0.9749279121818236,-0.2225209339563146,1,7.49,0.0,43.32,100.0
2018-10-13 02:30:00,2018-10-13 02:45:00,2018-10-13 03:30:00,12.27,3.49,3.6,3.64,3.6,2.92,14.249999999999858,3.633749999999986,0.3892440591243279,28.78635416666667,121.72,0.6593458151000688,0.7518398074789774,-0.9749279121818236,-0.2225209339563146,1,5.9,0.0,50.91,100.0
2018-10-13 02:45:00,2018-10-13 03:00:00,2018-10-13 03:45:00,11.48,3.56,3.49,3.56,3.6,2.84,14.24999999999986,3.635624999999986,0.3888117917946692,28.7859375,121.72,0.7071067811865476,0.7071067811865476,-0.9749279121818236,-0.2225209339563146,1,6.05,0.0,50.71,100.0
2018-10-13 03:00:00,2018-10-13 03:15:00,2018-10-13 04:00:00,11.23,3.13,3.56,3.6,3.89,2.84,13.779999999999857,3.5587499999999856,0.3583970389995818,28.778020833333333,121.72,0.7518398074789774,0.6593458151000688,-0.9749279121818236,-0.2225209339563146,1,5.08,0.0,52.46,100.0
2018-10-13 03:15:00,2018-10-13 03:30:00,2018-10-13 04:15:00,11.66,2.77,3.13,3.6,4.54,2.84,12.949999999999857,3.446249999999986,0.3012655598700163,28.759583333333335,121.72,0.7933533402912352,0.6087614290087207,-0.9749279121818236,-0.2225209339563146,1,4.21,0.0,54.97,100.0
2018-10-13 03:30:00,2018-10-13 03:45:00,2018-10-13 04:30:00,12.38,2.81,2.77,3.49,3.38,3.06,12.269999999999857,3.394374999999986,0.3332035555615408,28.753645833333334,121.72,0.8314696123025451,0.5555702330196024,-0.9749279121818236,-0.2225209339563146,1,4.32,0.0,54.53,100.0
2018-10-13 03:45:00,2018-10-13 04:00:00,2018-10-13 04:45:00,12.489999999999998,2.77,2.81,3.56,3.06,3.56,11.479999999999858,3.349374999999986,0.36440823184843596,28.750625,121.72,0.8660254037844386,0.5000000000000001,-0.9749279121818236,-0.2225209339563146,1,4.39,0.0,53.36,100.0
2018-10-13 04:00:00,2018-10-13 04:15:00,2018-10-13 05:00:00,12.42,2.88,2.77,3.13,2.95,3.46,11.229999999999858,3.363124999999986,0.34157207795557293,28.749895833333337,121.72,0.8968727415326884,0.44228869021900125,-0.9749279121818236,-0.2225209339563146,1,4.46,0.0,54.25,100.0
2018-10-13 04:15:00,2018-10-13 04:30:00,2018-10-13 05:15:00,12.030000000000001,3.2,2.88,2.77,2.99,3.28,11.659999999999858,3.3356249999999856,0.3358379213830966,28.75208333333333,121.72,0.9238795325112867,0.38268343236508984,-0.9749279121818236,-0.2225209339563146,1,5.36,0.0,51.26,100.0
2018-10-13 04:30:00,2018-10-13 04:45:00,2018-10-13 05:30:00,11.34,3.53,3.2,2.81,2.99,2.92,12.379999999999859,3.3337499999999856,0.33466167627011173,28.757708333333337,121.72,0.9469301294951056,0.3214394653031617,-0.9749279121818236,-0.2225209339563146,1,6.19,0.0,49.54,100.0
2018-10-13 04:45:00,2018-10-13 05:00:00,2018-10-13 05:45:00,11.270000000000001,2.88,3.53,2.77,2.99,2.95,12.489999999999856,3.291249999999986,0.34620938399178164,28.756562499999998,121.72,0.9659258262890683,0.25881904510252074,-0.9749279121818236,-0.2225209339563146,1,4.57,0.0,53.32,100.0
2018-10-13 05:00:00,2018-10-13 05:15:00,2018-10-13 06:00:00,11.66,2.81,2.88,2.88,3.06,2.92,12.419999999999858,3.2393749999999857,0.35219789811841196,28.753958333333333,121.72,0.9807852804032304,0.19509032201612833,-0.9749279121818236,-0.2225209339563146,1,4.28,0.0,54.88,100.0
2018-10-13 05:15:00,2018-10-13 05:30:00,2018-10-13 06:15:00,12.160000000000002,2.81,2.81,3.2,2.99,2.92,12.029999999999857,3.1899999999999857,0.35355339068390057,28.752083333333335,121.72,0.9914448613738104,0.1305261922200517,-0.9749279121818236,-0.2225209339563146,1,4.28,0.0,54.88,100.0
2018-10-13 05:30:00,2018-10-13 05:45:00,2018-10-13 06:30:00,12.09,2.84,2.81,3.53,2.99,2.92,11.339999999999858,3.139999999999986,0.34278273011360866,28.75052083333333,121.72,0.9978589232386035,0.06540312923014327,-0.9749279121818236,-0.2225209339563146,1,4.36,0.0,54.58,100.0
2018-10-13 05:45:00,2018-10-13 06:00:00,2018-10-13 06:45:00,12.12,2.81,2.84,2.88,3.17,3.1,11.269999999999857,3.0931249999999855,0.3332926408416361,28.74677083333333,121.72,1.0,6.123233995736766e-17,-0.9749279121818236,-0.2225209339563146,1,4.28,0.0,54.88,100.0
2018-10-13 06:00:00,2018-10-13 06:15:00,2018-10-13 07:00:00,11.69,3.2,2.81,2.81,3.6,3.28,11.659999999999858,3.068124999999986,0.3084075784399923,28.742604166666666,121.72,0.9978589232386035,-0.06540312923014314,-0.9749279121818236,-0.2225209339563146,1,5.4,0.0,50.98,100.0
2018-10-13 06:15:00,2018-10-13 06:30:00,2018-10-13 07:15:00,11.12,3.31,3.2,2.81,3.02,2.88,12.159999999999858,3.049999999999986,0.2841874382590483,28.745625,121.72,0.9914448613738104,-0.1305261922200516,-0.9749279121818236,-0.2225209339563146,1,5.98,0.0,48.43,100.0
2018-10-13 06:30:00,2018-10-13 06:45:00,2018-10-13 07:30:00,11.3,2.77,3.31,2.84,2.99,2.88,12.089999999999858,3.0049999999999857,0.2674649510950753,28.743333333333336,121.72,0.9807852804032304,-0.1950903220161282,-0.9749279121818236,-0.2225209339563146,1,4.61,0.0,51.5,100.0
2018-10-13 06:45:00,2018-10-13 07:00:00,2018-10-13 07:45:00,11.66,2.84,2.77,2.81,2.95,2.92,12.119999999999859,2.9599999999999858,0.2279528461422266,28.7421875,121.72,0.9659258262890683,-0.25881904510252063,-0.9749279121818236,-0.2225209339563146,1,4.72,0.0,51.56,100.0
2018-10-13 07:00:00,2018-10-13 07:15:00,2018-10-13 08:00:00,12.17,2.77,2.84,3.2,2.92,2.92,11.689999999999857,2.937499999999986,0.2278294319537468,28.740624999999998,121.72,0.9469301294951057,-0.3214394653031616,-0.9749279121818236,-0.2225209339563146,1,4.57,0.0,51.83,100.0
2018-10-13 07:15:00,2018-10-13 07:30:00,2018-10-13 08:15:00,37.94,2.74,2.77,3.31,2.88,2.88,11.119999999999857,2.9356249999999857,0.22931879434396357,28.739166666666666,121.72,0.9238795325112868,-0.3826834323650895,-0.9749279121818236,-0.2225209339563146,1,4.39,0.0,52.95,100.0
2018-10-13 07:30:00,2018-10-13 07:45:00,2018-10-13 08:30:00,86.97,2.95,2.74,2.77,3.31,3.35,11.299999999999859,2.9443749999999858,0.2270178614985156,28.73541666666667,121.72,0.8968727415326884,-0.44228869021900113,-0.9749279121818236,-0.2225209339563146,1,4.5,0.0,54.83,100.0
2018-10-13 07:45:00,2018-10-13 08:00:00,2018-10-13 08:45:00,156.06,3.2,2.95,2.84,5.29,3.56,11.659999999999858,2.9712499999999857,0.2302138952459842,28.71364583333333,121.72,0.8660254037844387,-0.4999999999999998,-0.9749279121818236,-0.2225209339563146,1,4.28,0.0,59.88,100.0
2018-10-13 08:00:00,2018-10-13 08:15:00,2018-10-13 09:00:00,212.04,3.28,3.2,2.77,4.18,9.72,12.16999999999986,2.9962499999999856,0.24043905166237212,28.704270833333336,121.72,0.8314696123025451,-0.5555702330196023,-0.9749279121818236,-0.2225209339563146,1,4.36,0.0,60.12,100.0
2018-10-13 08:15:00,2018-10-13 08:30:00,2018-10-13 09:15:00,235.37,28.51,3.28,2.74,27.32,37.48,37.93999999999986,4.578124999999986,6.18363588307377,28.716666666666665,121.72,0.7933533402912352,-0.6087614290087207,-0.9749279121818236,-0.2225209339563146,1,28.69,0.0,70.49,100.0
2018-10-13 08:30:00,2018-10-13 08:45:00,2018-10-13 09:30:00,226.70000000000002,51.98,28.51,2.95,57.49,51.01,86.96999999999986,7.606249999999986,13.016634009511026,28.659270833333334,121.72,0.7518398074789774,-0.6593458151000688,-0.9749279121818236,-0.2225209339563146,1,53.89,0.0,69.42,100.0
2018-10-13 08:45:00,2018-10-13 09:00:00,2018-10-13 09:45:00,195.63,72.29,51.98,3.2,98.35,48.35,156.05999999999983,11.944374999999987,20.266143247037142,28.3878125,121.72,0.7071067811865476,-0.7071067811865475,-0.9749279121818236,-0.2225209339563146,1,71.32,0.0,71.19,100.0
2018-10-13 09:00:00,2018-10-13 09:15:00,2018-10-13 10:00:00,173.59,59.26,72.29,3.28,121.72,50.9,212.03999999999985,15.472499999999986,23.08629720743563,27.7371875,93.1,0.659345815100069,-0.7518398074789773,-0.9749279121818236,-0.2225209339563146,1,38.27,0.0,84.01,100.0
2018-10-13 09:15:00,2018-10-13 09:30:00,2018-10-13 10:15:00,165.67000000000002,51.84,59.26,28.51,93.1,64.4,235.36999999999986,18.536874999999988,24.41777495973828,27.30739583333333,72.29,0.6087614290087209,-0.793353340291235,-0.9749279121818236,-0.2225209339563146,1,30.85,0.0,85.93,100.0
2018-10-13 09:30:00,2018-10-13 09:45:00,2018-10-13 10:30:00,167.5,43.31,51.84,51.98,57.64,61.09,226.69999999999987,21.06624999999999,24.754539703608792,27.158125,72.29,0.5555702330196025,-0.831469612302545,-0.9749279121818236,-0.2225209339563146,1,18.0,0.0,92.34,100.0
2018-10-13 09:45:00,2018-10-13 10:00:00,2018-10-13 10:45:00,169.41,41.22,43.31,72.29,51.3,41.69,195.62999999999985,23.466874999999987,24.730131853356873,27.053124999999998,72.29,0.49999999999999994,-0.8660254037844387,-0.9749279121818236,-0.2225209339563146,1,16.09,0.0,93.15,100.0
2018-10-13 10:00:00,2018-10-13 10:15:00,2018-10-13 11:00:00,170.85,37.22,41.22,59.26,62.82,47.34,173.58999999999986,25.593124999999986,24.355874475871605,26.786458333333332,72.29,0.4422886902190017,-0.8968727415326881,-0.9749279121818236,-0.2225209339563146,1,10.19,0.0,96.45,100.0
2018-10-13 10:15:00,2018-10-13 10:30:00,2018-10-13 11:15:00,167.32,43.92,37.22,51.84,42.77,45.61,165.66999999999985,28.131249999999984,24.01510120606482,26.798437500000002,72.29,0.3826834323650899,-0.9238795325112867,-0.9749279121818236,-0.2225209339563146,1,14.29,0.0,95.09,100.0
2018-10-13 10:30:00,2018-10-13 10:45:00,2018-10-13 11:30:00,165.31,45.14,43.92,43.31,50.4,60.95,167.49999999999986,30.779374999999987,23.400727677989163,26.743645833333332,72.29,0.32143946530316175,-0.9469301294951056,-0.9749279121818236,-0.2225209339563146,1,14.65,0.0,95.12,100.0
2018-10-13 10:45:00,2018-10-13 11:00:00,2018-10-13 11:45:00,165.16,43.13,45.14,41.22,62.78,52.09,169.40999999999985,33.297499999999985,22.405327073042923,26.53895833333333,72.29,0.258819045102521,-0.9659258262890682,-0.9749279121818236,-0.2225209339563146,1,13.18,0.0,95.63,100.0
2018-10-13 11:00:00,2018-10-13 11:15:00,2018-10-13 12:00:00,167.72,38.66,43.13,37.22,51.34,42.91,170.84999999999985,35.54062499999999,20.98854046520154,26.406875000000003,72.29,0.19509032201612816,-0.9807852804032304,-0.9749279121818236,-0.2225209339563146,1,10.44,0.07,96.54,100.0
2018-10-13 11:15:00,2018-10-13 11:30:00,2018-10-13 12:15:00,131.0,40.39,38.66,43.92,53.75,41.65,167.31999999999982,37.89374999999999,19.214808051019528,26.267708333333335,72.29,0.130526192220052,-0.9914448613738104,-0.9749279121818236,-0.2225209339563146,1,11.52,0.0,96.16,100.0
2018-10-13 11:30:00,2018-10-13 11:45:00,2018-10-13 12:30:00,91.53999999999999,43.13,40.39,45.14,48.6,41.54,165.30999999999986,40.40499999999999,16.979384927023183,26.210729166666667,72.29,0.06540312923014312,-0.9978589232386035,-0.9749279121818236,-0.2225209339563146,1,13.64,0.0,95.35,100.0
2018-10-13 11:45:00,2018-10-13 12:00:00,2018-10-13 12:45:00,53.13,42.98,43.13,43.13,58.39,45.11,165.15999999999985,42.89124999999999,14.000686980913445,26.050208333333334,72.29,1.2246467991473532e-16,-1.0,-0.9749279121818236,-0.2225209339563146,1,15.44,0.0,94.11,100.0
2018-10-13 12:00:00,2018-10-13 12:15:00,2018-10-13 13:00:00,16.16,41.22,42.98,38.66,47.92,40.54,167.71999999999986,45.26249999999998,9.617966586031402,25.980416666666667,72.29,-0.06540312923014287,-0.9978589232386035,-0.9749279121818236,-0.2225209339563146,1,21.49,0.47,88.67,99.99
2018-10-13 12:15:00,2018-10-13 12:30:00,2018-10-13 13:15:00,38.910000000000004,3.67,41.22,40.39,4.32,27.72,130.99999999999983,43.70999999999999,13.441563804112166,25.973645833333336,72.29,-0.13052619222005177,-0.9914448613738104,-0.9749279121818236,-0.2225209339563146,1,0.0,11.77,100.0,29.77
2018-10-13 12:30:00,2018-10-13 12:45:00,2018-10-13 13:30:00,79.77000000000001,3.67,3.67,43.13,4.25,24.12,91.53999999999985,40.69062499999998,16.354955085826337,25.96760416666667,72.29,-0.19509032201612792,-0.9807852804032305,-0.9749279121818236,-0.2225209339563146,1,0.0,13.46,100.0,26.31
2018-10-13 12:45:00,2018-10-13 13:00:00,2018-10-13 13:45:00,118.51,4.57,3.67,42.98,4.5,24.12,53.12999999999984,36.45812499999999,16.392275322065622,25.968333333333334,72.29,-0.2588190451025208,-0.9659258262890683,-0.9749279121818236,-0.2225209339563146,1,0.0,17.46,100.0,25.32
2018-10-13 13:00:00,2018-10-13 13:15:00,2018-10-13 14:00:00,153.97,4.25,4.57,41.22,4.64,24.23,16.159999999999844,33.01999999999999,17.006641349779517,25.96427083333333,72.29,-0.32143946530316153,-0.9469301294951057,-0.9749279121818236,-0.2225209339563146,1,0.0,16.2,100.0,25.38
2018-10-13 13:15:00,2018-10-13 13:30:00,2018-10-13 14:15:00,171.43,26.42,4.25,3.67,36.86,40.14,38.90999999999985,31.431249999999984,16.34892040587183,25.855520833333333,72.29,-0.38268343236508967,-0.9238795325112868,-0.9749279121818236,-0.2225209339563146,1,6.37,6.52,97.21,97.09
2018-10-13 13:30:00,2018-10-13 13:45:00,2018-10-13 14:30:00,193.72,44.53,26.42,3.67,60.05,75.85,79.76999999999984,31.507499999999986,16.40688632099437,25.693854166666668,72.29,-0.44228869021900147,-0.8968727415326883,-0.9749279121818236,-0.2225209339563146,1,17.71,0.0,92.92,100.0
2018-10-13 13:45:00,2018-10-13 14:00:00,2018-10-13 14:45:00,206.14,43.31,44.53,4.57,53.6,97.38,118.50999999999985,31.638124999999988,16.491793496597243,25.58666666666667,72.29,-0.4999999999999997,-0.8660254037844388,-0.9749279121818236,-0.2225209339563146,1,18.94,0.0,91.62,100.0
2018-10-13 14:00:00,2018-10-13 14:15:00,2018-10-13 15:00:00,222.95,39.71,43.31,4.25,50.08,105.12,153.96999999999986,31.793749999999985,16.55535860190083,25.478645833333335,72.29,-0.555570233019602,-0.8314696123025455,-0.9749279121818236,-0.2225209339563146,1,16.27,0.0,92.53,100.0
2018-10-13 14:15:00,2018-10-13 14:30:00,2018-10-13 15:15:00,243.91,43.88,39.71,26.42,39.17,61.49,171.42999999999984,31.791249999999987,16.553530165421872,25.527708333333337,72.29,-0.6087614290087207,-0.7933533402912352,-0.9749279121818236,-0.2225209339563146,1,20.66,0.0,90.47,100.0
2018-10-13 14:30:00,2018-10-13 14:45:00,2018-10-13 15:30:00,283.76,66.82,43.88,44.53,55.87,112.1,193.71999999999983,33.14624999999998,18.377563724213566,25.641770833333336,72.29,-0.6593458151000688,-0.7518398074789774,-0.9749279121818236,-0.2225209339563146,1,38.81,0.0,86.47,100.0
2018-10-13 14:45:00,2018-10-13 15:00:00,2018-10-13 15:45:00,311.69000000000005,55.73,66.82,43.31,53.93,105.26,206.13999999999982,33.93374999999998,19.04630143722212,25.660520833333333,72.29,-0.7071067811865471,-0.7071067811865479,-0.9749279121818236,-0.2225209339563146,1,25.6,0.0,90.87,100.0
2018-10-13 15:00:00,2018-10-13 15:15:00,2018-10-13 16:00:00,295.89,56.52,55.73,39.71,44.64,108.29,222.94999999999985,35.04999999999998,19.799069738248516,25.784270833333334,72.29,-0.7518398074789773,-0.6593458151000691,-0.9749279121818236,-0.2225209339563146,1,23.44,0.0,92.37,100.0
2018-10-13 15:15:00,2018-10-13 15:30:00,2018-10-13 16:15:00,274.68,64.84,56.52,43.88,44.06,104.47,243.90999999999983,36.578124999999986,21.05590244407495,26.00072916666667,72.29,-0.7933533402912349,-0.6087614290087209,-0.9749279121818236,-0.2225209339563146,1,26.5,0.0,92.57,100.0
2018-10-13 15:30:00,2018-10-13 15:45:00,2018-10-13 16:30:00,217.73,106.67,64.84,66.82,44.32,99.22,283.7599999999998,40.54937499999999,27.054605769801874,26.650208333333335,106.67,-0.8314696123025452,-0.5555702330196022,-0.9749279121818236,-0.2225209339563146,1,45.18,0.0,92.08,100.0
2018-10-13 15:45:00,2018-10-13 16:00:00,2018-10-13 16:45:00,158.14999999999998,83.66,106.67,55.73,67.07,108.43,311.6899999999998,43.09187499999999,29.004758492950668,26.823020833333334,106.67,-0.8660254037844385,-0.5000000000000004,-0.9749279121818236,-0.2225209339563146,1,35.82,0.0,91.93,100.0
2018-10-13 16:00:00,2018-10-13 16:15:00,2018-10-13 17:00:00,122.25,40.72,83.66,56.52,45.11,78.44,295.8899999999998,43.06062499999999,29.007027697773413,26.777291666666667,106.67,-0.8968727415326883,-0.44228869021900136,-0.9749279121818236,-0.2225209339563146,1,14.33,0.0,94.33,100.0
2018-10-13 16:15:00,2018-10-13 16:30:00,2018-10-13 17:15:00,83.16000000000001,43.63,40.72,64.84,47.99,103.32,274.67999999999984,45.55812499999999,27.170095283866623,26.731875,106.67,-0.9238795325112868,-0.3826834323650895,-0.9749279121818236,-0.2225209339563146,1,15.62,0.0,94.15,100.0
2018-10-13 16:30:00,2018-10-13 16:45:00,2018-10-13 17:30:00,37.87,49.72,43.63,106.67,47.2,102.96,217.72999999999982,48.43624999999998,24.92688530357359,26.758125000000003,106.67,-0.9469301294951056,-0.3214394653031618,-0.9749279121818236,-0.2225209339563146,1,21.49,0.0,91.79,100.0
2018-10-13 16:45:00,2018-10-13 17:00:00,2018-10-13 17:45:00,17.39,24.08,49.72,83.66,46.4,103.03,158.1499999999998,49.655624999999986,23.166223788295465,26.525625,106.67,-0.9659258262890683,-0.25881904510252063,-0.9749279121818236,-0.2225209339563146,1,3.46,5.4,98.98,97.58
2018-10-13 17:00:00,2018-10-13 17:15:00,2018-10-13 18:00:00,16.13,4.82,24.08,40.72,51.3,84.56,122.24999999999983,49.69124999999999,23.09670562953755,26.041458333333335,106.67,-0.9807852804032303,-0.19509032201612866,-0.9749279121818236,-0.2225209339563146,1,0.0,17.35,100.0,26.77
2018-10-13 17:15:00,2018-10-13 17:30:00,2018-10-13 18:15:00,15.19,4.54,4.82,43.63,57.78,34.92,83.15999999999984,48.32374999999998,25.003110275274018,25.486875,106.67,-0.9914448613738104,-0.13052619222005163,-0.9749279121818236,-0.2225209339563146,1,0.0,17.89,100.0,24.6
2018-10-13 17:30:00,2018-10-13 17:45:00,2018-10-13 18:30:00,14.32,4.43,4.54,49.72,44.89,26.46,37.86999999999983,45.81749999999998,27.173351490937147,25.065416666666668,106.67,-0.9978589232386035,-0.06540312923014273,-0.9749279121818236,-0.2225209339563146,1,0.0,18.0,100.0,23.9
2018-10-13 17:45:00,2018-10-13 18:00:00,2018-10-13 18:45:00,14.280000000000001,3.6,4.43,24.08,29.2,26.53,17.38999999999983,43.335624999999986,29.038477699586696,24.79875,106.67,-1.0,-1.8369701987210297e-16,-0.9749279121818236,-0.2225209339563146,1,0.0,17.93,100.0,19.69
2018-10-13 18:00:00,2018-10-13 18:15:00,2018-10-13 19:00:00,14.280000000000001,3.56,3.6,4.82,29.56,26.32,16.12999999999983,41.07624999999999,30.5971912262796,24.527916666666666,106.67,-0.9978589232386036,0.06540312923014237,-0.9749279121818236,-0.2225209339563146,1,0.0,12.1,100.0,28.23
2018-10-13 18:15:00,2018-10-13 18:30:00,2018-10-13 19:15:00,14.28,3.6,3.56,4.54,50.94,36.76,15.18999999999983,38.55874999999998,31.89260609353717,24.034791666666663,106.67,-0.9914448613738105,0.13052619222005127,-0.9749279121818236,-0.2225209339563146,1,0.0,7.16,100.0,44.92
2018-10-13 18:30:00,2018-10-13 18:45:00,2018-10-13 19:30:00,14.39,3.56,3.6,4.43,71.42,64.48,14.31999999999983,34.60499999999998,32.06469358967942,23.32791666666667,106.67,-0.9807852804032304,0.1950903220161283,-0.9749279121818236,-0.2225209339563146,1,0.0,10.69,100.0,31.6
2018-10-13 18:45:00,2018-10-13 19:00:00,2018-10-13 19:45:00,14.43,3.56,3.56,3.6,47.34,40.43,14.279999999999829,31.344374999999985,32.40151693377036,22.871875000000003,106.67,-0.9659258262890684,0.2588190451025203,-0.9749279121818236,-0.2225209339563146,1,0.0,18.14,100.0,19.26
2018-10-13 19:00:00,2018-10-13 19:15:00,2018-10-13 20:00:00,14.469999999999999,3.56,3.56,3.56,56.38,60.91,14.279999999999829,28.034374999999986,32.3656787679389,22.32166666666667,106.67,-0.9469301294951057,0.3214394653031615,-0.9749279121818236,-0.2225209339563146,1,0.0,18.22,100.0,19.18
2018-10-13 19:15:00,2018-10-13 19:30:00,2018-10-13 20:15:00,14.399999999999999,3.6,3.56,3.6,70.42,49.79,14.279999999999829,24.206874999999986,31.393254792780173,21.625625,106.67,-0.923879532511287,0.38268343236508917,-0.9749279121818236,-0.2225209339563146,1,0.0,18.04,100.0,19.57
2018-10-13 19:30:00,2018-10-13 19:45:00,2018-10-13 20:30:00,14.290000000000001,3.67,3.6,3.56,49.46,36.72,14.389999999999828,17.769374999999986,23.354759811640594,21.148645833333337,106.67,-0.8968727415326884,0.442288690219001,-0.9749279121818236,-0.2225209339563146,1,0.0,18.04,100.0,19.94
2018-10-13 19:45:00,2018-10-13 20:00:00,2018-10-13 20:45:00,14.36,3.6,3.67,3.56,45.54,36.83,14.42999999999983,12.765624999999984,16.174272382689374,20.711770833333333,106.67,-0.8660254037844386,0.5000000000000001,-0.9749279121818236,-0.2225209339563146,1,0.0,18.11,100.0,19.5
2018-10-13 20:00:00,2018-10-13 20:15:00,2018-10-13 21:00:00,14.969999999999999,3.6,3.6,3.56,50.04,50.0,14.46999999999983,10.445624999999986,14.5820021639496,20.228020833333332,106.67,-0.8314696123025455,0.5555702330196018,-0.9749279121818236,-0.2225209339563146,1,0.0,18.11,100.0,19.5
2018-10-13 20:15:00,2018-10-13 20:30:00,2018-10-13 21:15:00,16.01,3.53,3.6,3.6,46.15,53.1,14.39999999999983,7.939374999999985,11.854005372001213,19.7840625,106.67,-0.7933533402912357,0.6087614290087199,-0.9749279121818236,-0.2225209339563146,1,0.0,18.11,100.0,19.13
2018-10-13 20:30:00,2018-10-13 20:45:00,2018-10-13 21:30:00,16.009999999999998,3.56,3.53,3.67,68.04,35.75,14.28999999999983,5.054374999999986,4.928652159509413,19.112395833333334,106.67,-0.7518398074789772,0.6593458151000691,-0.9749279121818236,-0.2225209339563146,1,0.0,18.14,100.0,19.26
2018-10-13 20:45:00,2018-10-13 21:00:00,2018-10-13 21:45:00,15.900000000000002,3.67,3.56,3.6,63.76,25.74,14.35999999999983,3.778749999999986,0.40096563139903596,18.48645833333333,106.67,-0.7071067811865477,0.7071067811865474,-0.9749279121818236,-0.2225209339563146,1,0.0,18.14,100.0,19.83
2018-10-13 21:00:00,2018-10-13 21:15:00,2018-10-13 22:00:00,15.290000000000001,4.21,3.67,3.6,36.4,6.66,14.969999999999828,3.740624999999986,0.32121777571963556,18.151145833333334,106.67,-0.6593458151000687,0.7518398074789775,-0.9749279121818236,-0.2225209339563146,1,0.0,18.14,100.0,22.61
2018-10-13 21:15:00,2018-10-13 21:30:00,2018-10-13 22:15:00,14.21,4.57,4.21,3.53,4.32,4.07,16.009999999999827,3.742499999999986,0.3259313579011201,18.153750000000002,106.67,-0.608761429008721,0.7933533402912349,-0.9749279121818236,-0.2225209339563146,1,0.0,18.14,100.0,24.43
2018-10-13 21:30:00,2018-10-13 21:45:00,2018-10-13 22:30:00,14.030000000000001,3.56,4.57,3.56,4.21,3.49,16.009999999999827,3.6881249999999857,0.2753456635546105,18.146979166666668,106.67,-0.555570233019603,0.8314696123025447,-0.9749279121818236,-0.2225209339563146,1,0.0,18.14,100.0,19.26
2018-10-13 21:45:00,2018-10-13 22:00:00,2018-10-13 22:45:00,13.669999999999998,3.56,3.56,3.67,3.85,3.56,15.899999999999828,3.6856249999999857,0.2763143308594969,18.143958333333334,106.67,-0.5000000000000004,0.8660254037844384,-0.9749279121818236,-0.2225209339563146,1,0.0,18.14,100.0,19.26
2018-10-13 22:00:00,2018-10-13 22:15:00,2018-10-13 23:00:00,12.77,3.6,3.56,4.21,3.74,3.46,15.28999999999983,3.6881249999999857,0.2753456635546105,18.1425,106.67,-0.4422886902190014,0.8968727415326883,-0.9749279121818236,-0.2225209339563146,1,0.0,17.5,100.0,20.15
2018-10-13 22:15:00,2018-10-13 22:30:00,2018-10-13 23:15:00,11.98,3.49,3.6,4.57,3.56,3.2,14.20999999999983,3.681249999999986,0.2788116524884432,18.141770833333332,106.67,-0.38268343236508956,0.9238795325112868,-0.9749279121818236,-0.2225209339563146,1,6.59,0.18,46.8,99.87
2018-10-13 22:30:00,2018-10-13 22:45:00,2018-10-13 23:30:00,11.340000000000002,3.38,3.49,3.56,3.56,3.17,14.029999999999829,3.6699999999999857,0.2869886758451437,18.139895833333334,106.67,-0.32143946530316186,0.9469301294951056,-0.9749279121818236,-0.2225209339563146,1,6.7,0.0,45.04,100.0
2018-10-13 22:45:00,2018-10-13 23:00:00,2018-10-13 23:45:00,10.8,3.2,3.38,3.56,3.53,3.24,13.66999999999983,3.6474999999999858,0.30806858013009714,18.136458333333334,106.67,-0.25881904510252157,0.9659258262890681,-0.9749279121818236,-0.2225209339563146,1,6.19,0.0,45.92,100.0
2018-10-13 23:00:00,2018-10-13 23:15:00,2018-10-14 00:00:00,10.870000000000001,2.7,3.2,3.6,4.36,3.24,12.769999999999829,3.593749999999986,0.38425048804579814,18.11916666666667,106.67,-0.19509032201612872,0.9807852804032303,-0.9749279121818236,-0.2225209339563146,1,4.57,0.0,50.87,100.0
2018-10-13 23:15:00,2018-10-13 23:30:00,2018-10-14 00:15:00,10.870000000000001,2.7,2.7,3.49,4.57,3.56,11.97999999999983,3.537499999999986,0.4409152413599431,18.099687499999998,106.67,-0.13052619222005168,0.9914448613738104,-0.9749279121818236,-0.2225209339563146,1,4.25,0.0,53.62,100.0
2018-10-13 23:30:00,2018-10-13 23:45:00,2018-10-14 00:30:00,10.87,2.74,2.7,3.38,3.64,4.25,11.339999999999831,3.479374999999986,0.4792503097949565,18.0903125,106.67,-0.0654031292301428,0.9978589232386035,-0.9749279121818236,-0.2225209339563146,1,4.14,0.0,55.19,100.0
2018-10-13 23:45:00,2018-10-14 00:00:00,2018-10-14 00:45:00,10.950000000000001,2.66,2.74,3.2,3.49,3.31,10.79999999999983,3.4206249999999856,0.5169921270567157,18.081666666666667,106.67,0.0,1.0,-0.7818314824680299,0.6234898018587334,1,4.18,0.0,53.69,100.0
2018-10-14 00:00:00,2018-10-14 00:15:00,2018-10-14 01:00:00,11.17,2.77,2.66,2.7,2.66,2.59,10.86999999999983,3.3687499999999857,0.5376206260586411,18.0828125,106.67,0.06540312923014306,0.9978589232386035,-0.7818314824680299,0.6234898018587334,1,4.97,0.0,48.68,100.0
2018-10-14 00:15:00,2018-10-14 00:30:00,2018-10-14 01:15:00,11.850000000000001,2.7,2.77,2.7,3.64,2.88,10.86999999999983,3.3168749999999863,0.5591703536836902,18.073020833333334,106.67,0.13052619222005157,0.9914448613738104,-0.7818314824680299,0.6234898018587334,1,4.43,0.0,52.04,100.0
2018-10-14 00:30:00,2018-10-14 00:45:00,2018-10-14 01:30:00,11.95,2.74,2.7,2.74,3.56,2.59,10.86999999999983,3.265624999999986,0.5719699375306366,18.06447916666667,106.67,0.19509032201612825,0.9807852804032304,-0.7818314824680299,0.6234898018587334,1,4.54,0.0,51.67,100.0
2018-10-14 00:45:00,2018-10-14 01:00:00,2018-10-14 01:45:00,11.98,2.74,2.74,2.66,3.56,2.52,10.949999999999829,3.207499999999986,0.5751684536410748,18.055937500000002,106.67,0.25881904510252074,0.9659258262890683,-0.7818314824680299,0.6234898018587334,1,4.61,0.0,51.09,100.0
2018-10-14 01:00:00,2018-10-14 01:15:00,2018-10-14 02:00:00,11.76,2.99,2.74,2.77,3.64,2.56,11.169999999999831,3.131249999999986,0.5149256621726581,18.049166666666668,106.67,0.3214394653031616,0.9469301294951057,-0.7818314824680299,0.6234898018587334,1,5.22,0.0,49.7,100.0
2018-10-14 01:15:00,2018-10-14 01:30:00,2018-10-14 02:15:00,11.219999999999999,3.38,2.99,2.7,3.6,2.52,11.849999999999831,3.0568749999999856,0.3662089354986213,18.046875,106.67,0.3826834323650898,0.9238795325112867,-0.7818314824680299,0.6234898018587334,1,6.48,0.0,46.25,100.0
2018-10-14 01:30:00,2018-10-14 01:45:00,2018-10-14 02:30:00,11.299999999999999,2.84,3.38,2.74,3.64,2.56,11.949999999999829,3.011874999999986,0.34525749005500755,18.038541666666667,106.67,0.44228869021900125,0.8968727415326884,-0.7818314824680299,0.6234898018587334,1,5.04,0.0,49.09,100.0
2018-10-14 01:45:00,2018-10-14 02:00:00,2018-10-14 02:45:00,11.77,2.77,2.84,2.74,3.56,2.56,11.97999999999983,2.962499999999986,0.3188161697030732,18.0303125,106.67,0.49999999999999994,0.8660254037844387,-0.7818314824680299,0.6234898018587334,1,4.9,0.0,49.21,100.0
2018-10-14 02:00:00,2018-10-14 02:15:00,2018-10-14 03:00:00,11.77,2.77,2.77,2.99,3.6,2.56,11.759999999999827,2.910624999999986,0.27544211631338567,18.02166666666667,106.67,0.5555702330196022,0.8314696123025452,-0.7818314824680299,0.6234898018587334,1,4.86,0.0,49.52,100.0
2018-10-14 02:15:00,2018-10-14 02:30:00,2018-10-14 03:15:00,11.7,2.84,2.77,3.38,3.6,2.52,11.219999999999828,2.869999999999986,0.23140872944692906,18.013749999999998,106.67,0.6087614290087207,0.7933533402912352,-0.7818314824680299,0.6234898018587334,1,4.79,0.0,51.0,100.0
2018-10-14 02:30:00,2018-10-14 02:45:00,2018-10-14 03:30:00,11.52,2.92,2.84,2.84,3.49,2.56,11.29999999999983,2.841249999999986,0.19137250994924565,18.0078125,106.67,0.6593458151000688,0.7518398074789774,-0.7818314824680299,0.6234898018587334,1,5.18,0.0,49.11,100.0
2018-10-14 02:45:00,2018-10-14 03:00:00,2018-10-14 03:45:00,11.090000000000002,3.24,2.92,2.77,3.56,2.56,11.769999999999829,2.843749999999986,0.196242038218806,18.004479166666666,106.67,0.7071067811865476,0.7071067811865476,-0.7818314824680299,0.6234898018587334,1,6.26,0.0,45.97,100.0
2018-10-14 03:00:00,2018-10-14 03:15:00,2018-10-14 04:00:00,11.06,2.77,3.24,2.77,3.13,2.52,11.76999999999983,2.848124999999986,0.1937530243357931,18.00072916666667,106.67,0.7518398074789774,0.6593458151000688,-0.7818314824680299,0.6234898018587334,1,4.86,0.0,49.52,100.0
2018-10-14 03:15:00,2018-10-14 03:30:00,2018-10-14 04:15:00,11.06,2.77,2.77,2.84,2.77,2.59,11.699999999999829,2.852499999999986,0.19113149940358223,18.000729166666666,106.67,0.7933533402912352,0.6087614290087207,-0.7818314824680299,0.6234898018587334,1,4.82,0.0,49.83,100.0
2018-10-14 03:30:00,2018-10-14 03:45:00,2018-10-14 04:30:00,11.09,2.74,2.77,2.92,2.81,2.7,11.51999999999983,2.852499999999986,0.19113149940358223,18.0,106.67,0.8314696123025451,0.5555702330196024,-0.7818314824680299,0.6234898018587334,1,4.75,0.0,49.97,100.0
2018-10-14 03:45:00,2018-10-14 04:00:00,2018-10-14 04:45:00,11.02,2.81,2.74,3.24,2.77,3.06,11.089999999999831,2.861874999999986,0.1850411695792347,18.000416666666666,106.67,0.8660254037844386,0.5000000000000001,-0.7818314824680299,0.6234898018587334,1,4.9,0.0,49.75,100.0
2018-10-14 04:00:00,2018-10-14 04:15:00,2018-10-14 05:00:00,11.090000000000002,2.74,2.81,2.77,2.88,2.74,11.05999999999983,2.8599999999999857,0.18611152587696758,17.998958333333334,106.67,0.8968727415326884,0.44228869021900125,-0.7818314824680299,0.6234898018587334,1,4.82,0.0,49.42,100.0
2018-10-14 04:15:00,2018-10-14 04:30:00,2018-10-14 05:15:00,11.09,2.77,2.74,2.77,3.2,3.17,11.05999999999983,2.8643749999999857,0.18309726770011697,17.994479166666668,106.67,0.9238795325112867,0.38268343236508984,-0.7818314824680299,0.6234898018587334,1,4.82,0.0,49.83,100.0
2018-10-14 04:30:00,2018-10-14 04:45:00,2018-10-14 05:30:00,12.17,2.77,2.77,2.74,3.53,2.66,11.08999999999983,2.866249999999986,0.18196411064890297,17.9865625,106.67,0.9469301294951056,0.3214394653031617,-0.7818314824680299,0.6234898018587334,1,4.86,0.0,49.52,100.0
2018-10-14 04:45:00,2018-10-14 05:00:00,2018-10-14 05:45:00,13.86,2.74,2.77,2.81,2.88,2.59,11.019999999999829,2.8662499999999858,0.18196411064890297,17.985104166666666,106.67,0.9659258262890683,0.25881904510252074,-0.7818314824680299,0.6234898018587334,1,4.82,0.0,49.42,100.0
2018-10-14 05:00:00,2018-10-14 05:15:00,2018-10-14 06:00:00,13.790000000000001,2.81,2.74,2.74,2.81,2.56,11.08999999999983,2.8549999999999858,0.17951323088914298,17.985104166666666,106.67,0.9807852804032304,0.19509032201612833,-0.7818314824680299,0.6234898018587334,1,4.86,0.0,50.05,100.0
2018-10-14 05:15:00,2018-10-14 05:30:00,2018-10-14 06:15:00,13.79,2.77,2.81,2.77,2.81,2.59,11.08999999999983,2.816874999999986,0.11830673877383877,17.9846875,106.67,0.9914448613738104,0.1305261922200517,-0.7818314824680299,0.6234898018587334,1,5.04,0.0,48.17,100.0
2018-10-14 05:30:00,2018-10-14 05:45:00,2018-10-14 06:30:00,12.68,3.85,2.77,2.77,2.84,2.56,12.169999999999831,2.8799999999999857,0.27692508023693135,17.995208333333334,106.67,0.9978589232386035,0.06540312923014327,-0.7818314824680299,0.6234898018587334,1,6.34,0.0,51.9,100.0
2018-10-14 05:45:00,2018-10-14 06:00:00,2018-10-14 06:45:00,10.99,4.43,3.85,2.74,2.81,2.52,13.859999999999829,2.9837499999999855,0.46402956539870927,18.012083333333333,106.67,1.0,6.123233995736766e-17,-0.7818314824680299,0.6234898018587334,1,6.88,0.0,54.14,100.0
2018-10-14 06:00:00,2018-10-14 06:15:00,2018-10-14 07:00:00,10.99,2.74,4.43,2.81,3.2,2.56,13.789999999999829,2.981874999999986,0.46494917403853625,18.007291666666667,106.67,0.9978589232386035,-0.06540312923014314,-0.7818314824680299,0.6234898018587334,1,4.82,0.0,49.42,100.0
2018-10-14 06:15:00,2018-10-14 06:30:00,2018-10-14 07:15:00,10.920000000000002,2.77,2.74,2.77,3.31,2.56,13.78999999999983,2.977499999999986,0.46659002353685397,18.00166666666667,106.67,0.9914448613738104,-0.1305261922200516,-0.7818314824680299,0.6234898018587334,1,4.82,0.0,49.83,100.0
2018-10-14 06:30:00,2018-10-14 06:45:00,2018-10-14 07:30:00,10.84,2.74,2.77,3.85,2.77,2.52,12.679999999999831,2.966249999999986,0.4699983378312465,18.00135416666667,106.67,0.9807852804032304,-0.1950903220161282,-0.7818314824680299,0.6234898018587334,1,4.97,0.0,48.28,100.0
2018-10-14 06:45:00,2018-10-14 07:00:00,2018-10-14 07:45:00,10.870000000000001,2.74,2.74,4.43,2.84,2.99,10.98999999999983,2.934999999999986,0.467372977464647,18.000312500000003,106.67,0.9659258262890683,-0.25881904510252063,-0.7818314824680299,0.6234898018587334,1,5.04,0.0,47.76,100.0
2018-10-14 07:00:00,2018-10-14 07:15:00,2018-10-14 08:00:00,10.870000000000001,2.74,2.74,2.74,2.77,2.81,10.98999999999983,2.9331249999999858,0.46809078653523134,18.000000000000004,106.67,0.9469301294951057,-0.3214394653031616,-0.7818314824680299,0.6234898018587334,1,4.93,0.0,48.58,100.0
2018-10-14 07:15:00,2018-10-14 07:30:00,2018-10-14 08:15:00,10.870000000000001,2.7,2.74,2.77,2.74,2.48,10.91999999999983,2.928749999999986,0.4699185435415125,17.999583333333334,106.67,0.9238795325112868,-0.3826834323650895,-0.7818314824680299,0.6234898018587334,1,4.86,0.0,48.56,100.0
2018-10-14 07:30:00,2018-10-14 07:45:00,2018-10-14 08:30:00,10.91,2.66,2.7,2.74,2.95,2.59,10.83999999999983,2.923749999999986,0.4723197408156703,17.9965625,106.67,0.8968727415326884,-0.44228869021900113,-0.7818314824680299,0.6234898018587334,1,4.75,0.0,48.86,100.0
2018-10-14 07:45:00,2018-10-14 08:00:00,2018-10-14 08:45:00,10.91,2.77,2.66,2.74,3.2,2.52,10.86999999999983,2.921249999999986,0.4730205466617542,17.992083333333333,106.67,0.8660254037844387,-0.4999999999999998,-0.7818314824680299,0.6234898018587334,1,5.11,0.0,47.66,100.0
2018-10-14 08:00:00,2018-10-14 08:15:00,2018-10-14 09:00:00,11.09,2.74,2.77,2.74,3.28,2.52,10.86999999999983,2.921249999999986,0.4730205466617542,17.986458333333335,106.67,0.8314696123025451,-0.5555702330196023,-0.7818314824680299,0.6234898018587334,1,4.97,0.0,48.28,100.0
2018-10-14 08:15:00,2018-10-14 08:30:00,2018-10-14 09:15:00,11.38,2.7,2.74,2.7,28.51,2.52,10.86999999999983,2.916874999999986,0.4747199010355366,17.717604166666668,106.67,0.7933533402912352,-0.6087614290087207,-0.7818314824680299,0.6234898018587334,1,4.82,0.0,48.87,100.0
2018-10-14 08:30:00,2018-10-14 08:45:00,2018-10-14 09:30:00,11.7,2.7,2.7,2.66,51.98,2.48,10.90999999999983,2.912499999999986,0.4763730156759454,17.204270833333336,106.67,0.7518398074789774,-0.6593458151000688,-0.7818314824680299,0.6234898018587334,1,4.82,0.0,48.87,100.0
2018-10-14 08:45:00,2018-10-14 09:00:00,2018-10-14 09:45:00,11.95,2.77,2.7,2.77,72.29,2.59,10.909999999999831,2.914374999999986,0.4757489983585803,16.480104166666667,106.67,0.7071067811865476,-0.7071067811865475,-0.7818314824680299,0.6234898018587334,1,2.12,2.3,79.41,76.94
2018-10-14 09:00:00,2018-10-14 09:15:00,2018-10-14 10:00:00,13.419999999999998,2.92,2.77,2.74,59.26,2.74,11.089999999999831,2.921249999999986,0.47498519720532845,15.893229166666666,106.67,0.659345815100069,-0.7518398074789773,-0.7818314824680299,0.6234898018587334,1,0.0,11.7,100.0,24.21
2018-10-14 09:15:00,2018-10-14 09:30:00,2018-10-14 10:15:00,14.5,2.99,2.92,2.7,51.84,3.28,11.37999999999983,2.934999999999986,0.4735900126313575,15.384374999999999,106.67,0.6087614290087209,-0.793353340291235,-0.7818314824680299,0.6234898018587334,1,0.0,11.48,100.0,25.2
2018-10-14 09:30:00,2018-10-14 09:45:00,2018-10-14 10:30:00,14.47,3.02,2.99,2.7,43.31,3.17,11.699999999999829,2.883124999999986,0.41197267438414814,14.964687499999998,106.67,0.5555702330196025,-0.831469612302545,-0.7818314824680299,0.6234898018587334,1,0.0,11.23,100.0,25.97
2018-10-14 09:45:00,2018-10-14 10:00:00,2018-10-14 10:45:00,14.47,3.02,3.02,2.77,41.22,2.63,11.949999999999829,2.794999999999986,0.11651180225335936,14.566770833333331,106.67,0.49999999999999994,-0.8660254037844387,-0.7818314824680299,0.6234898018587334,1,0.0,11.95,100.0,24.5
2018-10-14 10:00:00,2018-10-14 10:15:00,2018-10-14 11:00:00,13.030000000000001,4.39,3.02,2.92,37.22,2.63,13.41999999999983,2.898124999999986,0.40218495053794656,14.224791666666667,106.67,0.4422886902190017,-0.8968727415326881,-0.7818314824680299,0.6234898018587334,1,0.0,17.39,100.0,24.48
2018-10-14 10:15:00,2018-10-14 10:30:00,2018-10-14 11:15:00,11.91,4.07,4.39,2.99,43.92,2.74,14.49999999999983,2.979374999999986,0.4898528957137232,13.8096875,106.67,0.3826834323650899,-0.9238795325112867,-0.7818314824680299,0.6234898018587334,1,0.0,17.42,100.0,22.75
2018-10-14 10:30:00,2018-10-14 10:45:00,2018-10-14 11:30:00,11.870000000000001,2.99,4.07,3.02,45.14,3.02,14.46999999999983,2.994999999999986,0.485939811153709,13.370624999999999,106.67,0.32143946530316175,-0.9469301294951056,-0.7818314824680299,0.6234898018587334,1,0.0,11.66,100.0,24.84
2018-10-14 10:45:00,2018-10-14 11:00:00,2018-10-14 11:45:00,11.8,3.02,2.99,3.02,43.13,3.1,14.46999999999983,3.012499999999986,0.4814626154376711,12.952812499999999,106.67,0.258819045102521,-0.9659258262890682,-0.7818314824680299,0.6234898018587334,1,0.0,11.34,100.0,25.73
2018-10-14 11:00:00,2018-10-14 11:15:00,2018-10-14 12:00:00,11.8,2.95,3.02,4.39,38.66,2.63,13.02999999999983,3.025624999999986,0.47669393685998157,12.580833333333333,106.67,0.19509032201612816,-0.9807852804032304,-0.7818314824680299,0.6234898018587334,1,0.0,11.34,100.0,25.18
2018-10-14 11:15:00,2018-10-14 11:30:00,2018-10-14 12:15:00,11.98,2.95,2.95,4.07,40.39,2.63,11.90999999999983,3.0412499999999856,0.4698121300733418,12.190833333333332,106.67,0.130526192220052,-0.9914448613738104,-0.7818314824680299,0.6234898018587334,1,0.0,11.34,100.0,25.18
2018-10-14 11:30:00,2018-10-14 11:45:00,2018-10-14 12:30:00,12.13,2.95,2.95,2.99,43.13,2.66,11.86999999999983,3.059374999999986,0.46025086576673635,11.772291666666668,106.67,0.06540312923014312,-0.9978589232386035,-0.7818314824680299,0.6234898018587334,1,0.0,11.2,100.0,25.47
2018-10-14 11:45:00,2018-10-14 12:00:00,2018-10-14 12:45:00,12.24,2.95,2.95,3.02,42.98,2.63,11.8,3.070624999999986,0.45521243330890887,11.355312500000002,106.67,1.2246467991473532e-16,-1.0,-0.7818314824680299,0.6234898018587334,1,0.0,10.04,100.0,28.19
2018-10-14 12:00:00,2018-10-14 12:15:00,2018-10-14 13:00:00,12.350000000000001,2.95,2.95,2.95,41.22,2.7,11.8,3.083749999999986,0.44846787796229415,10.956666666666665,106.67,-0.06540312923014287,-0.9978589232386035,-0.7818314824680299,0.6234898018587334,1,0.0,5.72,100.0,45.84
2018-10-14 12:15:00,2018-10-14 12:30:00,2018-10-14 13:15:00,12.280000000000001,3.13,2.95,2.95,3.67,2.77,11.97999999999983,3.110624999999986,0.43741383087297675,10.951041666666667,106.67,-0.13052619222005177,-0.9914448613738104,-0.7818314824680299,0.6234898018587334,1,0.0,10.62,100.0,28.27
2018-10-14 12:30:00,2018-10-14 12:45:00,2018-10-14 13:30:00,12.24,3.1,3.13,2.95,3.67,2.74,12.129999999999828,3.135624999999986,0.4244697980291945,10.945104166666667,106.67,-0.19509032201612792,-0.9807852804032305,-0.7818314824680299,0.6234898018587334,1,0.0,10.51,100.0,28.29
2018-10-14 12:45:00,2018-10-14 13:00:00,2018-10-14 13:45:00,12.2,3.06,3.1,2.95,4.57,2.77,12.23999999999983,3.153749999999986,0.4145460620533319,10.929375,106.67,-0.2588190451025208,-0.9659258262890683,-0.7818314824680299,0.6234898018587334,1,0.0,10.58,100.0,27.78
2018-10-14 13:00:00,2018-10-14 13:15:00,2018-10-14 14:00:00,12.200000000000001,3.06,3.06,2.95,4.25,2.74,12.34999999999983,3.162499999999986,0.4109820556470989,10.916979166666666,106.67,-0.32143946530316153,-0.9469301294951057,-0.7818314824680299,0.6234898018587334,1,0.0,10.62,100.0,27.69
2018-10-14 13:15:00,2018-10-14 13:30:00,2018-10-14 14:15:00,12.780000000000001,3.06,3.06,3.13,26.42,2.7,12.27999999999983,3.166874999999986,0.40949234967079695,10.673645833333333,106.67,-0.38268343236508967,-0.9238795325112868,-0.7818314824680299,0.6234898018587334,1,0.0,10.73,100.0,27.42
2018-10-14 13:30:00,2018-10-14 13:45:00,2018-10-14 14:30:00,12.920000000000002,3.06,3.06,3.1,44.53,2.74,12.24,3.169374999999986,0.40870938261667966,10.241666666666667,106.67,-0.44228869021900147,-0.8968727415326883,-0.7818314824680299,0.6234898018587334,1,0.0,10.87,100.0,27.1
2018-10-14 13:45:00,2018-10-14 14:00:00,2018-10-14 14:45:00,12.92,3.02,3.06,3.06,43.31,2.66,12.19999999999983,3.169374999999986,0.40870938261667966,9.821979166666667,106.67,-0.4999999999999997,-0.8660254037844388,-0.7818314824680299,0.6234898018587334,1,0.0,10.84,100.0,26.84
2018-10-14 14:00:00,2018-10-14 14:15:00,2018-10-14 15:00:00,12.879999999999999,3.06,3.02,3.06,39.71,3.02,12.199999999999829,3.086249999999986,0.26030931132789015,9.440208333333333,106.67,-0.555570233019602,-0.8314696123025455,-0.7818314824680299,0.6234898018587334,1,0.0,10.98,100.0,26.85
2018-10-14 14:15:00,2018-10-14 14:30:00,2018-10-14 15:15:00,12.23,3.64,3.06,3.06,43.88,3.13,12.779999999999829,3.059374999999986,0.16036944671298983,9.021041666666667,106.67,-0.6087614290087207,-0.7933533402912352,-0.7818314824680299,0.6234898018587334,1,0.0,16.85,100.0,21.12
2018-10-14 14:30:00,2018-10-14 14:45:00,2018-10-14 15:30:00,11.98,3.2,3.64,3.06,66.82,2.7,12.91999999999983,3.072499999999986,0.16273060579994103,8.358333333333333,106.67,-0.6593458151000688,-0.7518398074789774,-0.7818314824680299,0.6234898018587334,1,0.0,13.1,100.0,23.73
2018-10-14 14:45:00,2018-10-14 15:00:00,2018-10-14 15:45:00,12.270000000000001,3.02,3.2,3.02,55.73,2.7,12.91999999999983,3.072499999999986,0.16273060579994103,7.809270833333334,106.67,-0.7071067811865471,-0.7071067811865479,-0.7818314824680299,0.6234898018587334,1,0.0,11.05,100.0,26.36
2018-10-14 15:00:00,2018-10-14 15:15:00,2018-10-14 16:00:00,12.81,3.02,3.02,3.06,56.52,2.99,12.879999999999828,3.0768749999999856,0.16030123031034701,7.251979166666666,106.67,-0.7518398074789773,-0.6593458151000691,-0.7818314824680299,0.6234898018587334,1,0.0,11.16,100.0,26.12
2018-10-14 15:15:00,2018-10-14 15:30:00,2018-10-14 16:15:00,12.74,2.99,3.02,3.64,64.84,3.42,12.22999999999983,3.079374999999986,0.15860598803011228,6.607708333333334,106.67,-0.7933533402912349,-0.6087614290087209,-0.7818314824680299,0.6234898018587334,1,0.0,11.16,100.0,25.88
2018-10-14 15:30:00,2018-10-14 15:45:00,2018-10-14 16:30:00,12.739999999999998,2.95,2.99,3.2,106.67,2.88,11.97999999999983,3.079374999999986,0.15860598803011228,5.527291666666667,83.66,-0.8314696123025452,-0.5555702330196022,-0.7818314824680299,0.6234898018587334,1,0.0,11.27,100.0,25.32
2018-10-14 15:45:00,2018-10-14 16:00:00,2018-10-14 16:45:00,12.379999999999999,3.31,2.95,3.02,83.66,2.66,12.269999999999829,3.1018749999999855,0.16409672281609697,4.6903125,49.72,-0.8660254037844385,-0.5000000000000004,-0.7818314824680299,0.6234898018587334,1,0.0,14.65,100.0,22.04
2018-10-14 16:00:00,2018-10-14 16:15:00,2018-10-14 17:00:00,11.7,3.56,3.31,3.02,40.72,2.66,12.80999999999983,3.139999999999986,0.1927433528398329,4.303229166666666,49.72,-0.8968727415326883,-0.44228869021900136,-0.7818314824680299,0.6234898018587334,1,0.0,16.99,100.0,20.51
2018-10-14 16:15:00,2018-10-14 16:30:00,2018-10-14 17:15:00,11.73,2.92,3.56,2.99,43.63,2.66,12.73999999999983,3.126874999999986,0.199991210904267,3.8791666666666664,49.72,-0.9238795325112868,-0.3826834323650895,-0.7818314824680299,0.6234898018587334,1,0.0,11.27,100.0,25.08
2018-10-14 16:30:00,2018-10-14 16:45:00,2018-10-14 17:30:00,11.73,2.95,2.92,2.95,49.72,2.74,12.73999999999983,3.1174999999999855,0.20449633264184833,3.3919791666666668,24.08,-0.9469301294951056,-0.3214394653031618,-0.7818314824680299,0.6234898018587334,1,0.0,11.45,100.0,24.95
2018-10-14 16:45:00,2018-10-14 17:00:00,2018-10-14 17:45:00,12.13,2.95,2.95,3.31,24.08,2.66,12.379999999999828,3.110624999999986,0.20813063070815205,3.1718750000000004,4.82,-0.9659258262890683,-0.25881904510252063,-0.7818314824680299,0.6234898018587334,1,0.0,11.48,100.0,24.89
2018-10-14 17:00:00,2018-10-14 17:15:00,2018-10-14 18:00:00,12.74,2.88,2.95,3.56,4.82,2.63,11.69999999999983,3.099374999999986,0.21530410920134746,3.1516666666666673,4.57,-0.9807852804032303,-0.19509032201612866,-0.7818314824680299,0.6234898018587334,1,0.0,11.45,100.0,24.39
2018-10-14 17:15:00,2018-10-14 17:30:00,2018-10-14 18:15:00,12.670000000000002,2.95,2.88,2.92,4.54,2.84,11.72999999999983,3.0924999999999856,0.21818856538323322,3.135104166666667,4.57,-0.9914448613738104,-0.13052619222005163,-0.7818314824680299,0.6234898018587334,1,0.0,11.27,100.0,25.32
2018-10-14 17:30:00,2018-10-14 17:45:00,2018-10-14 18:30:00,12.639999999999999,2.95,2.95,2.95,4.43,3.38,11.72999999999983,3.085624999999986,0.22082144243483495,3.1196875,4.57,-0.9978589232386035,-0.06540312923014273,-0.7818314824680299,0.6234898018587334,1,0.0,11.23,100.0,25.41
2018-10-14 17:45:00,2018-10-14 18:00:00,2018-10-14 18:45:00,12.28,3.35,2.95,2.95,3.6,2.81,12.12999999999983,3.106249999999986,0.22898894637946623,3.1170833333333334,4.57,-1.0,-1.8369701987210297e-16,-0.7818314824680299,0.6234898018587334,1,0.0,14.83,100.0,22.03
2018-10-14 18:00:00,2018-10-14 18:15:00,2018-10-14 19:00:00,11.739999999999998,3.49,3.35,2.88,3.56,2.59,12.73999999999983,3.1331249999999855,0.24654408214140533,3.116354166666666,4.57,-0.9978589232386036,0.06540312923014237,-0.7818314824680299,0.6234898018587334,1,0.0,11.02,100.0,30.19
2018-10-14 18:15:00,2018-10-14 18:30:00,2018-10-14 19:15:00,11.85,2.88,3.49,2.95,3.6,2.59,12.669999999999831,3.0856249999999856,0.2155797055360294,3.108854166666667,4.57,-0.9914448613738105,0.13052619222005127,-0.7818314824680299,0.6234898018587334,1,0.0,4.03,100.0,58.14
2018-10-14 18:30:00,2018-10-14 18:45:00,2018-10-14 19:30:00,11.92,2.92,2.88,2.95,3.56,2.59,12.63999999999983,3.068124999999986,0.21694523373197377,3.1021875,4.57,-0.9807852804032304,0.1950903220161283,-0.7818314824680299,0.6234898018587334,1,0.0,6.59,100.0,40.51
2018-10-14 18:45:00,2018-10-14 19:00:00,2018-10-14 19:45:00,11.879999999999999,2.99,2.92,3.35,3.56,3.17,12.27999999999983,3.066249999999986,0.21748203963551294,3.09625,4.57,-0.9659258262890684,0.2588190451025203,-0.7818314824680299,0.6234898018587334,1,0.0,11.48,100.0,25.2
2018-10-14 19:00:00,2018-10-14 19:15:00,2018-10-14 20:00:00,11.92,2.95,2.99,3.49,3.56,3.46,11.73999999999983,3.061874999999986,0.21906673512659952,3.0898958333333333,4.57,-0.9469301294951057,0.3214394653031615,-0.7818314824680299,0.6234898018587334,1,0.0,11.52,100.0,24.81
2018-10-14 19:15:00,2018-10-14 19:30:00,2018-10-14 20:15:00,11.99,2.99,2.95,2.88,3.6,3.42,11.84999999999983,3.061874999999986,0.21906673512659952,3.0835416666666666,4.57,-0.923879532511287,0.38268343236508917,-0.7818314824680299,0.6234898018587334,1,0.0,11.48,100.0,25.2
2018-10-14 19:30:00,2018-10-14 19:45:00,2018-10-14 20:30:00,12.71,2.99,2.99,2.92,3.67,2.74,11.91999999999983,3.064374999999986,0.21800139779144748,3.0764583333333335,4.57,-0.8968727415326884,0.442288690219001,-0.7818314824680299,0.6234898018587334,1,0.0,11.48,100.0,25.2
2018-10-14 19:45:00,2018-10-14 20:00:00,2018-10-14 20:45:00,13.180000000000001,2.95,2.99,2.99,3.6,2.84,11.879999999999828,3.041874999999986,0.20991720853481755,3.0696875,4.57,-0.8660254037844386,0.5000000000000001,-0.7818314824680299,0.6234898018587334,1,0.0,11.48,100.0,24.89
2018-10-14 20:00:00,2018-10-14 20:15:00,2018-10-14 21:00:00,13.18,2.99,2.95,2.95,3.6,3.06,11.919999999999831,3.006249999999986,0.1618206957224258,3.063333333333333,4.57,-0.8314696123025455,0.5555702330196018,-0.7818314824680299,0.6234898018587334,1,0.0,11.45,100.0,25.27
2018-10-14 20:15:00,2018-10-14 20:30:00,2018-10-14 21:15:00,13.790000000000001,3.06,2.99,2.99,3.53,3.49,11.98999999999983,3.014999999999986,0.16070158699925813,3.0584375,4.57,-0.7933533402912357,0.6087614290087199,-0.7818314824680299,0.6234898018587334,1,0.0,12.64,100.0,23.53
2018-10-14 20:30:00,2018-10-14 20:45:00,2018-10-14 21:30:00,13.280000000000001,3.71,3.06,2.99,3.56,2.74,12.70999999999983,3.0624999999999862,0.23128715931505364,3.06,4.57,-0.7518398074789772,0.6593458151000691,-0.7818314824680299,0.6234898018587334,1,0.0,17.57,100.0,20.66
2018-10-14 20:45:00,2018-10-14 21:00:00,2018-10-14 21:45:00,12.809999999999999,3.42,3.71,2.95,3.67,2.77,13.179999999999831,3.0918749999999857,0.2445970859168076,3.057395833333333,4.57,-0.7071067811865477,0.7071067811865474,-0.7818314824680299,0.6234898018587334,1,0.0,14.72,100.0,22.63
2018-10-14 21:00:00,2018-10-14 21:15:00,2018-10-14 22:00:00,12.77,2.99,3.42,2.99,4.21,2.77,13.179999999999831,3.0987499999999857,0.2400488232922346,3.0446875,4.57,-0.6593458151000687,0.7518398074789775,-0.7818314824680299,0.6234898018587334,1,0.0,11.59,100.0,24.98
2018-10-14 21:15:00,2018-10-14 21:30:00,2018-10-14 22:15:00,11.98,3.67,2.99,3.06,4.57,2.99,13.78999999999983,3.143749999999986,0.27315002757447443,3.0353125000000003,4.43,-0.608761429008721,0.7933533402912349,-0.7818314824680299,0.6234898018587334,1,0.0,17.46,100.0,20.57
2018-10-14 21:30:00,2018-10-14 21:45:00,2018-10-14 22:30:00,11.620000000000001,3.2,3.67,3.71,3.56,3.42,13.279999999999829,3.159374999999986,0.26873473805765913,3.0315625,4.43,-0.555570233019603,0.8314696123025447,-0.7818314824680299,0.6234898018587334,1,0.0,13.5,100.0,23.06
2018-10-14 21:45:00,2018-10-14 22:00:00,2018-10-14 22:45:00,11.48,2.95,3.2,3.42,3.56,2.81,12.80999999999983,3.1343749999999857,0.26844386645804863,3.0252083333333335,4.43,-0.5000000000000004,0.8660254037844384,-0.7818314824680299,0.6234898018587334,1,0.0,11.38,100.0,25.09
2018-10-14 22:00:00,2018-10-14 22:15:00,2018-10-14 23:00:00,11.299999999999999,2.95,2.95,2.99,3.6,2.81,12.769999999999829,3.1006249999999858,0.255231971819724,3.0184374999999997,4.43,-0.4422886902190014,0.8968727415326883,-0.7818314824680299,0.6234898018587334,1,0.0,11.12,100.0,25.64
2018-10-14 22:15:00,2018-10-14 22:30:00,2018-10-14 23:15:00,11.16,2.88,2.95,3.67,3.49,2.59,11.97999999999983,3.1006249999999858,0.255231971819724,3.012083333333333,4.43,-0.38268343236508956,0.9238795325112868,-0.7818314824680299,0.6234898018587334,1,5.26,0.04,48.03,99.99
2018-10-14 22:30:00,2018-10-14 22:45:00,2018-10-14 23:30:00,11.06,2.84,2.88,3.2,3.38,2.59,11.61999999999983,3.095624999999986,0.2594698622942364,3.0064583333333332,4.43,-0.32143946530316186,0.9469301294951056,-0.7818314824680299,0.6234898018587334,1,5.44,0.0,46.28,100.0
2018-10-14 22:45:00,2018-10-14 23:00:00,2018-10-14 23:45:00,11.06,2.81,2.84,2.95,3.2,2.66,11.47999999999983,3.084374999999986,0.2675810334067095,3.0023958333333334,4.43,-0.25881904510252157,0.9659258262890681,-0.7818314824680299,0.6234898018587334,1,5.4,0.0,46.16,100.0
2018-10-14 23:00:00,2018-10-14 23:15:00,2018-10-15 00:00:00,12.030000000000001,2.77,2.81,2.95,2.7,2.59,11.29999999999983,3.073124999999986,0.27662516956888644,3.0031250000000003,4.43,-0.19509032201612872,0.9807852804032303,-0.7818314824680299,0.6234898018587334,1,5.18,0.0,47.16,100.0
2018-10-14 23:15:00,2018-10-14 23:30:00,2018-10-15 00:15:00,12.030000000000001,2.74,2.77,2.88,2.7,2.56,11.15999999999983,3.057499999999986,0.28771730928818423,3.003541666666667,4.43,-0.13052619222005168,0.9914448613738104,-0.7818314824680299,0.6234898018587334,1,4.9,0.0,48.81,100.0
2018-10-14 23:30:00,2018-10-14 23:45:00,2018-10-15 00:30:00,12.100000000000001,2.74,2.74,2.84,2.74,2.48,11.05999999999983,3.041874999999986,0.29757811485230257,3.003541666666667,4.43,-0.0654031292301428,0.9978589232386035,-0.7818314824680299,0.6234898018587334,1,4.86,0.0,49.11,100.0
2018-10-14 23:45:00,2018-10-15 00:00:00,2018-10-15 00:45:00,12.57,2.81,2.74,2.81,2.66,2.56,11.059999999999828,3.033124999999986,0.30217376530575907,3.005104166666667,4.43,0.0,1.0,0.0,1.0,0,4.86,0.0,50.05,100.0
2018-10-15 00:00:00,2018-10-15 00:15:00,2018-10-15 01:00:00,12.0,3.74,2.81,2.77,2.77,3.24,12.02999999999983,3.079999999999986,0.34673476904401657,3.0152083333333337,4.43,0.06540312923014306,0.9978589232386035,0.0,1.0,0,7.74,0.0,43.51,100.0
2018-10-15 00:15:00,2018-10-15 00:30:00,2018-10-15 01:15:00,12.14,2.74,3.74,2.74,2.7,2.63,12.02999999999983,3.059999999999986,0.356405667833762,3.015625,4.43,0.13052619222005157,0.9914448613738104,0.0,1.0,0,4.97,0.0,48.28,100.0
2018-10-15 00:30:00,2018-10-15 00:45:00,2018-10-15 01:30:00,12.099999999999998,2.81,2.74,2.74,2.74,3.17,12.09999999999983,3.003749999999986,0.31837232537407023,3.0163541666666664,4.43,0.19509032201612825,0.9807852804032304,0.0,1.0,0,4.93,0.0,49.52,100.0
2018-10-15 00:45:00,2018-10-15 01:00:00,2018-10-15 01:45:00,12.1,3.28,2.81,2.81,2.74,3.28,12.56999999999983,2.994999999999986,0.30858548258805474,3.0219791666666667,4.43,0.25881904510252074,0.9659258262890683,0.0,1.0,0,6.8,0.0,43.45,100.0
2018-10-15 01:00:00,2018-10-15 01:15:00,2018-10-15 02:00:00,12.059999999999999,3.17,3.28,3.74,2.99,3.06,11.99999999999983,3.006249999999986,0.3114657887539016,3.0238541666666667,4.43,0.3214394653031616,0.9469301294951057,0.0,1.0,0,6.52,0.0,43.73,100.0
2018-10-15 01:15:00,2018-10-15 01:30:00,2018-10-15 02:15:00,11.99,2.88,3.17,2.74,3.38,2.59,12.139999999999828,2.956874999999986,0.2608332502560694,3.0186458333333337,4.43,0.3826834323650898,0.9238795325112867,0.0,1.0,0,5.04,0.0,49.61,100.0
2018-10-15 01:30:00,2018-10-15 01:45:00,2018-10-15 02:30:00,12.030000000000001,2.77,2.88,2.81,2.84,2.56,12.09999999999983,2.9299999999999855,0.2565151068927041,3.017916666666667,4.43,0.44228869021900125,0.8968727415326884,0.0,1.0,0,5.08,0.0,47.87,100.0
2018-10-15 01:45:00,2018-10-15 02:00:00,2018-10-15 02:45:00,11.59,3.28,2.77,3.28,2.77,2.66,12.099999999999831,2.950624999999986,0.2701959648831794,3.0232291666666664,4.43,0.49999999999999994,0.8660254037844387,0.0,1.0,0,6.91,0.0,42.88,100.0
2018-10-15 02:00:00,2018-10-15 02:15:00,2018-10-15 03:00:00,11.23,3.13,3.28,3.17,2.77,2.63,12.059999999999828,2.961874999999986,0.27366080179510494,3.0269791666666666,4.43,0.5555702330196022,0.8314696123025452,0.0,1.0,0,6.34,0.0,44.27,100.0
2018-10-15 02:15:00,2018-10-15 02:30:00,2018-10-15 03:15:00,11.23,2.81,3.13,2.88,2.84,2.56,11.98999999999983,2.957499999999986,0.27548820313063244,3.026666666666667,4.43,0.6087614290087207,0.7933533402912352,0.0,1.0,0,5.4,0.0,46.16,100.0
2018-10-15 02:30:00,2018-10-15 02:45:00,2018-10-15 03:30:00,11.16,2.81,2.81,2.77,2.92,2.66,12.02999999999983,2.9556249999999857,0.2763821800318297,3.025520833333333,4.43,0.6593458151000688,0.7518398074789774,0.0,1.0,0,5.26,0.0,47.12,100.0
2018-10-15 02:45:00,2018-10-15 03:00:00,2018-10-15 03:45:00,11.13,2.84,2.81,3.28,3.24,2.63,11.58999999999983,2.957499999999986,0.27548820313063244,3.021354166666667,4.43,0.7071067811865476,0.7071067811865476,0.0,1.0,0,5.18,0.0,48.07,100.0
2018-10-15 03:00:00,2018-10-15 03:15:00,2018-10-15 04:00:00,11.200000000000001,2.77,2.84,3.13,2.77,2.63,11.22999999999983,2.957499999999986,0.27548820313063244,3.021354166666667,4.43,0.7518398074789774,0.6593458151000688,0.0,1.0,0,5.22,0.0,46.87,100.0
2018-10-15 03:15:00,2018-10-15 03:30:00,2018-10-15 04:15:00,11.23,2.81,2.77,2.81,2.77,2.66,11.22999999999983,2.961874999999986,0.27253941813825705,3.021770833333333,4.43,0.7933533402912352,0.6087614290087207,0.0,1.0,0,5.15,0.0,47.9,100.0
2018-10-15 03:30:00,2018-10-15 03:45:00,2018-10-15 04:30:00,11.51,2.74,2.81,2.81,2.74,2.63,11.15999999999983,2.961874999999986,0.27253941813825705,3.0217708333333335,4.43,0.8314696123025451,0.5555702330196024,0.0,1.0,0,5.11,0.0,47.26,100.0
2018-10-15 03:45:00,2018-10-15 04:00:00,2018-10-15 04:45:00,11.979999999999999,2.81,2.74,2.84,2.81,2.63,11.12999999999983,2.961874999999986,0.27253941813825705,3.0217708333333335,4.43,0.8660254037844386,0.5000000000000001,0.0,1.0,0,5.15,0.0,47.9,100.0
2018-10-15 04:00:00,2018-10-15 04:15:00,2018-10-15 05:00:00,11.879999999999999,2.84,2.81,2.77,2.74,3.1,11.199999999999829,2.905624999999986,0.18493136413059494,3.0228125,4.43,0.8968727415326884,0.44228869021900125,0.0,1.0,0,5.18,0.0,48.07,100.0
2018-10-15 04:15:00,2018-10-15 04:30:00,2018-10-15 05:15:00,11.809999999999999,2.84,2.84,2.81,2.77,2.99,11.22999999999983,2.9118749999999856,0.18087353161586606,3.0235416666666666,4.43,0.9238795325112867,0.38268343236508984,0.0,1.0,0,5.11,0.0,48.58,100.0
2018-10-15 04:30:00,2018-10-15 04:45:00,2018-10-15 05:30:00,11.559999999999999,3.02,2.84,2.74,2.77,2.7,11.509999999999827,2.9249999999999856,0.18062391885954912,3.026145833333333,4.43,0.9469301294951056,0.3214394653031617,0.0,1.0,0,6.01,0.0,44.9,100.0
2018-10-15 04:45:00,2018-10-15 05:00:00,2018-10-15 05:45:00,11.379999999999999,3.28,3.02,2.81,2.74,2.59,11.97999999999983,2.924999999999986,0.18062391885954912,3.0317708333333333,4.43,0.9659258262890683,0.25881904510252074,0.0,1.0,0,6.62,0.0,44.4,100.0
2018-10-15 05:00:00,2018-10-15 05:15:00,2018-10-15 06:00:00,11.88,2.74,3.28,2.84,2.81,2.63,11.87999999999983,2.8981249999999856,0.17404089875431894,3.0310416666666664,4.43,0.9807852804032304,0.19509032201612833,0.0,1.0,0,4.9,0.0,48.81,100.0
2018-10-15 05:15:00,2018-10-15 05:30:00,2018-10-15 06:15:00,11.809999999999999,2.77,2.74,2.84,2.77,2.66,11.80999999999983,2.8912499999999857,0.17677227600565312,3.031041666666667,4.43,0.9914448613738104,0.1305261922200517,0.0,1.0,0,4.9,0.0,49.21,100.0
2018-10-15 05:30:00,2018-10-15 05:45:00,2018-10-15 06:30:00,11.78,2.77,2.77,3.02,3.85,3.24,11.559999999999828,2.891249999999986,0.17677227600565312,3.0197916666666664,4.43,0.9978589232386035,0.06540312923014327,0.0,1.0,0,4.86,0.0,49.52,100.0
2018-10-15 05:45:00,2018-10-15 06:00:00,2018-10-15 06:45:00,11.379999999999999,3.1,2.77,3.28,4.43,2.88,11.379999999999828,2.8799999999999857,0.15620499372373287,3.0059375000000004,4.39,1.0,6.123233995736766e-17,0.0,1.0,0,5.83,0.0,46.95,100.0
2018-10-15 06:00:00,2018-10-15 06:15:00,2018-10-15 07:00:00,10.88,3.24,3.1,2.74,2.74,2.56,11.879999999999828,2.8868749999999856,0.1689570490959869,3.011145833333334,4.39,0.9978589232386035,-0.06540312923014314,0.0,1.0,0,6.48,0.0,44.72,100.0
2018-10-15 06:15:00,2018-10-15 06:30:00,2018-10-15 07:15:00,11.24,2.7,3.24,2.77,2.77,2.59,11.80999999999983,2.879999999999986,0.17410485364926342,3.0104166666666665,4.39,0.9914448613738104,-0.1305261922200516,0.0,1.0,0,4.82,0.0,48.87,100.0
2018-10-15 06:30:00,2018-10-15 06:45:00,2018-10-15 07:30:00,12.42,2.74,2.7,2.77,2.74,2.52,11.77999999999983,2.875624999999986,0.17666949210103122,3.0104166666666674,4.39,0.9807852804032304,-0.1950903220161282,0.0,1.0,0,4.97,0.0,48.28,100.0
2018-10-15 06:45:00,2018-10-15 07:00:00,2018-10-15 07:45:00,13.93,2.7,2.74,3.1,2.74,2.52,11.379999999999828,2.8668749999999856,0.1816149345159867,3.0100000000000002,4.39,0.9659258262890683,-0.25881904510252063,0.0,1.0,0,4.82,0.0,48.87,100.0
2018-10-15 07:00:00,2018-10-15 07:15:00,2018-10-15 08:00:00,18.32,2.74,2.7,3.24,2.74,2.52,10.879999999999832,2.864999999999986,0.18275666900074602,3.0100000000000002,4.39,0.9469301294951057,-0.3214394653031616,0.0,1.0,0,4.79,0.0,49.65,100.0
2018-10-15 07:15:00,2018-10-15 07:30:00,2018-10-15 08:15:00,37.58,3.06,2.74,2.7,2.7,2.66,11.23999999999983,2.880624999999986,0.18799829637321377,3.0137500000000004,4.39,0.9238795325112868,-0.3826834323650895,0.0,1.0,0,5.15,0.0,51.08,100.0
2018-10-15 07:30:00,2018-10-15 07:45:00,2018-10-15 08:30:00,125.46,3.92,3.06,2.74,2.66,2.88,12.41999999999983,2.9543749999999855,0.310140467271119,3.026875,4.39,0.8968727415326884,-0.44228869021900113,0.0,1.0,0,6.98,0.0,48.97,100.0
2018-10-15 07:45:00,2018-10-15 08:00:00,2018-10-15 08:45:00,223.31,4.21,3.92,2.7,2.77,3.46,13.92999999999983,3.041874999999986,0.4310049123142913,3.0418750000000006,4.39,0.8660254037844387,-0.4999999999999998,0.0,1.0,0,7.27,0.0,50.11,100.0
2018-10-15 08:00:00,2018-10-15 08:15:00,2018-10-15 09:00:00,301.86,7.13,4.21,2.74,2.74,3.6,18.31999999999983,3.309999999999986,1.0751162728113408,3.087604166666667,7.13,0.8314696123025451,-0.5555702330196023,0.0,1.0,0,9.14,0.0,61.51,100.0
2018-10-15 08:15:00,2018-10-15 08:30:00,2018-10-15 09:15:00,391.93,22.32,7.13,3.06,2.7,16.45,37.57999999999983,4.527499999999986,4.71656853549934,3.291979166666667,22.32,0.7933533402912352,-0.6087614290087207,0.0,1.0,0,21.74,0.0,71.64,100.0
2018-10-15 08:30:00,2018-10-15 08:45:00,2018-10-15 09:30:00,397.47,91.8,22.32,3.92,2.7,95.83,125.45999999999982,10.076249999999987,21.618185306300713,4.220104166666666,91.8,0.7518398074789774,-0.6593458151000688,0.0,1.0,0,59.33,0.0,83.99,100.0
2018-10-15 08:45:00,2018-10-15 09:00:00,2018-10-15 09:45:00,407.84,102.06,91.8,4.21,2.77,89.1,223.30999999999983,16.249999999999986,30.90561559005174,5.254375,102.06,0.7071067811865476,-0.7071067811865475,0.0,1.0,0,53.68,0.0,88.5,100.0
2018-10-15 09:00:00,2018-10-15 09:15:00,2018-10-15 10:00:00,440.82000000000005,85.68,102.06,7.13,2.92,110.09,301.85999999999984,21.433749999999986,34.902164846002655,6.116458333333334,102.06,0.659345815100069,-0.7518398074789773,0.0,1.0,0,32.72,0.0,93.42,100.0
2018-10-15 09:15:00,2018-10-15 09:30:00,2018-10-15 10:15:00,415.55,112.39,85.68,22.32,2.99,87.44,391.92999999999984,28.28499999999999,40.82297729220684,7.256041666666667,112.39,0.6087614290087209,-0.793353340291235,0.0,1.0,0,49.64,0.0,91.47,100.0
2018-10-15 09:30:00,2018-10-15 09:45:00,2018-10-15 10:30:00,436.00000000000006,97.34,112.39,91.8,3.02,88.38,397.46999999999986,34.195624999999986,43.4618062166013,8.238541666666668,112.39,0.5555702330196025,-0.831469612302545,0.0,1.0,0,44.78,0.0,90.85,100.0
2018-10-15 09:45:00,2018-10-15 10:00:00,2018-10-15 10:45:00,409.9,112.43,97.34,102.06,3.02,104.04,407.83999999999986,41.02874999999999,46.522488899859184,9.378229166666667,112.43,0.49999999999999994,-0.8660254037844387,0.0,1.0,0,51.37,0.0,90.96,100.0
2018-10-15 10:00:00,2018-10-15 10:15:00,2018-10-15 11:00:00,415.22,118.66,112.43,85.68,4.39,97.45,440.8199999999998,48.242499999999986,48.98691272931999,10.568541666666667,118.66,0.4422886902190017,-0.8968727415326881,0.0,1.0,0,56.52,0.0,90.28,100.0
2018-10-15 10:15:00,2018-10-15 10:30:00,2018-10-15 11:15:00,431.35,87.12,118.66,112.39,4.07,72.54,415.54999999999984,53.51874999999999,48.3395552155531,11.433645833333335,118.66,0.3826834323650899,-0.9238795325112867,0.0,1.0,0,40.86,0.0,90.54,100.0
2018-10-15 10:30:00,2018-10-15 10:45:00,2018-10-15 11:30:00,438.77,117.79,87.12,97.34,2.99,105.88,435.99999999999983,60.70937499999999,48.80601416177492,12.629479166666668,118.66,0.32143946530316175,-0.9469301294951056,0.0,1.0,0,54.9,0.0,90.64,100.0
2018-10-15 10:45:00,2018-10-15 11:00:00,2018-10-15 11:45:00,454.68,86.33,117.79,112.43,3.02,103.25,409.8999999999998,65.93624999999999,46.74842081223165,13.497291666666667,118.66,0.258819045102521,-0.9659258262890682,0.0,1.0,0,42.12,0.0,89.87,100.0
2018-10-15 11:00:00,2018-10-15 11:15:00,2018-10-15 12:00:00,429.12,123.98,86.33,118.66,2.95,85.82,415.21999999999986,73.51374999999999,45.70506835611872,14.758020833333333,123.98,0.19509032201612816,-0.9807852804032304,0.0,1.0,0,61.45,0.0,89.6,100.0
2018-10-15 11:15:00,2018-10-15 11:30:00,2018-10-15 12:15:00,333.39,103.25,123.98,87.12,2.95,112.93,431.34999999999985,79.77562499999999,42.36477663825637,15.8028125,123.98,0.130526192220052,-0.9914448613738104,0.0,1.0,0,53.89,0.0,88.65,100.0
2018-10-15 11:30:00,2018-10-15 11:45:00,2018-10-15 12:30:00,213.51000000000002,125.21,103.25,117.79,2.95,87.7,438.7699999999998,87.35624999999999,38.81618651976865,17.076354166666665,125.21,0.06540312923014312,-0.9978589232386035,0.0,1.0,0,62.96,0.0,89.34,100.0
2018-10-15 11:45:00,2018-10-15 12:00:00,2018-10-15 12:45:00,117.46,102.24,125.21,86.33,2.95,111.2,454.67999999999984,93.48312499999999,32.417926120964886,18.110625000000002,125.21,1.2246467991473532e-16,-1.0,0.0,1.0,0,57.38,0.0,87.2,100.0
2018-10-15 12:00:00,2018-10-15 12:15:00,2018-10-15 13:00:00,25.38,98.42,102.24,123.98,2.95,92.27,429.11999999999983,99.18874999999998,23.53374568438811,19.105104166666667,125.21,-0.06540312923014287,-0.9978589232386035,0.0,1.0,0,55.08,0.0,87.26,100.0
2018-10-15 12:15:00,2018-10-15 12:30:00,2018-10-15 13:15:00,74.38,7.52,98.42,103.25,3.13,12.89,333.3899999999998,98.26374999999999,26.62477696502746,19.150833333333335,125.21,-0.13052619222005177,-0.9914448613738104,0.0,1.0,0,0.25,14.83,99.94,45.23
2018-10-15 12:30:00,2018-10-15 12:45:00,2018-10-15 13:30:00,182.13,5.33,7.52,125.21,3.1,3.49,213.50999999999985,92.85937499999999,34.883417885283805,19.1740625,125.21,-0.19509032201612792,-0.9807852804032305,0.0,1.0,0,0.0,16.92,100.0,30.05
2018-10-15 12:45:00,2018-10-15 13:00:00,2018-10-15 13:45:00,292.22,6.19,5.33,102.24,3.06,3.67,117.45999999999984,86.86749999999998,40.56024338869245,19.206666666666667,125.21,-0.2588190451025208,-0.9659258262890683,0.0,1.0,0,0.0,16.63,100.0,34.88
2018-10-15 13:00:00,2018-10-15 13:15:00,2018-10-15 14:00:00,404.61,6.34,6.19,98.42,3.06,4.39,25.37999999999983,81.90875,45.00831477002305,19.24083333333333,125.21,-0.32143946530316153,-0.9469301294951057,0.0,1.0,0,0.0,16.81,100.0,35.29
2018-10-15 13:15:00,2018-10-15 13:30:00,2018-10-15 14:15:00,448.24,56.52,6.34,7.52,3.06,62.53,74.37999999999982,78.41687499999999,44.67407339816187,19.797708333333333,125.21,-0.38268343236508967,-0.9238795325112868,0.0,1.0,0,22.61,5.0,92.85,99.61
2018-10-15 13:30:00,2018-10-15 13:45:00,2018-10-15 14:30:00,444.55999999999995,113.08,56.52,5.33,3.06,98.42,182.12999999999982,79.40062499999999,45.249536388336104,20.943749999999998,125.21,-0.44228869021900147,-0.8968727415326883,0.0,1.0,0,60.98,0.0,88.02,100.0
2018-10-15 13:45:00,2018-10-15 14:00:00,2018-10-15 14:45:00,401.53999999999996,116.28,113.08,6.19,3.02,95.15,292.21999999999986,79.64124999999999,45.434397057047846,22.123541666666668,125.21,-0.4999999999999997,-0.8660254037844388,0.0,1.0,0,61.49,0.0,88.4,100.0
2018-10-15 14:00:00,2018-10-15 14:15:00,2018-10-15 15:00:00,381.15999999999997,118.73,116.28,6.34,3.06,102.64,404.6099999999998,79.64562499999998,45.43815728118113,23.328437500000003,125.21,-0.555570233019602,-0.8314696123025455,0.0,1.0,0,64.4,0.0,87.9,100.0
2018-10-15 14:15:00,2018-10-15 14:30:00,2018-10-15 15:15:00,416.54999999999995,100.15,118.73,56.52,3.64,109.33,448.23999999999984,80.46,45.68093831129104,24.333750000000006,125.21,-0.6087614290087207,-0.7933533402912352,0.0,1.0,0,52.34,0.0,88.63,100.0
2018-10-15 14:30:00,2018-10-15 14:45:00,2018-10-15 15:30:00,395.28,109.4,100.15,113.08,3.2,106.7,444.55999999999983,79.93562499999999,45.29594711019246,25.439999999999998,125.21,-0.6593458151000688,-0.7518398074789774,0.0,1.0,0,52.81,0.0,90.06,100.0
2018-10-15 14:45:00,2018-10-15 15:00:00,2018-10-15 15:45:00,427.46,73.26,109.4,116.28,3.02,111.92,401.5399999999999,79.11874999999999,45.29111707539877,26.171666666666667,125.21,-0.7071067811865471,-0.7071067811865479,0.0,1.0,0,37.66,0.0,88.94,100.0
2018-10-15 15:00:00,2018-10-15 15:15:00,2018-10-15 16:00:00,407.09000000000003,98.35,73.26,118.73,3.02,73.19,381.15999999999985,77.51687499999998,44.11406928616261,27.1646875,125.21,-0.7518398074789773,-0.6593458151000691,0.0,1.0,0,51.12,0.0,88.73,100.0
2018-10-15 15:15:00,2018-10-15 15:30:00,2018-10-15 16:15:00,382.75,135.54,98.35,100.15,2.99,112.18,416.54999999999984,79.53499999999998,45.94571647607618,28.545416666666668,135.54,-0.7933533402912349,-0.6087614290087209,0.0,1.0,0,82.4,0.0,85.45,100.0
2018-10-15 15:30:00,2018-10-15 15:45:00,2018-10-15 16:30:00,374.58,88.13,135.54,109.4,2.95,94.93,395.27999999999986,77.21749999999997,44.495700143384425,29.432708333333334,135.54,-0.8314696123025452,-0.5555702330196022,0.0,1.0,0,46.55,0.0,88.42,100.0
2018-10-15 15:45:00,2018-10-15 16:00:00,2018-10-15 16:45:00,377.46,105.44,88.13,73.26,3.31,103.32,427.45999999999987,77.41749999999999,44.6147546362185,30.4965625,135.54,-0.8660254037844385,-0.5000000000000004,0.0,1.0,0,45.79,0.0,91.72,100.0
2018-10-15 16:00:00,2018-10-15 16:15:00,2018-10-15 17:00:00,406.94,77.98,105.44,98.35,3.56,107.46,407.08999999999986,76.13999999999999,44.28651078488778,31.271770833333335,135.54,-0.8968727415326883,-0.44228869021900136,0.0,1.0,0,38.2,0.0,89.8,100.0
2018-10-15 16:15:00,2018-10-15 16:30:00,2018-10-15 17:15:00,383.25999999999993,111.2,77.98,135.54,2.92,87.84,382.74999999999983,82.61999999999999,41.25331304877191,32.3996875,135.54,-0.9238795325112868,-0.3826834323650895,0.0,1.0,0,52.49,0.0,90.43,100.0
2018-10-15 16:30:00,2018-10-15 16:45:00,2018-10-15 17:30:00,403.19999999999993,79.96,111.2,88.13,2.95,111.56,374.57999999999987,87.28437499999998,36.154704563989235,33.201875,135.54,-0.9469301294951056,-0.3214394653031618,0.0,1.0,0,38.59,0.0,90.06,100.0
2018-10-15 16:45:00,2018-10-15 17:00:00,2018-10-15 17:45:00,323.57,108.32,79.96,105.44,2.95,94.68,377.45999999999987,93.66749999999999,29.71625596790352,34.299479166666664,135.54,-0.9659258262890683,-0.25881904510252063,0.0,1.0,0,56.38,0.0,88.7,100.0
2018-10-15 17:00:00,2018-10-15 17:15:00,2018-10-15 18:00:00,246.03000000000003,107.46,108.32,77.98,2.88,107.68,406.9399999999998,99.98749999999998,19.45179345844374,35.38885416666667,135.54,-0.9807852804032303,-0.19509032201612866,0.0,1.0,0,54.29,0.0,89.26,100.0
2018-10-15 17:15:00,2018-10-15 17:30:00,2018-10-15 18:15:00,210.13,87.52,107.46,111.2,2.95,110.99,383.2599999999998,101.92499999999998,16.31699420849172,36.26979166666667,135.54,-0.9914448613738104,-0.13052619222005163,0.0,1.0,0,36.47,0.0,92.31,100.0
2018-10-15 17:30:00,2018-10-15 17:45:00,2018-10-15 18:30:00,191.95,99.9,87.52,79.96,2.95,58.21,403.1999999999998,101.10125,16.063775970719128,37.2796875,135.54,-0.9978589232386035,-0.06540312923014273,0.0,1.0,0,36.22,0.0,94.01,100.0
2018-10-15 17:45:00,2018-10-15 18:00:00,2018-10-15 18:45:00,273.28,28.69,99.9,108.32,3.35,31.57,323.5699999999998,95.62687499999998,23.267752018283467,37.543645833333336,135.54,-1.0,-1.8369701987210297e-16,0.0,1.0,0,1.76,1.04,99.81,99.93
2018-10-15 18:00:00,2018-10-15 18:15:00,2018-10-15 19:00:00,342.29,29.92,28.69,107.46,3.49,28.37,246.02999999999986,90.07624999999999,27.332330415415836,37.818958333333335,135.54,-0.9978589232386036,0.06540312923014237,0.0,1.0,0,7.09,0.43,97.31,99.99
2018-10-15 18:15:00,2018-10-15 18:30:00,2018-10-15 19:15:00,375.88,51.62,29.92,87.52,2.88,42.91,210.12999999999988,87.04312499999997,28.704426644410507,38.32666666666666,135.54,-0.9914448613738105,0.13052619222005127,0.0,1.0,0,23.11,0.0,91.27,100.0
2018-10-15 18:30:00,2018-10-15 18:45:00,2018-10-15 19:30:00,390.28,81.72,51.62,99.9,2.92,53.82,191.94999999999987,85.31312499999999,28.133304489240963,39.1475,135.54,-0.9807852804032304,0.1950903220161283,0.0,1.0,0,41.9,0.0,88.99,100.0
2018-10-15 18:45:00,2018-10-15 19:00:00,2018-10-15 19:45:00,343.90999999999997,110.02,81.72,28.69,2.99,53.35,273.27999999999986,87.61062499999997,28.553043723206518,40.262395833333336,135.54,-0.9659258262890684,0.2588190451025203,0.0,1.0,0,44.42,0.0,92.73,100.0
2018-10-15 19:00:00,2018-10-15 19:15:00,2018-10-15 20:00:00,299.91999999999996,98.93,110.02,29.92,2.95,53.32,342.28999999999985,87.64687499999998,28.567019821541468,41.2621875,135.54,-0.9469301294951057,0.3214394653031615,0.0,1.0,0,41.76,0.0,92.13,100.0
2018-10-15 19:15:00,2018-10-15 19:30:00,2018-10-15 20:15:00,272.96000000000004,85.21,98.93,51.62,2.99,63.97,375.8799999999998,84.50124999999998,25.752501789874156,42.11864583333333,135.54,-0.923879532511287,0.38268343236508917,0.0,1.0,0,40.79,0.0,90.2,100.0
2018-10-15 19:30:00,2018-10-15 19:45:00,2018-10-15 20:30:00,231.31,96.12,85.21,81.72,2.99,58.9,390.27999999999986,85.00062499999999,25.895099794350013,43.088750000000005,135.54,-0.8968727415326884,0.442288690219001,0.0,1.0,0,41.51,0.0,91.8,100.0
2018-10-15 19:45:00,2018-10-15 20:00:00,2018-10-15 20:45:00,212.16,63.65,96.12,110.02,2.95,54.86,343.9099999999999,82.38874999999999,25.80919164633937,43.72104166666667,135.54,-0.8660254037844386,0.5000000000000001,0.0,1.0,0,32.54,0.0,89.04,100.0
2018-10-15 20:00:00,2018-10-15 20:15:00,2018-10-15 21:00:00,184.69,54.94,63.65,98.93,2.99,58.9,299.91999999999985,80.94874999999999,26.64424090563429,44.2621875,135.54,-0.8314696123025455,0.5555702330196018,0.0,1.0,0,29.48,0.0,88.12,100.0
2018-10-15 20:15:00,2018-10-15 20:30:00,2018-10-15 21:15:00,130.94,58.25,54.94,85.21,3.06,52.56,272.95999999999987,77.63937499999999,25.96092363263207,44.83708333333334,135.54,-0.7933533402912357,0.6087614290087199,0.0,1.0,0,34.31,0.0,86.16,100.0
2018-10-15 20:30:00,2018-10-15 20:45:00,2018-10-15 21:30:00,80.65,54.47,58.25,96.12,3.71,60.01,231.30999999999986,76.04624999999999,26.54517231885077,45.365833333333335,135.54,-0.7518398074789772,0.6593458151000691,0.0,1.0,0,31.75,0.0,86.39,100.0
2018-10-15 20:45:00,2018-10-15 21:00:00,2018-10-15 21:45:00,40.25,44.5,54.47,63.65,3.42,49.46,212.15999999999985,72.05749999999999,26.18843697607755,45.793749999999996,135.54,-0.7071067811865477,0.7071067811865474,0.0,1.0,0,24.48,0.0,87.62,100.0
2018-10-15 21:00:00,2018-10-15 21:15:00,2018-10-15 22:00:00,16.78,27.47,44.5,54.94,2.99,27.32,184.68999999999986,67.05812499999999,26.584953267485098,46.048750000000005,135.54,-0.6593458151000687,0.7518398074789775,0.0,1.0,0,6.12,3.2,97.61,99.33
2018-10-15 21:15:00,2018-10-15 21:30:00,2018-10-15 22:15:00,16.06,4.5,27.47,58.25,3.67,7.45,130.93999999999986,61.869374999999984,29.971044874334506,46.05739583333334,135.54,-0.608761429008721,0.7933533402912349,0.0,1.0,0,0.0,15.98,100.0,27.11
2018-10-15 21:30:00,2018-10-15 21:45:00,2018-10-15 22:30:00,15.729999999999999,4.18,4.5,54.47,3.2,3.82,80.64999999999986,55.88687499999999,31.30625650703673,46.067604166666676,135.54,-0.555570233019603,0.8314696123025447,0.0,1.0,0,0.0,16.38,100.0,24.73
2018-10-15 21:45:00,2018-10-15 22:00:00,2018-10-15 22:45:00,15.52,4.1,4.18,44.5,2.95,3.74,40.24999999999986,54.34999999999998,33.15279569659256,46.079583333333325,135.54,-0.5000000000000004,0.8660254037844384,0.0,1.0,0,0.0,16.24,100.0,24.48
2018-10-15 22:00:00,2018-10-15 22:15:00,2018-10-15 23:00:00,15.26,4.0,4.1,27.47,2.95,3.78,16.77999999999986,52.72999999999998,34.8945133581199,46.09052083333333,135.54,-0.4422886902190014,0.8968727415326883,0.0,1.0,0,0.04,15.77,100.0,24.59
2018-10-15 22:15:00,2018-10-15 22:30:00,2018-10-15 23:15:00,15.120000000000001,3.78,4.0,4.5,2.88,3.49,16.059999999999857,49.73999999999999,36.85602206560024,46.099895833333335,135.54,-0.38268343236508956,0.9238795325112868,0.0,1.0,0,6.98,0.07,47.62,99.98
2018-10-15 22:30:00,2018-10-15 22:45:00,2018-10-15 23:30:00,14.870000000000001,3.85,3.78,4.18,2.84,3.49,15.729999999999858,44.87312499999998,37.44833936884775,46.11041666666666,135.54,-0.32143946530316186,0.9469301294951056,0.0,1.0,0,7.78,0.0,44.35,100.0
2018-10-15 22:45:00,2018-10-15 23:00:00,2018-10-15 23:45:00,14.620000000000001,3.89,3.85,4.1,2.81,3.42,15.519999999999857,38.23999999999999,34.6135609263194,46.12166666666667,135.54,-0.25881904510252157,0.9659258262890681,0.0,1.0,0,8.14,0.0,43.12,100.0
2018-10-15 23:00:00,2018-10-15 23:15:00,2018-10-16 00:00:00,14.55,3.74,3.89,4.0,2.77,3.28,15.259999999999858,32.29062499999999,31.731520698816293,46.13177083333333,135.54,-0.19509032201612872,0.9807852804032303,0.0,1.0,0,7.92,0.0,42.7,100.0
2018-10-15 23:15:00,2018-10-15 23:30:00,2018-10-16 00:15:00,14.58,3.64,3.74,3.78,2.74,3.28,15.119999999999859,27.192499999999985,29.27752390913613,46.14114583333333,135.54,-0.13052619222005168,0.9914448613738104,0.0,1.0,0,6.8,0.0,47.19,100.0
2018-10-15 23:30:00,2018-10-15 23:45:00,2018-10-16 00:30:00,15.73,3.6,3.64,3.85,2.74,3.28,14.869999999999857,21.409999999999986,23.69781556388783,46.150104166666665,135.54,-0.0654031292301428,0.9978589232386035,0.0,1.0,0,6.91,0.0,46.2,100.0
2018-10-15 23:45:00,2018-10-16 00:00:00,2018-10-16 00:45:00,16.66,3.64,3.6,3.89,2.81,3.24,14.619999999999859,17.659374999999986,21.348102511919496,46.15875,135.54,0.0,1.0,0.7818314824680298,0.6234898018587336,0,7.24,0.0,44.92,100.0
2018-10-16 00:00:00,2018-10-16 00:15:00,2018-10-16 01:00:00,16.63,3.67,3.64,3.74,3.74,3.46,14.549999999999859,14.454999999999986,19.25719508391739,46.15802083333333,135.54,0.06540312923014306,0.9978589232386035,0.7818314824680298,0.6234898018587336,0,7.2,0.0,45.41,100.0
2018-10-16 00:15:00,2018-10-16 00:30:00,2018-10-16 01:15:00,16.700000000000003,3.67,3.67,3.64,2.74,3.2,14.579999999999858,11.043749999999985,15.703425531951813,46.16770833333334,135.54,0.13052619222005157,0.9914448613738104,0.7818314824680298,0.6234898018587336,0,7.7,0.0,43.03,100.0
2018-10-16 00:30:00,2018-10-16 00:45:00,2018-10-16 01:30:00,15.190000000000001,4.75,3.67,3.6,2.81,3.2,15.729999999999858,7.936249999999985,11.025052083213016,46.187916666666666,135.54,0.19509032201612825,0.9807852804032304,0.7818314824680298,0.6234898018587336,0,8.35,0.0,49.45,100.0
2018-10-16 00:45:00,2018-10-16 01:00:00,2018-10-16 01:45:00,13.72,4.57,4.75,3.64,3.28,3.89,16.659999999999858,5.440624999999986,5.698694443417501,46.20135416666667,135.54,0.25881904510252074,0.9659258262890683,0.7818314824680298,0.6234898018587336,0,8.1,0.0,49.14,100.0
2018-10-16 01:00:00,2018-10-16 01:15:00,2018-10-16 02:00:00,13.18,3.64,4.57,3.67,3.17,4.25,16.629999999999857,3.9512499999999857,0.35872822242501085,46.206250000000004,135.54,0.3214394653031616,0.9469301294951057,0.7818314824680298,0.6234898018587336,0,6.98,0.0,46.24,100.0
2018-10-16 01:15:00,2018-10-16 01:30:00,2018-10-16 02:15:00,12.54,3.74,3.64,3.67,2.88,3.24,16.699999999999857,3.903749999999986,0.33226260331891444,46.21520833333333,135.54,0.3826834323650898,0.9238795325112867,0.7818314824680298,0.6234898018587336,0,7.81,0.0,43.19,100.0
2018-10-16 01:30:00,2018-10-16 01:45:00,2018-10-16 02:30:00,12.47,3.24,3.74,4.75,2.77,3.24,15.18999999999986,3.844999999999986,0.3601562161955966,46.220104166666665,135.54,0.44228869021900125,0.8968727415326884,0.7818314824680298,0.6234898018587336,0,6.48,0.0,44.72,100.0
2018-10-16 01:45:00,2018-10-16 02:00:00,2018-10-16 02:45:00,12.540000000000001,3.1,3.24,4.57,3.28,2.59,13.719999999999859,3.7824999999999855,0.39551390628447014,46.21822916666667,135.54,0.49999999999999994,0.8660254037844387,0.7818314824680298,0.6234898018587336,0,6.05,0.0,45.6,100.0
2018-10-16 02:00:00,2018-10-16 02:15:00,2018-10-16 03:00:00,12.54,3.1,3.1,3.64,3.13,2.63,13.179999999999858,3.7262499999999856,0.4235840383731011,46.21791666666667,135.54,0.5555702330196022,0.8314696123025452,0.7818314824680298,0.6234898018587336,0,6.19,0.0,44.78,100.0
2018-10-16 02:15:00,2018-10-16 02:30:00,2018-10-16 03:15:00,12.54,3.1,3.1,3.74,2.81,2.66,12.539999999999857,3.6837499999999856,0.44938673496723647,46.2209375,135.54,0.6087614290087207,0.7933533402912352,0.7818314824680298,0.6234898018587336,0,6.08,0.0,45.42,100.0
2018-10-16 02:30:00,2018-10-16 02:45:00,2018-10-16 03:30:00,12.43,3.17,3.1,3.24,2.81,2.59,12.469999999999857,3.641249999999986,0.4635848763328693,46.224687499999995,135.54,0.6593458151000688,0.7518398074789774,0.7818314824680298,0.6234898018587336,0,6.3,0.0,44.95,100.0
2018-10-16 02:45:00,2018-10-16 03:00:00,2018-10-16 03:45:00,12.36,3.17,3.17,3.1,2.84,2.63,12.539999999999857,3.596249999999986,0.47212121067011287,46.228125000000006,135.54,0.7071067811865476,0.7071067811865476,0.7818314824680298,0.6234898018587336,0,6.3,0.0,44.95,100.0
2018-10-16 03:00:00,2018-10-16 03:15:00,2018-10-16 04:00:00,12.43,3.1,3.17,3.1,2.77,2.63,12.539999999999859,3.5562499999999857,0.48517876866641513,46.231562499999995,135.54,0.7518398074789774,0.6593458151000688,0.7818314824680298,0.6234898018587336,0,6.16,0.0,44.95,100.0
2018-10-16 03:15:00,2018-10-16 03:30:00,2018-10-16 04:15:00,12.43,3.1,3.1,3.1,2.81,2.59,12.539999999999859,3.5224999999999858,0.49682114494523805,46.234583333333326,135.54,0.7933533402912352,0.6087614290087207,0.7818314824680298,0.6234898018587336,0,6.12,0.0,45.19,100.0
2018-10-16 03:30:00,2018-10-16 03:45:00,2018-10-16 04:30:00,12.469999999999999,3.06,3.1,3.17,2.74,2.59,12.42999999999986,3.488749999999986,0.5086117748978446,46.23791666666667,135.54,0.8314696123025451,0.5555702330196024,0.7818314824680298,0.6234898018587336,0,5.94,0.0,45.8,100.0
2018-10-16 03:45:00,2018-10-16 04:00:00,2018-10-16 04:45:00,12.899999999999999,3.1,3.06,3.17,2.81,2.66,12.359999999999859,3.454999999999986,0.5153275657916762,46.2409375,135.54,0.8660254037844386,0.5000000000000001,0.7818314824680298,0.6234898018587336,0,6.05,0.0,45.6,100.0
2018-10-16 04:00:00,2018-10-16 04:15:00,2018-10-16 05:00:00,13.26,3.17,3.1,3.1,2.84,2.59,12.429999999999858,3.423749999999986,0.5165011496258357,46.244375,135.54,0.8968727415326884,0.44228869021900125,0.7818314824680298,0.6234898018587336,0,6.19,0.0,45.58,100.0
2018-10-16 04:15:00,2018-10-16 04:30:00,2018-10-16 05:15:00,13.36,3.1,3.17,3.1,2.84,2.63,12.429999999999858,3.388124999999986,0.5179432733802521,46.247083333333336,135.54,0.9238795325112867,0.38268343236508984,0.7818314824680298,0.6234898018587336,0,6.16,0.0,44.95,100.0
2018-10-16 04:30:00,2018-10-16 04:45:00,2018-10-16 05:30:00,13.9,3.1,3.1,3.06,3.02,2.66,12.469999999999857,3.284999999999986,0.3832753580194899,46.24791666666666,135.54,0.9469301294951056,0.3214394653031617,0.7818314824680298,0.6234898018587336,0,6.05,0.0,45.6,100.0
2018-10-16 04:45:00,2018-10-16 05:00:00,2018-10-16 05:45:00,13.930000000000001,3.53,3.1,3.1,3.28,2.66,12.899999999999858,3.219999999999986,0.20790622901933986,46.25052083333333,135.54,0.9659258262890683,0.25881904510252074,0.7818314824680298,0.6234898018587336,0,7.38,0.0,43.15,100.0
2018-10-16 05:00:00,2018-10-16 05:15:00,2018-10-16 06:00:00,13.42,3.53,3.53,3.17,2.74,2.99,13.259999999999858,3.213124999999986,0.19534324774624284,46.25875,135.54,0.9807852804032304,0.19509032201612833,0.7818314824680298,0.6234898018587336,0,6.91,0.0,45.49,100.0
2018-10-16 05:15:00,2018-10-16 05:30:00,2018-10-16 06:15:00,13.280000000000001,3.2,3.53,3.1,2.77,4.14,13.359999999999857,3.1793749999999856,0.14028848648441705,46.26322916666666,135.54,0.9914448613738104,0.1305261922200517,0.7818314824680298,0.6234898018587336,0,6.23,0.0,45.69,100.0
2018-10-16 05:30:00,2018-10-16 05:45:00,2018-10-16 06:30:00,12.700000000000001,3.64,3.2,3.1,2.77,3.35,13.899999999999856,3.2043749999999855,0.17912875101462628,46.27229166666667,135.54,0.9978589232386035,0.06540312923014327,0.7818314824680298,0.6234898018587336,0,7.81,0.0,42.24,100.0
2018-10-16 05:45:00,2018-10-16 06:00:00,2018-10-16 06:45:00,12.24,3.56,3.64,3.53,3.1,2.63,13.929999999999858,3.233124999999986,0.19617335303253397,46.27708333333333,135.54,1.0,6.123233995736766e-17,0.7818314824680298,0.6234898018587336,0,7.52,0.0,42.79,100.0
2018-10-16 06:00:00,2018-10-16 06:15:00,2018-10-16 07:00:00,12.24,3.02,3.56,3.53,3.24,2.56,13.419999999999858,3.228124999999986,0.20047502198536582,46.274791666666665,135.54,0.9978589232386035,-0.06540312923014314,0.7818314824680298,0.6234898018587336,0,5.94,0.0,45.32,100.0
2018-10-16 06:15:00,2018-10-16 06:30:00,2018-10-16 07:15:00,12.17,3.06,3.02,3.2,2.7,2.59,13.279999999999857,3.2256249999999858,0.2022983179367435,46.27854166666666,135.54,0.9914448613738104,-0.1305261922200516,0.7818314824680298,0.6234898018587336,0,5.98,0.0,45.55,100.0
2018-10-16 06:30:00,2018-10-16 06:45:00,2018-10-16 07:30:00,12.309999999999999,3.06,3.06,3.64,2.74,2.74,12.699999999999859,3.218749999999986,0.20590880885732785,46.28187500000001,135.54,0.9807852804032304,-0.1950903220161282,0.7818314824680298,0.6234898018587336,0,6.3,0.0,43.69,100.0
2018-10-16 06:45:00,2018-10-16 07:00:00,2018-10-16 07:45:00,14.25,3.1,3.06,3.56,2.7,2.77,12.239999999999858,3.2143749999999858,0.20763455743215906,46.28604166666667,135.54,0.9659258262890683,-0.25881904510252063,0.7818314824680298,0.6234898018587336,0,6.12,0.0,45.19,100.0
2018-10-16 07:00:00,2018-10-16 07:15:00,2018-10-16 08:00:00,16.560000000000002,3.02,3.1,3.02,2.74,2.95,12.239999999999858,3.209374999999986,0.21126017002751432,46.28895833333333,135.54,0.9469301294951057,-0.3214394653031616,0.7818314824680298,0.6234898018587336,0,6.01,0.0,44.9,100.0
2018-10-16 07:15:00,2018-10-16 07:30:00,2018-10-16 08:15:00,60.410000000000004,2.99,3.02,3.06,3.06,2.92,12.169999999999858,3.202499999999986,0.2164341702806239,46.28822916666667,135.54,0.9238795325112868,-0.3826834323650895,0.7818314824680298,0.6234898018587336,0,5.72,0.0,46.33,100.0
2018-10-16 07:30:00,2018-10-16 07:45:00,2018-10-16 08:30:00,138.03,3.2,2.99,3.06,3.92,3.1,12.309999999999858,3.211249999999986,0.21330362764156668,46.28072916666667,135.54,0.8968727415326884,-0.44228869021900113,0.7818314824680298,0.6234898018587336,0,5.58,0.0,49.75,100.0
2018-10-16 07:45:00,2018-10-16 08:00:00,2018-10-16 08:45:00,225.73000000000002,5.04,3.2,3.1,4.21,3.28,14.249999999999858,3.332499999999986,0.4889210059558844,46.28937500000001,135.54,0.8660254037844387,-0.4999999999999998,0.7818314824680298,0.6234898018587336,0,8.06,0.0,53.02,100.0
2018-10-16 08:00:00,2018-10-16 08:15:00,2018-10-16 09:00:00,343.2,5.33,5.04,3.02,7.13,3.31,16.55999999999986,3.467499999999986,0.6845025566531948,46.270625,135.54,0.8314696123025451,-0.5555702330196023,0.7818314824680298,0.6234898018587336,0,7.31,0.0,58.92,100.0
2018-10-16 08:15:00,2018-10-16 08:30:00,2018-10-16 09:15:00,400.58000000000004,46.84,5.33,2.99,22.32,28.55,60.40999999999986,6.201249999999986,10.514755034595987,46.526041666666664,135.54,0.7933533402912352,-0.6087614290087207,0.7818314824680298,0.6234898018587336,0,34.45,0.0,80.56,100.0
2018-10-16 08:30:00,2018-10-16 08:45:00,2018-10-16 09:30:00,430.28,80.82,46.84,3.2,91.8,53.96,138.02999999999986,11.058749999999986,20.84132969456498,46.41166666666667,135.54,0.7518398074789774,-0.6593458151000688,0.7818314824680298,0.6234898018587336,0,59.72,0.0,80.43,100.0
2018-10-16 08:45:00,2018-10-16 09:00:00,2018-10-16 09:45:00,426.16999999999996,92.74,80.82,5.04,102.06,56.05,225.72999999999985,16.634374999999984,28.578312793260288,46.31458333333333,135.54,0.7071067811865476,-0.7071067811865475,0.7818314824680298,0.6234898018587336,0,54.43,0.0,86.24,100.0
2018-10-16 09:00:00,2018-10-16 09:15:00,2018-10-16 10:00:00,417.99,122.8,92.74,5.33,85.68,57.89,343.1999999999998,24.088749999999987,38.14270193546258,46.70125000000001,135.54,0.659345815100069,-0.7518398074789773,0.7818314824680298,0.6234898018587336,0,58.9,0.0,90.16,100.0
2018-10-16 09:15:00,2018-10-16 09:30:00,2018-10-16 10:15:00,408.52,104.22,122.8,46.84,112.39,51.08,400.57999999999987,30.402499999999982,42.29709926519825,46.61614583333333,135.54,0.6087614290087209,-0.793353340291235,0.7818314824680298,0.6234898018587336,0,53.14,0.0,89.09,100.0
2018-10-16 09:30:00,2018-10-16 09:45:00,2018-10-16 10:30:00,375.69,110.52,104.22,80.82,97.34,63.54,430.27999999999986,37.08249999999998,45.83485143697999,46.7534375,135.54,0.5555702330196025,-0.831469612302545,0.7818314824680298,0.6234898018587336,0,49.18,0.0,91.36,100.0
2018-10-16 09:45:00,2018-10-16 10:00:00,2018-10-16 10:45:00,402.22,88.63,110.52,92.74,112.43,50.8,426.16999999999985,42.399374999999985,46.56609408528265,46.50552083333333,135.54,0.49999999999999994,-0.8660254037844387,0.7818314824680298,0.6234898018587336,0,39.46,0.0,91.35,100.0
2018-10-16 10:00:00,2018-10-16 10:15:00,2018-10-16 11:00:00,349.77000000000004,114.62,88.63,122.8,118.66,60.01,417.98999999999984,49.37437499999998,48.464607829934906,46.4634375,135.54,0.4422886902190017,-0.8968727415326881,0.7818314824680298,0.6234898018587336,0,53.32,0.0,90.67,100.0
2018-10-16 10:15:00,2018-10-16 10:30:00,2018-10-16 11:15:00,309.63,94.75,114.62,104.22,87.12,56.81,408.51999999999987,55.10499999999998,48.068685492740556,46.54291666666666,135.54,0.3826834323650899,-0.9238795325112867,0.7818314824680298,0.6234898018587336,0,45.18,0.0,90.26,100.0
2018-10-16 10:30:00,2018-10-16 10:45:00,2018-10-16 11:30:00,294.94,77.69,94.75,110.52,117.79,55.4,375.6899999999998,59.76937499999999,46.38350615638468,46.125208333333326,135.54,0.32143946530316175,-0.9469301294951056,0.7818314824680298,0.6234898018587336,0,39.24,0.0,89.26,100.0
2018-10-16 10:45:00,2018-10-16 11:00:00,2018-10-16 11:45:00,244.32999999999998,115.16,77.69,88.63,86.33,49.72,402.21999999999986,66.773125,45.7539187828143,46.42552083333334,135.54,0.258819045102521,-0.9659258262890682,0.7818314824680298,0.6234898018587336,0,58.68,0.0,89.1,100.0
2018-10-16 11:00:00,2018-10-16 11:15:00,2018-10-16 12:00:00,226.3,62.17,115.16,114.62,123.98,67.1,349.76999999999987,70.46999999999998,42.74400177217838,45.781666666666666,135.54,0.19509032201612816,-0.9807852804032304,0.7818314824680298,0.6234898018587336,0,37.62,0.0,85.56,100.0
2018-10-16 11:15:00,2018-10-16 11:30:00,2018-10-16 12:15:00,185.44,54.61,62.17,94.75,103.25,47.66,309.6299999999998,73.69624999999999,39.341648712750775,45.275,135.54,0.130526192220052,-0.9914448613738104,0.7818314824680298,0.6234898018587336,0,36.25,0.0,83.32,100.0
2018-10-16 11:30:00,2018-10-16 11:45:00,2018-10-16 12:30:00,127.52,63.0,54.61,77.69,125.21,61.16,294.9399999999998,77.43374999999999,35.076194896788344,44.62697916666667,135.54,0.06540312923014312,-0.9978589232386035,0.7818314824680298,0.6234898018587336,0,48.13,0.0,79.46,100.0
2018-10-16 11:45:00,2018-10-16 12:00:00,2018-10-16 12:45:00,68.48,64.55,63.0,115.16,102.24,65.66,244.32999999999987,81.15312499999999,29.988776175168457,44.234375,135.54,1.2246467991473532e-16,-1.0,0.7818314824680298,0.6234898018587336,0,44.39,0.0,82.4,100.0
2018-10-16 12:00:00,2018-10-16 12:15:00,2018-10-16 13:00:00,30.139999999999997,44.14,64.55,62.17,98.42,54.76,226.29999999999984,83.57874999999999,24.89467033197013,43.66895833333333,135.54,-0.06540312923014287,-0.9978589232386035,0.7818314824680298,0.6234898018587336,0,30.13,0.0,82.59,100.0
2018-10-16 12:15:00,2018-10-16 12:30:00,2018-10-16 13:15:00,51.13,13.75,44.14,54.61,7.52,7.2,185.43999999999983,81.51062499999998,28.911284662901977,43.73385416666667,135.54,-0.13052619222005177,-0.9914448613738104,0.7818314824680298,0.6234898018587336,0,2.81,12.56,97.97,73.83
2018-10-16 12:30:00,2018-10-16 12:45:00,2018-10-16 13:30:00,117.39999999999999,5.08,13.75,63.0,5.33,4.75,127.51999999999985,76.77687499999999,34.32967679696907,43.731249999999996,135.54,-0.19509032201612792,-0.9807852804032305,0.7818314824680298,0.6234898018587336,0,0.0,16.74,100.0,29.04
2018-10-16 12:45:00,2018-10-16 13:00:00,2018-10-16 13:45:00,166.71999999999997,5.51,5.08,64.55,6.19,4.03,68.47999999999986,71.32499999999999,38.082973885976756,43.72416666666666,135.54,-0.2588190451025208,-0.9659258262890683,0.7818314824680298,0.6234898018587336,0,0.0,15.95,100.0,32.65
2018-10-16 13:00:00,2018-10-16 13:15:00,2018-10-16 14:00:00,224.42000000000002,5.8,5.51,44.14,6.34,3.89,30.13999999999986,64.01249999999999,38.72442212286706,43.71854166666666,135.54,-0.32143946530316153,-0.9469301294951057,0.7818314824680298,0.6234898018587336,0,0.0,16.13,100.0,33.84
2018-10-16 13:15:00,2018-10-16 13:30:00,2018-10-16 14:15:00,260.13,34.74,5.8,13.75,56.52,32.29,51.12999999999986,59.66999999999999,37.858134198610486,43.49166666666667,135.54,-0.38268343236508967,-0.9238795325112868,0.7818314824680298,0.6234898018587336,0,18.5,4.64,88.26,99.12
2018-10-16 13:30:00,2018-10-16 13:45:00,2018-10-16 14:30:00,245.52,71.35,34.74,5.08,113.08,61.7,117.39999999999986,57.22187499999998,35.695430418113446,43.05697916666667,135.54,-0.44228869021900147,-0.8968727415326883,0.7818314824680298,0.6234898018587336,0,52.45,0.0,80.57,100.0
2018-10-16 13:45:00,2018-10-16 14:00:00,2018-10-16 14:45:00,254.91,54.83,71.35,5.51,116.28,49.43,166.71999999999986,55.109374999999986,34.762109664969714,42.416875,135.54,-0.4999999999999997,-0.8660254037844388,0.7818314824680298,0.6234898018587336,0,33.05,0.0,85.64,100.0
2018-10-16 14:00:00,2018-10-16 14:15:00,2018-10-16 15:00:00,248.43,63.5,54.83,5.8,118.73,73.08,224.41999999999987,51.914374999999986,31.32493814214777,41.8415625,135.54,-0.555570233019602,-0.8314696123025455,0.7818314824680298,0.6234898018587336,0,49.75,0.0,78.72,100.0
2018-10-16 14:15:00,2018-10-16 14:30:00,2018-10-16 15:15:00,237.78000000000003,70.45,63.5,34.74,100.15,58.0,260.1299999999999,50.39562499999999,29.76134341909629,41.5321875,135.54,-0.6087614290087207,-0.7933533402912352,0.7818314824680298,0.6234898018587336,0,47.95,0.0,82.67,100.0
2018-10-16 14:30:00,2018-10-16 14:45:00,2018-10-16 15:30:00,240.98000000000002,56.74,70.45,71.35,109.4,66.17,245.51999999999987,49.086249999999986,28.98236292881435,40.983645833333334,135.54,-0.6593458151000688,-0.7518398074789774,0.7818314824680298,0.6234898018587336,0,40.61,0.0,81.32,100.0
2018-10-16 14:45:00,2018-10-16 15:00:00,2018-10-16 15:45:00,245.56,64.22,56.74,54.83,73.26,56.16,254.90999999999988,45.90249999999999,23.90181413094027,40.88947916666667,135.54,-0.7071067811865471,-0.7071067811865479,0.7818314824680298,0.6234898018587336,0,46.01,0.0,81.29,100.0
2018-10-16 15:00:00,2018-10-16 15:15:00,2018-10-16 16:00:00,245.17,57.02,64.22,63.5,98.35,70.74,248.42999999999986,45.58062499999998,23.714522309323275,40.458958333333335,135.54,-0.7518398074789773,-0.6593458151000691,0.7818314824680298,0.6234898018587336,0,34.74,0.0,85.4,100.0
2018-10-16 15:15:00,2018-10-16 15:30:00,2018-10-16 16:15:00,244.01,59.8,57.02,70.45,135.54,81.58,237.77999999999986,45.90499999999999,23.87079099024613,39.67,122.8,-0.7933533402912349,-0.6087614290087209,0.7818314824680298,0.6234898018587336,0,47.09,0.0,78.57,100.0
2018-10-16 15:30:00,2018-10-16 15:45:00,2018-10-16 16:30:00,243.32999999999998,59.94,59.8,56.74,88.13,93.2,240.97999999999985,45.71374999999999,23.744988385710283,39.376354166666665,122.8,-0.8314696123025452,-0.5555702330196022,0.7818314824680298,0.6234898018587336,0,42.66,0.0,81.47,100.0
2018-10-16 15:45:00,2018-10-16 16:00:00,2018-10-16 16:45:00,243.94,68.8,59.94,64.22,105.44,86.8,245.55999999999986,45.97937499999998,23.976855107778228,38.9946875,122.8,-0.8660254037844385,-0.5000000000000004,0.7818314824680298,0.6234898018587336,0,48.28,0.0,81.86,100.0
2018-10-16 16:00:00,2018-10-16 16:15:00,2018-10-16 17:00:00,253.15,56.63,68.8,57.02,77.98,85.1,245.16999999999985,46.759999999999984,24.107228946936537,38.77229166666667,122.8,-0.8968727415326883,-0.44228869021900136,0.7818314824680298,0.6234898018587336,0,37.37,0.0,83.46,100.0
2018-10-16 16:15:00,2018-10-16 16:30:00,2018-10-16 17:15:00,248.37,58.64,56.63,59.8,111.2,93.06,244.00999999999988,49.56562499999998,22.67165851033812,38.22479166666667,122.8,-0.9238795325112868,-0.3826834323650895,0.7818314824680298,0.6234898018587336,0,45.5,0.0,79.01,100.0
2018-10-16 16:30:00,2018-10-16 16:45:00,2018-10-16 17:30:00,241.38000000000002,59.26,58.64,59.94,79.96,117.4,243.32999999999987,52.95187499999998,19.614421741014514,38.009166666666665,122.8,-0.9469301294951056,-0.3214394653031618,0.7818314824680298,0.6234898018587336,0,41.58,0.0,81.86,100.0
2018-10-16 16:45:00,2018-10-16 17:00:00,2018-10-16 17:45:00,201.89,69.41,59.26,68.8,108.32,93.78,243.93999999999986,56.94562499999998,15.65356667374494,37.603854166666665,122.8,-0.9659258262890683,-0.25881904510252063,0.7818314824680298,0.6234898018587336,0,52.09,0.0,79.98,100.0
2018-10-16 17:00:00,2018-10-16 17:15:00,2018-10-16 18:00:00,166.11,65.84,69.41,56.63,107.46,68.72,253.14999999999986,60.69812499999998,8.50911732992171,37.1703125,122.8,-0.9807852804032303,-0.19509032201612866,0.7818314824680298,0.6234898018587336,0,46.48,0.0,81.69,100.0
2018-10-16 17:15:00,2018-10-16 17:30:00,2018-10-16 18:15:00,152.86,53.86,65.84,58.64,87.52,117.5,248.36999999999983,61.89312499999998,5.637866084288681,36.8196875,122.8,-0.9914448613738104,-0.13052619222005163,0.7818314824680298,0.6234898018587336,0,35.53,0.0,83.47,100.0
2018-10-16 17:30:00,2018-10-16 17:45:00,2018-10-16 18:30:00,152.54000000000002,52.27,53.86,59.26,99.9,104.51,241.37999999999985,60.70062499999998,5.528266532953522,36.32354166666667,122.8,-0.9978589232386035,-0.06540312923014273,0.7818314824680298,0.6234898018587336,0,36.04,0.07,82.33,100.0
2018-10-16 17:45:00,2018-10-16 18:00:00,2018-10-16 18:45:00,195.38,29.92,52.27,69.41,28.69,54.07,201.88999999999987,59.14374999999999,9.230345927293339,36.336354166666666,122.8,-1.0,-1.8369701987210297e-16,0.7818314824680298,0.6234898018587336,0,1.73,1.15,99.83,99.93
2018-10-16 18:00:00,2018-10-16 18:15:00,2018-10-16 19:00:00,226.59,30.06,29.92,65.84,29.92,26.39,166.10999999999987,57.05374999999999,11.511370940835114,36.337812500000005,122.8,-0.9978589232386036,0.06540312923014237,0.7818314824680298,0.6234898018587336,0,7.38,0.36,97.12,99.99
2018-10-16 18:15:00,2018-10-16 18:30:00,2018-10-16 19:15:00,258.09000000000003,40.61,30.06,53.86,51.62,4.07,152.85999999999984,55.188749999999985,11.606766278232074,36.223125,122.8,-0.9914448613738105,0.13052619222005127,0.7818314824680298,0.6234898018587336,0,26.1,0.0,84.12,100.0
2018-10-16 18:30:00,2018-10-16 18:45:00,2018-10-16 19:30:00,267.91999999999996,51.95,40.61,52.27,81.72,3.67,152.53999999999985,54.88937499999999,11.624654547958858,35.913020833333334,122.8,-0.9807852804032304,0.1950903220161283,0.7818314824680298,0.6234898018587336,0,40.39,0.0,78.95,100.0
2018-10-16 18:45:00,2018-10-16 19:00:00,2018-10-16 19:45:00,256.32,72.76,51.95,29.92,110.02,3.67,195.37999999999988,55.423124999999985,12.22155356263597,35.52489583333333,122.8,-0.9659258262890684,0.2588190451025203,0.7818314824680298,0.6234898018587336,0,56.27,0.0,79.1,100.0
2018-10-16 19:00:00,2018-10-16 19:15:00,2018-10-16 20:00:00,261.83,61.27,72.76,30.06,98.93,3.92,226.58999999999986,55.688749999999985,12.29931140094862,35.13260416666667,122.8,-0.9469301294951057,0.3214394653031615,0.7818314824680298,0.6234898018587336,0,43.06,0.0,81.82,100.0
2018-10-16 19:15:00,2018-10-16 19:30:00,2018-10-16 20:15:00,242.03,72.11,61.27,40.61,85.21,4.86,258.08999999999986,56.45812499999999,12.902647605603232,34.99614583333334,122.8,-0.923879532511287,0.38268343236508917,0.7818314824680298,0.6234898018587336,0,51.62,0.0,81.31,100.0
2018-10-16 19:30:00,2018-10-16 19:45:00,2018-10-16 20:30:00,240.73,61.78,72.11,51.95,96.12,4.14,267.91999999999985,56.57312499999998,12.941310655585804,34.6384375,122.8,-0.8968727415326884,0.442288690219001,0.7818314824680298,0.6234898018587336,0,44.17,0.0,81.35,100.0
2018-10-16 19:45:00,2018-10-16 20:00:00,2018-10-16 20:45:00,224.97,61.16,61.78,72.76,63.65,3.71,256.3199999999999,56.095624999999984,12.618278393242845,34.612500000000004,122.8,-0.8660254037844386,0.5000000000000001,0.7818314824680298,0.6234898018587336,0,47.92,0.0,78.72,100.0
2018-10-16 20:00:00,2018-10-16 20:15:00,2018-10-16 21:00:00,179.5,66.78,61.16,61.27,54.94,3.64,261.82999999999987,56.72999999999999,12.88159200176762,34.73583333333333,122.8,-0.8314696123025455,0.5555702330196018,0.7818314824680298,0.6234898018587336,0,46.69,0.0,81.96,100.0
2018-10-16 20:15:00,2018-10-16 20:30:00,2018-10-16 21:15:00,133.96,52.31,66.78,72.11,58.25,3.67,242.02999999999986,56.33437499999999,12.914019982537543,34.67395833333333,122.8,-0.7933533402912357,0.6087614290087199,0.7818314824680298,0.6234898018587336,0,39.85,0.0,79.55,100.0
2018-10-16 20:30:00,2018-10-16 20:45:00,2018-10-16 21:30:00,77.50999999999999,60.48,52.31,61.78,54.47,3.71,240.72999999999985,56.41062499999998,12.934654261300489,34.7365625,122.8,-0.7518398074789772,0.6593458151000691,0.7818314824680298,0.6234898018587336,0,48.24,0.0,78.18,100.0
2018-10-16 20:45:00,2018-10-16 21:00:00,2018-10-16 21:45:00,36.18,45.4,60.48,61.16,44.5,3.67,224.96999999999986,54.90999999999998,12.730633821613345,34.7459375,122.8,-0.7071067811865477,0.7071067811865474,0.7818314824680298,0.6234898018587336,0,20.45,0.0,91.18,100.0
2018-10-16 21:00:00,2018-10-16 21:15:00,2018-10-16 22:00:00,18.830000000000002,21.31,45.4,66.78,27.47,3.74,179.49999999999986,52.126874999999984,14.745056679592105,34.68177083333333,122.8,-0.6593458151000687,0.7518398074789775,0.7818314824680298,0.6234898018587336,0,3.92,7.16,98.35,94.79
2018-10-16 21:15:00,2018-10-16 21:30:00,2018-10-16 22:15:00,15.800000000000002,6.77,21.31,52.31,4.5,3.67,133.95999999999987,49.18374999999999,18.36150486581947,34.705416666666665,122.8,-0.608761429008721,0.7933533402912349,0.7818314824680298,0.6234898018587336,0,0.0,14.54,100.0,42.21
2018-10-16 21:30:00,2018-10-16 21:45:00,2018-10-16 22:30:00,15.440000000000001,4.03,6.77,60.48,4.18,3.64,77.50999999999986,46.16874999999998,21.32810700548728,34.703854166666666,122.8,-0.555570233019603,0.8314696123025447,0.7818314824680298,0.6234898018587336,0,0.0,16.7,100.0,23.46
2018-10-16 21:45:00,2018-10-16 22:00:00,2018-10-16 22:45:00,15.110000000000001,4.07,4.03,45.4,4.1,3.71,36.17999999999986,44.55312499999998,23.378314395704244,34.703541666666666,122.8,-0.5000000000000004,0.8660254037844384,0.7818314824680298,0.6234898018587336,0,0.0,16.67,100.0,23.72
2018-10-16 22:00:00,2018-10-16 22:15:00,2018-10-16 23:00:00,15.9,3.96,4.07,21.31,4.0,3.64,18.829999999999856,42.921874999999986,25.17427362873444,34.703125,122.8,-0.4422886902190014,0.8968727415326883,0.7818314824680298,0.6234898018587336,0,0.04,16.13,99.99,23.84
2018-10-16 22:15:00,2018-10-16 22:30:00,2018-10-16 23:15:00,16.12,3.74,3.96,6.77,3.78,3.46,15.799999999999859,40.617499999999986,26.908197054987202,34.702708333333334,122.8,-0.38268343236508956,0.9238795325112868,0.7818314824680298,0.6234898018587336,0,6.44,0.11,50.22,99.96
2018-10-16 22:30:00,2018-10-16 22:45:00,2018-10-16 23:30:00,16.09,3.67,3.74,4.03,3.85,3.53,15.439999999999857,37.59999999999998,28.146740930346184,34.700833333333335,122.8,-0.32143946530316186,0.9469301294951056,0.7818314824680298,0.6234898018587336,0,7.34,0.0,44.72,100.0
2018-10-16 22:45:00,2018-10-16 23:00:00,2018-10-16 23:45:00,15.990000000000002,3.74,3.67,4.07,3.89,3.42,15.109999999999859,33.28624999999998,27.713222673257075,34.69927083333333,122.8,-0.25881904510252157,0.9659258262890681,0.7818314824680298,0.6234898018587336,0,7.56,0.0,44.34,100.0
2018-10-16 23:00:00,2018-10-16 23:15:00,2018-10-17 00:00:00,15.31,4.75,3.74,3.96,3.74,3.38,15.899999999999858,29.753749999999986,27.522642695379638,34.70979166666667,122.8,-0.19509032201612872,0.9807852804032303,0.7818314824680298,0.6234898018587336,0,8.39,0.0,49.27,100.0
2018-10-16 23:15:00,2018-10-16 23:30:00,2018-10-17 00:15:00,15.060000000000002,3.96,4.75,3.74,3.64,2.74,16.11999999999986,25.494374999999984,25.861316422591752,34.713125,122.8,-0.13052619222005168,0.9914448613738104,0.7818314824680298,0.6234898018587336,0,7.27,0.0,47.83,100.0
2018-10-16 23:30:00,2018-10-16 23:45:00,2018-10-17 00:30:00,15.090000000000002,3.64,3.96,3.67,3.6,2.81,16.089999999999858,21.860624999999985,24.559397251549516,34.713541666666664,122.8,-0.0654031292301428,0.9978589232386035,0.7818314824680298,0.6234898018587336,0,6.62,0.0,48.18,100.0
2018-10-16 23:45:00,2018-10-17 00:00:00,2018-10-17 00:45:00,15.12,3.64,3.64,3.74,3.64,2.92,15.989999999999858,18.265624999999982,22.681751742522493,34.713541666666664,122.8,0.0,1.0,0.9749279121818236,-0.22252093395631434,0,6.7,0.0,47.74,100.0
2018-10-17 00:00:00,2018-10-17 00:15:00,2018-10-17 01:00:00,14.72,4.07,3.64,4.75,3.67,3.56,15.309999999999858,14.346249999999984,19.09430048306435,34.71770833333333,122.8,0.06540312923014306,0.9978589232386035,0.9749279121818236,-0.22252093395631434,0,5.4,0.0,60.19,100.0
2018-10-17 00:15:00,2018-10-17 00:30:00,2018-10-17 01:15:00,14.68,3.71,4.07,3.96,3.67,3.06,15.05999999999986,11.308749999999984,16.503291291059334,34.71812499999999,122.8,0.13052619222005157,0.9914448613738104,0.9749279121818236,-0.22252093395631434,0,7.27,0.0,45.45,100.0
2018-10-17 00:30:00,2018-10-17 00:45:00,2018-10-17 01:30:00,14.719999999999999,3.67,3.71,3.64,4.75,2.81,15.089999999999858,7.758124999999985,10.59647831755598,34.706875,122.8,0.19509032201612825,0.9807852804032304,0.9749279121818236,-0.22252093395631434,0,6.41,0.0,49.69,100.0
2018-10-17 00:45:00,2018-10-17 01:00:00,2018-10-17 01:45:00,15.120000000000001,3.67,3.67,3.64,4.57,2.84,15.119999999999859,5.149999999999984,4.239181819651286,34.6975,122.8,0.25881904510252074,0.9659258262890683,0.9749279121818236,-0.22252093395631434,0,6.48,0.0,49.28,100.0
2018-10-17 01:00:00,2018-10-17 01:15:00,2018-10-17 02:00:00,16.31,3.67,3.67,4.07,3.64,2.84,14.719999999999857,4.0474999999999834,0.7552855420721623,34.697812500000005,122.8,0.3214394653031616,0.9469301294951057,0.9749279121818236,-0.22252093395631434,0,6.62,0.0,48.49,100.0
2018-10-17 01:15:00,2018-10-17 01:30:00,2018-10-17 02:15:00,16.92,3.67,3.67,3.71,3.74,2.88,14.68,3.8537499999999842,0.2803095388378031,34.69708333333333,122.8,0.3826834323650898,0.9238795325112867,0.9749279121818236,-0.22252093395631434,0,7.27,0.0,45.06,100.0
2018-10-17 01:30:00,2018-10-17 01:45:00,2018-10-17 02:30:00,16.92,3.71,3.67,3.67,3.24,2.81,14.719999999999859,3.8337499999999842,0.27843031006606433,34.70197916666667,122.8,0.44228869021900125,0.8968727415326884,0.9749279121818236,-0.22252093395631434,0,7.24,0.0,45.6,100.0
2018-10-17 01:45:00,2018-10-17 02:00:00,2018-10-17 02:45:00,16.560000000000002,4.07,3.71,3.67,3.1,2.81,15.119999999999859,3.8337499999999842,0.27843031006606433,34.71208333333333,122.8,0.49999999999999994,0.8660254037844387,0.9749279121818236,-0.22252093395631434,0,7.02,0.0,50.16,100.0
2018-10-17 02:00:00,2018-10-17 02:15:00,2018-10-17 03:00:00,15.479999999999999,4.86,4.07,3.67,3.1,2.81,16.309999999999857,3.889999999999984,0.3730784100741028,34.73041666666666,122.8,0.5555702330196022,0.8314696123025452,0.9749279121818236,-0.22252093395631434,0,8.6,0.0,49.2,100.0
2018-10-17 02:15:00,2018-10-17 02:30:00,2018-10-17 03:15:00,14.91,4.28,4.86,3.67,3.1,2.95,16.91999999999986,3.923749999999984,0.3822936535745549,34.74270833333333,122.8,0.6087614290087207,0.7933533402912352,0.9749279121818236,-0.22252093395631434,0,8.17,0.0,46.4,100.0
2018-10-17 02:30:00,2018-10-17 02:45:00,2018-10-17 03:30:00,14.479999999999999,3.71,4.28,3.71,3.17,3.46,16.91999999999986,3.926249999999984,0.38075377550771433,34.74833333333333,122.8,0.6593458151000688,0.7518398074789774,0.9749279121818236,-0.22252093395631434,0,7.2,0.0,45.8,100.0
2018-10-17 02:45:00,2018-10-17 03:00:00,2018-10-17 03:45:00,13.83,3.71,3.71,4.07,3.17,2.92,16.55999999999986,3.924374999999984,0.3817389283769486,34.75395833333333,122.8,0.7071067811865476,0.7071067811865476,0.9749279121818236,-0.22252093395631434,0,7.34,0.0,45.11,100.0
2018-10-17 03:00:00,2018-10-17 03:15:00,2018-10-17 04:00:00,13.18,3.78,3.71,4.86,3.1,2.84,15.479999999999858,3.863749999999984,0.3174089437357593,34.761041666666664,122.8,0.7518398074789774,0.6593458151000688,0.9749279121818236,-0.22252093395631434,0,7.27,0.0,46.13,100.0
2018-10-17 03:15:00,2018-10-17 03:30:00,2018-10-17 04:15:00,12.639999999999999,3.71,3.78,4.28,3.1,2.84,14.909999999999858,3.848124999999984,0.31843796010913694,34.76739583333333,122.8,0.7933533402912352,0.6087614290087207,0.9749279121818236,-0.22252093395631434,0,7.24,0.0,45.6,100.0
2018-10-17 03:30:00,2018-10-17 03:45:00,2018-10-17 04:30:00,12.489999999999998,3.28,3.71,3.71,3.06,2.84,14.479999999999857,3.825624999999984,0.34403794767219215,34.769687499999996,122.8,0.8314696123025451,0.5555702330196024,0.9749279121818236,-0.22252093395631434,0,6.19,0.0,46.82,100.0
2018-10-17 03:45:00,2018-10-17 04:00:00,2018-10-17 04:45:00,12.53,3.06,3.28,3.71,3.1,2.81,13.829999999999858,3.7893749999999837,0.3892696487507541,34.76927083333334,122.8,0.8660254037844386,0.5000000000000001,0.9749279121818236,-0.22252093395631434,0,5.94,0.0,45.8,100.0
2018-10-17 04:00:00,2018-10-17 04:15:00,2018-10-17 05:00:00,12.46,3.13,3.06,3.78,3.17,2.88,13.179999999999858,3.730624999999984,0.4127115935354889,34.768854166666664,122.8,0.8968727415326884,0.44228869021900125,0.9749279121818236,-0.22252093395631434,0,5.98,0.0,46.37,100.0
2018-10-17 04:15:00,2018-10-17 04:30:00,2018-10-17 05:15:00,12.850000000000001,3.17,3.13,3.71,3.1,2.81,12.639999999999857,3.696874999999984,0.43452155808272763,34.76958333333334,122.8,0.9238795325112867,0.38268343236508984,0.9749279121818236,-0.22252093395631434,0,6.19,0.0,45.58,100.0
2018-10-17 04:30:00,2018-10-17 04:45:00,2018-10-17 05:30:00,13.39,3.13,3.17,3.28,3.1,2.99,12.489999999999858,3.663124999999984,0.4557510114510771,34.76989583333333,122.8,0.9469301294951056,0.3214394653031617,0.9749279121818236,-0.22252093395631434,0,6.01,0.0,46.19,100.0
2018-10-17 04:45:00,2018-10-17 05:00:00,2018-10-17 05:45:00,14.069999999999999,3.1,3.13,3.06,3.53,3.46,12.529999999999857,3.627499999999984,0.47566400963676086,34.76541666666667,122.8,0.9659258262890683,0.25881904510252074,0.9749279121818236,-0.22252093395631434,0,5.87,0.0,46.7,100.0
2018-10-17 05:00:00,2018-10-17 05:15:00,2018-10-17 06:00:00,14.68,3.06,3.1,3.13,3.53,2.95,12.459999999999859,3.589374999999984,0.4947912281344164,34.76052083333333,122.8,0.9807852804032304,0.19509032201612833,0.9749279121818236,-0.22252093395631434,0,5.83,0.0,46.47,100.0
2018-10-17 05:15:00,2018-10-17 05:30:00,2018-10-17 06:15:00,14.719999999999999,3.56,3.06,3.17,3.2,2.81,12.84999999999986,3.582499999999984,0.4943872470682996,34.764270833333335,122.8,0.9914448613738104,0.1305261922200517,0.9749279121818236,-0.22252093395631434,0,6.77,0.0,46.54,100.0
2018-10-17 05:30:00,2018-10-17 05:45:00,2018-10-17 06:30:00,14.29,3.67,3.56,3.13,3.64,2.92,13.389999999999858,3.5799999999999836,0.49383701771310623,34.764583333333334,122.8,0.9978589232386035,0.06540312923014327,0.9749279121818236,-0.22252093395631434,0,7.13,0.0,45.77,100.0
2018-10-17 05:45:00,2018-10-17 06:00:00,2018-10-17 06:45:00,13.53,3.78,3.67,3.1,3.56,3.31,14.069999999999858,3.5618749999999837,0.4806664482141389,34.766875,122.8,1.0,6.123233995736766e-17,0.9749279121818236,-0.22252093395631434,0,7.34,0.0,45.78,100.0
2018-10-17 06:00:00,2018-10-17 06:15:00,2018-10-17 07:00:00,12.959999999999999,3.67,3.78,3.06,3.02,3.1,14.679999999999858,3.487499999999984,0.3477337344346684,34.77364583333333,122.8,0.9978589232386035,-0.06540312923014314,0.9749279121818236,-0.22252093395631434,0,6.95,0.0,46.7,100.0
2018-10-17 06:15:00,2018-10-17 06:30:00,2018-10-17 07:15:00,12.379999999999999,3.6,3.67,3.56,3.06,2.74,14.719999999999859,3.444999999999984,0.2839894365358138,34.779270833333335,122.8,0.9914448613738104,-0.1305261922200516,0.9749279121818236,-0.22252093395631434,0,6.62,0.0,47.77,100.0
2018-10-17 06:30:00,2018-10-17 06:45:00,2018-10-17 07:30:00,12.63,3.24,3.6,3.67,3.06,2.81,14.289999999999859,3.4156249999999844,0.2793288553640004,34.78114583333333,122.8,0.9807852804032304,-0.1950903220161282,0.9749279121818236,-0.22252093395631434,0,6.05,0.0,47.21,100.0
2018-10-17 06:45:00,2018-10-17 07:00:00,2018-10-17 07:45:00,14.43,3.02,3.24,3.78,3.1,2.74,13.529999999999857,3.372499999999984,0.28378028484024737,34.7803125,122.8,0.9659258262890683,-0.25881904510252063,0.9749279121818236,-0.22252093395631434,0,5.9,0.0,45.56,100.0
2018-10-17 07:00:00,2018-10-17 07:15:00,2018-10-17 08:00:00,16.509999999999998,3.1,3.02,3.67,3.02,2.77,12.959999999999859,3.329999999999984,0.2701619885625299,34.78114583333333,122.8,0.9469301294951057,-0.3214394653031616,0.9749279121818236,-0.22252093395631434,0,5.8,0.0,47.14,100.0
2018-10-17 07:15:00,2018-10-17 07:30:00,2018-10-17 08:15:00,44.99,3.02,3.1,3.6,2.99,2.74,12.379999999999859,3.286874999999984,0.26097698066900427,34.78145833333333,122.8,0.9238795325112868,-0.3826834323650895,0.9749279121818236,-0.22252093395631434,0,5.58,0.0,47.6,100.0
2018-10-17 07:30:00,2018-10-17 07:45:00,2018-10-17 08:30:00,105.0,3.49,3.02,3.24,3.2,3.06,12.629999999999859,3.299999999999984,0.2655418988862112,34.784479166666664,122.8,0.8968727415326884,-0.44228869021900113,0.9749279121818236,-0.22252093395631434,0,5.98,0.0,50.41,100.0
2018-10-17 07:45:00,2018-10-17 08:00:00,2018-10-17 08:45:00,166.78,4.82,3.49,3.02,5.04,4.32,14.42999999999986,3.409999999999984,0.44633227540025494,34.7821875,122.8,0.8660254037844387,-0.4999999999999998,0.9749279121818236,-0.22252093395631434,0,7.49,0.0,54.12,100.0
2018-10-17 08:00:00,2018-10-17 08:15:00,2018-10-17 09:00:00,254.16,5.18,4.82,3.1,5.33,8.17,16.50999999999986,3.538124999999984,0.6113123051590098,34.780625,122.8,0.8314696123025451,-0.5555702330196023,0.9749279121818236,-0.22252093395631434,0,6.73,0.0,60.99,100.0
2018-10-17 08:15:00,2018-10-17 08:30:00,2018-10-17 09:15:00,302.11,31.5,5.18,3.02,46.84,43.6,44.98999999999986,5.308749999999984,6.789460467339198,34.62083333333333,122.8,0.7933533402912352,-0.6087614290087207,0.9749279121818236,-0.22252093395631434,0,28.73,0.0,73.88,100.0
2018-10-17 08:30:00,2018-10-17 08:45:00,2018-10-17 09:30:00,349.74,63.5,31.5,3.49,80.82,61.56,104.99999999999986,9.081874999999984,15.59494999140531,34.440416666666664,122.8,0.7518398074789774,-0.6593458151000688,0.9749279121818236,-0.22252093395631434,0,59.04,0.0,73.24,100.0
2018-10-17 08:45:00,2018-10-17 09:00:00,2018-10-17 09:45:00,380.81,66.6,63.5,4.82,92.74,61.74,166.77999999999986,13.050624999999984,20.784272439982782,34.168124999999996,122.8,0.7071067811865476,-0.7071067811865475,0.9749279121818236,-0.22252093395631434,0,56.81,0.0,76.08,100.0
2018-10-17 09:00:00,2018-10-17 09:15:00,2018-10-17 10:00:00,413.6,92.56,66.6,5.18,122.8,58.64,254.15999999999985,18.644374999999982,28.099225071332867,33.853125,115.16,0.659345815100069,-0.7518398074789773,0.9749279121818236,-0.22252093395631434,0,54.18,0.0,86.3,100.0
2018-10-17 09:15:00,2018-10-17 09:30:00,2018-10-17 10:15:00,403.2,79.45,92.56,31.5,104.22,66.17,302.10999999999984,23.387499999999985,31.3676715544849,33.595104166666665,115.16,0.6087614290087209,-0.793353340291235,0.9749279121818236,-0.22252093395631434,0,38.27,0.0,90.09,100.0
2018-10-17 09:30:00,2018-10-17 09:45:00,2018-10-17 10:30:00,361.87,111.13,79.45,63.5,110.52,79.45,349.73999999999984,30.103749999999984,37.3590111075967,33.60145833333333,115.16,0.5555702330196025,-0.831469612302545,0.9749279121818236,-0.22252093395631434,0,48.02,0.0,91.8,100.0
2018-10-17 09:45:00,2018-10-17 10:00:00,2018-10-17 10:45:00,370.83,97.67,111.13,66.6,88.63,114.05,380.8099999999999,35.97187499999998,40.0409411132456,33.695625,115.16,0.49999999999999994,-0.8660254037844387,0.9749279121818236,-0.22252093395631434,0,48.64,0.0,89.51,100.0
2018-10-17 10:00:00,2018-10-17 10:15:00,2018-10-17 11:00:00,372.52,125.35,97.67,92.56,114.62,87.52,413.5999999999999,43.57687499999999,44.49163765792841,33.80739583333334,125.35,0.4422886902190017,-0.8968727415326881,0.9749279121818236,-0.22252093395631434,0,64.87,0.0,88.81,100.0
2018-10-17 10:15:00,2018-10-17 10:30:00,2018-10-17 11:15:00,411.33000000000004,69.05,125.35,79.45,94.75,99.4,403.1999999999998,47.66749999999998,43.62846784210985,33.5396875,125.35,0.3826834323650899,-0.9238795325112867,0.9749279121818236,-0.22252093395631434,0,34.24,0.0,89.59,100.0
2018-10-17 10:30:00,2018-10-17 10:45:00,2018-10-17 11:30:00,462.96000000000004,69.8,69.05,111.13,77.69,119.59,361.86999999999983,51.827499999999986,42.34844042287754,33.4575,125.35,0.32143946530316175,-0.9469301294951056,0.9749279121818236,-0.22252093395631434,0,35.68,0.0,89.04,100.0
2018-10-17 10:45:00,2018-10-17 11:00:00,2018-10-17 11:45:00,410.08000000000004,106.63,69.8,97.67,115.16,81.5,370.8299999999998,58.30312499999999,42.31167757232483,33.36864583333334,125.35,0.258819045102521,-0.9659258262890682,0.9749279121818236,-0.22252093395631434,0,52.45,0.0,89.73,100.0
2018-10-17 11:00:00,2018-10-17 11:15:00,2018-10-17 12:00:00,336.21000000000004,127.04,106.63,125.35,62.17,120.82,372.51999999999987,66.04937499999998,42.838177842426575,34.044375,127.04,0.19509032201612816,-0.9807852804032304,0.9749279121818236,-0.22252093395631434,0,60.7,0.0,90.23,100.0
2018-10-17 11:15:00,2018-10-17 11:30:00,2018-10-17 12:15:00,234.72000000000003,107.86,127.04,69.05,54.61,90.5,411.3299999999998,72.60187499999998,40.65880427698729,34.599062499999995,127.04,0.130526192220052,-0.9914448613738104,0.9749279121818236,-0.22252093395631434,0,57.13,0.0,88.37,100.0
2018-10-17 11:30:00,2018-10-17 11:45:00,2018-10-17 12:30:00,118.47,121.43,107.86,69.8,63.0,120.74,462.9599999999999,79.97312499999998,38.06949495967016,35.207708333333336,127.04,0.06540312923014312,-0.9978589232386035,0.9749279121818236,-0.22252093395631434,0,63.11,0.0,88.73,100.0
2018-10-17 11:45:00,2018-10-17 12:00:00,2018-10-17 12:45:00,70.23,53.75,121.43,106.63,64.55,93.74,410.0799999999999,83.03124999999999,33.614179648438146,35.09520833333334,127.04,1.2246467991473532e-16,-1.0,0.9749279121818236,-0.22252093395631434,0,33.62,0.0,84.78,100.0
2018-10-17 12:00:00,2018-10-17 12:15:00,2018-10-17 13:00:00,23.040000000000003,53.17,53.75,127.04,44.14,39.78,336.20999999999987,86.03062499999999,28.246179270112705,35.18927083333333,127.04,-0.06540312923014287,-0.9978589232386035,0.9749279121818236,-0.22252093395631434,0,41.58,0.0,78.77,100.0
2018-10-17 12:15:00,2018-10-17 12:30:00,2018-10-17 13:15:00,42.370000000000005,6.37,53.17,107.86,13.75,3.92,234.71999999999986,84.45999999999998,31.719771633792877,35.11239583333333,127.04,-0.13052619222005177,-0.9914448613738104,0.9749279121818236,-0.22252093395631434,0,0.18,15.08,99.96,38.91
2018-10-17 12:30:00,2018-10-17 12:45:00,2018-10-17 13:30:00,84.89,5.18,6.37,121.43,5.08,3.67,118.46999999999986,80.81499999999998,36.854208545293375,35.113437499999996,127.04,-0.19509032201612792,-0.9807852804032305,0.9749279121818236,-0.22252093395631434,0,0.0,15.37,100.0,31.94
2018-10-17 12:45:00,2018-10-17 13:00:00,2018-10-17 13:45:00,124.69999999999999,5.51,5.18,53.75,5.51,3.89,70.22999999999986,76.99687499999997,41.05427089821904,35.1134375,127.04,-0.2588190451025208,-0.9659258262890683,0.9749279121818236,-0.22252093395631434,0,0.0,14.36,100.0,35.82
2018-10-17 13:00:00,2018-10-17 13:15:00,2018-10-17 14:00:00,175.01999999999998,5.98,5.51,53.17,5.8,4.39,23.039999999999857,71.58562499999998,44.22946571132598,35.1153125,127.04,-0.32143946530316153,-0.9469301294951057,0.9749279121818236,-0.22252093395631434,0,0.0,14.47,100.0,38.19
2018-10-17 13:15:00,2018-10-17 13:30:00,2018-10-17 14:15:00,220.82,25.7,5.98,6.37,34.74,63.14,42.369999999999855,68.22624999999998,45.52678193588351,35.021145833333335,127.04,-0.38268343236508967,-0.9238795325112868,0.9749279121818236,-0.22252093395631434,0,7.7,5.98,95.79,97.4
2018-10-17 13:30:00,2018-10-17 13:45:00,2018-10-17 14:30:00,232.09,47.7,25.7,5.18,71.35,97.31,84.88999999999986,64.26187499999999,44.36506286183272,34.774791666666665,127.04,-0.44228869021900147,-0.8968727415326883,0.9749279121818236,-0.22252093395631434,0,26.89,0.0,87.11,100.0
2018-10-17 13:45:00,2018-10-17 14:00:00,2018-10-17 14:45:00,260.92999999999995,45.32,47.7,5.51,54.83,87.44,124.69999999999985,60.98999999999998,43.706085102649006,34.67572916666666,127.04,-0.4999999999999997,-0.8660254037844388,0.9749279121818236,-0.22252093395631434,0,23.47,0.0,88.8,100.0
2018-10-17 14:00:00,2018-10-17 14:15:00,2018-10-17 15:00:00,265.15,56.3,45.32,5.98,63.5,84.13,175.01999999999987,56.67437499999998,40.42380378080936,34.60072916666667,127.04,-0.555570233019602,-0.8314696123025455,0.9749279121818236,-0.22252093395631434,0,39.96,0.0,81.55,100.0
2018-10-17 14:15:00,2018-10-17 14:30:00,2018-10-17 15:15:00,239.66,71.5,56.3,25.7,70.45,113.15,220.81999999999988,56.82749999999998,40.47500038604079,34.61166666666667,127.04,-0.6087614290087207,-0.7933533402912352,0.9749279121818236,-0.22252093395631434,0,48.31,0.0,82.86,100.0
2018-10-17 14:30:00,2018-10-17 14:45:00,2018-10-17 15:30:00,247.57999999999998,58.97,71.5,47.7,56.74,58.5,232.08999999999986,56.150624999999984,40.34273826674855,34.63489583333333,127.04,-0.6593458151000688,-0.7518398074789774,0.9749279121818236,-0.22252093395631434,0,41.62,0.0,81.7,100.0
2018-10-17 14:45:00,2018-10-17 15:00:00,2018-10-17 15:45:00,240.81,74.16,58.97,45.32,64.22,48.67,260.92999999999984,54.12124999999998,38.52828585516757,34.738437499999996,127.04,-0.7071067811865471,-0.7071067811865479,0.9749279121818236,-0.22252093395631434,0,49.93,0.0,82.95,100.0
2018-10-17 15:00:00,2018-10-17 15:15:00,2018-10-17 16:00:00,231.95000000000002,60.52,74.16,56.3,57.02,60.16,265.14999999999986,49.96374999999998,33.725087078279124,34.77489583333333,127.04,-0.7518398074789773,-0.6593458151000691,0.9749279121818236,-0.22252093395631434,0,43.38,0.0,81.28,100.0
2018-10-17 15:15:00,2018-10-17 15:30:00,2018-10-17 16:15:00,227.92,46.01,60.52,71.5,59.8,62.57,239.65999999999985,46.09812499999998,30.23105961150533,34.63125,127.04,-0.7933533402912349,-0.6087614290087209,0.9749279121818236,-0.22252093395631434,0,26.1,0.0,86.98,100.0
2018-10-17 15:30:00,2018-10-17 15:45:00,2018-10-17 16:30:00,209.81,66.89,46.01,58.97,59.94,50.29,247.57999999999987,42.689374999999984,23.971557226417154,34.70364583333333,127.04,-0.8314696123025452,-0.5555702330196022,0.9749279121818236,-0.22252093395631434,0,42.23,0.0,84.56,100.0
2018-10-17 15:45:00,2018-10-17 16:00:00,2018-10-17 16:45:00,211.18,67.39,66.89,74.16,68.8,111.71,240.80999999999986,43.54187499999998,24.584451696842695,34.68895833333334,127.04,-0.8660254037844385,-0.5000000000000004,0.9749279121818236,-0.22252093395631434,0,48.17,0.0,81.35,100.0
2018-10-17 16:00:00,2018-10-17 16:15:00,2018-10-17 17:00:00,208.65999999999997,51.66,67.39,60.52,56.63,105.52,231.94999999999985,43.447499999999984,24.550184444317658,34.6371875,127.04,-0.8968727415326883,-0.44228869021900136,0.9749279121818236,-0.22252093395631434,0,31.1,0.0,85.67,100.0
2018-10-17 16:15:00,2018-10-17 16:30:00,2018-10-17 17:15:00,234.18,41.98,51.66,46.01,58.64,86.15,227.91999999999985,45.673124999999985,22.626785763435098,34.46364583333334,127.04,-0.9238795325112868,-0.3826834323650895,0.9749279121818236,-0.22252093395631434,0,23.11,0.0,87.6,100.0
2018-10-17 16:30:00,2018-10-17 16:45:00,2018-10-17 17:30:00,227.92000000000002,48.78,41.98,66.89,59.26,101.52,209.80999999999986,48.39812499999998,20.066596067454647,34.354479166666664,127.04,-0.9469301294951056,-0.3214394653031618,0.9749279121818236,-0.22252093395631434,0,30.28,0.0,84.96,100.0
2018-10-17 16:45:00,2018-10-17 17:00:00,2018-10-17 17:45:00,188.93,68.76,48.78,67.39,69.41,79.45,211.17999999999986,52.35124999999998,17.26244474104137,34.34770833333334,127.04,-0.9659258262890683,-0.25881904510252063,0.9749279121818236,-0.22252093395631434,0,44.03,0.0,84.21,100.0
2018-10-17 17:00:00,2018-10-17 17:15:00,2018-10-17 18:00:00,168.66000000000003,49.14,68.76,51.66,65.84,114.16,208.65999999999985,55.048749999999984,12.528635138653526,34.17375,127.04,-0.9807852804032303,-0.19509032201612866,0.9749279121818236,-0.22252093395631434,0,26.03,0.0,88.37,100.0
2018-10-17 17:15:00,2018-10-17 17:30:00,2018-10-17 18:15:00,133.56,67.5,49.14,41.98,53.86,104.83,234.1799999999999,57.66124999999998,10.295475872318917,34.31583333333333,127.04,-0.9914448613738104,-0.13052619222005163,0.9749279121818236,-0.22252093395631434,0,46.22,0.0,82.51,100.0
2018-10-17 17:30:00,2018-10-17 17:45:00,2018-10-17 18:30:00,130.42,42.52,67.5,48.78,52.27,81.4,227.91999999999987,57.337499999999984,10.677965337553843,34.21427083333333,127.04,-0.9978589232386035,-0.06540312923014273,0.9749279121818236,-0.22252093395631434,0,19.15,0.22,91.18,100.0
2018-10-17 17:45:00,2018-10-17 18:00:00,2018-10-17 18:45:00,149.25,29.77,42.52,68.76,29.92,32.54,188.92999999999986,56.36562499999999,12.310405135874992,34.21270833333333,127.04,-1.0,-1.8369701987210297e-16,0.9749279121818236,-0.22252093395631434,0,1.01,1.4,99.94,99.89
2018-10-17 18:00:00,2018-10-17 18:15:00,2018-10-17 19:00:00,168.15,28.87,29.77,49.14,30.06,31.72,168.65999999999985,54.65124999999998,13.99490303423015,34.200312499999995,127.04,-0.9978589232386036,0.06540312923014237,0.9749279121818236,-0.22252093395631434,0,6.19,0.79,97.78,99.96
2018-10-17 18:15:00,2018-10-17 18:30:00,2018-10-17 19:15:00,183.31,32.4,28.87,67.5,40.61,63.43,133.55999999999986,52.20749999999999,14.25088615665731,34.11479166666667,127.04,-0.9914448613738105,0.13052619222005127,0.9749279121818236,-0.22252093395631434,0,16.24,0.0,89.4,100.0
2018-10-17 18:30:00,2018-10-17 18:45:00,2018-10-17 19:30:00,188.21,39.38,32.4,42.52,51.95,119.88,130.41999999999985,50.98312499999999,14.457333657503494,33.98385416666667,127.04,-0.9807852804032304,0.1950903220161283,0.9749279121818236,-0.22252093395631434,0,20.05,0.0,89.11,100.0
2018-10-17 18:45:00,2018-10-17 19:00:00,2018-10-17 19:45:00,182.52,48.6,39.38,29.77,72.76,82.62,149.24999999999986,49.38562499999998,13.162236687181442,33.7321875,127.04,-0.9659258262890684,0.2588190451025203,0.9749279121818236,-0.22252093395631434,0,19.98,0.0,92.49,100.0
2018-10-17 19:00:00,2018-10-17 19:15:00,2018-10-17 20:00:00,171.65,47.77,48.6,28.87,61.27,100.37,168.14999999999986,48.58874999999998,12.846174953561507,33.5915625,127.04,-0.9469301294951057,0.3214394653031615,0.9749279121818236,-0.22252093395631434,0,20.09,0.0,92.18,100.0
2018-10-17 19:15:00,2018-10-17 19:30:00,2018-10-17 20:15:00,163.69,47.56,47.77,32.4,72.11,85.32,183.3099999999999,48.68562499999998,12.832199718262878,33.33583333333333,127.04,-0.923879532511287,0.38268343236508917,0.9749279121818236,-0.22252093395631434,0,19.3,0.0,92.66,100.0
2018-10-17 19:30:00,2018-10-17 19:45:00,2018-10-17 20:30:00,162.25,44.28,47.56,39.38,61.78,87.59,188.20999999999987,47.27249999999999,11.965327774449491,33.15354166666667,127.04,-0.8968727415326884,0.442288690219001,0.9749279121818236,-0.22252093395631434,0,18.04,0.0,92.61,100.0
2018-10-17 19:45:00,2018-10-17 20:00:00,2018-10-17 20:45:00,139.97,42.91,44.28,48.6,61.16,52.09,182.51999999999987,45.742499999999986,10.803842776994403,32.9634375,127.04,-0.8660254037844386,0.5000000000000001,0.9749279121818236,-0.22252093395631434,0,18.94,0.04,91.48,100.0
2018-10-17 20:00:00,2018-10-17 20:15:00,2018-10-17 21:00:00,111.05999999999999,36.9,42.91,47.77,66.78,70.42,171.64999999999986,44.819999999999986,10.889000183672287,32.652187500000004,127.04,-0.8314696123025455,0.5555702330196018,0.9749279121818236,-0.22252093395631434,0,10.8,0.18,95.97,100.0
2018-10-17 20:15:00,2018-10-17 20:30:00,2018-10-17 21:15:00,75.63999999999999,39.6,36.9,47.56,52.31,100.73,163.68999999999986,44.671249999999986,10.942902879835646,32.51979166666667,127.04,-0.7933533402912357,0.6087614290087199,0.9749279121818236,-0.22252093395631434,0,13.72,0.04,94.49,100.0
2018-10-17 20:30:00,2018-10-17 20:45:00,2018-10-17 21:30:00,36.72,42.84,39.6,44.28,60.48,81.18,162.24999999999986,44.29999999999999,10.89787938087111,32.33604166666667,127.04,-0.7518398074789772,0.6593458151000691,0.9749279121818236,-0.22252093395631434,0,16.06,0.11,93.64,100.0
2018-10-17 20:45:00,2018-10-17 21:00:00,2018-10-17 21:45:00,19.98,20.63,42.84,42.91,45.4,99.4,139.96999999999986,41.29187499999998,10.360431469509077,32.07802083333333,127.04,-0.7071067811865477,0.7071067811865474,0.9749279121818236,-0.22252093395631434,0,3.1,7.31,98.89,94.26
2018-10-17 21:00:00,2018-10-17 21:15:00,2018-10-17 22:00:00,15.84,7.99,20.63,36.9,21.31,94.54,111.05999999999986,38.719999999999985,12.891387144137044,31.939270833333335,127.04,-0.6593458151000687,0.7518398074789775,0.9749279121818236,-0.22252093395631434,0,0.0,14.98,100.0,47.06
2018-10-17 21:15:00,2018-10-17 21:30:00,2018-10-17 22:15:00,15.26,4.18,7.99,39.6,6.77,39.89,75.63999999999987,34.76249999999998,13.16515310393412,31.912291666666672,127.04,-0.608761429008721,0.7933533402912349,0.9749279121818236,-0.22252093395631434,0,0.0,18.04,100.0,22.57
2018-10-17 21:30:00,2018-10-17 21:45:00,2018-10-17 22:30:00,15.01,3.92,4.18,42.84,4.03,33.91,36.71999999999986,32.34999999999998,14.939667415977802,31.911145833333332,127.04,-0.555570233019603,0.8314696123025447,0.9749279121818236,-0.22252093395631434,0,0.0,18.32,100.0,20.92
2018-10-17 21:45:00,2018-10-17 22:00:00,2018-10-17 22:45:00,14.760000000000002,3.89,3.92,20.63,4.07,11.38,19.97999999999986,30.732499999999984,16.45553269420442,31.909270833333334,127.04,-0.5000000000000004,0.8660254037844384,0.9749279121818236,-0.22252093395631434,0,0.0,18.4,100.0,20.68
2018-10-17 22:00:00,2018-10-17 22:15:00,2018-10-17 23:00:00,14.55,3.85,3.89,7.99,3.96,8.71,15.839999999999858,29.168749999999985,17.699978416301313,31.908125,127.04,-0.4422886902190014,0.8968727415326883,0.9749279121818236,-0.22252093395631434,0,0.0,17.86,100.0,21.07
2018-10-17 22:15:00,2018-10-17 22:30:00,2018-10-17 23:15:00,14.48,3.6,3.85,4.18,3.74,10.58,15.259999999999858,27.368749999999984,18.71514723259035,31.906666666666666,127.04,-0.38268343236508956,0.9238795325112868,0.9749279121818236,-0.22252093395631434,0,5.8,0.18,52.74,99.88
2018-10-17 22:30:00,2018-10-17 22:45:00,2018-10-17 23:30:00,14.34,3.67,3.6,3.92,3.67,4.5,15.009999999999858,25.136874999999986,19.27071635888017,31.906666666666666,127.04,-0.32143946530316186,0.9469301294951056,0.9749279121818236,-0.22252093395631434,0,5.87,0.0,53.01,100.0
2018-10-17 22:45:00,2018-10-17 23:00:00,2018-10-17 23:45:00,14.26,3.64,3.67,3.89,3.74,4.82,14.759999999999858,22.326874999999983,18.91928239877017,31.905625,127.04,-0.25881904510252157,0.9659258262890681,0.9749279121818236,-0.22252093395631434,0,5.98,0.0,51.99,100.0
2018-10-17 23:00:00,2018-10-17 23:15:00,2018-10-18 00:00:00,14.26,3.64,3.64,3.85,4.75,4.79,14.549999999999859,19.568749999999987,18.212561899346912,31.894062500000004,127.04,-0.19509032201612872,0.9807852804032303,0.9749279121818236,-0.22252093395631434,0,5.87,0.0,52.7,100.0
2018-10-17 23:15:00,2018-10-17 23:30:00,2018-10-18 00:15:00,15.45,3.53,3.64,3.6,3.96,4.39,14.479999999999858,16.816874999999985,17.065544497156274,31.889583333333334,127.04,-0.13052619222005168,0.9914448613738104,0.9749279121818236,-0.22252093395631434,0,5.36,0.0,55.0,100.0
2018-10-17 23:30:00,2018-10-17 23:45:00,2018-10-18 00:30:00,15.92,3.53,3.53,3.67,3.64,3.49,14.339999999999858,14.269999999999984,15.768357555561982,31.8884375,127.04,-0.0654031292301428,0.9978589232386035,0.9749279121818236,-0.22252093395631434,0,5.22,0.0,56.02,100.0
2018-10-17 23:45:00,2018-10-18 00:00:00,2018-10-18 00:45:00,15.85,3.56,3.53,3.64,3.64,3.56,14.259999999999858,11.810624999999984,14.088860168921627,31.887604166666666,127.04,0.0,1.0,0.43388373911755823,-0.900968867902419,0,5.22,0.0,56.34,100.0
2018-10-18 00:00:00,2018-10-18 00:15:00,2018-10-18 01:00:00,15.809999999999999,3.64,3.56,3.64,4.07,3.56,14.259999999999858,9.731874999999985,12.609715608784706,31.883125000000003,127.04,0.06540312923014306,0.9978589232386035,0.43388373911755823,-0.900968867902419,0,7.13,0.0,45.47,100.0
2018-10-18 00:15:00,2018-10-18 00:30:00,2018-10-18 01:15:00,14.73,4.72,3.64,3.53,3.71,3.53,15.449999999999857,7.551874999999984,10.003294594004068,31.893645833333334,127.04,0.13052619222005157,0.9914448613738104,0.43388373911755823,-0.900968867902419,0,5.54,0.0,64.85,100.0
2018-10-18 00:30:00,2018-10-18 00:45:00,2018-10-18 01:30:00,14.290000000000001,4.0,4.72,3.53,3.67,3.49,15.919999999999858,5.124374999999985,4.13925109282267,31.89708333333333,127.04,0.19509032201612825,0.9807852804032304,0.43388373911755823,-0.900968867902419,0,5.62,0.0,57.99,100.0
2018-10-18 00:45:00,2018-10-18 01:00:00,2018-10-18 01:45:00,14.360000000000001,3.49,4.0,3.56,3.67,3.53,15.849999999999858,4.053124999999984,1.061247607504884,31.895208333333333,127.04,0.25881904510252074,0.9659258262890683,0.43388373911755823,-0.900968867902419,0,5.62,0.0,52.76,100.0
2018-10-18 01:00:00,2018-10-18 01:15:00,2018-10-18 02:00:00,14.32,3.6,3.49,3.64,3.67,3.64,15.809999999999857,3.778749999999984,0.30840061212672676,31.894479166666667,127.04,0.3214394653031616,0.9469301294951057,0.43388373911755823,-0.900968867902419,0,5.94,0.0,51.83,100.0
2018-10-18 01:15:00,2018-10-18 01:30:00,2018-10-18 02:15:00,14.32,3.64,3.6,4.72,3.67,3.56,14.729999999999858,3.744999999999984,0.29174046695680855,31.894166666666663,127.04,0.3826834323650898,0.9238795325112867,0.43388373911755823,-0.900968867902419,0,5.83,0.0,52.96,100.0
2018-10-18 01:30:00,2018-10-18 01:45:00,2018-10-18 02:30:00,14.43,3.56,3.64,4.0,3.71,3.53,14.289999999999859,3.722499999999984,0.2912580472024787,31.89260416666667,127.04,0.44228869021900125,0.8968727415326884,0.43388373911755823,-0.900968867902419,0,5.98,0.0,51.15,100.0
2018-10-18 01:45:00,2018-10-18 02:00:00,2018-10-18 02:45:00,14.510000000000002,3.56,3.56,3.49,4.07,3.53,14.359999999999857,3.701874999999984,0.2903493317285643,31.88729166666667,127.04,0.49999999999999994,0.8660254037844387,0.43388373911755823,-0.900968867902419,0,5.8,0.0,52.31,100.0
2018-10-18 02:00:00,2018-10-18 02:15:00,2018-10-18 03:00:00,14.55,3.56,3.56,3.6,4.86,3.6,14.319999999999858,3.683749999999984,0.2895875300496271,31.87375,127.04,0.5555702330196022,0.8314696123025452,0.43388373911755823,-0.900968867902419,0,6.12,0.0,50.28,100.0
2018-10-18 02:15:00,2018-10-18 02:30:00,2018-10-18 03:15:00,14.47,3.64,3.56,3.64,4.28,3.67,14.319999999999858,3.686249999999984,0.28902584237441636,31.86708333333333,127.04,0.6087614290087207,0.7933533402912352,0.43388373911755823,-0.900968867902419,0,6.44,0.0,49.21,100.0
2018-10-18 02:30:00,2018-10-18 02:45:00,2018-10-18 03:30:00,14.260000000000002,3.67,3.64,3.56,3.71,3.64,14.429999999999858,3.6862499999999843,0.28902584237441636,31.86666666666667,127.04,0.6593458151000688,0.7518398074789774,0.43388373911755823,-0.900968867902419,0,6.3,0.0,50.34,100.0
2018-10-18 02:45:00,2018-10-18 03:00:00,2018-10-18 03:45:00,13.610000000000001,3.64,3.67,3.56,3.71,3.6,14.50999999999986,3.6862499999999843,0.28902584237441636,31.8659375,127.04,0.7071067811865476,0.7071067811865476,0.43388373911755823,-0.900968867902419,0,6.08,0.0,51.37,100.0
2018-10-18 03:00:00,2018-10-18 03:15:00,2018-10-18 04:00:00,13.03,3.6,3.64,3.56,3.78,3.64,14.549999999999859,3.683749999999984,0.2895875300496271,31.8640625,127.04,0.7518398074789774,0.6593458151000688,0.43388373911755823,-0.900968867902419,0,6.23,0.0,50.03,100.0
2018-10-18 03:15:00,2018-10-18 03:30:00,2018-10-18 04:15:00,12.46,3.56,3.6,3.64,3.71,3.64,14.469999999999859,3.685624999999984,0.28868167492108265,31.8625,127.04,0.7933533402912352,0.6087614290087207,0.43388373911755823,-0.900968867902419,0,6.08,0.0,50.53,100.0
2018-10-18 03:30:00,2018-10-18 03:45:00,2018-10-18 04:30:00,11.92,3.46,3.56,3.67,3.28,3.49,14.259999999999858,3.681249999999984,0.2915234768594914,31.864375,127.04,0.8314696123025451,0.5555702330196024,0.43388373911755823,-0.900968867902419,0,5.83,0.0,51.04,100.0
2018-10-18 03:45:00,2018-10-18 04:00:00,2018-10-18 04:45:00,12.39,2.99,3.46,3.64,3.06,3.06,13.609999999999857,3.6456249999999844,0.3356517681098751,31.863645833333333,127.04,0.8660254037844386,0.5000000000000001,0.43388373911755823,-0.900968867902419,0,4.68,0.0,53.84,100.0
2018-10-18 04:00:00,2018-10-18 04:15:00,2018-10-18 05:00:00,12.790000000000001,3.02,2.99,3.6,3.13,3.35,13.029999999999859,3.606874999999984,0.3682682234938657,31.8625,127.04,0.8968727415326884,0.44228869021900125,0.43388373911755823,-0.900968867902419,0,4.54,0.0,55.39,100.0
2018-10-18 04:15:00,2018-10-18 04:30:00,2018-10-18 05:15:00,12.790000000000001,2.99,3.02,3.56,3.17,3.56,12.459999999999859,3.498749999999984,0.2650913758696162,31.860625,127.04,0.9238795325112867,0.38268343236508984,0.43388373911755823,-0.900968867902419,0,4.39,0.0,56.29,100.0
2018-10-18 04:30:00,2018-10-18 04:45:00,2018-10-18 05:30:00,12.89,2.92,2.99,3.46,3.13,3.06,11.91999999999986,3.4312499999999844,0.26636147912286406,31.858437499999997,127.04,0.9469301294951056,0.3214394653031617,0.43388373911755823,-0.900968867902419,0,4.43,0.0,55.03,100.0
2018-10-18 04:45:00,2018-10-18 05:00:00,2018-10-18 05:45:00,12.379999999999999,3.46,2.92,2.99,3.1,2.95,12.389999999999858,3.4293749999999843,0.26604672415859965,31.8621875,127.04,0.9659258262890683,0.25881904510252074,0.43388373911755823,-0.900968867902419,0,5.8,0.0,51.23,100.0
2018-10-18 05:00:00,2018-10-18 05:15:00,2018-10-18 06:00:00,11.91,3.42,3.46,3.02,3.06,3.06,12.789999999999859,3.418124999999984,0.26237422593603643,31.8659375,127.04,0.9807852804032304,0.19509032201612833,0.43388373911755823,-0.900968867902419,0,5.83,0.0,50.6,100.0
2018-10-18 05:15:00,2018-10-18 05:30:00,2018-10-18 06:15:00,12.160000000000002,2.99,3.42,2.99,3.56,3.02,12.789999999999859,3.377499999999984,0.2748977083581795,31.860000000000003,127.04,0.9914448613738104,0.1305261922200517,0.43388373911755823,-0.900968867902419,0,4.43,0.0,55.94,100.0
2018-10-18 05:30:00,2018-10-18 05:45:00,2018-10-18 06:30:00,12.67,3.02,2.99,2.92,3.67,2.99,12.889999999999858,3.343749999999984,0.2834359496616751,31.85322916666667,127.04,0.9978589232386035,0.06540312923014327,0.43388373911755823,-0.900968867902419,0,4.5,0.0,55.73,100.0
2018-10-18 05:45:00,2018-10-18 06:00:00,2018-10-18 06:45:00,12.670000000000002,2.95,3.02,3.46,3.78,2.99,12.379999999999859,3.305624999999984,0.2926595452666073,31.844583333333333,127.04,1.0,6.123233995736766e-17,0.43388373911755823,-0.900968867902419,0,4.46,0.0,55.17,100.0
2018-10-18 06:00:00,2018-10-18 06:15:00,2018-10-18 07:00:00,12.639999999999999,2.95,2.95,3.42,3.67,2.99,11.909999999999858,3.267499999999984,0.29674273379595845,31.83708333333333,127.04,0.9978589232386035,-0.06540312923014314,0.43388373911755823,-0.900968867902419,0,4.46,0.0,55.17,100.0
2018-10-18 06:15:00,2018-10-18 06:30:00,2018-10-18 07:15:00,12.24,3.24,2.95,2.99,3.6,3.31,12.159999999999858,3.242499999999984,0.28072450919135367,31.833333333333332,127.04,0.9914448613738104,-0.1305261922200516,0.43388373911755823,-0.900968867902419,0,5.44,0.0,51.17,100.0
2018-10-18 06:30:00,2018-10-18 06:45:00,2018-10-18 07:30:00,12.020000000000001,3.53,3.24,3.02,3.24,3.31,12.66999999999986,3.233749999999984,0.2692089106265541,31.836354166666666,127.04,0.9807852804032304,-0.1950903220161282,0.43388373911755823,-0.900968867902419,0,6.41,0.0,48.24,100.0
2018-10-18 06:45:00,2018-10-18 07:00:00,2018-10-18 07:45:00,14.15,2.95,3.53,2.95,3.02,2.92,12.669999999999858,3.190624999999984,0.25559902080364694,31.835625000000004,127.04,0.9659258262890683,-0.25881904510252063,0.43388373911755823,-0.900968867902419,0,4.36,0.0,56.04,100.0
2018-10-18 07:00:00,2018-10-18 07:15:00,2018-10-18 08:00:00,15.91,2.92,2.95,2.95,3.1,2.88,12.639999999999858,3.1481249999999843,0.24005777312103357,31.83375,127.04,0.9469301294951057,-0.3214394653031616,0.43388373911755823,-0.900968867902419,0,4.39,0.0,55.38,100.0
2018-10-18 07:15:00,2018-10-18 07:30:00,2018-10-18 08:15:00,39.67,2.84,2.92,3.24,3.02,2.88,12.239999999999858,3.1031249999999844,0.2256855875679235,31.831874999999997,127.04,0.9238795325112868,-0.3826834323650895,0.43388373911755823,-0.900968867902419,0,4.14,0.0,56.57,100.0
2018-10-18 07:30:00,2018-10-18 07:45:00,2018-10-18 08:30:00,72.5,3.31,2.84,3.53,3.49,3.42,12.01999999999986,3.093749999999984,0.21345008212902877,31.83,127.04,0.8968727415326884,-0.44228869021900113,0.43388373911755823,-0.900968867902419,0,4.43,0.0,59.86,100.0
2018-10-18 07:45:00,2018-10-18 08:00:00,2018-10-18 08:45:00,108.57,5.08,3.31,2.95,4.82,4.57,14.149999999999858,3.2243749999999842,0.5238316613529066,31.832708333333333,127.04,0.8660254037844387,-0.4999999999999998,0.43388373911755823,-0.900968867902419,0,5.51,0.0,67.78,100.0
2018-10-18 08:00:00,2018-10-18 08:15:00,2018-10-18 09:00:00,148.35,4.68,5.08,2.92,5.18,4.18,15.909999999999858,3.328124999999984,0.6272581083060088,31.8275,127.04,0.8314696123025451,-0.5555702330196023,0.43388373911755823,-0.900968867902419,0,5.18,0.0,67.04,100.0
2018-10-18 08:15:00,2018-10-18 08:30:00,2018-10-18 09:15:00,165.42000000000002,26.6,4.68,2.84,31.5,47.16,39.66999999999986,4.803749999999984,5.661942991373104,31.776458333333334,127.04,0.7933533402912352,-0.6087614290087207,0.43388373911755823,-0.900968867902419,0,24.66,0.0,73.33,100.0
2018-10-18 08:30:00,2018-10-18 08:45:00,2018-10-18 09:30:00,173.81,36.14,26.6,3.31,63.5,106.49,72.49999999999986,6.879999999999984,9.428549066534933,31.49145833333333,127.04,0.7518398074789774,-0.6593458151000688,0.43388373911755823,-0.900968867902419,0,33.73,0.0,73.11,100.0
2018-10-18 08:45:00,2018-10-18 09:00:00,2018-10-18 09:45:00,179.6,41.15,36.14,5.08,66.6,136.01,108.56999999999985,9.235624999999985,12.49078058447226,31.226354166666667,127.04,0.7071067811865476,-0.7071067811865475,0.43388373911755823,-0.900968867902419,0,31.72,0.0,79.2,100.0
2018-10-18 09:00:00,2018-10-18 09:15:00,2018-10-18 10:00:00,178.83999999999997,44.46,41.15,4.68,92.56,113.83,148.34999999999985,11.800624999999982,14.995793355452268,30.7253125,127.04,0.659345815100069,-0.7518398074789773,0.43388373911755823,-0.900968867902419,0,18.0,0.0,92.69,100.0
2018-10-18 09:15:00,2018-10-18 09:30:00,2018-10-18 10:15:00,175.06,43.67,44.46,26.6,79.45,138.02,165.41999999999985,14.343124999999985,16.644409992079133,30.352604166666666,127.04,0.6087614290087209,-0.793353340291235,0.43388373911755823,-0.900968867902419,0,16.78,0.0,93.35,100.0
2018-10-18 09:30:00,2018-10-18 09:45:00,2018-10-18 10:30:00,170.17000000000002,44.53,43.67,36.14,111.13,95.94,173.8099999999999,16.937499999999986,17.867435287417326,29.658854166666668,127.04,0.5555702330196025,-0.831469612302545,0.43388373911755823,-0.900968867902419,0,20.27,0.0,91.01,100.0
2018-10-18 09:45:00,2018-10-18 10:00:00,2018-10-18 10:45:00,160.53,46.94,44.53,41.15,97.67,103.0,179.59999999999985,19.686874999999986,18.860472461855714,29.130416666666665,127.04,0.49999999999999994,-0.8660254037844387,0.43388373911755823,-0.900968867902419,0,20.77,0.0,91.45,100.0
2018-10-18 10:00:00,2018-10-18 10:15:00,2018-10-18 11:00:00,171.05,43.7,46.94,44.46,125.35,75.13,178.83999999999986,22.233749999999986,19.17713608538929,28.27989583333333,127.04,0.4422886902190017,-0.8968727415326881,0.43388373911755823,-0.900968867902419,0,17.93,0.0,92.52,100.0
2018-10-18 10:15:00,2018-10-18 10:30:00,2018-10-18 11:15:00,182.57,39.89,43.7,43.67,69.05,99.97,175.05999999999983,24.524374999999985,18.959216086363185,27.976145833333334,127.04,0.3826834323650899,-0.9238795325112867,0.43388373911755823,-0.900968867902419,0,13.61,0.04,94.64,100.0
2018-10-18 10:30:00,2018-10-18 10:45:00,2018-10-18 11:30:00,192.39000000000001,39.64,39.89,44.53,69.8,101.48,170.16999999999987,26.781249999999982,18.46864331610568,27.661979166666665,127.04,0.32143946530316175,-0.9469301294951056,0.43388373911755823,-0.900968867902419,0,13.5,0.04,94.66,100.0
2018-10-18 10:45:00,2018-10-18 11:00:00,2018-10-18 11:45:00,211.03,37.3,39.64,46.94,106.63,119.77,160.52999999999986,28.928124999999984,17.54712056818462,26.939791666666668,127.04,0.258819045102521,-0.9659258262890682,0.43388373911755823,-0.900968867902419,0,10.15,0.0,96.49,100.0
2018-10-18 11:00:00,2018-10-18 11:15:00,2018-10-18 12:00:00,206.56,54.22,37.3,43.7,127.04,102.1,171.04999999999984,32.134374999999984,17.185020355222285,26.181249999999995,121.43,0.19509032201612816,-0.9807852804032304,0.43388373911755823,-0.900968867902419,0,30.49,0.0,87.16,100.0
2018-10-18 11:15:00,2018-10-18 11:30:00,2018-10-18 12:15:00,167.71,51.41,54.22,39.89,107.86,137.16,182.56999999999988,35.16999999999999,15.990520238567159,25.59322916666667,121.43,0.130526192220052,-0.9914448613738104,0.43388373911755823,-0.900968867902419,0,30.74,0.0,85.83,100.0
2018-10-18 11:30:00,2018-10-18 11:45:00,2018-10-18 12:30:00,123.58,49.46,51.41,39.64,121.43,85.68,192.38999999999984,38.05437499999998,14.0249295759158,24.843541666666667,74.16,0.06540312923014312,-0.9978589232386035,0.43388373911755823,-0.900968867902419,0,30.06,0.0,85.46,100.0
2018-10-18 11:45:00,2018-10-18 12:00:00,2018-10-18 12:45:00,72.75,55.94,49.46,37.3,53.75,99.47,211.02999999999986,41.23312499999999,11.77415958718049,24.866354166666667,74.16,1.2246467991473532e-16,-1.0,0.43388373911755823,-0.900968867902419,0,33.77,0.0,85.61,100.0
2018-10-18 12:00:00,2018-10-18 12:15:00,2018-10-18 13:00:00,28.22,49.75,55.94,54.22,53.17,110.52,206.55999999999983,44.04999999999998,7.191761779982437,24.830729166666668,74.16,-0.06540312923014287,-0.9978589232386035,0.43388373911755823,-0.900968867902419,0,29.38,0.0,86.11,100.0
2018-10-18 12:15:00,2018-10-18 12:30:00,2018-10-18 13:15:00,48.67,12.56,49.75,51.41,6.37,12.02,167.70999999999987,43.172499999999985,9.69000935242155,24.895208333333333,74.16,-0.13052619222005177,-0.9914448613738104,0.43388373911755823,-0.900968867902419,0,1.62,13.64,99.18,67.74
2018-10-18 12:30:00,2018-10-18 12:45:00,2018-10-18 13:30:00,103.68,5.33,12.56,49.46,5.18,8.03,123.57999999999987,41.24687499999998,13.289118536772643,24.896770833333335,74.16,-0.19509032201612792,-0.9807852804032305,0.43388373911755823,-0.900968867902419,0,0.0,17.96,100.0,28.45
2018-10-18 12:45:00,2018-10-18 13:00:00,2018-10-18 13:45:00,227.45,5.11,5.33,55.94,5.51,8.06,72.74999999999987,38.994374999999984,15.910481988594713,24.89260416666667,74.16,-0.2588190451025208,-0.9659258262890683,0.43388373911755823,-0.900968867902419,0,0.0,17.53,100.0,27.99
2018-10-18 13:00:00,2018-10-18 13:15:00,2018-10-18 14:00:00,312.65999999999997,5.22,5.11,49.75,5.98,7.88,28.219999999999857,36.54187499999998,17.79201759875477,24.8846875,74.16,-0.32143946530316153,-0.9469301294951057,0.43388373911755823,-0.900968867902419,0,0.0,17.71,100.0,28.27
2018-10-18 13:15:00,2018-10-18 13:30:00,2018-10-18 14:15:00,333.25,33.01,5.22,12.56,25.7,36.97,48.66999999999985,35.875624999999985,17.71202979924662,24.96083333333333,74.16,-0.38268343236508967,-0.9238795325112868,0.43388373911755823,-0.900968867902419,0,16.13,4.07,89.85,99.25
2018-10-18 13:30:00,2018-10-18 13:45:00,2018-10-18 14:30:00,333.14000000000004,60.34,33.01,5.33,47.7,65.02,103.67999999999986,36.86374999999998,18.58669076079774,25.0925,74.16,-0.44228869021900147,-0.8968727415326883,0.43388373911755823,-0.900968867902419,0,38.84,0.0,84.09,100.0
2018-10-18 13:45:00,2018-10-18 14:00:00,2018-10-18 14:45:00,265.89,128.88,60.34,5.11,45.32,51.19,227.44999999999987,41.98499999999998,29.018598992715315,25.96291666666667,128.88,-0.4999999999999997,-0.8660254037844388,0.43388373911755823,-0.900968867902419,0,64.94,0.0,89.3,100.0
2018-10-18 14:00:00,2018-10-18 14:15:00,2018-10-18 15:00:00,244.22000000000003,90.43,128.88,5.22,56.3,56.99,312.65999999999985,44.905624999999986,31.30571173299515,26.318437499999998,128.88,-0.555570233019602,-0.8314696123025455,0.43388373911755823,-0.900968867902419,0,50.26,0.0,87.41,100.0
2018-10-18 14:15:00,2018-10-18 14:30:00,2018-10-18 15:15:00,257.51,53.6,90.43,33.01,71.5,50.72,333.2499999999999,45.76249999999999,31.344306999039144,26.131979166666667,128.88,-0.6087614290087207,-0.7933533402912352,0.43388373911755823,-0.900968867902419,0,37.33,0.0,82.06,100.0
2018-10-18 14:30:00,2018-10-18 14:45:00,2018-10-18 15:30:00,261.47,60.23,53.6,60.34,58.97,37.04,333.1399999999999,47.04937499999998,31.48886320366913,26.145104166666666,128.88,-0.6593458151000688,-0.7518398074789774,0.43388373911755823,-0.900968867902419,0,44.39,0.0,80.5,100.0
2018-10-18 14:45:00,2018-10-18 15:00:00,2018-10-18 15:45:00,289.59000000000003,61.63,60.23,128.88,74.16,35.68,265.8899999999999,48.56999999999998,31.56869850025514,26.014583333333334,128.88,-0.7071067811865471,-0.7071067811865479,0.43388373911755823,-0.900968867902419,0,44.96,0.0,80.79,100.0
2018-10-18 15:00:00,2018-10-18 15:15:00,2018-10-18 16:00:00,286.82,68.76,61.63,90.43,60.52,41.8,244.21999999999986,49.47874999999998,31.925522680725372,26.10041666666667,128.88,-0.7518398074789773,-0.6593458151000691,0.43388373911755823,-0.900968867902419,0,46.19,0.0,83.01,100.0
2018-10-18 15:15:00,2018-10-18 15:30:00,2018-10-18 16:15:00,310.15,66.89,68.76,53.6,46.01,45.79,257.5099999999999,50.446249999999985,32.20274539441488,26.317916666666665,128.88,-0.7933533402912349,-0.6087614290087209,0.43388373911755823,-0.900968867902419,0,49.82,0.0,80.2,100.0
2018-10-18 15:30:00,2018-10-18 15:45:00,2018-10-18 16:30:00,314.04,64.19,66.89,60.23,66.89,49.36,261.46999999999986,51.366874999999986,32.37150188027091,26.28979166666667,128.88,-0.8314696123025452,-0.5555702330196022,0.43388373911755823,-0.900968867902419,0,45.94,0.0,81.32,100.0
2018-10-18 15:45:00,2018-10-18 16:00:00,2018-10-18 16:45:00,295.60999999999996,89.75,64.19,61.63,67.39,65.27,289.58999999999986,53.47999999999998,33.67819416922478,26.522708333333338,128.88,-0.8660254037844385,-0.5000000000000004,0.43388373911755823,-0.900968867902419,0,54.14,0.0,85.63,100.0
2018-10-18 16:00:00,2018-10-18 16:15:00,2018-10-18 17:00:00,292.87,65.99,89.75,68.76,51.66,62.82,286.8199999999998,54.49499999999998,33.79500314395614,26.671979166666663,128.88,-0.8968727415326883,-0.44228869021900136,0.43388373911755823,-0.900968867902419,0,53.53,0.0,77.66,100.0
2018-10-18 16:15:00,2018-10-18 16:30:00,2018-10-18 17:15:00,283.87,90.22,65.99,66.89,41.98,59.76,310.14999999999986,59.34874999999999,32.990931495450376,27.174479166666668,128.88,-0.9238795325112868,-0.3826834323650895,0.43388373911755823,-0.900968867902419,0,53.64,0.0,85.96,100.0
2018-10-18 16:30:00,2018-10-18 16:45:00,2018-10-18 17:30:00,263.2,68.08,90.22,64.19,48.78,44.24,314.03999999999985,63.27062499999998,29.923377873484977,27.375520833333336,128.88,-0.9469301294951056,-0.3214394653031618,0.43388373911755823,-0.900968867902419,0,44.71,0.0,83.59,100.0
2018-10-18 16:45:00,2018-10-18 17:00:00,2018-10-18 17:45:00,222.16,71.32,68.08,89.75,68.76,57.06,295.60999999999984,67.40874999999998,25.90208193249127,27.4021875,128.88,-0.9659258262890683,-0.25881904510252063,0.43388373911755823,-0.900968867902419,0,44.6,0.0,84.79,100.0
2018-10-18 17:00:00,2018-10-18 17:15:00,2018-10-18 18:00:00,189.47,63.25,71.32,65.99,49.14,60.52,292.86999999999983,71.03562499999998,20.42374934015206,27.549166666666668,128.88,-0.9807852804032303,-0.19509032201612866,0.43388373911755823,-0.900968867902419,0,41.29,0.0,83.74,100.0
2018-10-18 17:15:00,2018-10-18 17:30:00,2018-10-18 18:15:00,144.29,81.22,63.25,90.22,67.5,98.64,283.86999999999983,74.04874999999998,18.00448412028191,27.692083333333333,128.88,-0.9914448613738104,-0.13052619222005163,0.43388373911755823,-0.900968867902419,0,61.52,0.0,79.71,100.0
2018-10-18 17:30:00,2018-10-18 17:45:00,2018-10-18 18:30:00,135.72,47.41,81.22,68.08,42.52,53.75,263.1999999999999,73.24062499999998,18.870988470648783,27.743020833333333,128.88,-0.9978589232386035,-0.06540312923014273,0.43388373911755823,-0.900968867902419,0,29.12,0.0,85.21,100.0
2018-10-18 17:45:00,2018-10-18 18:00:00,2018-10-18 18:45:00,153.14,30.28,47.41,71.32,29.77,31.18,222.15999999999985,67.07812499999999,15.49209484654565,27.748333333333335,128.88,-1.0,-1.8369701987210297e-16,0.43388373911755823,-0.900968867902419,0,1.15,0.86,99.93,99.96
2018-10-18 18:00:00,2018-10-18 18:15:00,2018-10-18 19:00:00,197.78,30.56,30.28,63.25,28.87,31.25,189.46999999999986,63.336249999999986,16.591257816618228,27.765937500000003,128.88,-0.9978589232386036,0.06540312923014237,0.43388373911755823,-0.900968867902419,0,6.48,0.4,97.82,99.99
2018-10-18 18:15:00,2018-10-18 18:30:00,2018-10-18 19:15:00,231.58,36.04,30.56,81.22,32.4,45.4,144.28999999999985,62.23874999999998,17.740025322346547,27.803854166666667,128.88,-0.9914448613738105,0.13052619222005127,0.43388373911755823,-0.900968867902419,0,18.54,0.0,88.92,100.0
2018-10-18 18:30:00,2018-10-18 18:45:00,2018-10-18 19:30:00,243.82,38.84,36.04,47.41,39.38,89.5,135.71999999999986,60.90187499999998,18.624927254471984,27.79822916666667,128.88,-0.9807852804032304,0.1950903220161283,0.43388373911755823,-0.900968867902419,0,20.2,0.0,88.72,100.0
2018-10-18 18:45:00,2018-10-18 19:00:00,2018-10-18 19:45:00,244.61,47.7,38.84,30.28,48.6,95.15,153.13999999999987,60.03124999999998,18.89417597931964,27.788854166666667,128.88,-0.9659258262890684,0.2588190451025203,0.43388373911755823,-0.900968867902419,0,26.35,0.0,87.53,100.0
2018-10-18 19:00:00,2018-10-18 19:15:00,2018-10-18 20:00:00,223.16,75.2,47.7,30.56,47.77,109.51,197.77999999999986,60.43374999999998,19.142795601413575,28.074583333333337,128.88,-0.9469301294951057,0.3214394653031615,0.43388373911755823,-0.900968867902419,0,55.33,0.0,80.55,100.0
2018-10-18 19:15:00,2018-10-18 19:30:00,2018-10-18 20:15:00,213.57999999999998,69.84,75.2,36.04,47.56,64.76,231.57999999999987,60.618124999999985,19.21814969590917,28.30666666666667,128.88,-0.923879532511287,0.38268343236508917,0.43388373911755823,-0.900968867902419,0,56.02,0.0,78.01,100.0
2018-10-18 19:30:00,2018-10-18 19:45:00,2018-10-18 20:30:00,210.2,51.08,69.84,38.84,44.28,79.38,243.81999999999988,59.798749999999984,19.327558005022247,28.377499999999998,128.88,-0.8968727415326884,0.442288690219001,0.43388373911755823,-0.900968867902419,0,35.75,0.0,81.93,100.0
2018-10-18 19:45:00,2018-10-18 20:00:00,2018-10-18 20:45:00,204.48,48.49,51.08,47.7,42.91,114.98,244.60999999999987,57.219999999999985,17.855816979348845,28.435625,128.88,-0.8660254037844386,0.5000000000000001,0.43388373911755823,-0.900968867902419,0,32.72,0.0,82.89,100.0
2018-10-18 20:00:00,2018-10-18 20:15:00,2018-10-18 21:00:00,246.24,53.75,48.49,75.2,36.9,98.86,223.15999999999985,56.454999999999984,17.72541889490918,28.611145833333335,128.88,-0.8314696123025455,0.5555702330196018,0.43388373911755823,-0.900968867902419,0,38.41,0.0,81.36,100.0
2018-10-18 20:15:00,2018-10-18 20:30:00,2018-10-18 21:15:00,249.92000000000002,60.26,53.75,69.84,39.6,66.1,213.57999999999987,54.58249999999998,15.502722139998687,28.826354166666665,128.88,-0.7933533402912357,0.6087614290087199,0.43388373911755823,-0.900968867902419,0,44.24,0.0,80.61,100.0
2018-10-18 20:30:00,2018-10-18 20:45:00,2018-10-18 21:30:00,251.79,47.7,60.26,51.08,42.84,95.15,210.19999999999987,53.30874999999998,15.175180342833059,28.87697916666667,128.88,-0.7518398074789772,0.6593458151000691,0.43388373911755823,-0.900968867902419,0,25.92,0.0,87.87,100.0
2018-10-18 20:45:00,2018-10-18 21:00:00,2018-10-18 21:45:00,216.17999999999998,42.77,47.7,48.49,20.63,114.37,204.47999999999988,51.524374999999985,14.62081947461851,29.107604166666665,128.88,-0.7071067811865477,0.7071067811865474,0.43388373911755823,-0.900968867902419,0,17.86,0.0,92.28,100.0
2018-10-18 21:00:00,2018-10-18 21:15:00,2018-10-18 22:00:00,125.99999999999999,95.51,42.77,53.75,7.99,78.77,246.23999999999987,53.540624999999984,17.94521958236738,30.019270833333334,128.88,-0.6593458151000687,0.7518398074789775,0.43388373911755823,-0.900968867902419,0,34.2,0.0,94.15,100.0
2018-10-18 21:15:00,2018-10-18 21:30:00,2018-10-18 22:15:00,66.99000000000001,63.94,95.51,60.26,4.18,6.3,249.91999999999985,52.460624999999986,16.725413473495443,30.64177083333333,128.88,-0.608761429008721,0.7933533402912349,0.43388373911755823,-0.900968867902419,0,19.37,0.0,95.7,100.0
2018-10-18 21:30:00,2018-10-18 21:45:00,2018-10-18 22:30:00,22.39,49.57,63.94,47.7,3.92,4.25,251.78999999999985,52.595624999999984,16.692787727320525,31.11729166666667,128.88,-0.555570233019603,0.8314696123025447,0.43388373911755823,-0.900968867902419,0,15.26,0.11,95.57,100.0
2018-10-18 21:45:00,2018-10-18 22:00:00,2018-10-18 22:45:00,19.8,7.16,49.57,42.77,3.89,4.1,216.17999999999984,51.15062499999999,19.351012721803073,31.151354166666664,128.88,-0.5000000000000004,0.8660254037844384,0.43388373911755823,-0.900968867902419,0,0.11,14.72,99.99,43.74
2018-10-18 22:00:00,2018-10-18 22:15:00,2018-10-18 23:00:00,18.25,5.33,7.16,95.51,3.85,3.92,125.99999999999986,49.57374999999998,21.833400981924715,31.16677083333333,128.88,-0.4422886902190014,0.8968727415326883,0.43388373911755823,-0.900968867902419,0,0.0,15.88,100.0,31.82
2018-10-18 22:15:00,2018-10-18 22:30:00,2018-10-18 23:15:00,16.959999999999997,4.93,5.33,63.94,3.6,3.78,66.98999999999985,47.62937499999999,24.208173843959983,31.180625000000003,128.88,-0.38268343236508956,0.9238795325112868,0.43388373911755823,-0.900968867902419,0,8.75,0.11,49.09,99.98
2018-10-18 22:30:00,2018-10-18 22:45:00,2018-10-18 23:30:00,15.63,4.97,4.93,49.57,3.67,3.71,22.38999999999986,45.51249999999998,26.27670249003888,31.194166666666664,128.88,-0.32143946530316186,0.9469301294951056,0.43388373911755823,-0.900968867902419,0,9.22,0.0,47.45,100.0
2018-10-18 22:45:00,2018-10-18 23:00:00,2018-10-18 23:45:00,14.77,4.57,4.97,7.16,3.64,3.67,19.79999999999986,42.81687499999999,28.06541726902334,31.20385416666667,128.88,-0.25881904510252157,0.9659258262890681,0.43388373911755823,-0.900968867902419,0,8.93,0.0,45.56,100.0
2018-10-18 23:00:00,2018-10-18 23:15:00,2018-10-19 00:00:00,97.82,3.78,4.57,5.33,3.64,3.78,18.249999999999858,38.353124999999984,28.239037855146524,31.205312499999994,128.88,-0.19509032201612872,0.9807852804032303,0.43388373911755823,-0.900968867902419,0,7.09,0.0,47.05,100.0
2018-10-18 23:15:00,2018-10-18 23:30:00,2018-10-19 00:15:00,97.77999999999999,3.64,3.78,4.93,3.53,4.68,16.95999999999986,34.21562499999998,28.172201939312497,31.206458333333334,128.88,-0.13052619222005168,0.9914448613738104,0.43388373911755823,-0.900968867902419,0,6.44,0.0,49.21,100.0
2018-10-18 23:30:00,2018-10-18 23:45:00,2018-10-19 00:30:00,97.77999999999999,3.64,3.64,4.97,3.53,3.82,15.629999999999859,31.250624999999985,28.732135203625333,31.207604166666666,128.88,-0.0654031292301428,0.9978589232386035,0.43388373911755823,-0.900968867902419,0,6.73,0.0,47.57,100.0
2018-10-18 23:45:00,2018-10-19 00:00:00,2018-10-19 00:45:00,97.77999999999999,3.71,3.64,4.57,3.56,3.56,14.769999999999857,28.451874999999983,29.095243859339092,31.209166666666665,128.88,0.0,1.0,-0.433883739117558,-0.9009688679024191,0,7.49,0.0,44.39,100.0
2018-10-19 00:00:00,2018-10-19 00:15:00,2018-10-19 01:00:00,14.62,86.83,3.71,3.78,3.64,3.6,97.81999999999985,30.519374999999982,31.863133961671235,32.07572916666667,128.88,0.06540312923014306,0.9978589232386035,-0.433883739117558,-0.9009688679024191,0,56.16,0.0,83.97,100.0
2018-10-19 00:15:00,2018-10-19 00:30:00,2018-10-19 01:15:00,14.66,3.6,86.83,3.64,4.72,3.49,97.77999999999984,26.978124999999984,31.507588018355367,32.0640625,128.88,0.13052619222005157,0.9914448613738104,-0.433883739117558,-0.9009688679024191,0,6.73,0.0,47.17,100.0
2018-10-19 00:30:00,2018-10-19 00:45:00,2018-10-19 01:30:00,14.66,3.64,3.6,3.64,4.0,3.56,97.77999999999984,24.224374999999984,31.501578724080066,32.0603125,128.88,0.19509032201612825,0.9807852804032304,-0.433883739117558,-0.9009688679024191,0,6.52,0.0,48.75,100.0
2018-10-19 00:45:00,2018-10-19 01:00:00,2018-10-19 01:45:00,14.55,3.71,3.64,3.71,3.49,3.56,97.77999999999986,21.783124999999984,31.483264943210962,32.06260416666667,128.88,0.25881904510252074,0.9659258262890683,-0.433883739117558,-0.9009688679024191,0,6.37,0.0,50.33,100.0
2018-10-19 01:00:00,2018-10-19 01:15:00,2018-10-19 02:00:00,14.520000000000001,3.67,3.71,86.83,3.6,3.64,14.619999999999859,16.043124999999982,25.278952638201265,32.06333333333333,128.88,0.3214394653031616,0.9469301294951057,-0.433883739117558,-0.9009688679024191,0,7.31,0.0,44.87,100.0
2018-10-19 01:15:00,2018-10-19 01:30:00,2018-10-19 02:15:00,14.520000000000001,3.64,3.67,3.6,3.64,3.6,14.659999999999858,12.274374999999983,22.159758563879407,32.06333333333334,128.88,0.3826834323650898,0.9238795325112867,-0.433883739117558,-0.9009688679024191,0,7.06,0.0,45.83,100.0
2018-10-19 01:30:00,2018-10-19 01:45:00,2018-10-19 02:30:00,14.55,3.64,3.64,3.64,3.56,3.6,14.659999999999858,9.403749999999985,20.013463241966765,32.064166666666665,128.88,0.44228869021900125,0.8968727415326884,-0.433883739117558,-0.9009688679024191,0,6.52,0.0,48.75,100.0
2018-10-19 01:45:00,2018-10-19 02:00:00,2018-10-19 02:45:00,14.59,3.6,3.64,3.71,3.56,3.56,14.549999999999857,9.181249999999984,20.056913357681815,32.06458333333333,128.88,0.49999999999999994,0.8660254037844387,-0.433883739117558,-0.9009688679024191,0,6.48,0.0,48.56,100.0
2018-10-19 02:00:00,2018-10-19 02:15:00,2018-10-19 03:00:00,14.870000000000001,3.64,3.6,3.67,3.56,3.56,14.519999999999857,9.075624999999985,20.081352036390136,32.065416666666664,128.88,0.5555702330196022,0.8314696123025452,-0.433883739117558,-0.9009688679024191,0,6.41,0.0,49.38,100.0
2018-10-19 02:15:00,2018-10-19 02:30:00,2018-10-19 03:15:00,15.98,3.64,3.64,3.64,3.64,3.67,14.51999999999986,8.994999999999983,20.100415107655248,32.06541666666667,128.88,0.6087614290087207,0.7933533402912352,-0.433883739117558,-0.9009688679024191,0,7.42,0.0,44.04,100.0
2018-10-19 02:30:00,2018-10-19 02:45:00,2018-10-19 03:30:00,16.23,3.67,3.64,3.64,3.67,3.6,14.549999999999859,8.913749999999983,20.119139480543282,32.065416666666664,128.88,0.6593458151000688,0.7518398074789774,-0.433883739117558,-0.9009688679024191,0,7.49,0.0,44.0,100.0
2018-10-19 02:45:00,2018-10-19 03:00:00,2018-10-19 03:45:00,15.65,3.64,3.67,3.6,3.64,3.6,14.589999999999858,8.855624999999984,20.132943453688796,32.06541666666667,128.88,0.7071067811865476,0.7071067811865476,-0.433883739117558,-0.9009688679024191,0,6.48,0.0,48.98,100.0
2018-10-19 03:00:00,2018-10-19 03:15:00,2018-10-19 04:00:00,14.790000000000001,3.92,3.64,3.64,3.6,3.89,14.869999999999859,8.864374999999983,20.13076593449515,32.06875,128.88,0.7518398074789774,0.6593458151000688,-0.433883739117558,-0.9009688679024191,0,7.06,0.0,48.54,100.0
2018-10-19 03:15:00,2018-10-19 03:30:00,2018-10-19 04:15:00,13.100000000000001,4.75,3.92,3.64,3.56,4.54,15.979999999999858,8.933749999999984,20.114548178807183,32.08114583333333,128.88,0.7933533402912352,0.6087614290087207,-0.433883739117558,-0.9009688679024191,0,8.78,0.0,47.58,100.0
2018-10-19 03:30:00,2018-10-19 03:45:00,2018-10-19 04:30:00,12.24,3.92,4.75,3.67,3.46,3.38,16.22999999999986,8.951249999999984,20.110056214181885,32.0859375,128.88,0.8314696123025451,0.5555702330196024,-0.433883739117558,-0.9009688679024191,0,7.27,0.0,47.46,100.0
2018-10-19 03:45:00,2018-10-19 04:00:00,2018-10-19 04:45:00,12.24,3.06,3.92,3.64,2.99,3.06,15.649999999999856,8.910624999999984,20.121256629729427,32.086666666666666,128.88,0.8660254037844386,0.5000000000000001,-0.433883739117558,-0.9009688679024191,0,6.12,0.0,44.72,100.0
2018-10-19 04:00:00,2018-10-19 04:15:00,2018-10-19 05:00:00,12.28,3.06,3.06,3.92,3.02,2.95,14.789999999999859,3.674999999999984,0.3581200916748258,32.08708333333333,128.88,0.8968727415326884,0.44228869021900125,-0.433883739117558,-0.9009688679024191,0,6.12,0.0,44.72,100.0
2018-10-19 04:15:00,2018-10-19 04:30:00,2018-10-19 05:15:00,12.280000000000001,3.06,3.06,4.75,2.99,2.99,13.099999999999858,3.641249999999984,0.38781237417238595,32.087812500000005,128.88,0.9238795325112867,0.38268343236508984,-0.433883739117558,-0.9009688679024191,0,6.16,0.0,44.49,100.0
2018-10-19 04:30:00,2018-10-19 04:45:00,2018-10-19 05:30:00,12.24,3.06,3.06,3.92,2.92,2.99,12.24,3.604999999999984,0.41255302696897334,32.08927083333334,128.88,0.9469301294951056,0.3214394653031617,-0.433883739117558,-0.9009688679024191,0,6.23,0.0,44.09,100.0
2018-10-19 04:45:00,2018-10-19 05:00:00,2018-10-19 05:45:00,12.2,3.06,3.06,3.06,3.46,2.99,12.24,3.564374999999984,0.4317691622109053,32.08510416666667,128.88,0.9659258262890683,0.25881904510252074,-0.433883739117558,-0.9009688679024191,0,6.3,0.0,43.69,100.0
2018-10-19 05:00:00,2018-10-19 05:15:00,2018-10-19 06:00:00,12.09,3.1,3.06,3.06,3.42,3.06,12.279999999999859,3.528749999999984,0.44489991858995226,32.08177083333333,128.88,0.9807852804032304,0.19509032201612833,-0.433883739117558,-0.9009688679024191,0,6.16,0.0,44.95,100.0
2018-10-19 05:15:00,2018-10-19 05:30:00,2018-10-19 06:15:00,12.05,3.06,3.1,3.06,2.99,2.99,12.279999999999857,3.492499999999984,0.45780044786062185,32.082499999999996,128.88,0.9914448613738104,0.1305261922200517,-0.433883739117558,-0.9009688679024191,0,6.23,0.0,44.09,100.0
2018-10-19 05:30:00,2018-10-19 05:45:00,2018-10-19 06:30:00,12.049999999999999,3.02,3.06,3.06,3.02,2.99,12.239999999999856,3.4537499999999843,0.46975891429692795,32.082499999999996,128.88,0.9978589232386035,0.06540312923014327,-0.433883739117558,-0.9009688679024191,0,5.9,0.0,45.56,100.0
2018-10-19 05:45:00,2018-10-19 06:00:00,2018-10-19 06:45:00,12.59,3.02,3.02,3.06,2.95,3.17,12.199999999999859,3.417499999999984,0.47935503550235947,32.08322916666666,128.88,1.0,6.123233995736766e-17,-0.433883739117558,-0.9009688679024191,0,6.05,0.0,44.66,100.0
2018-10-19 06:00:00,2018-10-19 06:15:00,2018-10-19 07:00:00,12.7,2.99,3.02,3.1,2.95,3.6,12.08999999999986,3.376874999999984,0.4862704848502661,32.083645833333335,128.88,0.9978589232386035,-0.06540312923014314,-0.433883739117558,-0.9009688679024191,0,5.87,0.0,45.39,100.0
2018-10-19 06:15:00,2018-10-19 06:30:00,2018-10-19 07:15:00,12.629999999999999,3.02,2.99,3.06,3.24,3.02,12.049999999999859,3.338124999999984,0.48845699343601934,32.081354166666664,128.88,0.9914448613738104,-0.1305261922200516,-0.433883739117558,-0.9009688679024191,0,5.98,0.0,45.08,100.0
2018-10-19 06:30:00,2018-10-19 06:45:00,2018-10-19 07:30:00,13.64,3.02,3.02,3.02,3.53,2.99,12.049999999999859,3.297499999999984,0.4861905491282199,32.07604166666667,128.88,0.9807852804032304,-0.1950903220161282,-0.433883739117558,-0.9009688679024191,0,6.12,0.0,44.25,100.0
2018-10-19 06:45:00,2018-10-19 07:00:00,2018-10-19 07:45:00,14.760000000000002,3.56,3.02,3.02,2.95,2.95,12.589999999999858,3.292499999999984,0.4830437351437295,32.08239583333333,128.88,0.9659258262890683,-0.25881904510252063,-0.433883739117558,-0.9009688679024191,0,6.73,0.0,46.76,100.0
2018-10-19 07:00:00,2018-10-19 07:15:00,2018-10-19 08:00:00,16.23,3.1,3.56,2.99,2.92,2.92,12.699999999999857,3.2412499999999844,0.45652046784526734,32.08427083333333,128.88,0.9469301294951057,-0.3214394653031616,-0.433883739117558,-0.9009688679024191,0,6.19,0.0,44.78,100.0
2018-10-19 07:15:00,2018-10-19 07:30:00,2018-10-19 08:15:00,49.96,2.95,3.1,3.02,2.84,2.88,12.629999999999859,3.128749999999984,0.24245811506688192,32.08541666666667,128.88,0.9238795325112868,-0.3826834323650895,-0.433883739117558,-0.9009688679024191,0,5.8,0.0,45.34,100.0
2018-10-19 07:30:00,2018-10-19 07:45:00,2018-10-19 08:30:00,139.39,4.03,2.95,3.02,3.31,3.31,13.639999999999858,3.135624999999984,0.26528213177064497,32.09291666666667,128.88,0.8968727415326884,-0.44228869021900113,-0.433883739117558,-0.9009688679024191,0,7.49,0.0,47.38,100.0
2018-10-19 07:45:00,2018-10-19 08:00:00,2018-10-19 08:45:00,257.11,4.68,4.03,3.56,5.08,5.29,14.759999999999858,3.236874999999984,0.45698357129842926,32.08875,128.88,0.8660254037844387,-0.4999999999999998,-0.433883739117558,-0.9009688679024191,0,7.67,0.0,52.09,100.0
2018-10-19 08:00:00,2018-10-19 08:15:00,2018-10-19 09:00:00,318.89,4.57,4.68,3.1,4.68,4.18,16.22999999999986,3.3312499999999843,0.5559212512231952,32.087604166666665,128.88,0.8314696123025451,-0.5555702330196023,-0.433883739117558,-0.9009688679024191,0,7.2,0.0,53.59,100.0
2018-10-19 08:15:00,2018-10-19 08:30:00,2018-10-19 09:15:00,405.19000000000005,36.68,4.57,2.95,26.6,27.32,49.95999999999986,5.432499999999984,8.086896422612277,32.19260416666667,128.88,0.7933533402912352,-0.6087614290087207,-0.433883739117558,-0.9009688679024191,0,32.22,0.0,75.13,100.0
2018-10-19 08:30:00,2018-10-19 08:45:00,2018-10-19 09:30:00,427.18,93.46,36.68,4.03,36.14,57.49,139.38999999999984,11.082499999999984,22.74700296193002,32.78968750000001,128.88,0.7518398074789774,-0.6593458151000688,-0.433883739117558,-0.9009688679024191,0,70.96,0.0,79.64,100.0
2018-10-19 08:45:00,2018-10-19 09:00:00,2018-10-19 09:45:00,383.43999999999994,122.4,93.46,4.68,41.15,98.35,257.10999999999984,18.541249999999984,35.10334419165139,33.636041666666664,128.88,0.7071067811865476,-0.7071067811865475,-0.433883739117558,-0.9009688679024191,0,88.16,0.0,81.14,100.0
2018-10-19 09:00:00,2018-10-19 09:15:00,2018-10-19 10:00:00,384.27000000000004,66.35,122.4,4.57,44.46,121.72,318.8899999999999,22.494374999999984,36.66838351508579,33.8640625,128.88,0.659345815100069,-0.7518398074789773,-0.433883739117558,-0.9009688679024191,0,35.78,0.0,88.02,100.0
2018-10-19 09:15:00,2018-10-19 09:30:00,2018-10-19 10:15:00,313.06,122.98,66.35,36.68,43.67,93.1,405.1899999999998,29.98937499999998,43.54164033840948,34.69020833333334,128.88,0.6087614290087209,-0.793353340291235,-0.433883739117558,-0.9009688679024191,0,67.0,0.0,87.81,100.0
2018-10-19 09:30:00,2018-10-19 09:45:00,2018-10-19 10:30:00,249.99,115.45,122.98,93.46,44.53,57.64,427.1799999999999,37.016249999999985,47.51324208510218,35.428958333333334,128.88,0.5555702330196025,-0.831469612302545,-0.433883739117558,-0.9009688679024191,0,55.08,0.0,90.25,100.0
2018-10-19 09:45:00,2018-10-19 10:00:00,2018-10-19 10:45:00,222.27,78.66,115.45,122.4,46.94,51.3,383.4399999999998,41.743749999999984,47.65828861213461,35.759375,128.88,0.49999999999999994,-0.8660254037844387,-0.433883739117558,-0.9009688679024191,0,35.93,0.0,90.96,100.0
2018-10-19 10:00:00,2018-10-19 10:15:00,2018-10-19 11:00:00,207.83,67.18,78.66,66.35,43.7,62.82,384.26999999999987,45.75562499999998,46.92322652066235,36.00395833333334,128.88,0.4422886902190017,-0.8968727415326881,-0.433883739117558,-0.9009688679024191,0,39.92,0.0,85.97,100.0
2018-10-19 10:15:00,2018-10-19 10:30:00,2018-10-19 11:15:00,213.73000000000002,51.77,67.18,122.98,39.89,42.77,313.0599999999999,48.80249999999999,45.61382116475237,36.12770833333334,128.88,0.3826834323650899,-0.9238795325112867,-0.433883739117558,-0.9009688679024191,0,27.4,0.0,88.38,100.0
2018-10-19 10:30:00,2018-10-19 10:45:00,2018-10-19 11:30:00,213.73000000000002,52.38,51.77,115.45,39.64,50.4,249.9899999999999,51.88749999999999,44.05565833408926,36.260416666666664,128.88,0.32143946530316175,-0.9469301294951056,-0.433883739117558,-0.9009688679024191,0,31.36,0.0,85.8,100.0
2018-10-19 10:45:00,2018-10-19 11:00:00,2018-10-19 11:45:00,204.87,50.94,52.38,78.66,37.3,62.78,222.26999999999987,54.84874999999998,42.26365384035679,36.402499999999996,128.88,0.258819045102521,-0.9659258262890682,-0.433883739117558,-0.9009688679024191,0,28.98,0.0,86.92,100.0
2018-10-19 11:00:00,2018-10-19 11:15:00,2018-10-19 12:00:00,189.39,52.74,50.94,67.18,54.22,51.34,207.82999999999987,57.95124999999998,40.11854977360849,36.38708333333334,128.88,0.19509032201612816,-0.9807852804032304,-0.433883739117558,-0.9009688679024191,0,31.14,0.0,86.11,100.0
2018-10-19 11:15:00,2018-10-19 11:30:00,2018-10-19 12:15:00,136.87,57.67,52.74,51.77,51.41,53.75,213.72999999999988,61.37124999999999,37.53312518213076,36.45229166666667,128.88,0.130526192220052,-0.9914448613738104,-0.433883739117558,-0.9009688679024191,0,34.6,0.0,85.75,100.0
2018-10-19 11:30:00,2018-10-19 11:45:00,2018-10-19 12:30:00,89.67000000000002,52.38,57.67,52.38,49.46,48.6,213.72999999999988,64.39312499999998,34.62882085755115,36.48270833333333,128.88,0.06540312923014312,-0.9978589232386035,-0.433883739117558,-0.9009688679024191,0,29.34,0.0,87.25,100.0
2018-10-19 11:45:00,2018-10-19 12:00:00,2018-10-19 12:45:00,52.919999999999995,42.08,52.38,50.94,55.94,58.39,204.8699999999999,66.73062499999999,31.653672272887498,36.33833333333333,128.88,1.2246467991473532e-16,-1.0,-0.433883739117558,-0.9009688679024191,0,20.27,0.0,90.09,100.0
2018-10-19 12:00:00,2018-10-19 12:15:00,2018-10-19 13:00:00,19.8,37.26,42.08,52.74,49.75,47.92,189.38999999999987,68.77374999999999,28.47044978460104,36.20822916666666,128.88,-0.06540312923014287,-0.9978589232386035,-0.433883739117558,-0.9009688679024191,0,22.93,1.51,85.17,99.92
2018-10-19 12:15:00,2018-10-19 12:30:00,2018-10-19 13:15:00,40.86,5.15,37.26,57.67,12.56,4.32,136.8699999999999,66.80312499999998,31.548477720555184,36.13104166666667,128.88,-0.13052619222005177,-0.9914448613738104,-0.433883739117558,-0.9009688679024191,0,0.0,17.39,100.0,28.4
2018-10-19 12:30:00,2018-10-19 12:45:00,2018-10-19 13:30:00,86.94,5.18,5.15,52.38,5.33,4.25,89.66999999999987,61.28562499999998,34.02631223934461,36.12947916666666,128.88,-0.19509032201612792,-0.9807852804032305,-0.433883739117558,-0.9009688679024191,0,0.0,17.14,100.0,28.93
2018-10-19 12:45:00,2018-10-19 13:00:00,2018-10-19 13:45:00,135.0,5.33,5.18,42.08,5.11,4.5,52.919999999999874,53.968749999999986,32.6574239023458,36.13177083333333,128.88,-0.2588190451025208,-0.9659258262890683,-0.433883739117558,-0.9009688679024191,0,0.0,16.13,100.0,31.38
2018-10-19 13:00:00,2018-10-19 13:15:00,2018-10-19 14:00:00,179.96,4.14,5.33,37.26,5.22,4.64,19.799999999999873,50.08062499999999,34.59754876952103,36.12052083333334,128.88,-0.32143946530316153,-0.9469301294951057,-0.433883739117558,-0.9009688679024191,0,0.0,10.98,100.0,35.28
2018-10-19 13:15:00,2018-10-19 13:30:00,2018-10-19 14:15:00,217.94,26.21,4.14,5.15,33.01,36.86,40.85999999999987,44.032499999999985,29.391811040662642,36.049687500000005,128.88,-0.38268343236508967,-0.9238795325112868,-0.433883739117558,-0.9009688679024191,0,7.88,3.28,95.77,99.23
2018-10-19 13:30:00,2018-10-19 13:45:00,2018-10-19 14:30:00,224.06,51.26,26.21,5.18,60.34,60.05,86.93999999999987,40.02062499999998,23.07096673005702,35.955104166666665,128.88,-0.44228869021900147,-0.8968727415326883,-0.433883739117558,-0.9009688679024191,0,28.4,0.0,87.47,100.0
2018-10-19 13:45:00,2018-10-19 14:00:00,2018-10-19 14:45:00,225.02999999999997,53.39,51.26,5.33,128.88,53.6,134.9999999999999,38.44124999999999,21.157357134990296,35.168749999999996,122.98,-0.4999999999999997,-0.8660254037844388,-0.433883739117558,-0.9009688679024191,0,31.61,0.0,86.05,100.0
2018-10-19 14:00:00,2018-10-19 14:15:00,2018-10-19 15:00:00,232.56,49.1,53.39,4.14,90.43,50.08,179.95999999999987,37.31124999999998,20.045889502277667,34.73822916666667,122.98,-0.555570233019602,-0.8314696123025455,-0.433883739117558,-0.9009688679024191,0,32.8,0.0,83.15,100.0
2018-10-19 14:15:00,2018-10-19 14:30:00,2018-10-19 15:15:00,230.87,64.19,49.1,26.21,53.6,39.17,217.93999999999988,38.087499999999984,20.816420351492354,34.84854166666666,122.98,-0.6087614290087207,-0.7933533402912352,-0.433883739117558,-0.9009688679024191,0,51.01,0.0,78.29,100.0
2018-10-19 14:30:00,2018-10-19 14:45:00,2018-10-19 15:30:00,263.17,57.38,64.19,51.26,60.23,55.87,224.0599999999999,38.399999999999984,21.06468638503846,34.81885416666667,122.98,-0.6593458151000688,-0.7518398074789774,-0.433883739117558,-0.9009688679024191,0,37.87,0.0,83.46,100.0
2018-10-19 14:45:00,2018-10-19 15:00:00,2018-10-19 15:45:00,270.23,54.36,57.38,53.39,61.63,53.93,225.0299999999999,38.61374999999999,21.207715540282138,34.743125,122.98,-0.7071067811865471,-0.7071067811865479,-0.433883739117558,-0.9009688679024191,0,32.62,0.0,85.75,100.0
2018-10-19 15:00:00,2018-10-19 15:15:00,2018-10-19 16:00:00,312.96000000000004,56.63,54.36,49.1,68.76,44.64,232.5599999999999,38.85687499999999,21.38978106443353,34.616770833333334,122.98,-0.7518398074789773,-0.6593458151000691,-0.433883739117558,-0.9009688679024191,0,35.46,0.0,84.76,100.0
2018-10-19 15:15:00,2018-10-19 15:30:00,2018-10-19 16:15:00,338.95000000000005,62.5,56.63,64.19,66.89,44.06,230.8699999999999,39.15874999999998,21.685204309333216,34.571041666666666,122.98,-0.7933533402912349,-0.6087614290087209,-0.433883739117558,-0.9009688679024191,0,30.92,0.0,89.63,100.0
2018-10-19 15:30:00,2018-10-19 15:45:00,2018-10-19 16:30:00,339.13,89.68,62.5,57.38,64.19,44.32,263.1699999999999,41.48999999999998,24.76717712013263,34.8365625,122.98,-0.8314696123025452,-0.5555702330196022,-0.433883739117558,-0.9009688679024191,0,58.18,0.0,83.89,100.0
2018-10-19 15:45:00,2018-10-19 16:00:00,2018-10-19 16:45:00,334.37,61.42,89.68,54.36,89.75,67.07,270.2299999999999,42.69874999999999,25.234015454095285,34.54145833333333,122.98,-0.8660254037844385,-0.5000000000000004,-0.433883739117558,-0.9009688679024191,0,40.46,0.0,83.51,100.0
2018-10-19 16:00:00,2018-10-19 16:15:00,2018-10-19 17:00:00,291.96,99.36,61.42,56.63,65.99,45.11,312.9599999999999,46.579999999999984,28.64434957369455,34.8890625,122.98,-0.8968727415326883,-0.44228869021900136,-0.433883739117558,-0.9009688679024191,0,63.68,0.0,84.19,100.0
2018-10-19 16:15:00,2018-10-19 16:30:00,2018-10-19 17:15:00,252.02999999999997,88.49,99.36,62.5,90.22,47.99,338.9499999999999,51.788749999999986,28.21113053277924,34.87104166666666,122.98,-0.9238795325112868,-0.3826834323650895,-0.433883739117558,-0.9009688679024191,0,54.18,0.0,85.28,100.0
2018-10-19 16:30:00,2018-10-19 16:45:00,2018-10-19 17:30:00,201.88000000000002,89.86,88.49,89.68,68.08,47.2,339.1299999999999,57.08124999999998,26.88257076504223,35.09791666666667,122.98,-0.9469301294951056,-0.3214394653031618,-0.433883739117558,-0.9009688679024191,0,55.04,0.0,85.28,100.0
2018-10-19 16:45:00,2018-10-19 17:00:00,2018-10-19 17:45:00,175.86,56.66,89.86,61.42,71.32,46.4,334.3699999999999,60.289374999999986,23.345334509476935,34.94520833333333,122.98,-0.9659258262890683,-0.25881904510252063,-0.433883739117558,-0.9009688679024191,0,36.4,0.0,84.13,100.0
2018-10-19 17:00:00,2018-10-19 17:15:00,2018-10-19 18:00:00,149.65,56.95,56.66,99.36,63.25,51.3,291.95999999999987,63.58999999999998,18.37826059506165,34.879583333333336,122.98,-0.9807852804032303,-0.19509032201612866,-0.433883739117558,-0.9009688679024191,0,35.17,0.0,85.08,100.0
2018-10-19 17:15:00,2018-10-19 17:30:00,2018-10-19 18:15:00,144.22,48.56,56.95,88.49,81.22,57.78,252.02999999999986,64.98687499999998,16.20490617018097,34.539375,122.98,-0.9914448613738104,-0.13052619222005163,-0.433883739117558,-0.9009688679024191,0,25.96,0.0,88.19,100.0
2018-10-19 17:30:00,2018-10-19 17:45:00,2018-10-19 18:30:00,168.41,39.71,48.56,89.86,47.41,44.89,201.87999999999988,64.26499999999999,17.03624701922331,34.45916666666667,122.98,-0.9978589232386035,-0.06540312923014273,-0.433883739117558,-0.9009688679024191,0,11.84,0.04,95.83,100.0
2018-10-19 17:45:00,2018-10-19 18:00:00,2018-10-19 18:45:00,191.37,30.64,39.71,56.66,30.28,29.2,175.8599999999999,62.843124999999986,18.74794446024341,34.462916666666665,122.98,-1.0,-1.8369701987210297e-16,-0.433883739117558,-0.9009688679024191,0,1.12,0.83,99.93,99.96
2018-10-19 18:00:00,2018-10-19 18:15:00,2018-10-19 19:00:00,230.14999999999998,30.74,30.64,56.95,30.56,29.56,149.6499999999999,61.695624999999986,20.0693108279625,34.46479166666666,122.98,-0.9978589232386036,0.06540312923014237,-0.433883739117558,-0.9009688679024191,0,6.62,0.36,97.76,99.99
2018-10-19 18:15:00,2018-10-19 18:30:00,2018-10-19 19:15:00,255.09999999999997,43.13,30.74,48.56,36.04,50.94,144.21999999999989,60.37937499999999,20.547469573146333,34.538645833333334,122.98,-0.9914448613738105,0.13052619222005127,-0.433883739117558,-0.9009688679024191,0,27.9,0.0,83.96,100.0
2018-10-19 18:30:00,2018-10-19 18:45:00,2018-10-19 19:30:00,241.73999999999998,63.9,43.13,39.71,38.84,71.42,168.40999999999988,60.78687499999999,20.548597494339457,34.7996875,122.98,-0.9807852804032304,0.1950903220161283,-0.433883739117558,-0.9009688679024191,0,45.83,0.0,81.26,100.0
2018-10-19 18:45:00,2018-10-19 19:00:00,2018-10-19 19:45:00,232.1,53.6,63.9,30.64,47.7,47.34,191.3699999999999,60.73937499999999,20.564271342777356,34.86114583333333,122.98,-0.9659258262890684,0.2588190451025203,-0.433883739117558,-0.9009688679024191,0,30.28,0.0,87.07,100.0
2018-10-19 19:00:00,2018-10-19 19:15:00,2018-10-19 20:00:00,222.77,69.52,53.6,30.74,75.2,56.38,230.14999999999986,61.54499999999999,20.63985222815314,34.80197916666666,122.98,-0.9469301294951057,0.3214394653031615,-0.433883739117558,-0.9009688679024191,0,47.77,0.0,82.42,100.0
2018-10-19 19:15:00,2018-10-19 19:30:00,2018-10-19 20:15:00,210.49,68.08,69.52,43.13,69.84,70.42,255.09999999999988,61.89374999999998,20.70009688232153,34.78364583333333,122.98,-0.923879532511287,0.38268343236508917,-0.433883739117558,-0.9009688679024191,0,46.51,0.0,82.57,100.0
2018-10-19 19:30:00,2018-10-19 19:45:00,2018-10-19 20:30:00,221.47,50.54,68.08,63.9,51.08,49.46,241.73999999999987,59.447499999999984,19.552796954655882,34.778020833333336,122.98,-0.8968727415326884,0.442288690219001,-0.433883739117558,-0.9009688679024191,0,33.98,0.0,82.99,100.0
2018-10-19 19:45:00,2018-10-19 20:00:00,2018-10-19 20:45:00,226.29,43.96,50.54,53.6,48.49,45.54,232.09999999999988,58.35624999999998,19.896464156666166,34.73083333333333,122.98,-0.8660254037844386,0.5000000000000001,-0.433883739117558,-0.9009688679024191,0,31.07,0.0,81.66,100.0
2018-10-19 20:00:00,2018-10-19 20:15:00,2018-10-19 21:00:00,205.45,60.19,43.96,69.52,53.75,50.04,222.76999999999987,55.908124999999984,16.88207378358415,34.797916666666666,122.98,-0.8314696123025455,0.5555702330196018,-0.433883739117558,-0.9009688679024191,0,45.65,0.0,79.68,100.0
2018-10-19 20:15:00,2018-10-19 20:30:00,2018-10-19 21:15:00,215.57,55.8,60.19,68.08,60.26,46.15,210.4899999999999,53.86499999999998,14.64520826072496,34.75145833333334,122.98,-0.7933533402912357,0.6087614290087199,-0.433883739117558,-0.9009688679024191,0,39.35,0.0,81.72,100.0
2018-10-19 20:30:00,2018-10-19 20:45:00,2018-10-19 21:30:00,229.0,61.52,55.8,50.54,47.7,68.04,221.46999999999989,52.09374999999998,11.577121228418944,34.89541666666667,122.98,-0.7518398074789772,0.6593458151000691,-0.433883739117558,-0.9009688679024191,0,43.78,0.0,81.48,100.0
2018-10-19 20:45:00,2018-10-19 21:00:00,2018-10-19 21:45:00,228.21000000000004,48.78,61.52,43.96,42.77,63.76,226.28999999999988,51.601249999999986,11.539944689534224,34.95802083333333,122.98,-0.7071067811865477,0.7071067811865474,-0.433883739117558,-0.9009688679024191,0,27.11,0.0,87.41,100.0
2018-10-19 21:00:00,2018-10-19 21:15:00,2018-10-19 22:00:00,263.70000000000005,39.35,48.78,60.19,95.51,36.4,205.44999999999987,50.501249999999985,11.81325837512709,34.373020833333335,122.98,-0.6593458151000687,0.7518398074789775,-0.433883739117558,-0.9009688679024191,0,14.51,0.0,93.82,100.0
2018-10-19 21:15:00,2018-10-19 21:30:00,2018-10-19 22:15:00,245.37,65.92,39.35,55.8,63.94,4.32,215.56999999999988,51.586249999999986,12.369273864601315,34.39364583333333,122.98,-0.608761429008721,0.7933533402912349,-0.433883739117558,-0.9009688679024191,0,21.28,0.0,95.16,100.0
2018-10-19 21:30:00,2018-10-19 21:45:00,2018-10-19 22:30:00,214.92000000000002,74.95,65.92,61.52,49.57,4.21,228.9999999999999,53.78874999999998,13.170009431944486,34.65802083333333,122.98,-0.555570233019603,0.8314696123025447,-0.433883739117558,-0.9009688679024191,0,26.46,0.0,94.3,100.0
2018-10-19 21:45:00,2018-10-19 22:00:00,2018-10-19 22:45:00,247.89,47.99,74.95,48.78,7.16,3.85,228.2099999999999,54.87312499999998,11.869428544979767,35.083333333333336,122.98,-0.5000000000000004,0.8660254037844384,-0.433883739117558,-0.9009688679024191,0,12.38,0.0,96.83,100.0
2018-10-19 22:00:00,2018-10-19 22:15:00,2018-10-19 23:00:00,227.12,74.84,47.99,39.35,5.33,3.74,263.69999999999993,57.62937499999998,11.03644840333055,35.80739583333334,122.98,-0.4422886902190014,0.8968727415326883,-0.433883739117558,-0.9009688679024191,0,23.87,0.0,95.27,100.0
2018-10-19 22:15:00,2018-10-19 22:30:00,2018-10-19 23:15:00,221.97,47.59,74.84,65.92,4.93,3.56,245.3699999999999,57.908124999999984,10.718456756192897,36.25177083333333,122.98,-0.38268343236508956,0.9238795325112868,-0.433883739117558,-0.9009688679024191,0,38.74,0.0,77.55,100.0
2018-10-19 22:30:00,2018-10-19 22:45:00,2018-10-19 23:30:00,250.48000000000002,44.5,47.59,74.95,4.97,3.56,214.9199999999999,56.695624999999986,11.063786065781393,36.66354166666667,122.98,-0.32143946530316186,0.9469301294951056,-0.433883739117558,-0.9009688679024191,0,36.76,0.0,77.1,100.0
2018-10-19 22:45:00,2018-10-19 23:00:00,2018-10-19 23:45:00,230.71999999999997,80.96,44.5,47.99,4.57,3.53,247.88999999999987,58.405624999999986,12.477252286035439,37.459270833333335,122.98,-0.25881904510252157,0.9659258262890681,-0.433883739117558,-0.9009688679024191,0,54.07,0.0,83.16,100.0
2018-10-19 23:00:00,2018-10-19 23:15:00,2018-10-20 00:00:00,179.46,54.07,80.96,74.84,3.78,4.36,227.1199999999999,57.43999999999998,12.173892660115033,37.983125,122.98,-0.19509032201612872,0.9807852804032303,-0.433883739117558,-0.9009688679024191,0,44.42,0.0,77.27,100.0
2018-10-19 23:15:00,2018-10-19 23:30:00,2018-10-20 00:15:00,201.35000000000002,42.44,54.07,47.59,3.64,4.57,221.96999999999989,55.837499999999984,12.354050196190903,38.38729166666666,122.98,-0.13052619222005168,0.9914448613738104,-0.433883739117558,-0.9009688679024191,0,42.37,0.0,70.77,100.0
2018-10-19 23:30:00,2018-10-19 23:45:00,2018-10-20 00:30:00,173.56,73.01,42.44,44.5,3.64,3.64,250.47999999999988,57.241874999999986,12.935503091661257,39.10989583333333,122.98,-0.0654031292301428,0.9978589232386035,-0.433883739117558,-0.9009688679024191,0,48.82,0.0,83.13,100.0
2018-10-19 23:45:00,2018-10-20 00:00:00,2018-10-20 00:45:00,132.2,61.2,73.01,80.96,3.71,3.49,230.71999999999986,58.31937499999998,12.494794650548553,39.70875,122.98,0.0,1.0,-0.9749279121818236,-0.2225209339563146,1,38.66,0.0,84.54,100.0
2018-10-20 00:00:00,2018-10-20 00:15:00,2018-10-20 01:00:00,136.48,2.81,61.2,54.07,86.83,2.66,179.45999999999987,54.73312499999999,18.319952824294628,38.83354166666667,122.98,0.06540312923014306,0.9978589232386035,-0.9749279121818236,-0.2225209339563146,1,4.39,0.0,53.91,100.0
2018-10-20 00:15:00,2018-10-20 00:30:00,2018-10-20 01:15:00,77.87,64.33,2.81,42.44,3.6,3.64,201.34999999999988,55.266249999999985,18.466769098505164,39.466145833333336,122.98,0.13052619222005157,0.9914448613738104,-0.9749279121818236,-0.2225209339563146,1,45.76,0.0,81.49,100.0
2018-10-20 00:30:00,2018-10-20 00:45:00,2018-10-20 01:30:00,37.4,45.22,64.33,73.01,3.64,3.56,173.5599999999999,54.24749999999998,18.543120523525868,39.89927083333333,122.98,0.19509032201612825,0.9807852804032304,-0.9749279121818236,-0.2225209339563146,1,30.71,0.0,82.73,100.0
2018-10-20 00:45:00,2018-10-20 01:00:00,2018-10-20 01:45:00,22.24,19.84,45.22,61.2,3.71,3.56,132.19999999999987,52.438749999999985,20.315010421791772,40.06729166666667,122.98,0.25881904510252074,0.9659258262890683,-0.9749279121818236,-0.2225209339563146,1,17.06,0.0,75.82,100.0
2018-10-20 01:00:00,2018-10-20 01:15:00,2018-10-20 02:00:00,19.79,7.09,19.84,2.81,3.67,3.64,136.47999999999988,50.422499999999985,22.944694239627832,40.102916666666665,122.98,0.3214394653031616,0.9469301294951057,-0.9749279121818236,-0.2225209339563146,1,7.67,0.0,67.88,100.0
2018-10-20 01:15:00,2018-10-20 01:30:00,2018-10-20 02:15:00,17.67,5.72,7.09,64.33,3.64,3.6,77.86999999999989,46.65999999999998,24.94366452628833,40.124583333333334,122.98,0.3826834323650898,0.9238795325112867,-0.9749279121818236,-0.2225209339563146,1,7.06,0.0,62.95,100.0
2018-10-20 01:30:00,2018-10-20 01:45:00,2018-10-20 02:30:00,16.48,4.75,5.72,45.22,3.64,3.64,37.399999999999885,42.27249999999998,25.74284354437209,40.13614583333334,122.98,0.44228869021900125,0.8968727415326884,-0.9749279121818236,-0.2225209339563146,1,6.52,0.0,58.88,100.0
2018-10-20 01:45:00,2018-10-20 02:00:00,2018-10-20 02:45:00,15.4,4.68,4.75,19.84,3.6,3.56,22.239999999999885,39.56562499999998,27.23322349831907,40.147395833333334,122.98,0.49999999999999994,0.8660254037844387,-0.9749279121818236,-0.2225209339563146,1,6.8,0.0,56.69,100.0
2018-10-20 02:00:00,2018-10-20 02:15:00,2018-10-20 03:00:00,14.29,4.64,4.68,7.09,3.64,3.6,19.789999999999885,35.17812499999999,26.848988160346057,40.1578125,122.98,0.5555702330196022,0.8314696123025452,-0.9749279121818236,-0.2225209339563146,1,6.55,0.0,57.81,100.0
2018-10-20 02:15:00,2018-10-20 02:30:00,2018-10-20 03:15:00,14.18,3.6,4.64,5.72,3.64,3.6,17.669999999999888,32.42874999999999,27.676782886338703,40.15739583333333,122.98,0.6087614290087207,0.7933533402912352,-0.9749279121818236,-0.2225209339563146,1,6.34,0.0,49.38,100.0
2018-10-20 02:30:00,2018-10-20 02:45:00,2018-10-20 03:30:00,14.110000000000001,3.56,3.6,4.75,3.67,3.49,16.479999999999887,29.869999999999987,28.32733154570041,40.15625000000001,122.98,0.6593458151000688,0.7518398074789774,-0.9749279121818236,-0.2225209339563146,1,6.7,0.0,46.92,100.0
2018-10-20 02:45:00,2018-10-20 03:00:00,2018-10-20 03:45:00,14.04,3.6,3.56,4.68,3.64,3.56,15.399999999999887,25.034999999999982,25.67208186922204,40.155833333333334,122.98,0.7071067811865476,0.7071067811865476,-0.9749279121818236,-0.2225209339563146,1,6.7,0.0,47.33,100.0
2018-10-20 03:00:00,2018-10-20 03:15:00,2018-10-20 04:00:00,14.0,3.53,3.6,4.64,3.92,3.13,14.289999999999885,21.876249999999985,25.00585328353229,40.15177083333333,122.98,0.7518398074789774,0.6593458151000688,-0.9749279121818236,-0.2225209339563146,1,6.66,0.0,46.83,100.0
2018-10-20 03:15:00,2018-10-20 03:30:00,2018-10-20 04:15:00,14.0,3.49,3.53,3.6,4.75,2.77,14.179999999999886,19.441874999999982,24.780348367898707,40.138645833333335,122.98,0.7933533402912352,0.6087614290087207,-0.9749279121818236,-0.2225209339563146,1,6.59,0.0,46.8,100.0
2018-10-20 03:30:00,2018-10-20 03:45:00,2018-10-20 04:30:00,14.0,3.49,3.49,3.56,3.92,2.81,14.109999999999886,15.096874999999985,20.77845119310929,40.134166666666665,122.98,0.8314696123025451,0.5555702330196024,-0.9749279121818236,-0.2225209339563146,1,6.62,0.0,46.64,100.0
2018-10-20 03:45:00,2018-10-20 04:00:00,2018-10-20 04:45:00,14.0,3.53,3.49,3.6,3.06,2.77,14.039999999999887,11.492499999999984,17.154326531521253,40.1390625,122.98,0.8660254037844386,0.5000000000000001,-0.9749279121818236,-0.2225209339563146,1,6.77,0.0,46.23,100.0
2018-10-20 04:00:00,2018-10-20 04:15:00,2018-10-20 05:00:00,14.04,3.49,3.53,3.53,3.06,2.88,13.999999999999888,11.534999999999984,17.133592734743463,40.143541666666664,122.98,0.8968727415326884,0.44228869021900125,-0.9749279121818236,-0.2225209339563146,1,6.55,0.0,47.02,100.0
2018-10-20 04:15:00,2018-10-20 04:30:00,2018-10-20 05:15:00,14.149999999999999,3.49,3.49,3.49,3.06,3.2,13.999999999999888,7.732499999999984,10.437390418589224,40.148020833333334,122.98,0.9238795325112867,0.38268343236508984,-0.9749279121818236,-0.2225209339563146,1,6.52,0.0,47.19,100.0
2018-10-20 04:30:00,2018-10-20 04:45:00,2018-10-20 05:30:00,14.08,3.49,3.49,3.49,3.06,3.53,13.999999999999888,5.124374999999984,3.9280640409031014,40.152499999999996,122.98,0.9469301294951056,0.3214394653031617,-0.9749279121818236,-0.2225209339563146,1,6.59,0.0,46.8,100.0
2018-10-20 04:45:00,2018-10-20 05:00:00,2018-10-20 05:45:00,13.540000000000001,3.53,3.49,3.53,3.06,2.88,13.999999999999886,4.1049999999999836,1.0075155085963323,40.15739583333333,122.98,0.9659258262890683,0.25881904510252074,-0.9749279121818236,-0.2225209339563146,1,6.52,0.0,47.61,100.0
2018-10-20 05:00:00,2018-10-20 05:15:00,2018-10-20 06:00:00,13.57,3.53,3.53,3.49,3.1,2.81,14.039999999999885,3.882499999999984,0.6552528138530737,40.161875,122.98,0.9807852804032304,0.19509032201612833,-0.9749279121818236,-0.2225209339563146,1,6.95,0.0,45.28,100.0
2018-10-20 05:15:00,2018-10-20 05:30:00,2018-10-20 06:15:00,13.14,3.6,3.53,3.49,3.06,2.81,14.149999999999885,3.749999999999984,0.45361051582003326,40.167500000000004,122.98,0.9914448613738104,0.1305261922200517,-0.9749279121818236,-0.2225209339563146,1,6.84,0.0,46.57,100.0
2018-10-20 05:30:00,2018-10-20 05:45:00,2018-10-20 06:30:00,12.530000000000001,3.42,3.6,3.49,3.02,2.84,14.079999999999885,3.666874999999984,0.37836356119162445,40.17166666666667,122.98,0.9978589232386035,0.06540312923014327,-0.9749279121818236,-0.2225209339563146,1,6.55,0.0,46.28,100.0
2018-10-20 05:45:00,2018-10-20 06:00:00,2018-10-20 06:45:00,12.38,2.99,3.42,3.53,3.02,2.81,13.539999999999885,3.5612499999999843,0.31062185622187705,40.17135416666667,122.98,1.0,6.123233995736766e-17,-0.9749279121818236,-0.2225209339563146,1,5.15,0.0,50.21,100.0
2018-10-20 06:00:00,2018-10-20 06:15:00,2018-10-20 07:00:00,11.66,3.56,2.99,3.53,2.99,3.2,13.569999999999887,3.493749999999984,0.1385584265311887,40.17729166666667,122.98,0.9978589232386035,-0.06540312923014314,-0.9749279121818236,-0.2225209339563146,1,6.91,0.0,45.8,100.0
2018-10-20 06:15:00,2018-10-20 06:30:00,2018-10-20 07:15:00,11.370000000000001,3.17,3.56,3.6,3.02,3.31,13.139999999999885,3.466874999999984,0.15595346882268574,40.17885416666667,122.98,0.9914448613738104,-0.1305261922200516,-0.9749279121818236,-0.2225209339563146,1,5.94,0.0,47.08,100.0
2018-10-20 06:30:00,2018-10-20 06:45:00,2018-10-20 07:30:00,11.439999999999998,2.81,3.17,3.42,3.02,2.77,12.529999999999886,3.419999999999984,0.22034064550799526,40.17666666666667,122.98,0.9807852804032304,-0.1950903220161282,-0.9749279121818236,-0.2225209339563146,1,4.93,0.0,49.52,100.0
2018-10-20 06:45:00,2018-10-20 07:00:00,2018-10-20 07:45:00,12.2,2.84,2.81,2.99,3.56,2.84,12.379999999999885,3.372499999999984,0.2555264175441208,40.16916666666667,122.98,0.9659258262890683,-0.25881904510252063,-0.9749279121818236,-0.2225209339563146,1,5.04,0.0,49.09,100.0
2018-10-20 07:00:00,2018-10-20 07:15:00,2018-10-20 08:00:00,13.139999999999999,2.84,2.84,3.56,3.1,2.77,11.659999999999886,3.329374999999984,0.282145103515868,40.16645833333333,122.98,0.9469301294951057,-0.3214394653031616,-0.9749279121818236,-0.2225209339563146,1,4.9,0.0,50.15,100.0
2018-10-20 07:15:00,2018-10-20 07:30:00,2018-10-20 08:15:00,28.259999999999998,2.88,2.84,3.17,2.95,2.74,11.369999999999887,3.291249999999984,0.2985982879438894,40.165729166666665,122.98,0.9238795325112868,-0.3826834323650895,-0.9749279121818236,-0.2225209339563146,1,4.79,0.0,51.53,100.0
2018-10-20 07:30:00,2018-10-20 07:45:00,2018-10-20 08:30:00,68.44,2.88,2.88,2.81,4.03,2.95,11.439999999999886,3.253124999999984,0.3095302641714763,40.15375,122.98,0.8968727415326884,-0.44228869021900113,-0.9749279121818236,-0.2225209339563146,1,4.75,0.0,51.85,100.0
2018-10-20 07:45:00,2018-10-20 08:00:00,2018-10-20 08:45:00,117.65,3.6,2.88,2.84,4.68,3.2,12.199999999999886,3.2574999999999843,0.31387696644236107,40.1425,122.98,0.8660254037844387,-0.4999999999999998,-0.9749279121818236,-0.2225209339563146,1,6.19,0.0,50.27,100.0
2018-10-20 08:00:00,2018-10-20 08:15:00,2018-10-20 09:00:00,153.79000000000002,3.78,3.6,2.84,4.57,3.28,13.139999999999887,3.2756249999999842,0.3344766201665508,40.13427083333334,122.98,0.8314696123025451,-0.5555702330196023,-0.9749279121818236,-0.2225209339563146,1,6.34,0.0,51.21,100.0
2018-10-20 08:15:00,2018-10-20 08:30:00,2018-10-20 09:15:00,198.29000000000002,18.0,3.78,2.88,36.68,28.51,28.259999999999888,4.182499999999984,3.582880300828098,39.9396875,122.98,0.7933533402912352,-0.6087614290087207,-0.9749279121818236,-0.2225209339563146,1,18.11,0.0,70.49,100.0
2018-10-20 08:30:00,2018-10-20 08:45:00,2018-10-20 09:30:00,203.33,43.06,18.0,2.88,93.46,51.98,68.43999999999988,6.655624999999985,10.057681746279027,39.4146875,122.98,0.7518398074789774,-0.6593458151000688,-0.9749279121818236,-0.2225209339563146,1,37.26,0.0,75.62,100.0
2018-10-20 08:45:00,2018-10-20 09:00:00,2018-10-20 09:45:00,200.78,52.81,43.06,3.6,122.4,72.29,117.64999999999989,9.735624999999985,14.973279938257713,38.68979166666667,122.98,0.7071067811865476,-0.7071067811865475,-0.9749279121818236,-0.2225209339563146,1,33.16,0.0,84.69,100.0
2018-10-20 09:00:00,2018-10-20 09:15:00,2018-10-20 10:00:00,211.73,39.92,52.81,3.78,66.35,59.26,153.7899999999999,12.009999999999984,16.53974002214223,38.414479166666666,122.98,0.659345815100069,-0.7518398074789773,-0.9749279121818236,-0.2225209339563146,1,12.56,0.0,95.39,100.0
2018-10-20 09:15:00,2018-10-20 09:30:00,2018-10-20 10:15:00,194.45,62.5,39.92,18.0,122.98,51.84,198.2899999999999,15.691249999999984,20.369545857420324,37.78447916666667,115.45,0.6087614290087209,-0.793353340291235,-0.9749279121818236,-0.2225209339563146,1,20.99,0.0,94.8,100.0
2018-10-20 09:30:00,2018-10-20 09:45:00,2018-10-20 10:30:00,205.53,48.1,62.5,43.06,115.45,43.31,203.3299999999999,18.483749999999986,21.525666329699213,37.08291666666667,99.36,0.5555702330196025,-0.831469612302545,-0.9749279121818236,-0.2225209339563146,1,22.79,0.0,90.37,100.0
2018-10-20 09:45:00,2018-10-20 10:00:00,2018-10-20 10:45:00,226.69,50.26,48.1,52.81,78.66,41.22,200.7799999999999,21.438124999999985,22.421654493690205,36.787083333333335,99.36,0.49999999999999994,-0.8660254037844387,-0.9749279121818236,-0.2225209339563146,1,23.0,0.0,90.93,100.0
2018-10-20 10:00:00,2018-10-20 10:15:00,2018-10-20 11:00:00,271.44,50.87,50.26,39.92,67.18,37.22,211.72999999999988,24.394999999999985,22.981524644810662,36.6171875,99.36,0.4422886902190017,-0.8968727415326881,-0.9749279121818236,-0.2225209339563146,1,24.05,0.0,90.41,100.0
2018-10-20 10:15:00,2018-10-20 10:30:00,2018-10-20 11:15:00,286.2,45.22,50.87,62.5,51.77,43.92,194.44999999999987,27.023124999999983,22.807722025323176,36.54895833333333,99.36,0.3826834323650899,-0.9238795325112867,-0.9749279121818236,-0.2225209339563146,1,20.27,0.0,91.25,100.0
2018-10-20 10:30:00,2018-10-20 10:45:00,2018-10-20 11:30:00,291.28000000000003,59.18,45.22,48.1,52.38,45.14,205.5299999999999,30.546249999999983,23.14663255070882,36.619791666666664,99.36,0.32143946530316175,-0.9469301294951056,-0.9749279121818236,-0.2225209339563146,1,31.61,0.0,88.21,100.0
2018-10-20 10:45:00,2018-10-20 11:00:00,2018-10-20 11:45:00,279.94,71.42,59.18,50.26,50.94,43.13,226.68999999999988,34.83249999999998,23.95482949741092,36.833125,99.36,0.258819045102521,-0.9659258262890682,-0.9749279121818236,-0.2225209339563146,1,31.32,0.0,91.58,100.0
2018-10-20 11:00:00,2018-10-20 11:15:00,2018-10-20 12:00:00,213.04999999999998,95.62,71.42,50.87,52.74,38.66,271.4399999999999,40.63124999999998,26.59291937598281,37.27979166666667,99.36,0.19509032201612816,-0.9807852804032304,-0.9749279121818236,-0.2225209339563146,1,52.02,0.0,87.84,100.0
2018-10-20 11:15:00,2018-10-20 11:30:00,2018-10-20 12:15:00,158.72,59.98,95.62,45.22,57.67,40.39,286.1999999999999,44.19999999999998,25.0753556804289,37.30385416666666,99.36,0.130526192220052,-0.9914448613738104,-0.9749279121818236,-0.2225209339563146,1,26.06,0.0,91.72,100.0
2018-10-20 11:30:00,2018-10-20 11:45:00,2018-10-20 12:30:00,100.47000000000001,64.26,59.98,59.18,52.38,43.13,291.27999999999986,48.03624999999998,23.075917607703353,37.42760416666667,99.36,0.06540312923014312,-0.9978589232386035,-0.9749279121818236,-0.2225209339563146,1,37.3,0.0,86.49,100.0
2018-10-20 11:45:00,2018-10-20 12:00:00,2018-10-20 12:45:00,46.980000000000004,60.08,64.26,71.42,42.08,42.98,279.9399999999999,51.56624999999998,20.141786128283403,37.61510416666666,99.36,1.2246467991473532e-16,-1.0,-0.9749279121818236,-0.2225209339563146,1,35.53,0.0,86.07,100.0
2018-10-20 12:00:00,2018-10-20 12:15:00,2018-10-20 13:00:00,24.77,28.73,60.08,95.62,37.26,41.22,213.0499999999999,53.125624999999985,17.121125462696167,37.52625,99.36,-0.06540312923014287,-0.9978589232386035,-0.9749279121818236,-0.2225209339563146,1,17.35,4.9,85.6,98.58
2018-10-20 12:15:00,2018-10-20 12:30:00,2018-10-20 13:15:00,45.69,5.65,28.73,59.98,5.15,3.67,158.7199999999999,52.353749999999984,18.87577775715504,37.53145833333333,99.36,-0.13052619222005177,-0.9914448613738104,-0.9749279121818236,-0.2225209339563146,1,0.0,15.95,100.0,33.39
2018-10-20 12:30:00,2018-10-20 12:45:00,2018-10-20 13:30:00,102.64,6.01,5.65,64.26,5.18,3.67,100.46999999999989,50.03812499999999,21.90361734358931,37.540104166666666,99.36,-0.19509032201612792,-0.9807852804032305,-0.9749279121818236,-0.2225209339563146,1,0.0,16.09,100.0,34.99
2018-10-20 12:45:00,2018-10-20 13:00:00,2018-10-20 13:45:00,200.49,6.59,6.01,60.08,5.33,4.57,46.97999999999989,47.149374999999985,24.267820119643822,37.55322916666667,99.36,-0.2588190451025208,-0.9659258262890683,-0.9749279121818236,-0.2225209339563146,1,0.0,16.24,100.0,37.6
2018-10-20 13:00:00,2018-10-20 13:15:00,2018-10-20 14:00:00,260.32,6.52,6.59,28.73,4.14,4.25,24.769999999999886,45.061874999999986,26.162465054623425,37.57802083333333,99.36,-0.32143946530316153,-0.9469301294951057,-0.9749279121818236,-0.2225209339563146,1,0.0,16.42,100.0,36.9
2018-10-20 13:15:00,2018-10-20 13:30:00,2018-10-20 14:15:00,314.71,26.57,6.52,5.65,26.21,26.42,45.689999999999884,42.81624999999999,26.111263344340873,37.58177083333333,99.36,-0.38268343236508967,-0.9238795325112868,-0.9749279121818236,-0.2225209339563146,1,8.03,5.29,95.72,98.08
2018-10-20 13:30:00,2018-10-20 13:45:00,2018-10-20 14:30:00,336.24,62.96,26.57,6.01,51.26,44.53,102.63999999999989,43.74499999999998,26.543385004554683,37.70364583333333,99.36,-0.44228869021900147,-0.8968727415326883,-0.9749279121818236,-0.2225209339563146,1,25.92,0.0,92.47,100.0
2018-10-20 13:45:00,2018-10-20 14:00:00,2018-10-20 14:45:00,298.94,104.44,62.96,6.59,53.39,43.31,200.4899999999999,47.13124999999999,30.34261789855178,38.23541666666667,104.44,-0.4999999999999997,-0.8660254037844388,-0.9749279121818236,-0.2225209339563146,1,46.4,0.0,91.39,100.0
2018-10-20 14:00:00,2018-10-20 14:15:00,2018-10-20 15:00:00,300.2,66.35,104.44,6.52,49.1,39.71,260.3199999999999,48.09874999999999,30.691200464261964,38.415104166666666,104.44,-0.555570233019602,-0.8314696123025455,-0.9749279121818236,-0.2225209339563146,1,26.24,0.0,92.99,100.0
2018-10-20 14:15:00,2018-10-20 14:30:00,2018-10-20 15:15:00,323.75,80.96,66.35,26.57,64.19,43.88,314.70999999999987,50.33249999999998,31.68491054508457,38.58979166666667,104.44,-0.6087614290087207,-0.7933533402912352,-0.9749279121818236,-0.2225209339563146,1,40.72,0.0,89.34,100.0
2018-10-20 14:30:00,2018-10-20 14:45:00,2018-10-20 15:30:00,318.5,84.49,80.96,62.96,57.38,66.82,336.2399999999999,51.914374999999986,32.70259564788985,38.8721875,104.44,-0.6593458151000688,-0.7518398074789774,-0.9749279121818236,-0.2225209339563146,1,37.01,0.0,91.6,100.0
2018-10-20 14:45:00,2018-10-20 15:00:00,2018-10-20 15:45:00,325.20000000000005,67.14,84.49,104.44,54.36,55.73,298.9399999999999,51.64687499999998,32.559139983795404,39.005312499999995,104.44,-0.7071067811865471,-0.7071067811865479,-0.9749279121818236,-0.2225209339563146,1,33.7,0.0,89.37,100.0
2018-10-20 15:00:00,2018-10-20 15:15:00,2018-10-20 16:00:00,330.49,67.61,67.14,66.35,56.63,56.52,300.1999999999999,49.89624999999998,30.856231314558027,39.1196875,104.44,-0.7518398074789773,-0.6593458151000691,-0.9749279121818236,-0.2225209339563146,1,34.56,0.0,89.04,100.0
2018-10-20 15:15:00,2018-10-20 15:30:00,2018-10-20 16:15:00,300.43,104.51,67.61,80.96,62.5,64.84,323.7499999999999,52.679374999999986,33.532409037517475,39.557291666666664,104.51,-0.7933533402912349,-0.6087614290087209,-0.9749279121818236,-0.2225209339563146,1,48.64,0.0,90.66,100.0
2018-10-20 15:30:00,2018-10-20 15:45:00,2018-10-20 16:30:00,292.97,79.24,104.51,84.49,89.68,106.67,318.4999999999999,53.61562499999998,34.047843354746895,39.448541666666664,104.51,-0.8314696123025452,-0.5555702330196022,-0.9749279121818236,-0.2225209339563146,1,33.8,0.0,91.98,100.0
2018-10-20 15:45:00,2018-10-20 16:00:00,2018-10-20 16:45:00,322.95000000000005,73.84,79.24,67.14,61.42,83.66,325.1999999999999,54.47562499999999,34.3724942666281,39.57791666666667,104.51,-0.8660254037844385,-0.5000000000000004,-0.9749279121818236,-0.2225209339563146,1,38.66,0.0,88.59,100.0
2018-10-20 16:00:00,2018-10-20 16:15:00,2018-10-20 17:00:00,288.17,72.9,73.84,67.61,99.36,40.72,330.4899999999999,57.236249999999984,33.96521876769681,39.30229166666667,104.51,-0.8968727415326883,-0.44228869021900136,-0.9749279121818236,-0.2225209339563146,1,32.26,0.0,91.45,100.0
2018-10-20 16:15:00,2018-10-20 16:30:00,2018-10-20 17:15:00,261.42,74.45,72.9,104.51,88.49,43.63,300.4299999999999,61.53624999999999,31.422035833750474,39.15604166666667,104.51,-0.9238795325112868,-0.3826834323650895,-0.9749279121818236,-0.2225209339563146,1,34.78,0.0,90.6,100.0
2018-10-20 16:30:00,2018-10-20 16:45:00,2018-10-20 17:30:00,222.0,71.78,74.45,79.24,89.86,49.72,292.9699999999999,65.646875,28.005494487410314,38.967708333333334,104.51,-0.9469301294951056,-0.3214394653031618,-0.9749279121818236,-0.2225209339563146,1,30.02,0.0,92.26,100.0
2018-10-20 16:45:00,2018-10-20 17:00:00,2018-10-20 17:45:00,152.38,103.82,71.78,73.84,56.66,24.08,322.94999999999993,71.72375,24.90926280397491,39.458958333333335,104.51,-0.9659258262890683,-0.25881904510252063,-0.9749279121818236,-0.2225209339563146,1,45.5,0.0,91.59,100.0
2018-10-20 17:00:00,2018-10-20 17:15:00,2018-10-20 18:00:00,154.44,38.12,103.82,72.9,56.95,4.82,288.16999999999985,73.69874999999998,20.528661328432644,39.262812499999995,104.51,-0.9807852804032303,-0.19509032201612866,-0.9749279121818236,-0.2225209339563146,1,12.56,0.0,94.98,100.0
2018-10-20 17:15:00,2018-10-20 17:30:00,2018-10-20 18:15:00,140.65,47.7,38.12,74.45,48.56,4.54,261.4199999999999,75.01937499999998,17.97520183083794,39.25385416666666,104.51,-0.9914448613738104,-0.13052619222005163,-0.9749279121818236,-0.2225209339563146,1,13.79,0.0,96.07,100.0
2018-10-20 17:30:00,2018-10-20 17:45:00,2018-10-20 18:30:00,118.8,32.36,47.7,71.78,39.71,4.43,221.9999999999999,73.10687499999997,20.593684322732578,39.17729166666667,104.51,-0.9978589232386035,-0.06540312923014273,-0.9749279121818236,-0.2225209339563146,1,8.28,0.04,96.88,100.0
2018-10-20 17:45:00,2018-10-20 18:00:00,2018-10-20 18:45:00,89.89000000000001,34.2,32.36,103.82,30.64,3.6,152.37999999999988,68.71687499999999,20.930277028371275,39.214375,104.51,-1.0,-1.8369701987210297e-16,-0.9749279121818236,-0.2225209339563146,1,10.12,0.04,95.89,100.0
2018-10-20 18:00:00,2018-10-20 18:15:00,2018-10-20 19:00:00,54.63999999999999,40.18,34.2,38.12,30.74,3.56,154.43999999999988,67.08124999999998,22.044232203401712,39.31270833333333,104.51,-0.9978589232386036,0.06540312923014237,-0.9749279121818236,-0.2225209339563146,1,23.98,0.0,85.87,100.0
2018-10-20 18:15:00,2018-10-20 18:30:00,2018-10-20 19:15:00,24.91,33.91,40.18,47.7,43.13,3.6,140.6499999999999,64.14062499999999,23.10915199351485,39.21666666666667,104.51,-0.9914448613738105,0.13052619222005127,-0.9749279121818236,-0.2225209339563146,1,17.53,0.0,88.83,100.0
2018-10-20 18:30:00,2018-10-20 18:45:00,2018-10-20 19:30:00,18.11,10.51,33.91,32.36,63.9,3.56,118.79999999999988,59.516874999999985,25.81739765128113,38.66052083333333,104.51,-0.9807852804032304,0.1950903220161283,-0.9749279121818236,-0.2225209339563146,1,2.2,8.64,97.88,77.25
2018-10-20 18:45:00,2018-10-20 19:00:00,2018-10-20 19:45:00,16.53,5.29,10.51,34.2,53.6,3.56,89.88999999999987,55.65124999999999,28.84003443024133,38.157291666666666,104.51,-0.9659258262890684,0.2588190451025203,-0.9749279121818236,-0.2225209339563146,1,0.0,18.04,100.0,28.14
2018-10-20 19:00:00,2018-10-20 19:15:00,2018-10-20 20:00:00,15.34,4.93,5.29,40.18,69.52,3.56,54.63999999999988,51.733749999999986,31.116761936896804,37.48447916666667,104.51,-0.9469301294951057,0.3214394653031615,-0.9749279121818236,-0.2225209339563146,1,0.0,18.07,100.0,26.32
2018-10-20 19:15:00,2018-10-20 19:30:00,2018-10-20 20:15:00,14.83,4.18,4.93,33.91,68.08,3.6,24.909999999999886,45.46312499999999,29.936329041557375,36.81885416666667,104.51,-0.923879532511287,0.38268343236508917,-0.9749279121818236,-0.2225209339563146,1,0.0,18.0,100.0,22.62
2018-10-20 19:30:00,2018-10-20 19:45:00,2018-10-20 20:30:00,14.72,3.71,4.18,10.51,50.54,3.67,18.109999999999886,40.742499999999986,30.19192576252832,36.33104166666667,104.51,-0.8968727415326884,0.442288690219001,-0.9749279121818236,-0.2225209339563146,1,0.0,17.96,100.0,20.23
2018-10-20 19:45:00,2018-10-20 20:00:00,2018-10-20 20:45:00,14.65,3.71,3.71,5.29,43.96,3.6,16.529999999999887,36.359374999999986,30.15937985700968,35.911770833333335,104.51,-0.8660254037844386,0.5000000000000001,-0.9749279121818236,-0.2225209339563146,1,0.0,18.0,100.0,20.19
2018-10-20 20:00:00,2018-10-20 20:15:00,2018-10-20 21:00:00,14.55,3.74,3.71,4.93,60.19,3.6,15.339999999999886,32.03687499999999,29.562722878388684,35.32375,104.51,-0.8314696123025455,0.5555702330196018,-0.9749279121818236,-0.2225209339563146,1,0.0,17.96,100.0,20.39
2018-10-20 20:15:00,2018-10-20 20:30:00,2018-10-20 21:15:00,14.55,3.67,3.74,4.18,55.8,3.53,14.829999999999888,27.613124999999982,28.146898967460167,34.78072916666667,104.51,-0.7933533402912357,0.6087614290087199,-0.9749279121818236,-0.2225209339563146,1,0.0,18.0,100.0,19.98
2018-10-20 20:30:00,2018-10-20 20:45:00,2018-10-20 21:30:00,14.66,3.6,3.67,3.71,61.52,3.56,14.719999999999887,23.351874999999986,26.233747401665948,34.17739583333333,104.51,-0.7518398074789772,0.6593458151000691,-0.9749279121818236,-0.2225209339563146,1,0.0,18.0,100.0,19.61
2018-10-20 20:45:00,2018-10-20 21:00:00,2018-10-20 21:45:00,14.66,3.64,3.6,3.71,48.78,3.67,14.649999999999888,17.090624999999985,16.388904199470495,33.7071875,104.51,-0.7071067811865477,0.7071067811865474,-0.9749279121818236,-0.2225209339563146,1,0.0,17.93,100.0,19.9
2018-10-20 21:00:00,2018-10-20 21:15:00,2018-10-20 22:00:00,14.62,3.64,3.64,3.74,39.35,4.21,14.549999999999885,14.935624999999986,15.735944509606785,33.335208333333334,104.51,-0.6593458151000687,0.7518398074789775,-0.9749279121818236,-0.2225209339563146,1,0.0,17.93,100.0,19.9
2018-10-20 21:15:00,2018-10-20 21:30:00,2018-10-20 22:15:00,14.37,3.67,3.64,3.67,65.92,4.57,14.549999999999885,12.183749999999986,13.449359127391606,32.686770833333334,104.51,-0.608761429008721,0.7933533402912349,-0.9749279121818236,-0.2225209339563146,1,0.0,18.07,100.0,19.9
2018-10-20 21:30:00,2018-10-20 21:45:00,2018-10-20 22:30:00,14.08,3.71,3.67,3.6,74.95,3.56,14.659999999999886,10.393124999999985,12.518950993770558,31.9446875,104.51,-0.555570233019603,0.8314696123025447,-0.9749279121818236,-0.2225209339563146,1,0.0,18.0,100.0,20.19
2018-10-20 21:45:00,2018-10-20 22:00:00,2018-10-20 22:45:00,13.899999999999999,3.64,3.71,3.64,47.99,3.56,14.659999999999886,8.483124999999985,10.977402765883687,31.482708333333335,104.51,-0.5000000000000004,0.8660254037844384,-0.9749279121818236,-0.2225209339563146,1,0.0,18.04,100.0,19.78
2018-10-20 22:00:00,2018-10-20 22:15:00,2018-10-20 23:00:00,14.3,3.6,3.64,3.64,74.84,3.6,14.619999999999887,6.196874999999985,7.346665671203043,30.740624999999998,104.51,-0.4422886902190014,0.8968727415326883,-0.9749279121818236,-0.2225209339563146,1,0.0,17.64,100.0,20.0
2018-10-20 22:15:00,2018-10-20 22:30:00,2018-10-20 23:15:00,15.27,3.42,3.6,3.67,47.59,3.49,14.369999999999887,4.291249999999986,1.6801632175358143,30.28052083333333,104.51,-0.38268343236508956,0.9238795325112868,-0.9749279121818236,-0.2225209339563146,1,6.34,0.14,47.48,99.92
2018-10-20 22:30:00,2018-10-20 22:45:00,2018-10-20 23:30:00,15.2,3.42,3.42,3.71,44.5,3.38,14.079999999999886,3.848124999999986,0.5069297135064905,29.852604166666666,104.51,-0.32143946530316186,0.9469301294951056,-0.9749279121818236,-0.2225209339563146,1,6.73,0.0,45.3,100.0
2018-10-20 22:45:00,2018-10-20 23:00:00,2018-10-20 23:45:00,14.8,3.46,3.42,3.64,80.96,3.2,13.899999999999887,3.733749999999986,0.3512455516599385,29.045312499999998,104.51,-0.25881904510252157,0.9659258262890681,-0.9749279121818236,-0.2225209339563146,1,6.66,0.0,46.1,100.0
2018-10-20 23:00:00,2018-10-20 23:15:00,2018-10-21 00:00:00,14.110000000000001,4.0,3.46,3.6,54.07,2.7,14.299999999999885,3.675624999999986,0.1870484146844248,28.523750000000003,104.51,-0.19509032201612872,0.9807852804032303,-0.9749279121818236,-0.2225209339563146,1,6.73,0.0,51.09,100.0
2018-10-20 23:15:00,2018-10-20 23:30:00,2018-10-21 00:15:00,12.46,4.39,4.0,3.42,42.44,2.7,15.269999999999886,3.688749999999986,0.2254128158755454,28.127395833333335,104.51,-0.13052619222005168,0.9914448613738104,-0.9749279121818236,-0.2225209339563146,1,6.23,0.0,57.6,100.0
2018-10-20 23:30:00,2018-10-20 23:45:00,2018-10-21 00:30:00,11.85,3.35,4.39,3.42,73.01,2.74,15.199999999999886,3.666249999999986,0.2396840369339738,27.40177083333333,104.51,-0.0654031292301428,0.9978589232386035,-0.9749279121818236,-0.2225209339563146,1,5.83,0.0,49.82,100.0
2018-10-20 23:45:00,2018-10-21 00:00:00,2018-10-21 00:45:00,11.56,3.06,3.35,3.46,61.2,2.66,14.799999999999887,3.6256249999999857,0.2804453769203726,26.79614583333333,104.51,0.0,1.0,-0.7818314824680299,0.6234898018587334,1,5.26,0.0,50.28,100.0
2018-10-21 00:00:00,2018-10-21 00:15:00,2018-10-21 01:00:00,11.06,3.31,3.06,4.0,2.81,2.77,14.109999999999886,3.5987499999999857,0.2886796452142729,26.801354166666666,104.51,0.06540312923014306,0.9978589232386035,-0.7818314824680299,0.6234898018587334,1,6.23,0.0,46.92,100.0
2018-10-21 00:15:00,2018-10-21 00:30:00,2018-10-21 01:15:00,11.16,2.74,3.31,4.39,64.33,2.7,12.459999999999885,3.5406249999999857,0.3545854755007605,26.159791666666667,104.51,0.13052619222005157,0.9914448613738104,-0.7818314824680299,0.6234898018587334,1,4.32,0.0,53.56,100.0
2018-10-21 00:30:00,2018-10-21 00:45:00,2018-10-21 01:30:00,11.19,2.74,2.74,3.35,45.22,2.74,11.849999999999886,3.486874999999986,0.40334102746454864,25.717291666666664,104.51,0.19509032201612825,0.9807852804032304,-0.7818314824680299,0.6234898018587334,1,4.39,0.0,52.95,100.0
2018-10-21 00:45:00,2018-10-21 01:00:00,2018-10-21 01:45:00,11.16,2.77,2.74,3.06,19.84,2.74,11.559999999999885,3.432499999999986,0.4363269990055804,25.539479166666666,104.51,0.25881904510252074,0.9659258262890683,-0.7818314824680299,0.6234898018587334,1,4.64,0.0,51.26,100.0
2018-10-21 01:00:00,2018-10-21 01:15:00,2018-10-21 02:00:00,11.12,2.81,2.77,3.31,7.09,2.99,11.059999999999887,3.380624999999986,0.45740393465324614,25.494895833333334,104.51,0.3214394653031616,0.9469301294951057,-0.7818314824680299,0.6234898018587334,1,4.79,0.0,50.6,100.0
2018-10-21 01:15:00,2018-10-21 01:30:00,2018-10-21 02:15:00,11.049999999999999,2.84,2.81,2.74,5.72,3.38,11.159999999999886,3.3287499999999857,0.4685733000943677,25.46489583333333,104.51,0.3826834323650898,0.9238795325112867,-0.7818314824680299,0.6234898018587334,1,4.54,0.0,53.03,100.0
2018-10-21 01:30:00,2018-10-21 01:45:00,2018-10-21 02:30:00,11.02,2.77,2.84,2.74,4.75,2.84,11.189999999999888,3.269999999999986,0.47595955716992283,25.44427083333333,104.51,0.44228869021900125,0.8968727415326884,-0.7818314824680299,0.6234898018587334,1,4.46,0.0,52.76,100.0
2018-10-21 01:45:00,2018-10-21 02:00:00,2018-10-21 02:45:00,11.41,2.74,2.77,2.77,4.68,2.77,11.159999999999886,3.213749999999986,0.4820512810494844,25.4240625,104.51,0.49999999999999994,0.8660254037844387,-0.7818314824680299,0.6234898018587334,1,4.61,0.0,51.09,100.0
2018-10-21 02:00:00,2018-10-21 02:15:00,2018-10-21 03:00:00,12.49,2.77,2.74,2.81,4.64,2.77,11.119999999999887,3.1618749999999856,0.48235384774717444,25.404583333333335,104.51,0.5555702330196022,0.8314696123025452,-0.7818314824680299,0.6234898018587334,1,4.39,0.0,53.36,100.0
2018-10-21 02:15:00,2018-10-21 02:30:00,2018-10-21 03:15:00,13.610000000000001,2.77,2.77,2.84,3.6,2.84,11.049999999999887,3.121249999999986,0.48625964007055705,25.395937500000002,104.51,0.6087614290087207,0.7933533402912352,-0.7818314824680299,0.6234898018587334,1,4.46,0.0,52.76,100.0
2018-10-21 02:30:00,2018-10-21 02:45:00,2018-10-21 03:30:00,13.790000000000001,2.74,2.77,2.77,3.56,2.92,11.019999999999888,3.078749999999986,0.4880045466607796,25.38739583333333,104.51,0.6593458151000688,0.7518398074789774,-0.7818314824680299,0.6234898018587334,1,4.36,0.0,53.21,100.0
2018-10-21 02:45:00,2018-10-21 03:00:00,2018-10-21 03:45:00,13.4,3.13,2.74,2.74,3.6,3.24,11.409999999999886,3.0581249999999858,0.47833328802897984,25.382499999999997,104.51,0.7071067811865476,0.7071067811865476,-0.7818314824680299,0.6234898018587334,1,5.29,0.0,50.92,100.0
2018-10-21 03:00:00,2018-10-21 03:15:00,2018-10-21 04:00:00,12.360000000000001,3.85,3.13,2.77,3.53,2.77,12.489999999999887,3.048749999999986,0.46093485175415516,25.385833333333334,104.51,0.7518398074789774,0.6593458151000688,-0.7818314824680299,0.6234898018587334,1,6.55,0.0,50.67,100.0
2018-10-21 03:15:00,2018-10-21 03:30:00,2018-10-21 04:15:00,11.280000000000001,3.89,3.85,2.77,3.49,2.77,13.609999999999886,3.017499999999986,0.3785250983246136,25.39,104.51,0.7933533402912352,0.6087614290087207,-0.7818314824680299,0.6234898018587334,1,6.41,0.0,51.88,100.0
2018-10-21 03:30:00,2018-10-21 03:45:00,2018-10-21 04:30:00,11.13,2.92,3.89,2.74,3.49,2.74,13.789999999999885,2.990624999999986,0.3691115812822554,25.3840625,104.51,0.8314696123025451,0.5555702330196024,-0.7818314824680299,0.6234898018587334,1,5.04,0.0,50.13,100.0
2018-10-21 03:45:00,2018-10-21 04:00:00,2018-10-21 04:45:00,11.16,2.74,2.92,3.13,3.53,2.81,13.399999999999888,2.970624999999986,0.3734546283508994,25.375833333333333,104.51,0.8660254037844386,0.5000000000000001,-0.7818314824680299,0.6234898018587334,1,4.5,0.0,52.01,100.0
2018-10-21 04:00:00,2018-10-21 04:15:00,2018-10-21 05:00:00,11.16,2.81,2.74,3.85,3.49,2.74,12.359999999999886,2.939374999999986,0.36456255901661333,25.368750000000002,104.51,0.8968727415326884,0.44228869021900125,-0.7818314824680299,0.6234898018587334,1,4.54,0.0,52.63,100.0
2018-10-21 04:15:00,2018-10-21 04:30:00,2018-10-21 05:15:00,11.12,2.81,2.81,3.89,3.49,2.77,11.279999999999886,2.943749999999986,0.3625581850706684,25.361666666666665,104.51,0.9238795325112867,0.38268343236508984,-0.7818314824680299,0.6234898018587334,1,4.72,0.0,51.15,100.0
2018-10-21 04:30:00,2018-10-21 04:45:00,2018-10-21 05:30:00,11.16,2.77,2.81,2.92,3.49,2.77,11.129999999999885,2.9456249999999855,0.36157586954432547,25.354166666666668,104.51,0.9469301294951056,0.3214394653031617,-0.7818314824680299,0.6234898018587334,1,4.61,0.0,51.5,100.0
2018-10-21 04:45:00,2018-10-21 05:00:00,2018-10-21 05:45:00,11.200000000000001,2.77,2.77,2.74,3.53,2.74,11.159999999999886,2.945624999999986,0.36157586954432547,25.346249999999998,104.51,0.9659258262890683,0.25881904510252074,-0.7818314824680299,0.6234898018587334,1,4.61,0.0,51.5,100.0
2018-10-21 05:00:00,2018-10-21 05:15:00,2018-10-21 06:00:00,11.200000000000001,2.81,2.77,2.81,3.53,2.81,11.159999999999886,2.945624999999986,0.36157586954432547,25.33875,104.51,0.9807852804032304,0.19509032201612833,-0.7818314824680299,0.6234898018587334,1,4.64,0.0,51.8,100.0
2018-10-21 05:15:00,2018-10-21 05:30:00,2018-10-21 06:15:00,11.17,2.77,2.81,2.81,3.6,2.77,11.119999999999887,2.941249999999986,0.36324707509041243,25.33010416666666,104.51,0.9914448613738104,0.1305261922200517,-0.7818314824680299,0.6234898018587334,1,4.68,0.0,50.93,100.0
2018-10-21 05:30:00,2018-10-21 05:45:00,2018-10-21 06:30:00,11.1,2.81,2.77,2.77,3.42,3.85,11.159999999999886,2.943749999999986,0.3621959932988451,25.323750000000004,104.51,0.9978589232386035,0.06540312923014327,-0.7818314824680299,0.6234898018587334,1,4.57,0.0,52.38,100.0
2018-10-21 05:45:00,2018-10-21 06:00:00,2018-10-21 06:45:00,11.350000000000001,2.81,2.81,2.77,2.99,4.43,11.199999999999887,2.948124999999986,0.36012530379956975,25.321875000000002,104.51,1.0,6.123233995736766e-17,-0.7818314824680299,0.6234898018587334,1,4.72,0.0,51.15,100.0
2018-10-21 06:00:00,2018-10-21 06:15:00,2018-10-21 07:00:00,11.850000000000001,2.81,2.81,2.81,3.56,2.74,11.199999999999887,2.950624999999986,0.3590172132875104,25.314062500000002,104.51,0.9978589232386035,-0.06540312923014314,-0.7818314824680299,0.6234898018587334,1,4.82,0.0,50.36,100.0
2018-10-21 06:15:00,2018-10-21 06:30:00,2018-10-21 07:15:00,11.850000000000001,2.74,2.81,2.77,3.17,2.77,11.169999999999886,2.9487499999999858,0.36003255069747747,25.309583333333332,104.51,0.9914448613738104,-0.1305261922200516,-0.7818314824680299,0.6234898018587334,1,4.86,0.0,49.11,100.0
2018-10-21 06:30:00,2018-10-21 06:45:00,2018-10-21 07:30:00,11.879999999999999,2.74,2.74,2.81,2.81,2.74,11.099999999999888,2.9487499999999858,0.36003255069747747,25.308854166666666,104.51,0.9807852804032304,-0.1950903220161282,-0.7818314824680299,0.6234898018587334,1,4.86,0.0,49.11,100.0
2018-10-21 06:45:00,2018-10-21 07:00:00,2018-10-21 07:45:00,11.56,3.06,2.74,2.81,2.84,2.74,11.349999999999888,2.9443749999999858,0.3582242446244201,25.31114583333333,104.51,0.9659258262890683,-0.25881904510252063,-0.7818314824680299,0.6234898018587334,1,5.54,0.0,48.35,100.0
2018-10-21 07:00:00,2018-10-21 07:15:00,2018-10-21 08:00:00,11.67,3.31,3.06,2.81,2.84,2.74,11.849999999999886,2.910624999999986,0.29031165914715235,25.316041666666667,104.51,0.9469301294951057,-0.3214394653031616,-0.7818314824680299,0.6234898018587334,1,6.55,0.0,45.1,100.0
2018-10-21 07:15:00,2018-10-21 07:30:00,2018-10-21 08:15:00,12.1,2.74,3.31,2.74,2.88,2.7,11.849999999999886,2.838749999999986,0.14486523931519604,25.31458333333333,104.51,0.9238795325112868,-0.3826834323650895,-0.7818314824680299,0.6234898018587334,1,5.0,0.0,48.06,100.0
2018-10-21 07:30:00,2018-10-21 07:45:00,2018-10-21 08:30:00,12.07,2.77,2.74,2.74,2.88,2.66,11.879999999999885,2.8293749999999855,0.14415567778224703,25.313437499999996,104.51,0.8968727415326884,-0.44228869021900113,-0.7818314824680299,0.6234898018587334,1,5.04,0.0,48.17,100.0
2018-10-21 07:45:00,2018-10-21 08:00:00,2018-10-21 08:45:00,12.21,2.74,2.77,3.06,3.6,2.77,11.559999999999889,2.829374999999986,0.14415567778224703,25.304479166666667,104.51,0.8660254037844387,-0.4999999999999998,-0.7818314824680299,0.6234898018587334,1,4.9,0.0,48.81,100.0
2018-10-21 08:00:00,2018-10-21 08:15:00,2018-10-21 09:00:00,11.809999999999999,3.42,2.74,3.31,3.78,2.74,11.669999999999888,2.867499999999986,0.20274676338185607,25.300729166666667,104.51,0.8314696123025451,-0.5555702330196023,-0.7818314824680299,0.6234898018587334,1,6.95,0.0,44.15,100.0
2018-10-21 08:15:00,2018-10-21 08:30:00,2018-10-21 09:15:00,11.63,3.17,3.42,2.74,18.0,2.7,12.099999999999888,2.889999999999986,0.21473821285880704,25.14625,104.51,0.7933533402912352,-0.6087614290087207,-0.7818314824680299,0.6234898018587334,1,5.98,0.0,46.84,100.0
2018-10-21 08:30:00,2018-10-21 08:45:00,2018-10-21 09:30:00,11.950000000000001,2.74,3.17,2.77,43.06,2.7,12.069999999999887,2.888124999999986,0.21590561464861519,24.726249999999997,104.51,0.7518398074789774,-0.6593458151000688,-0.7818314824680299,0.6234898018587334,1,5.0,0.0,48.06,100.0
2018-10-21 08:45:00,2018-10-21 09:00:00,2018-10-21 09:45:00,12.63,2.88,2.74,2.74,52.81,2.77,12.209999999999885,2.894999999999986,0.21377558340883784,24.206145833333334,104.51,0.7071067811865476,-0.7071067811865475,-0.7818314824680299,0.6234898018587334,1,2.38,2.09,77.08,80.93
2018-10-21 09:00:00,2018-10-21 09:15:00,2018-10-21 10:00:00,12.96,3.02,2.88,3.42,39.92,2.92,11.809999999999885,2.908124999999986,0.21459900847109006,23.821770833333332,104.51,0.659345815100069,-0.7518398074789773,-0.7818314824680299,0.6234898018587334,1,0.0,11.48,100.0,25.44
2018-10-21 09:15:00,2018-10-21 09:30:00,2018-10-21 10:15:00,12.96,2.99,3.02,3.17,62.5,2.99,11.629999999999887,2.921874999999986,0.21234461245051717,23.201874999999998,104.51,0.6087614290087209,-0.793353340291235,-0.7818314824680299,0.6234898018587334,1,0.0,11.41,100.0,25.35
2018-10-21 09:30:00,2018-10-21 09:45:00,2018-10-21 10:30:00,12.89,3.06,2.99,2.74,48.1,3.02,11.949999999999887,2.937499999999986,0.21273516414016674,22.732708333333335,104.51,0.5555702330196025,-0.831469612302545,-0.7818314824680299,0.6234898018587334,1,0.0,11.38,100.0,25.97
2018-10-21 09:45:00,2018-10-21 10:00:00,2018-10-21 10:45:00,12.32,3.56,3.06,2.88,50.26,3.02,12.629999999999887,2.984374999999986,0.25741427589916943,22.246250000000003,104.51,0.49999999999999994,-0.8660254037844387,-0.7818314824680299,0.6234898018587334,1,0.0,17.53,100.0,19.9
2018-10-21 10:00:00,2018-10-21 10:15:00,2018-10-21 11:00:00,11.99,3.35,3.56,3.02,50.87,4.39,12.959999999999887,3.018124999999986,0.2675401548116801,21.75125,104.51,0.4422886902190017,-0.8968727415326881,-0.7818314824680299,0.6234898018587334,1,0.0,15.01,100.0,21.78
2018-10-21 10:15:00,2018-10-21 10:30:00,2018-10-21 11:15:00,11.95,2.99,3.35,2.99,45.22,4.07,12.959999999999887,3.0337499999999857,0.25796983847271976,21.311354166666668,104.51,0.3826834323650899,-0.9238795325112867,-0.7818314824680299,0.6234898018587334,1,0.0,11.38,100.0,25.41
2018-10-21 10:30:00,2018-10-21 10:45:00,2018-10-21 11:30:00,11.91,2.99,2.99,3.06,59.18,2.99,12.889999999999887,3.0493749999999857,0.2470442459087531,20.726041666666667,104.51,0.32143946530316175,-0.9469301294951056,-0.7818314824680299,0.6234898018587334,1,0.0,11.38,100.0,25.41
2018-10-21 10:45:00,2018-10-21 11:00:00,2018-10-21 11:45:00,11.940000000000001,2.99,2.99,3.56,71.42,3.02,12.319999999999887,3.044999999999986,0.2474368607577075,20.013229166666665,104.51,0.258819045102521,-0.9659258262890682,-0.7818314824680299,0.6234898018587334,1,0.0,11.3,100.0,25.58
2018-10-21 11:00:00,2018-10-21 11:15:00,2018-10-21 12:00:00,11.91,3.02,2.99,3.35,95.62,2.95,11.989999999999887,3.0268749999999858,0.23779504712388028,19.048645833333335,104.51,0.19509032201612816,-0.9807852804032304,-0.7818314824680299,0.6234898018587334,1,0.0,11.48,100.0,25.44
2018-10-21 11:15:00,2018-10-21 11:30:00,2018-10-21 12:15:00,12.06,2.95,3.02,2.99,59.98,2.95,11.949999999999887,3.039999999999986,0.22715633396767623,18.454583333333332,104.51,0.130526192220052,-0.9914448613738104,-0.7818314824680299,0.6234898018587334,1,0.0,11.48,100.0,24.89
2018-10-21 11:30:00,2018-10-21 11:45:00,2018-10-21 12:30:00,12.129999999999999,2.95,2.95,2.99,64.26,2.95,11.909999999999886,3.0512499999999863,0.21776923006160093,17.8159375,104.51,0.06540312923014312,-0.9978589232386035,-0.7818314824680299,0.6234898018587334,1,0.0,11.48,100.0,24.89
2018-10-21 11:45:00,2018-10-21 12:00:00,2018-10-21 12:45:00,12.209999999999999,3.02,2.95,2.99,60.08,2.95,11.939999999999888,3.068749999999986,0.20278914557146255,17.2215625,104.51,1.2246467991473532e-16,-1.0,-0.7818314824680299,0.6234898018587334,1,0.0,10.08,100.0,28.7
2018-10-21 12:00:00,2018-10-21 12:15:00,2018-10-21 13:00:00,12.75,2.99,3.02,3.02,28.73,2.95,11.909999999999886,3.041874999999986,0.18187285239043366,16.9534375,104.51,-0.06540312923014287,-0.9978589232386035,-0.7818314824680299,0.6234898018587334,1,0.0,5.8,100.0,45.82
2018-10-21 12:15:00,2018-10-21 12:30:00,2018-10-21 13:15:00,13.14,3.1,2.99,2.95,5.65,3.13,12.059999999999887,3.037499999999986,0.17956544785018397,16.926875,104.51,-0.13052619222005177,-0.9914448613738104,-0.7818314824680299,0.6234898018587334,1,0.0,10.94,100.0,27.26
2018-10-21 12:30:00,2018-10-21 12:45:00,2018-10-21 13:30:00,13.110000000000001,3.02,3.1,2.95,6.01,3.1,12.129999999999887,3.054999999999986,0.16255768225961661,16.895729166666666,104.51,-0.19509032201612792,-0.9807852804032305,-0.7818314824680299,0.6234898018587334,1,0.0,10.91,100.0,26.68
2018-10-21 12:45:00,2018-10-21 13:00:00,2018-10-21 13:45:00,13.32,3.1,3.02,3.02,6.59,3.06,12.209999999999885,3.068749999999986,0.15635996150422848,16.859375,104.51,-0.2588190451025208,-0.9659258262890683,-0.7818314824680299,0.6234898018587334,1,0.0,10.94,100.0,27.26
2018-10-21 13:00:00,2018-10-21 13:15:00,2018-10-21 14:00:00,13.430000000000001,3.53,3.1,2.99,6.52,3.06,12.749999999999886,3.1006249999999858,0.19126123349118562,16.828229166666667,104.51,-0.32143946530316153,-0.9469301294951057,-0.7818314824680299,0.6234898018587334,1,0.0,15.34,100.0,22.43
2018-10-21 13:15:00,2018-10-21 13:30:00,2018-10-21 14:15:00,12.96,3.49,3.53,3.1,26.57,3.06,13.139999999999887,3.131874999999986,0.21051183918377733,16.5878125,104.51,-0.38268343236508967,-0.9238795325112868,-0.7818314824680299,0.6234898018587334,1,0.0,15.7,100.0,21.7
2018-10-21 13:30:00,2018-10-21 13:45:00,2018-10-21 14:30:00,12.96,2.99,3.49,3.02,62.96,3.06,13.109999999999886,3.1274999999999857,0.21267639751872136,15.963125,104.51,-0.44228869021900147,-0.8968727415326883,-0.7818314824680299,0.6234898018587334,1,0.0,11.41,100.0,25.35
2018-10-21 13:45:00,2018-10-21 14:00:00,2018-10-21 14:45:00,12.71,3.31,2.99,3.1,104.44,3.02,13.319999999999887,3.1118749999999857,0.18808969784801569,14.909687499999999,104.51,-0.4999999999999997,-0.8660254037844388,-0.7818314824680299,0.6234898018587334,1,0.0,15.05,100.0,21.48
2018-10-21 14:00:00,2018-10-21 14:15:00,2018-10-21 15:00:00,12.06,3.64,3.31,3.53,66.35,3.06,13.429999999999886,3.1299999999999857,0.2212182181953795,14.256458333333333,104.51,-0.555570233019602,-0.8314696123025455,-0.7818314824680299,0.6234898018587334,1,0.0,17.17,100.0,20.74
2018-10-21 14:15:00,2018-10-21 14:30:00,2018-10-21 15:15:00,12.170000000000002,3.02,3.64,3.49,80.96,3.64,12.959999999999887,3.131874999999986,0.22014821015973884,13.444583333333334,104.51,-0.6087614290087207,-0.7933533402912352,-0.7818314824680299,0.6234898018587334,1,0.0,11.34,100.0,25.73
2018-10-21 14:30:00,2018-10-21 14:45:00,2018-10-21 15:30:00,13.0,2.99,3.02,2.99,84.49,3.2,12.959999999999885,3.1318749999999858,0.22014821015973884,12.595625,104.51,-0.6593458151000688,-0.7518398074789774,-0.7818314824680299,0.6234898018587334,1,0.0,11.3,100.0,25.58
2018-10-21 14:45:00,2018-10-21 15:00:00,2018-10-21 15:45:00,20.31,3.06,2.99,3.31,67.14,3.02,12.709999999999887,3.1362499999999858,0.21797003821977892,11.928125,104.51,-0.7071067811865471,-0.7071067811865479,-0.7818314824680299,0.6234898018587334,1,0.0,11.16,100.0,26.44
2018-10-21 15:00:00,2018-10-21 15:15:00,2018-10-21 16:00:00,42.2,2.99,3.06,3.64,67.61,3.02,12.059999999999887,3.134374999999986,0.21908813166516775,11.255,104.51,-0.7518398074789773,-0.6593458151000691,-0.7818314824680299,0.6234898018587334,1,0.0,11.2,100.0,25.79
2018-10-21 15:15:00,2018-10-21 15:30:00,2018-10-21 16:15:00,63.69,3.13,2.99,3.02,104.51,2.99,12.169999999999888,3.1456249999999857,0.21389158336999117,10.198958333333334,103.82,-0.7933533402912349,-0.6087614290087209,-0.7818314824680299,0.6234898018587334,1,0.0,11.12,100.0,27.09
2018-10-21 15:30:00,2018-10-21 15:45:00,2018-10-21 16:30:00,80.28,3.82,3.13,2.99,79.24,2.95,12.999999999999886,3.1999999999999855,0.26234519256404126,9.413333333333332,103.82,-0.8314696123025452,-0.5555702330196022,-0.7818314824680299,0.6234898018587334,1,0.0,13.32,100.0,27.57
2018-10-21 15:45:00,2018-10-21 16:00:00,2018-10-21 16:45:00,73.83,10.37,3.82,3.06,73.84,3.31,20.309999999999885,3.6593749999999856,1.7518078831412918,8.7521875,103.82,-0.8660254037844385,-0.5000000000000004,-0.7818314824680299,0.6234898018587334,1,0.22,11.88,99.98,65.76
2018-10-21 16:00:00,2018-10-21 16:15:00,2018-10-21 17:00:00,53.7,24.88,10.37,2.99,72.9,3.56,42.19999999999989,5.027499999999986,5.414216817791795,8.251979166666667,103.82,-0.8968727415326883,-0.44228869021900136,-0.7818314824680299,0.6234898018587334,1,0.83,2.56,99.94,99.47
2018-10-21 16:15:00,2018-10-21 16:30:00,2018-10-21 17:15:00,32.57,24.62,24.88,3.13,74.45,2.92,63.689999999999884,6.372499999999986,7.159898305846116,7.732916666666667,103.82,-0.9238795325112868,-0.3826834323650895,-0.7818314824680299,0.6234898018587334,1,0.79,2.56,99.95,99.46
2018-10-21 16:30:00,2018-10-21 16:45:00,2018-10-21 17:30:00,15.11,20.41,24.62,3.82,71.78,2.95,80.27999999999989,7.459374999999985,7.85468687214404,7.197812499999999,103.82,-0.9469301294951056,-0.3214394653031618,-0.7818314824680299,0.6234898018587334,1,0.65,4.46,99.95,97.69
2018-10-21 16:45:00,2018-10-21 17:00:00,2018-10-21 17:45:00,14.14,3.92,20.41,10.37,103.82,2.95,73.82999999999988,7.510624999999986,7.828707962328897,6.1571875,47.7,-0.9659258262890683,-0.25881904510252063,-0.7818314824680299,0.6234898018587334,1,0.0,17.28,100.0,22.12
2018-10-21 17:00:00,2018-10-21 17:15:00,2018-10-21 18:00:00,12.34,4.75,3.92,24.88,38.12,2.88,53.69999999999988,7.586874999999986,7.795436741096151,5.809583333333333,47.7,-0.9807852804032303,-0.19509032201612866,-0.7818314824680299,0.6234898018587334,1,0.0,17.89,100.0,25.66
2018-10-21 17:15:00,2018-10-21 17:30:00,2018-10-21 18:15:00,11.840000000000002,3.49,4.75,24.62,47.7,2.95,32.56999999999989,7.586874999999986,7.795436741096151,5.3490625,40.18,-0.9914448613738104,-0.13052619222005163,-0.7818314824680299,0.6234898018587334,1,0.0,16.34,100.0,20.89
2018-10-21 17:30:00,2018-10-21 17:45:00,2018-10-21 18:30:00,11.88,2.95,3.49,20.41,32.36,2.95,15.109999999999886,7.584374999999985,7.7969168335587495,5.042708333333334,40.18,-0.9978589232386035,-0.06540312923014273,-0.7818314824680299,0.6234898018587334,1,0.0,11.45,100.0,24.95
2018-10-21 17:45:00,2018-10-21 18:00:00,2018-10-21 18:45:00,11.95,2.95,2.95,3.92,34.2,3.35,14.139999999999887,7.5618749999999855,7.809728083258201,4.7171875000000005,40.18,-1.0,-1.8369701987210297e-16,-0.7818314824680299,0.6234898018587334,1,0.0,11.48,100.0,24.89
2018-10-21 18:00:00,2018-10-21 18:15:00,2018-10-21 19:00:00,12.02,2.95,2.95,4.75,40.18,3.49,12.339999999999886,7.518749999999986,7.833135447415477,4.329375,33.91,-0.9978589232386036,0.06540312923014237,-0.7818314824680299,0.6234898018587334,1,0.0,7.63,100.0,36.06
2018-10-21 18:15:00,2018-10-21 18:30:00,2018-10-21 19:15:00,12.09,2.99,2.95,3.49,33.91,2.88,11.839999999999886,7.5168749999999855,7.8342155947122025,4.007291666666667,24.88,-0.9914448613738105,0.13052619222005127,-0.7818314824680299,0.6234898018587334,1,0.0,4.0,100.0,59.87
2018-10-21 18:30:00,2018-10-21 18:45:00,2018-10-21 19:30:00,12.2,2.99,2.99,2.95,10.51,2.92,11.879999999999889,7.5168749999999855,7.8342155947122025,3.9289583333333336,24.88,-0.9807852804032304,0.1950903220161283,-0.7818314824680299,0.6234898018587334,1,0.0,6.44,100.0,42.11
2018-10-21 18:45:00,2018-10-21 19:00:00,2018-10-21 19:45:00,12.2,3.02,2.99,2.95,5.29,2.99,11.949999999999887,7.514374999999986,7.835643694645123,3.9053125000000004,24.88,-0.9659258262890684,0.2588190451025203,-0.7818314824680299,0.6234898018587334,1,0.0,11.41,100.0,25.59
2018-10-21 19:00:00,2018-10-21 19:15:00,2018-10-21 20:00:00,12.17,3.02,3.02,2.95,4.93,2.95,12.019999999999886,7.516249999999986,7.834564342550061,3.8854166666666665,24.88,-0.9469301294951057,0.3214394653031615,-0.7818314824680299,0.6234898018587334,1,0.0,11.38,100.0,25.65
2018-10-21 19:15:00,2018-10-21 19:30:00,2018-10-21 20:15:00,12.6,3.06,3.02,2.99,4.18,2.99,12.089999999999888,7.511874999999986,7.837031659654813,3.87375,24.88,-0.923879532511287,0.38268343236508917,-0.7818314824680299,0.6234898018587334,1,0.0,11.41,100.0,25.9
2018-10-21 19:30:00,2018-10-21 19:45:00,2018-10-21 20:30:00,13.21,3.1,3.06,2.99,3.71,2.99,12.199999999999887,7.466874999999986,7.86013415817007,3.8673958333333336,24.88,-0.8968727415326884,0.442288690219001,-0.7818314824680299,0.6234898018587334,1,0.0,11.34,100.0,26.37
2018-10-21 19:45:00,2018-10-21 20:00:00,2018-10-21 20:45:00,13.430000000000001,3.02,3.1,3.02,3.71,2.95,12.199999999999886,7.007499999999986,7.891757963220705,3.860208333333333,24.88,-0.8660254037844386,0.5000000000000001,-0.7818314824680299,0.6234898018587334,1,0.0,11.48,100.0,25.44
2018-10-21 20:00:00,2018-10-21 20:15:00,2018-10-21 21:00:00,13.72,2.99,3.02,3.02,3.74,2.99,12.169999999999886,5.639374999999986,6.438377579750497,3.852395833333333,24.88,-0.8314696123025455,0.5555702330196018,-0.7818314824680299,0.6234898018587334,1,0.0,11.48,100.0,25.2
2018-10-21 20:15:00,2018-10-21 20:30:00,2018-10-21 21:15:00,13.9,3.49,2.99,3.06,3.67,3.06,12.599999999999886,4.318749999999985,4.18101494108312,3.850520833333334,24.88,-0.7933533402912357,0.6087614290087199,-0.7818314824680299,0.6234898018587334,1,0.0,15.7,100.0,21.7
2018-10-21 20:30:00,2018-10-21 20:45:00,2018-10-21 21:30:00,13.5,3.71,3.49,3.1,3.6,3.71,13.209999999999887,3.2749999999999857,0.48126136356599714,3.8516666666666666,24.88,-0.7518398074789772,0.6593458151000691,-0.7818314824680299,0.6234898018587334,1,0.0,17.5,100.0,20.74
2018-10-21 20:45:00,2018-10-21 21:00:00,2018-10-21 21:45:00,13.28,3.24,3.71,3.02,3.64,3.42,13.429999999999888,3.2324999999999857,0.45153211409760036,3.8475,24.88,-0.7071067811865477,0.7071067811865474,-0.7818314824680299,0.6234898018587334,1,0.0,13.0,100.0,24.18
2018-10-21 21:00:00,2018-10-21 21:15:00,2018-10-21 22:00:00,13.06,3.28,3.24,2.99,3.64,2.99,13.719999999999887,3.140624999999986,0.22727925430304174,3.84375,24.88,-0.6593458151000687,0.7518398074789775,-0.7818314824680299,0.6234898018587334,1,0.0,12.89,100.0,24.66
2018-10-21 21:15:00,2018-10-21 21:30:00,2018-10-21 22:15:00,12.27,3.67,3.28,3.49,3.67,3.67,13.899999999999887,3.151874999999986,0.24782097255182958,3.84375,24.88,-0.608761429008721,0.7933533402912349,-0.7818314824680299,0.6234898018587334,1,0.0,17.46,100.0,20.57
2018-10-21 21:30:00,2018-10-21 21:45:00,2018-10-21 22:30:00,11.84,3.31,3.67,3.71,3.71,3.2,13.499999999999886,3.1743749999999857,0.2447950355634497,3.8395833333333336,24.88,-0.555570233019603,0.8314696123025447,-0.7818314824680299,0.6234898018587334,1,0.0,13.79,100.0,23.34
2018-10-21 21:45:00,2018-10-21 22:00:00,2018-10-21 22:45:00,11.66,3.02,3.31,3.24,3.64,2.95,13.279999999999886,3.1787499999999858,0.24134713083338266,3.8331250000000003,24.88,-0.5000000000000004,0.8660254037844384,-0.7818314824680299,0.6234898018587334,1,0.0,11.34,100.0,25.73
2018-10-21 22:00:00,2018-10-21 22:15:00,2018-10-21 23:00:00,11.41,3.06,3.02,3.28,3.6,2.95,13.059999999999887,3.185624999999986,0.23624586649611157,3.8275,24.88,-0.4422886902190014,0.8968727415326883,-0.7818314824680299,0.6234898018587334,1,0.0,10.94,100.0,26.94
2018-10-21 22:15:00,2018-10-21 22:30:00,2018-10-21 23:15:00,11.34,2.88,3.06,3.67,3.42,2.88,12.269999999999886,3.1787499999999858,0.24333297672429427,3.8218750000000004,24.88,-0.38268343236508956,0.9238795325112868,-0.7818314824680299,0.6234898018587334,1,5.15,0.11,48.81,99.93
2018-10-21 22:30:00,2018-10-21 22:45:00,2018-10-21 23:30:00,11.270000000000001,2.88,2.88,3.31,3.42,2.84,11.839999999999886,3.171874999999986,0.2500304670165484,3.81625,24.88,-0.32143946530316186,0.9469301294951056,-0.7818314824680299,0.6234898018587334,1,5.36,0.0,47.33,100.0
2018-10-21 22:45:00,2018-10-21 23:00:00,2018-10-21 23:45:00,11.629999999999999,2.84,2.88,3.02,3.46,2.81,11.659999999999886,3.160624999999986,0.2604435820605402,3.809791666666667,24.88,-0.25881904510252157,0.9659258262890681,-0.7818314824680299,0.6234898018587334,1,5.18,0.0,48.07,100.0
2018-10-21 23:00:00,2018-10-21 23:15:00,2018-10-22 00:00:00,12.49,2.81,2.84,3.06,4.0,2.77,11.409999999999886,3.1474999999999858,0.27222463162164323,3.7973958333333333,24.88,-0.19509032201612872,0.9807852804032303,-0.7818314824680299,0.6234898018587334,1,5.15,0.0,47.9,100.0
2018-10-21 23:15:00,2018-10-21 23:30:00,2018-10-22 00:15:00,12.49,2.81,2.81,2.88,4.39,2.74,11.339999999999886,3.1318749999999858,0.2837300379525511,3.7809375000000003,24.88,-0.13052619222005168,0.9914448613738104,-0.7818314824680299,0.6234898018587334,1,4.75,0.0,50.92,100.0
2018-10-21 23:30:00,2018-10-21 23:45:00,2018-10-22 00:30:00,12.49,2.81,2.81,2.88,3.35,2.74,11.269999999999886,3.1137499999999863,0.29425488536569017,3.7753125,24.88,-0.0654031292301428,0.9978589232386035,-0.7818314824680299,0.6234898018587334,1,4.72,0.0,51.15,100.0
2018-10-21 23:45:00,2018-10-22 00:00:00,2018-10-22 00:45:00,12.170000000000002,3.2,2.81,2.84,3.06,2.81,11.629999999999885,3.124999999999986,0.2938962402984486,3.7767708333333334,24.88,0.0,1.0,0.0,1.0,0,5.83,0.0,48.12,100.0
2018-10-22 00:00:00,2018-10-22 00:15:00,2018-10-22 01:00:00,11.379999999999999,3.67,3.2,2.81,3.31,3.74,12.489999999999888,3.1674999999999858,0.31936460364529756,3.7805208333333336,24.88,0.06540312923014306,0.9978589232386035,0.0,1.0,0,6.01,0.0,52.12,100.0
2018-10-22 00:15:00,2018-10-22 00:30:00,2018-10-22 01:15:00,11.45,2.81,3.67,2.81,2.74,2.74,12.489999999999887,3.124999999999986,0.31886517536658565,3.78125,24.88,0.13052619222005157,0.9914448613738104,0.0,1.0,0,4.97,0.0,49.22,100.0
2018-10-22 00:30:00,2018-10-22 00:45:00,2018-10-22 01:30:00,11.48,2.81,2.81,2.81,2.74,2.81,12.489999999999887,3.068749999999986,0.28865799410656123,3.7819791666666664,24.88,0.19509032201612825,0.9807852804032304,0.0,1.0,0,5.08,0.0,48.4,100.0
2018-10-22 00:45:00,2018-10-22 01:00:00,2018-10-22 01:45:00,11.59,2.88,2.81,3.2,2.77,3.28,12.169999999999884,3.046249999999986,0.28846306100027364,3.783125,24.88,0.25881904510252074,0.9659258262890683,0.0,1.0,0,5.11,0.0,49.1,100.0
2018-10-22 01:00:00,2018-10-22 01:15:00,2018-10-22 02:00:00,12.24,2.88,2.88,3.67,2.81,3.17,11.379999999999887,3.021249999999986,0.2844265064329875,3.7838541666666665,24.88,0.3214394653031616,0.9469301294951057,0.0,1.0,0,5.26,0.0,48.03,100.0
2018-10-22 01:15:00,2018-10-22 01:30:00,2018-10-22 02:15:00,12.489999999999998,2.88,2.88,2.81,2.84,2.88,11.449999999999886,2.9718749999999856,0.23109031662258606,3.7842708333333337,24.88,0.3826834323650898,0.9238795325112867,0.0,1.0,0,5.4,0.0,47.06,100.0
2018-10-22 01:30:00,2018-10-22 01:45:00,2018-10-22 02:30:00,12.529999999999998,2.84,2.88,2.81,2.77,2.77,11.479999999999887,2.942499999999986,0.2155951067667318,3.7849999999999997,24.88,0.44228869021900125,0.8968727415326884,0.0,1.0,0,5.47,0.0,46.08,100.0
2018-10-22 01:45:00,2018-10-22 02:00:00,2018-10-22 02:45:00,12.419999999999998,2.99,2.84,2.88,2.74,3.28,11.589999999999886,2.9406249999999856,0.21504269212591365,3.7876041666666667,24.88,0.49999999999999994,0.8660254037844387,0.0,1.0,0,5.72,0.0,46.33,100.0
2018-10-22 02:00:00,2018-10-22 02:15:00,2018-10-22 03:00:00,12.350000000000001,3.53,2.99,2.88,2.77,3.13,12.239999999999887,2.9699999999999855,0.2572936067253306,3.7955208333333332,24.88,0.5555702330196022,0.8314696123025452,0.0,1.0,0,7.06,0.0,44.72,100.0
2018-10-22 02:15:00,2018-10-22 02:30:00,2018-10-22 03:15:00,12.459999999999999,3.13,3.53,2.88,2.77,2.81,12.489999999999885,2.985624999999986,0.2589393933659233,3.7992708333333334,24.88,0.6087614290087207,0.7933533402912352,0.0,1.0,0,6.26,0.0,44.72,100.0
2018-10-22 02:30:00,2018-10-22 02:45:00,2018-10-22 03:30:00,12.5,2.88,3.13,2.84,2.74,2.81,12.529999999999886,2.9856249999999855,0.2589393933659233,3.8007291666666667,24.88,0.6593458151000688,0.7518398074789774,0.0,1.0,0,5.44,0.0,46.79,100.0
2018-10-22 02:45:00,2018-10-22 03:00:00,2018-10-22 03:45:00,12.540000000000001,2.88,2.88,2.99,3.13,2.84,12.419999999999884,2.988124999999986,0.2577115333792993,3.798125,24.88,0.7071067811865476,0.7071067811865476,0.0,1.0,0,5.58,0.0,45.86,100.0
2018-10-22 03:00:00,2018-10-22 03:15:00,2018-10-22 04:00:00,12.030000000000001,3.46,2.88,3.53,3.85,2.77,12.349999999999886,3.028749999999986,0.27694482764923817,3.7940624999999994,24.88,0.7518398074789774,0.6593458151000688,0.0,1.0,0,6.3,0.0,48.14,100.0
2018-10-22 03:15:00,2018-10-22 03:30:00,2018-10-22 04:15:00,11.669999999999998,3.24,3.46,3.13,3.89,2.81,12.459999999999887,3.055624999999986,0.2752718827570979,3.7872916666666665,24.88,0.7933533402912352,0.6087614290087207,0.0,1.0,0,5.98,0.0,47.64,100.0
2018-10-22 03:30:00,2018-10-22 03:45:00,2018-10-22 04:30:00,11.67,2.92,3.24,2.88,2.92,2.74,12.499999999999886,3.0624999999999853,0.2703816747888623,3.7872916666666665,24.88,0.8314696123025451,0.5555702330196024,0.0,1.0,0,5.65,0.0,45.91,100.0
2018-10-22 03:45:00,2018-10-22 04:00:00,2018-10-22 04:45:00,11.67,2.92,2.92,2.88,2.74,2.81,12.539999999999887,3.0449999999999857,0.26997685097365076,3.789166666666667,24.88,0.8660254037844386,0.5000000000000001,0.0,1.0,0,5.72,0.0,45.47,100.0
2018-10-22 04:00:00,2018-10-22 04:15:00,2018-10-22 05:00:00,11.599999999999998,2.95,2.92,3.46,2.81,2.84,12.029999999999886,2.999999999999986,0.21682366121273994,3.7906250000000004,24.88,0.8968727415326884,0.44228869021900125,0.0,1.0,0,5.72,0.0,45.84,100.0
2018-10-22 04:15:00,2018-10-22 04:30:00,2018-10-22 05:15:00,11.599999999999998,2.88,2.95,3.24,2.81,2.84,11.669999999999886,3.0043749999999854,0.2136284377995878,3.791354166666667,24.88,0.9238795325112867,0.38268343236508984,0.0,1.0,0,5.69,0.0,45.16,100.0
2018-10-22 04:30:00,2018-10-22 04:45:00,2018-10-22 05:30:00,11.52,2.92,2.88,2.92,2.77,3.02,11.669999999999886,3.0112499999999858,0.20898190725918112,3.7929166666666667,24.88,0.9469301294951056,0.3214394653031617,0.0,1.0,0,5.65,0.0,45.91,100.0
2018-10-22 04:45:00,2018-10-22 05:00:00,2018-10-22 05:45:00,11.44,2.92,2.92,2.92,2.77,3.28,11.669999999999886,3.0137499999999857,0.20763173543965358,3.7944791666666666,24.88,0.9659258262890683,0.25881904510252074,0.0,1.0,0,5.58,0.0,46.37,100.0
2018-10-22 05:00:00,2018-10-22 05:15:00,2018-10-22 06:00:00,11.399999999999999,2.88,2.92,2.95,2.81,2.74,11.599999999999886,3.013749999999986,0.20763173543965358,3.795208333333333,24.88,0.9807852804032304,0.19509032201612833,0.0,1.0,0,5.51,0.0,46.32,100.0
2018-10-22 05:15:00,2018-10-22 05:30:00,2018-10-22 06:15:00,11.33,2.88,2.88,2.88,2.77,2.77,11.599999999999886,3.0137499999999857,0.20763173543965358,3.796354166666667,24.88,0.9914448613738104,0.1305261922200517,0.0,1.0,0,5.47,0.0,46.59,100.0
2018-10-22 05:30:00,2018-10-22 05:45:00,2018-10-22 06:30:00,12.38,2.84,2.88,2.92,2.81,2.77,11.519999999999886,3.0137499999999857,0.20763173543965358,3.796666666666667,24.88,0.9978589232386035,0.06540312923014327,0.0,1.0,0,5.36,0.0,46.82,100.0
2018-10-22 05:45:00,2018-10-22 06:00:00,2018-10-22 06:45:00,13.64,2.84,2.84,2.92,2.81,3.1,11.439999999999886,3.004374999999986,0.2118362797933639,3.7969791666666666,24.88,1.0,6.123233995736766e-17,0.0,1.0,0,5.26,0.0,47.51,100.0
2018-10-22 06:00:00,2018-10-22 06:15:00,2018-10-22 07:00:00,13.64,2.84,2.84,2.88,2.81,3.24,11.399999999999887,2.961249999999986,0.1656379713765493,3.7972916666666667,24.88,0.9978589232386035,-0.06540312923014314,0.0,1.0,0,5.29,0.0,47.3,100.0
2018-10-22 06:15:00,2018-10-22 06:30:00,2018-10-22 07:15:00,13.82,2.81,2.84,2.88,2.74,2.7,11.329999999999885,2.9412499999999855,0.16335831035414142,3.7980208333333336,24.88,0.9914448613738104,-0.1305261922200516,0.0,1.0,0,5.29,0.0,46.91,100.0
2018-10-22 06:30:00,2018-10-22 06:45:00,2018-10-22 07:30:00,13.53,3.89,2.81,2.84,2.74,2.74,12.379999999999885,3.004374999999986,0.2805790609377193,3.81,24.88,0.9807852804032304,-0.1950903220161282,0.0,1.0,0,6.77,0.0,49.82,100.0
2018-10-22 06:45:00,2018-10-22 07:00:00,2018-10-22 07:45:00,13.35,4.1,3.89,2.84,3.06,2.7,13.639999999999885,3.0806249999999857,0.3833645255323067,3.8208333333333333,24.88,0.9659258262890683,-0.25881904510252063,0.0,1.0,0,7.06,0.0,50.22,100.0
2018-10-22 07:00:00,2018-10-22 07:15:00,2018-10-22 08:00:00,14.469999999999999,2.84,4.1,2.84,3.31,2.74,13.639999999999885,3.041874999999986,0.3742863000921249,3.8159375,24.88,0.9469301294951057,-0.3214394653031616,0.0,1.0,0,5.26,0.0,47.51,100.0
2018-10-22 07:15:00,2018-10-22 07:30:00,2018-10-22 08:15:00,24.98,2.99,2.84,2.81,2.74,3.06,13.819999999999885,3.0262499999999855,0.3708920834443206,3.8185416666666665,24.88,0.9238795325112868,-0.3826834323650895,0.0,1.0,0,5.11,0.0,50.5,100.0
2018-10-22 07:30:00,2018-10-22 07:45:00,2018-10-22 08:30:00,64.9,3.6,2.99,3.89,2.77,3.92,13.529999999999886,3.068749999999986,0.3944913656363385,3.8271875000000004,24.88,0.8968727415326884,-0.44228869021900113,0.0,1.0,0,5.58,0.0,54.21,100.0
2018-10-22 07:45:00,2018-10-22 08:00:00,2018-10-22 08:45:00,109.33000000000001,3.92,3.6,4.1,2.74,4.21,13.349999999999886,3.131249999999986,0.4422933840354797,3.8394791666666666,24.88,0.8660254037844387,-0.4999999999999998,0.0,1.0,0,6.52,0.0,51.53,100.0
2018-10-22 08:00:00,2018-10-22 08:15:00,2018-10-22 09:00:00,166.5,3.96,3.92,2.84,3.42,7.13,14.469999999999887,3.1943749999999858,0.482195094786839,3.845104166666667,24.88,0.8314696123025451,-0.5555702330196023,0.0,1.0,0,6.19,0.0,53.89,100.0
2018-10-22 08:15:00,2018-10-22 08:30:00,2018-10-22 09:15:00,200.41,13.5,3.96,2.99,3.17,22.32,24.979999999999887,3.858124999999986,2.5344901330318446,3.9527083333333337,24.88,0.7933533402912352,-0.6087614290087207,0.0,1.0,0,13.0,0.0,72.03,100.0
2018-10-22 08:30:00,2018-10-22 08:45:00,2018-10-22 09:30:00,205.26999999999998,43.52,13.5,3.6,2.74,91.8,64.89999999999989,6.395624999999987,9.911924616815499,4.3775,43.52,0.7518398074789774,-0.6593458151000688,0.0,1.0,0,39.6,0.0,73.96,100.0
2018-10-22 08:45:00,2018-10-22 09:00:00,2018-10-22 09:45:00,206.01999999999998,48.35,43.52,3.92,2.88,102.06,109.32999999999988,9.234999999999985,14.122315674139815,4.851145833333334,48.35,0.7071067811865476,-0.7071067811865475,0.0,1.0,0,38.02,0.0,78.61,100.0
2018-10-22 09:00:00,2018-10-22 09:15:00,2018-10-22 10:00:00,198.48999999999998,61.13,48.35,3.96,3.02,85.68,166.4999999999999,12.875624999999987,18.761122357402456,5.456458333333334,61.13,0.659345815100069,-0.7518398074789773,0.0,1.0,0,33.91,0.0,87.45,100.0
2018-10-22 09:15:00,2018-10-22 09:30:00,2018-10-22 10:15:00,200.47000000000003,47.41,61.13,13.5,2.99,112.39,200.40999999999988,15.658749999999987,20.310793582170742,5.9191666666666665,61.13,0.6087614290087209,-0.793353340291235,0.0,1.0,0,18.86,0.0,92.92,100.0
2018-10-22 09:30:00,2018-10-22 09:45:00,2018-10-22 10:30:00,192.84,48.38,47.41,43.52,3.06,97.34,205.26999999999987,18.50499999999999,21.47264975498006,6.391249999999999,61.13,0.5555702330196025,-0.831469612302545,0.0,1.0,0,22.25,0.0,90.85,100.0
2018-10-22 09:45:00,2018-10-22 10:00:00,2018-10-22 10:45:00,185.68,49.1,48.38,48.35,3.56,112.43,206.0199999999999,21.396249999999984,22.268401905784398,6.8656250000000005,61.13,0.49999999999999994,-0.8660254037844387,0.0,1.0,0,22.61,0.0,90.83,100.0
2018-10-22 10:00:00,2018-10-22 10:15:00,2018-10-22 11:00:00,196.04999999999998,53.6,49.1,61.13,3.35,118.66,198.48999999999987,24.568749999999987,23.0024707572369,7.3890625000000005,61.13,0.4422886902190017,-0.8968727415326881,0.0,1.0,0,23.65,0.0,91.49,100.0
2018-10-22 10:15:00,2018-10-22 10:30:00,2018-10-22 11:15:00,204.76,49.39,53.6,47.41,2.99,87.12,200.46999999999986,27.479999999999986,23.012040055154507,7.872395833333333,61.13,0.3826834323650899,-0.9238795325112867,0.0,1.0,0,23.51,0.0,90.29,100.0
2018-10-22 10:30:00,2018-10-22 10:45:00,2018-10-22 11:30:00,258.01,40.75,49.39,48.38,2.99,117.79,192.83999999999986,29.783749999999987,22.371232050057795,8.265729166666667,61.13,0.32143946530316175,-0.9469301294951056,0.0,1.0,0,15.98,0.0,93.1,100.0
2018-10-22 10:45:00,2018-10-22 11:00:00,2018-10-22 11:45:00,304.49,41.94,40.75,49.1,2.99,86.33,185.6799999999999,32.148749999999986,21.514791677762776,8.671458333333332,61.13,0.258819045102521,-0.9659258262890682,0.0,1.0,0,17.64,0.0,92.18,100.0
2018-10-22 11:00:00,2018-10-22 11:15:00,2018-10-22 12:00:00,353.13,63.97,41.94,53.6,3.02,123.98,196.0499999999999,35.969374999999985,21.39832717432373,9.306354166666667,63.97,0.19509032201612816,-0.9807852804032304,0.0,1.0,0,42.44,0.0,83.33,100.0
2018-10-22 11:15:00,2018-10-22 11:30:00,2018-10-22 12:15:00,300.47,58.1,63.97,49.39,2.95,103.25,204.75999999999988,39.413749999999986,20.215279454846094,9.880833333333333,63.97,0.130526192220052,-0.9914448613738104,0.0,1.0,0,35.68,0.0,85.21,100.0
2018-10-22 11:30:00,2018-10-22 11:45:00,2018-10-22 12:30:00,211.73,94.0,58.1,40.75,2.95,125.21,258.0099999999999,45.063749999999985,21.972702347174245,10.829270833333334,94.0,0.06540312923014312,-0.9978589232386035,0.0,1.0,0,52.27,0.0,87.4,100.0
2018-10-22 11:45:00,2018-10-22 12:00:00,2018-10-22 12:45:00,127.92,88.42,94.0,41.94,3.02,102.24,304.4899999999999,50.344999999999985,21.60075953525734,11.718854166666667,94.0,1.2246467991473532e-16,-1.0,0.0,1.0,0,53.53,0.0,85.54,100.0
2018-10-22 12:00:00,2018-10-22 12:15:00,2018-10-22 13:00:00,19.77,112.61,88.42,63.97,2.99,98.42,353.1299999999999,57.13562499999998,22.985111476983935,12.860729166666667,112.61,-0.06540312923014287,-0.9978589232386035,0.0,1.0,0,67.54,0.29,85.76,100.0
2018-10-22 12:15:00,2018-10-22 12:30:00,2018-10-22 13:15:00,39.89,5.44,112.61,58.1,3.1,7.52,300.46999999999986,56.63187499999999,24.001764575430265,12.885104166666666,112.61,-0.13052619222005177,-0.9914448613738104,0.0,1.0,0,0.0,13.1,100.0,38.35
2018-10-22 12:30:00,2018-10-22 12:45:00,2018-10-22 13:30:00,97.74,5.26,5.44,94.0,3.02,5.33,211.72999999999988,54.24062499999999,26.917715232897866,12.908437499999998,112.61,-0.19509032201612792,-0.9807852804032305,0.0,1.0,0,0.0,16.99,100.0,29.57
2018-10-22 12:45:00,2018-10-22 13:00:00,2018-10-22 13:45:00,213.41,4.61,5.26,88.42,3.1,6.19,127.91999999999989,51.50687499999999,29.476621609071564,12.924166666666666,112.61,-0.2588190451025208,-0.9659258262890683,0.0,1.0,0,0.0,15.98,100.0,27.72
2018-10-22 13:00:00,2018-10-22 13:15:00,2018-10-22 14:00:00,294.91999999999996,4.46,4.61,112.61,3.53,6.34,19.769999999999886,47.96499999999998,31.446408181221802,12.933854166666668,112.61,-0.32143946530316153,-0.9469301294951057,0.0,1.0,0,0.0,15.98,100.0,26.88
2018-10-22 13:15:00,2018-10-22 13:30:00,2018-10-22 14:15:00,369.33000000000004,25.56,4.46,5.44,3.49,56.52,39.88999999999989,46.59937499999999,31.91185368886286,13.16375,112.61,-0.38268343236508967,-0.9238795325112868,0.0,1.0,0,12.02,7.2,90.49,96.25
2018-10-22 13:30:00,2018-10-22 13:45:00,2018-10-22 14:30:00,411.95000000000005,63.11,25.56,5.26,2.99,113.08,97.7399999999999,47.51999999999999,32.161440227390536,13.79,112.61,-0.44228869021900147,-0.8968727415326883,0.0,1.0,0,41.33,0.0,83.66,100.0
2018-10-22 13:45:00,2018-10-22 14:00:00,2018-10-22 14:45:00,384.23,120.28,63.11,4.61,3.31,116.28,213.4099999999999,51.968749999999986,36.678153387779886,15.0084375,120.28,-0.4999999999999997,-0.8660254037844388,0.0,1.0,0,66.31,0.0,87.57,100.0
2018-10-22 14:00:00,2018-10-22 14:15:00,2018-10-22 15:00:00,363.89,85.97,120.28,4.46,3.64,118.73,294.9199999999999,53.991874999999986,37.59365508612301,15.866041666666666,120.28,-0.555570233019602,-0.8314696123025455,0.0,1.0,0,54.86,0.0,84.3,100.0
2018-10-22 14:15:00,2018-10-22 14:30:00,2018-10-22 15:15:00,304.35,99.97,85.97,25.56,3.02,100.15,369.32999999999987,57.15312499999999,39.16746189740125,16.8759375,120.28,-0.6087614290087207,-0.7933533402912352,0.0,1.0,0,57.2,0.0,86.8,100.0
2018-10-22 14:30:00,2018-10-22 14:45:00,2018-10-22 15:30:00,246.46,105.73,99.97,63.11,2.99,109.4,411.94999999999993,61.21437499999998,40.598792618862134,17.946145833333333,120.28,-0.6593458151000688,-0.7518398074789774,0.0,1.0,0,59.87,0.0,87.02,100.0
2018-10-22 14:45:00,2018-10-22 15:00:00,2018-10-22 15:45:00,200.41,92.56,105.73,120.28,3.06,73.26,384.2299999999999,64.37812499999998,40.94438991161513,18.8784375,120.28,-0.7071067811865471,-0.7071067811865479,0.0,1.0,0,52.16,0.0,87.12,100.0
2018-10-22 15:00:00,2018-10-22 15:15:00,2018-10-22 16:00:00,185.43,65.63,92.56,85.97,2.99,98.35,363.8899999999999,64.48187499999999,40.94532745301191,19.5309375,120.28,-0.7518398074789773,-0.6593458151000691,0.0,1.0,0,31.9,0.0,89.94,100.0
2018-10-22 15:15:00,2018-10-22 15:30:00,2018-10-22 16:15:00,197.38,40.43,65.63,99.97,3.13,135.54,304.3499999999999,63.37749999999998,41.33897033974113,19.919479166666665,120.28,-0.7933533402912349,-0.6087614290087209,0.0,1.0,0,15.16,0.0,93.63,100.0
2018-10-22 15:30:00,2018-10-22 15:45:00,2018-10-22 16:30:00,200.66,47.84,40.43,105.73,3.82,88.13,246.4599999999999,60.492499999999986,40.7070880652252,20.378020833333334,120.28,-0.8314696123025452,-0.5555702330196022,0.0,1.0,0,19.15,0.0,92.84,100.0
2018-10-22 15:45:00,2018-10-22 16:00:00,2018-10-22 16:45:00,206.67000000000002,46.51,47.84,92.56,10.37,105.44,200.4099999999999,57.87312499999999,40.17061997261653,20.754479166666666,120.28,-0.8660254037844385,-0.5000000000000004,0.0,1.0,0,18.97,0.0,92.59,100.0
2018-10-22 16:00:00,2018-10-22 16:15:00,2018-10-22 17:00:00,198.03,50.65,46.51,65.63,24.88,77.98,185.42999999999992,54.000624999999985,37.61230458054095,21.022916666666667,120.28,-0.8968727415326883,-0.44228869021900136,0.0,1.0,0,23.87,0.0,90.46,100.0
2018-10-22 16:15:00,2018-10-22 16:30:00,2018-10-22 17:15:00,201.31,52.38,50.65,40.43,24.62,111.2,197.3799999999999,56.93437499999998,35.48040761616725,21.312083333333334,120.28,-0.9238795325112868,-0.3826834323650895,0.0,1.0,0,25.99,0.0,89.58,100.0
2018-10-22 16:30:00,2018-10-22 16:45:00,2018-10-22 17:30:00,202.32,51.12,52.38,47.84,20.41,79.96,200.6599999999999,59.80062499999998,32.9524931660622,21.631979166666667,120.28,-0.9469301294951056,-0.3214394653031618,0.0,1.0,0,25.92,0.0,89.19,100.0
2018-10-22 16:45:00,2018-10-22 17:00:00,2018-10-22 17:45:00,181.83999999999997,52.52,51.12,46.51,3.92,108.32,206.6699999999999,62.79499999999999,29.830155463892535,22.138229166666665,120.28,-0.9659258262890683,-0.25881904510252063,0.0,1.0,0,26.39,0.0,89.35,100.0
2018-10-22 17:00:00,2018-10-22 17:15:00,2018-10-22 18:00:00,170.5,42.01,52.52,50.65,4.75,107.46,198.02999999999992,65.14187499999998,26.431905015234335,22.526354166666664,120.28,-0.9807852804032303,-0.19509032201612866,0.0,1.0,0,18.5,0.0,91.52,100.0
2018-10-22 17:15:00,2018-10-22 17:30:00,2018-10-22 18:15:00,154.94,55.66,42.01,52.38,3.49,87.52,201.30999999999992,67.02312499999998,24.552094034610736,23.06979166666667,120.28,-0.9914448613738104,-0.13052619222005163,0.0,1.0,0,31.57,0.0,86.98,100.0
2018-10-22 17:30:00,2018-10-22 17:45:00,2018-10-22 18:30:00,195.82999999999998,52.13,55.66,51.12,2.95,99.9,202.3199999999999,66.33687499999998,24.804035387097173,23.58208333333333,120.28,-0.9978589232386035,-0.06540312923014273,0.0,1.0,0,24.37,0.0,90.59,100.0
2018-10-22 17:45:00,2018-10-22 18:00:00,2018-10-22 18:45:00,246.05,32.04,52.13,52.52,2.95,28.69,181.8399999999999,60.821874999999984,21.82832741495268,23.885104166666668,120.28,-1.0,-1.8369701987210297e-16,0.0,1.0,0,1.8,1.08,99.84,99.94
2018-10-22 18:00:00,2018-10-22 18:15:00,2018-10-22 19:00:00,320.46,30.67,32.04,42.01,2.95,29.92,170.49999999999991,57.36562499999999,21.950499415944467,24.17385416666667,120.28,-0.9978589232386036,0.06540312923014237,0.0,1.0,0,6.95,0.47,97.53,99.99
2018-10-22 18:15:00,2018-10-22 18:30:00,2018-10-22 19:15:00,356.54,40.1,30.67,55.66,2.99,51.62,154.9399999999999,53.62374999999999,19.313424371082085,24.56041666666667,120.28,-0.9914448613738105,0.13052619222005127,0.0,1.0,0,22.36,0.0,87.34,100.0
2018-10-22 18:30:00,2018-10-22 18:45:00,2018-10-22 19:30:00,358.74,93.02,40.1,52.13,2.99,81.72,195.8299999999999,52.829374999999985,17.311557724808683,25.498229166666672,120.28,-0.9807852804032304,0.1950903220161283,0.0,1.0,0,56.09,0.0,85.64,100.0
2018-10-22 18:45:00,2018-10-22 19:00:00,2018-10-22 19:45:00,322.63,82.26,93.02,32.04,3.02,110.02,246.0499999999999,52.18562499999999,15.960985624621804,26.323645833333334,120.28,-0.9659258262890684,0.2588190451025203,0.0,1.0,0,42.48,0.0,88.85,100.0
2018-10-22 19:00:00,2018-10-22 19:15:00,2018-10-22 20:00:00,279.72,105.08,82.26,30.67,3.02,98.93,320.4599999999999,54.65124999999998,20.30370005534721,27.38677083333333,120.28,-0.9469301294951057,0.3214394653031615,0.0,1.0,0,52.49,0.0,89.46,100.0
2018-10-22 19:15:00,2018-10-22 19:30:00,2018-10-22 20:15:00,269.13,76.18,105.08,40.1,3.06,85.21,356.53999999999985,56.88562499999999,20.58094991999589,28.1484375,120.28,-0.923879532511287,0.38268343236508917,0.0,1.0,0,35.03,0.0,90.85,100.0
2018-10-22 19:30:00,2018-10-22 19:45:00,2018-10-22 20:30:00,243.75,95.22,76.18,93.02,3.1,96.12,358.7399999999999,59.84687499999998,22.395039829935016,29.10802083333333,120.28,-0.8968727415326884,0.442288690219001,0.0,1.0,0,54.04,0.0,86.97,100.0
2018-10-22 19:45:00,2018-10-22 20:00:00,2018-10-22 20:45:00,259.20000000000005,46.15,95.22,82.26,3.02,63.65,322.6299999999999,59.82437499999999,22.40860464440782,29.557291666666668,120.28,-0.8660254037844386,0.5000000000000001,0.0,1.0,0,23.58,0.0,89.05,100.0
2018-10-22 20:00:00,2018-10-22 20:15:00,2018-10-22 21:00:00,214.09,62.17,46.15,105.08,2.99,54.94,279.7199999999999,60.54437499999999,22.287002088871777,30.173750000000002,120.28,-0.8314696123025455,0.5555702330196018,0.0,1.0,0,32.94,0.0,88.36,100.0
2018-10-22 20:15:00,2018-10-22 20:30:00,2018-10-22 21:15:00,154.01,65.59,62.17,76.18,3.49,58.25,269.1299999999999,61.36999999999999,22.213821992174132,30.820624999999996,120.28,-0.7933533402912357,0.6087614290087199,0.0,1.0,0,27.43,0.0,92.26,100.0
2018-10-22 20:30:00,2018-10-22 20:45:00,2018-10-22 21:30:00,88.24000000000001,69.84,65.59,95.22,3.71,54.47,243.7499999999999,62.53999999999999,22.13599754924087,31.509479166666665,120.28,-0.7518398074789772,0.6593458151000691,0.0,1.0,0,35.78,0.0,89.0,100.0
2018-10-22 20:45:00,2018-10-22 21:00:00,2018-10-22 21:45:00,30.740000000000002,61.6,69.84,46.15,3.24,44.5,259.19999999999993,63.10749999999999,21.98773592823957,32.11739583333333,120.28,-0.7071067811865477,0.7071067811865474,0.0,1.0,0,23.44,0.0,93.46,100.0
2018-10-22 21:00:00,2018-10-22 21:15:00,2018-10-22 22:00:00,17.68,17.06,61.6,62.17,3.28,27.47,214.0899999999999,61.548124999999985,24.20192379201236,32.2609375,120.28,-0.6593458151000687,0.7518398074789775,0.0,1.0,0,2.27,8.32,99.13,89.88
2018-10-22 21:15:00,2018-10-22 21:30:00,2018-10-22 22:15:00,16.02,5.51,17.06,65.59,3.67,4.5,154.00999999999988,58.413749999999986,27.749034189274088,32.28010416666667,120.28,-0.608761429008721,0.7933533402912349,0.0,1.0,0,0.0,15.23,100.0,34.02
2018-10-22 21:30:00,2018-10-22 21:45:00,2018-10-22 22:30:00,15.77,4.07,5.51,69.84,3.31,4.18,88.23999999999988,55.40999999999998,30.70987198768509,32.288020833333334,120.28,-0.555570233019603,0.8314696123025447,0.0,1.0,0,0.0,15.59,100.0,25.26
2018-10-22 21:45:00,2018-10-22 22:00:00,2018-10-22 22:45:00,15.41,4.1,4.07,61.6,3.02,4.1,30.739999999999885,53.663749999999986,32.71783609038818,32.29927083333333,120.28,-0.5000000000000004,0.8660254037844384,0.0,1.0,0,0.0,13.79,100.0,28.5
2018-10-22 22:00:00,2018-10-22 22:15:00,2018-10-22 23:00:00,15.120000000000001,4.0,4.1,17.06,3.06,4.0,17.679999999999886,51.99687499999998,34.47882388487728,32.3090625,120.28,-0.4422886902190014,0.8968727415326883,0.0,1.0,0,0.04,13.97,100.0,27.53
2018-10-22 22:15:00,2018-10-22 22:30:00,2018-10-22 23:15:00,15.879999999999999,3.85,4.0,5.51,2.88,3.78,16.019999999999886,49.73124999999999,36.32757714103036,32.31916666666667,120.28,-0.38268343236508956,0.9238795325112868,0.0,1.0,0,6.55,0.07,50.67,99.98
2018-10-22 22:30:00,2018-10-22 22:45:00,2018-10-22 23:30:00,16.380000000000003,3.82,3.85,4.07,2.88,3.85,15.769999999999886,44.15624999999999,36.10031403516481,32.32895833333334,120.28,-0.32143946530316186,0.9469301294951056,0.0,1.0,0,6.98,0.0,48.01,100.0
2018-10-22 22:45:00,2018-10-22 23:00:00,2018-10-22 23:45:00,16.240000000000002,3.74,3.82,4.1,2.84,3.89,15.409999999999886,39.24874999999999,35.923498033147084,32.33833333333333,120.28,-0.25881904510252157,0.9659258262890681,0.0,1.0,0,6.55,0.0,49.59,100.0
2018-10-22 23:00:00,2018-10-22 23:15:00,2018-10-23 00:00:00,17.35,3.71,3.74,4.0,2.81,3.74,15.119999999999887,32.91312499999999,32.533607953690044,32.34770833333334,120.28,-0.19509032201612872,0.9807852804032303,0.0,1.0,0,6.23,0.0,51.17,100.0
2018-10-22 23:15:00,2018-10-22 23:30:00,2018-10-23 00:15:00,16.38,4.61,3.71,3.85,2.81,3.64,15.879999999999887,28.439999999999984,31.16876762080968,32.366458333333334,120.28,-0.13052619222005168,0.9914448613738104,0.0,1.0,0,7.78,0.0,50.98,100.0
2018-10-22 23:30:00,2018-10-22 23:45:00,2018-10-23 00:30:00,15.66,4.32,4.61,3.82,2.81,3.6,16.37999999999989,22.758749999999985,26.397980006764534,32.3821875,120.28,-0.0654031292301428,0.9978589232386035,0.0,1.0,0,7.16,0.0,51.66,100.0
2018-10-22 23:45:00,2018-10-23 00:00:00,2018-10-23 00:45:00,15.77,3.6,4.32,3.74,3.2,3.64,16.23999999999989,20.099374999999988,26.048517584680667,32.38635416666667,120.28,0.0,1.0,0.7818314824680298,0.6234898018587336,0,6.66,0.0,47.55,100.0
2018-10-23 00:00:00,2018-10-23 00:15:00,2018-10-23 01:00:00,14.66,4.82,3.6,3.71,3.67,3.67,17.349999999999888,16.514999999999986,23.86729221130974,32.39833333333333,120.28,0.06540312923014306,0.9978589232386035,0.7818314824680298,0.6234898018587336,0,7.49,0.0,54.12,100.0
2018-10-23 00:15:00,2018-10-23 00:30:00,2018-10-23 01:15:00,14.73,3.64,4.82,4.61,2.81,3.67,16.379999999999885,12.643124999999985,20.35913422728053,32.406979166666666,120.28,0.13052619222005157,0.9914448613738104,0.7818314824680298,0.6234898018587336,0,6.05,0.0,51.55,100.0
2018-10-23 00:30:00,2018-10-23 00:45:00,2018-10-23 01:30:00,14.799999999999999,3.6,3.64,4.32,2.81,4.75,15.659999999999886,8.503124999999986,14.071184082529443,32.41520833333333,120.28,0.19509032201612825,0.9807852804032304,0.7818314824680298,0.6234898018587336,0,6.37,0.0,49.2,100.0
2018-10-23 00:45:00,2018-10-23 01:00:00,2018-10-23 01:45:00,14.76,3.71,3.6,3.6,2.88,4.57,15.769999999999886,4.8849999999999865,3.1840834631112926,32.423854166666665,120.28,0.25881904510252074,0.9659258262890683,0.7818314824680298,0.6234898018587336,0,6.98,0.0,46.93,100.0
2018-10-23 01:00:00,2018-10-23 01:15:00,2018-10-23 02:00:00,14.690000000000001,3.71,3.71,4.82,2.88,3.64,14.659999999999886,4.050624999999986,0.5138879833530706,32.432500000000005,120.28,0.3214394653031616,0.9469301294951057,0.7818314824680298,0.6234898018587336,0,6.41,0.0,50.09,100.0
2018-10-23 01:15:00,2018-10-23 01:30:00,2018-10-23 02:15:00,14.690000000000001,3.71,3.71,3.64,2.88,3.74,14.729999999999887,3.9381249999999857,0.3543518511801579,32.44114583333333,120.28,0.3826834323650898,0.9238795325112867,0.7818314824680298,0.6234898018587336,0,6.16,0.0,51.59,100.0
2018-10-23 01:30:00,2018-10-23 01:45:00,2018-10-23 02:30:00,14.84,3.67,3.71,3.6,2.84,3.24,14.799999999999887,3.9131249999999858,0.3582547758716291,32.44979166666666,120.28,0.44228869021900125,0.8968727415326884,0.7818314824680298,0.6234898018587336,0,6.37,0.0,49.92,100.0
2018-10-23 01:45:00,2018-10-23 02:00:00,2018-10-23 02:45:00,16.03,3.67,3.67,3.71,2.99,3.1,14.759999999999884,3.886249999999986,0.35935489082501665,32.456875000000004,120.28,0.49999999999999994,0.8660254037844387,0.7818314824680298,0.6234898018587336,0,6.98,0.0,46.54,100.0
2018-10-23 02:00:00,2018-10-23 02:15:00,2018-10-23 03:00:00,16.490000000000002,3.64,3.67,3.71,3.53,3.1,14.689999999999886,3.8637499999999863,0.3627822178110215,32.45802083333333,120.28,0.5555702330196022,0.8314696123025452,0.7818314824680298,0.6234898018587336,0,6.59,0.0,48.35,100.0
2018-10-23 02:15:00,2018-10-23 02:30:00,2018-10-23 03:15:00,16.16,3.71,3.64,3.71,3.13,3.1,14.689999999999888,3.8549999999999858,0.36469165065832354,32.4640625,120.28,0.6087614290087207,0.7933533402912352,0.7818314824680298,0.6234898018587336,0,6.16,0.0,51.59,100.0
2018-10-23 02:30:00,2018-10-23 02:45:00,2018-10-23 03:30:00,15.4,3.82,3.71,3.67,2.88,3.17,14.839999999999886,3.8549999999999858,0.36469165065832354,32.47385416666667,120.28,0.6593458151000688,0.7518398074789774,0.7818314824680298,0.6234898018587336,0,6.34,0.0,51.61,100.0
2018-10-23 02:45:00,2018-10-23 03:00:00,2018-10-23 03:45:00,13.639999999999999,4.86,3.82,3.67,2.88,3.17,16.029999999999887,3.9249999999999856,0.43634848465397325,32.49447916666667,120.28,0.7071067811865476,0.7071067811865476,0.7818314824680298,0.6234898018587336,0,8.24,0.0,50.8,100.0
2018-10-23 03:00:00,2018-10-23 03:15:00,2018-10-23 04:00:00,12.739999999999998,4.1,4.86,3.64,3.46,3.1,16.48999999999989,3.9493749999999856,0.4345467287125666,32.50114583333333,120.28,0.7518398074789774,0.6593458151000688,0.7818314824680298,0.6234898018587336,0,7.27,0.0,49.12,100.0
2018-10-23 03:15:00,2018-10-23 03:30:00,2018-10-23 04:15:00,12.459999999999999,3.38,4.1,3.71,3.24,3.1,16.159999999999886,3.872499999999986,0.41941179055896155,32.502604166666664,120.28,0.7933533402912352,0.6087614290087207,0.7818314824680298,0.6234898018587336,0,6.01,0.0,49.02,100.0
2018-10-23 03:30:00,2018-10-23 03:45:00,2018-10-23 04:30:00,12.42,3.06,3.38,3.82,2.92,3.06,15.399999999999885,3.793749999999986,0.44547551847431244,32.5040625,120.28,0.8314696123025451,0.5555702330196024,0.7818314824680298,0.6234898018587336,0,5.9,0.0,46.04,100.0
2018-10-23 03:45:00,2018-10-23 04:00:00,2018-10-23 04:45:00,12.42,3.1,3.06,4.86,2.92,3.1,13.639999999999887,3.7624999999999855,0.47455900587807887,32.5059375,120.28,0.8660254037844386,0.5000000000000001,0.7818314824680298,0.6234898018587336,0,6.08,0.0,45.42,100.0
2018-10-23 04:00:00,2018-10-23 04:15:00,2018-10-23 05:00:00,12.32,3.2,3.1,4.1,2.95,3.17,12.739999999999887,3.6612499999999857,0.40599992310356103,32.508541666666666,120.28,0.8968727415326884,0.44228869021900125,0.7818314824680298,0.6234898018587336,0,6.01,0.0,47.0,100.0
2018-10-23 04:15:00,2018-10-23 04:30:00,2018-10-23 05:15:00,12.32,3.1,3.2,3.38,2.88,3.1,12.459999999999885,3.6274999999999857,0.42820117942403324,32.51083333333334,120.28,0.9238795325112867,0.38268343236508984,0.7818314824680298,0.6234898018587336,0,5.94,0.0,46.27,100.0
2018-10-23 04:30:00,2018-10-23 04:45:00,2018-10-23 05:30:00,12.68,3.02,3.1,3.06,2.92,3.1,12.419999999999888,3.5912499999999854,0.4528365461843505,32.511875,120.28,0.9469301294951056,0.3214394653031617,0.7818314824680298,0.6234898018587336,0,5.83,0.0,46.0,100.0
2018-10-23 04:45:00,2018-10-23 05:00:00,2018-10-23 05:45:00,13.22,3.1,3.02,3.1,2.92,3.53,12.419999999999886,3.553124999999986,0.46670010117334626,32.51375,120.28,0.9659258262890683,0.25881904510252074,0.7818314824680298,0.6234898018587336,0,5.9,0.0,46.51,100.0
2018-10-23 05:00:00,2018-10-23 05:15:00,2018-10-23 06:00:00,14.8,3.1,3.1,3.2,2.88,3.53,12.319999999999887,3.514999999999986,0.47712681758653214,32.516041666666666,120.28,0.9807852804032304,0.19509032201612833,0.7818314824680298,0.6234898018587336,0,5.98,0.0,46.02,100.0
2018-10-23 05:15:00,2018-10-23 05:30:00,2018-10-23 06:15:00,16.02,3.1,3.1,3.1,2.88,3.2,12.319999999999887,3.476874999999986,0.48433870838008825,32.51833333333333,120.28,0.9914448613738104,0.1305261922200517,0.7818314824680298,0.6234898018587336,0,5.69,0.0,47.84,100.0
2018-10-23 05:30:00,2018-10-23 05:45:00,2018-10-23 06:30:00,15.63,3.38,3.1,3.02,2.84,3.64,12.679999999999888,3.4587499999999856,0.48219387963796406,32.52395833333333,120.28,0.9978589232386035,0.06540312923014327,0.7818314824680298,0.6234898018587336,0,5.83,0.0,50.16,100.0
2018-10-23 05:45:00,2018-10-23 06:00:00,2018-10-23 06:45:00,15.05,3.64,3.38,3.1,2.84,3.56,13.219999999999885,3.4568749999999855,0.4814265099008501,32.532291666666666,120.28,1.0,6.123233995736766e-17,0.7818314824680298,0.6234898018587336,0,5.9,0.0,52.51,100.0
2018-10-23 06:00:00,2018-10-23 06:15:00,2018-10-23 07:00:00,13.32,4.68,3.64,3.1,2.84,3.02,14.799999999999887,3.5218749999999854,0.5647590056256249,32.551458333333336,120.28,0.9978589232386035,-0.06540312923014314,0.7818314824680298,0.6234898018587336,0,7.96,0.0,50.68,100.0
2018-10-23 06:15:00,2018-10-23 06:30:00,2018-10-23 07:15:00,12.02,4.32,4.68,3.1,2.81,3.06,16.019999999999886,3.559999999999986,0.5959026766680985,32.567187499999996,120.28,0.9914448613738104,-0.1305261922200516,0.7818314824680298,0.6234898018587336,0,7.7,0.0,48.93,100.0
2018-10-23 06:30:00,2018-10-23 06:45:00,2018-10-23 07:30:00,12.2,2.99,4.32,3.38,3.89,3.06,15.629999999999885,3.508124999999986,0.6070339648119034,32.557812500000004,120.28,0.9807852804032304,-0.1950903220161282,0.7818314824680298,0.6234898018587336,0,5.65,0.0,46.77,100.0
2018-10-23 06:45:00,2018-10-23 07:00:00,2018-10-23 07:45:00,13.14,3.06,2.99,3.64,4.1,3.1,15.049999999999885,3.3956249999999857,0.5041449289989715,32.54697916666667,120.28,0.9659258262890683,-0.25881904510252063,0.7818314824680298,0.6234898018587336,0,5.65,0.0,47.62,100.0
2018-10-23 07:00:00,2018-10-23 07:15:00,2018-10-23 08:00:00,14.87,2.95,3.06,4.68,2.84,3.02,13.319999999999888,3.3237499999999858,0.4799983724560469,32.548125,120.28,0.9469301294951057,-0.3214394653031616,0.7818314824680298,0.6234898018587336,0,5.58,0.0,46.74,100.0
2018-10-23 07:15:00,2018-10-23 07:30:00,2018-10-23 08:15:00,49.18,3.02,2.95,4.32,2.99,2.99,12.019999999999886,3.301249999999986,0.48524317363614466,32.5484375,120.28,0.9238795325112868,-0.3826834323650895,0.7818314824680298,0.6234898018587336,0,5.72,0.0,46.69,100.0
2018-10-23 07:30:00,2018-10-23 07:45:00,2018-10-23 08:30:00,127.87,3.17,3.02,2.99,3.6,3.2,12.199999999999887,3.3081249999999858,0.4825481679951447,32.54395833333333,120.28,0.8968727415326884,-0.44228869021900113,0.7818314824680298,0.6234898018587336,0,5.62,0.0,49.13,100.0
2018-10-23 07:45:00,2018-10-23 08:00:00,2018-10-23 08:45:00,210.85000000000002,4.0,3.17,3.06,3.92,5.04,13.139999999999887,3.364374999999986,0.5068526506149602,32.54479166666666,120.28,0.8660254037844387,-0.4999999999999998,0.7818314824680298,0.6234898018587336,0,6.98,0.0,49.72,100.0
2018-10-23 08:00:00,2018-10-23 08:15:00,2018-10-23 09:00:00,274.93,4.68,4.0,2.95,3.96,5.33,14.869999999999886,3.456874999999986,0.5956794309318673,32.55229166666667,120.28,0.8314696123025451,-0.5555702330196023,0.7818314824680298,0.6234898018587336,0,6.84,0.0,56.47,100.0
2018-10-23 08:15:00,2018-10-23 08:30:00,2018-10-23 09:15:00,304.45000000000005,37.33,4.68,3.02,13.5,46.84,49.179999999999886,5.596249999999985,8.214726771935755,32.80052083333334,120.28,0.7933533402912352,-0.6087614290087207,0.7818314824680298,0.6234898018587336,0,29.02,0.0,78.95,100.0
2018-10-23 08:30:00,2018-10-23 08:45:00,2018-10-23 09:30:00,289.26,81.86,37.33,3.17,43.52,80.82,127.86999999999989,10.523749999999986,20.156801232773837,33.19989583333333,120.28,0.7518398074789774,-0.6593458151000688,0.7818314824680298,0.6234898018587336,0,65.52,0.0,78.07,100.0
2018-10-23 08:45:00,2018-10-23 09:00:00,2018-10-23 09:45:00,258.76000000000005,86.98,81.86,4.0,48.35,92.74,210.84999999999988,15.766249999999987,27.216092866859995,33.602291666666666,120.28,0.7071067811865476,-0.7071067811865475,0.7818314824680298,0.6234898018587336,0,66.53,0.0,79.43,100.0
2018-10-23 09:00:00,2018-10-23 09:15:00,2018-10-23 10:00:00,236.61999999999998,68.76,86.98,4.68,61.13,122.8,274.9299999999999,19.869999999999987,29.822289063719488,33.68177083333334,120.28,0.659345815100069,-0.7518398074789773,0.7818314824680298,0.6234898018587336,0,42.16,0.0,85.25,100.0
2018-10-23 09:15:00,2018-10-23 09:30:00,2018-10-23 10:15:00,222.01000000000002,66.85,68.76,37.33,47.41,104.22,304.4499999999999,23.854374999999987,31.525571360554494,33.88427083333333,120.28,0.6087614290087209,-0.793353340291235,0.7818314824680298,0.6234898018587336,0,40.64,0.0,85.45,100.0
2018-10-23 09:30:00,2018-10-23 09:45:00,2018-10-23 10:30:00,202.36,66.67,66.85,81.86,48.38,110.52,289.2599999999999,27.809999999999988,32.6586632840359,34.07479166666666,120.28,0.5555702330196025,-0.831469612302545,0.7818314824680298,0.6234898018587336,0,37.62,0.0,87.09,100.0
2018-10-23 09:45:00,2018-10-23 10:00:00,2018-10-23 10:45:00,190.2,56.48,66.67,86.98,49.1,88.63,258.7599999999999,31.112499999999986,32.7191538895802,34.151666666666664,120.28,0.49999999999999994,-0.8660254037844387,0.7818314824680298,0.6234898018587336,0,32.76,0.0,86.5,100.0
2018-10-23 10:00:00,2018-10-23 10:15:00,2018-10-23 11:00:00,191.75,46.62,56.48,68.76,53.6,114.62,236.61999999999986,33.733749999999986,32.171958650935885,34.07895833333333,120.28,0.4422886902190017,-0.8968727415326881,0.7818314824680298,0.6234898018587336,0,23.72,0.0,89.13,100.0
2018-10-23 10:15:00,2018-10-23 10:30:00,2018-10-23 11:15:00,193.51,52.24,46.62,66.85,49.39,94.75,222.00999999999988,36.728749999999984,31.518200074520834,34.108645833333334,120.28,0.3826834323650899,-0.9238795325112867,0.7818314824680298,0.6234898018587336,0,25.74,0.0,89.7,100.0
2018-10-23 10:30:00,2018-10-23 10:45:00,2018-10-23 11:30:00,208.81,47.02,52.24,66.67,40.75,77.69,202.35999999999984,39.48062499999998,30.352916348505907,34.17395833333334,120.28,0.32143946530316175,-0.9469301294951056,0.7818314824680298,0.6234898018587336,0,25.34,0.0,88.03,100.0
2018-10-23 10:45:00,2018-10-23 11:00:00,2018-10-23 11:45:00,233.54000000000002,44.32,47.02,56.48,41.94,115.16,190.19999999999987,42.05937499999999,28.86536732590449,34.19875,120.28,0.258819045102521,-0.9659258262890682,0.7818314824680298,0.6234898018587336,0,22.5,0.0,89.17,100.0
2018-10-23 11:00:00,2018-10-23 11:15:00,2018-10-23 12:00:00,276.67,48.17,44.32,46.62,63.97,62.17,191.74999999999986,44.88562499999998,27.05474125933182,34.034166666666664,120.28,0.19509032201612816,-0.9807852804032304,0.7818314824680298,0.6234898018587336,0,25.31,0.0,88.52,100.0
2018-10-23 11:15:00,2018-10-23 11:30:00,2018-10-23 12:15:00,235.52,54.0,48.17,52.24,58.1,54.61,193.50999999999988,48.071874999999984,24.84860489513221,33.991458333333334,120.28,0.130526192220052,-0.9914448613738104,0.7818314824680298,0.6234898018587336,0,33.16,0.0,85.22,100.0
2018-10-23 11:30:00,2018-10-23 11:45:00,2018-10-23 12:30:00,178.01999999999998,62.32,54.0,47.02,94.0,63.0,208.8099999999999,51.76874999999999,22.146403735990848,33.661458333333336,120.28,0.06540312923014312,-0.9978589232386035,0.7818314824680298,0.6234898018587336,0,39.6,0.0,84.4,100.0
2018-10-23 11:45:00,2018-10-23 12:00:00,2018-10-23 12:45:00,113.61,69.05,62.32,44.32,88.42,64.55,233.53999999999988,55.83437499999999,18.70783658281684,33.459687499999994,120.28,1.2246467991473532e-16,-1.0,0.7818314824680298,0.6234898018587336,0,37.3,0.0,87.98,100.0
2018-10-23 12:00:00,2018-10-23 12:15:00,2018-10-23 13:00:00,26.560000000000002,91.3,69.05,48.17,112.61,44.14,276.66999999999985,61.24812499999998,15.353810283912397,33.23770833333334,120.28,-0.06540312923014287,-0.9978589232386035,0.7818314824680298,0.6234898018587336,0,56.38,0.0,85.08,100.0
2018-10-23 12:15:00,2018-10-23 12:30:00,2018-10-23 13:15:00,62.06,12.85,91.3,54.0,5.44,13.75,235.51999999999987,59.718124999999986,18.548381404704177,33.31489583333333,120.28,-0.13052619222005177,-0.9914448613738104,0.7818314824680298,0.6234898018587336,0,3.6,8.32,96.29,83.94
2018-10-23 12:30:00,2018-10-23 12:45:00,2018-10-23 13:30:00,147.13,4.82,12.85,62.32,5.26,5.08,178.01999999999987,54.90312499999999,21.87646158510057,33.3103125,120.28,-0.19509032201612792,-0.9807852804032305,0.7818314824680298,0.6234898018587336,0,0.0,15.23,100.0,30.17
2018-10-23 12:45:00,2018-10-23 13:00:00,2018-10-23 13:45:00,238.9,4.64,4.82,69.05,4.61,5.51,113.60999999999987,49.75687499999999,23.359937317646775,33.310625,120.28,-0.2588190451025208,-0.9659258262890683,0.7818314824680298,0.6234898018587336,0,0.0,12.38,100.0,35.1
2018-10-23 13:00:00,2018-10-23 13:15:00,2018-10-23 14:00:00,290.41,4.25,4.64,91.3,4.46,5.8,26.55999999999987,45.72499999999999,25.224798562129607,33.308437500000004,120.28,-0.32143946530316153,-0.9469301294951057,0.7818314824680298,0.6234898018587336,0,0.0,10.37,100.0,37.92
2018-10-23 13:15:00,2018-10-23 13:30:00,2018-10-23 14:15:00,306.43,48.35,4.25,12.85,25.56,34.74,62.059999999999874,44.56874999999999,24.647365192602578,33.545833333333334,120.28,-0.38268343236508967,-0.9238795325112868,0.7818314824680298,0.6234898018587336,0,26.32,2.74,87.83,99.84
2018-10-23 13:30:00,2018-10-23 13:45:00,2018-10-23 14:30:00,335.02,89.89,48.35,4.82,63.11,71.35,147.12999999999988,46.01999999999999,26.518547990039263,33.82479166666667,120.28,-0.44228869021900147,-0.8968727415326883,0.7818314824680298,0.6234898018587336,0,57.2,0.0,84.37,100.0
2018-10-23 13:45:00,2018-10-23 14:00:00,2018-10-23 14:45:00,348.84000000000003,96.41,89.89,4.64,120.28,54.83,238.89999999999986,48.515624999999986,29.135271143570773,33.576145833333335,105.73,-0.4999999999999997,-0.8660254037844388,0.7818314824680298,0.6234898018587336,0,62.96,0.0,83.73,100.0
2018-10-23 14:00:00,2018-10-23 14:15:00,2018-10-23 15:00:00,348.52000000000004,55.76,96.41,4.25,85.97,63.5,290.40999999999985,49.086874999999985,29.18206934890648,33.26145833333333,105.73,-0.555570233019602,-0.8314696123025455,0.7818314824680298,0.6234898018587336,0,32.65,0.0,86.29,100.0
2018-10-23 14:15:00,2018-10-23 14:30:00,2018-10-23 15:15:00,362.63,64.37,55.76,48.35,99.97,70.45,306.42999999999984,49.844999999999985,29.410804137255603,32.890625,105.73,-0.6087614290087207,-0.7933533402912352,0.7818314824680298,0.6234898018587336,0,35.82,0.0,87.38,100.0
2018-10-23 14:30:00,2018-10-23 14:45:00,2018-10-23 15:30:00,328.25,118.48,64.37,89.89,105.73,56.74,335.01999999999987,54.31124999999999,33.748658098323055,33.0234375,118.48,-0.6593458151000688,-0.7518398074789774,0.7818314824680298,0.6234898018587336,0,67.07,0.0,87.02,100.0
2018-10-23 14:45:00,2018-10-23 15:00:00,2018-10-23 15:45:00,271.52,110.23,118.48,96.41,92.56,64.22,348.8399999999999,58.430624999999985,36.21043038075324,33.2075,118.48,-0.7071067811865471,-0.7071067811865479,0.7818314824680298,0.6234898018587336,0,56.52,0.0,88.98,100.0
2018-10-23 15:00:00,2018-10-23 15:15:00,2018-10-23 16:00:00,290.59999999999997,55.44,110.23,55.76,65.63,57.02,348.51999999999987,58.884999999999984,36.12433771019202,33.10135416666667,118.48,-0.7518398074789773,-0.6593458151000691,0.7818314824680298,0.6234898018587336,0,36.5,0.0,83.52,100.0
2018-10-23 15:15:00,2018-10-23 15:30:00,2018-10-23 16:15:00,270.76,78.48,55.44,64.37,40.43,59.8,362.6299999999999,60.414999999999985,36.402378699749825,33.49770833333333,118.48,-0.7933533402912349,-0.6087614290087209,0.7818314824680298,0.6234898018587336,0,50.9,0.0,83.9,100.0
2018-10-23 15:30:00,2018-10-23 15:45:00,2018-10-23 16:30:00,233.45999999999998,84.1,78.48,118.48,47.84,59.94,328.2499999999999,61.77624999999998,36.85260589073042,33.875416666666666,118.48,-0.8314696123025452,-0.5555702330196022,0.7818314824680298,0.6234898018587336,0,56.95,0.0,82.8,100.0
2018-10-23 15:45:00,2018-10-23 16:00:00,2018-10-23 16:45:00,224.52999999999997,53.5,84.1,110.23,46.51,68.8,271.51999999999987,60.804374999999986,36.853009708969154,33.94822916666667,118.48,-0.8660254037844385,-0.5000000000000004,0.7818314824680298,0.6234898018587336,0,35.21,0.0,83.53,100.0
2018-10-23 16:00:00,2018-10-23 16:15:00,2018-10-23 17:00:00,216.75,74.52,53.5,55.44,50.65,56.63,290.5999999999999,59.75562499999999,36.20328575708807,34.196875,118.48,-0.8968727415326883,-0.44228869021900136,0.7818314824680298,0.6234898018587336,0,52.06,0.0,81.98,100.0
2018-10-23 16:15:00,2018-10-23 16:30:00,2018-10-23 17:15:00,213.48000000000002,58.64,74.52,78.48,52.38,58.64,270.7599999999999,62.617499999999986,34.13292774213777,34.26208333333333,118.48,-0.9238795325112868,-0.3826834323650895,0.7818314824680298,0.6234898018587336,0,39.78,0.0,82.76,100.0
2018-10-23 16:30:00,2018-10-23 16:45:00,2018-10-23 17:30:00,218.12,46.8,58.64,84.1,51.12,59.26,233.4599999999999,65.24124999999998,31.064856927684293,34.217083333333335,118.48,-0.9469301294951056,-0.3214394653031618,0.7818314824680298,0.6234898018587336,0,26.42,0.0,87.08,100.0
2018-10-23 16:45:00,2018-10-23 17:00:00,2018-10-23 17:45:00,204.54999999999998,44.57,46.8,53.5,52.52,69.41,224.52999999999986,67.736875,27.49493606074339,34.13427083333333,118.48,-0.9659258262890683,-0.25881904510252063,0.7818314824680298,0.6234898018587336,0,23.33,0.0,88.6,100.0
2018-10-23 17:00:00,2018-10-23 17:15:00,2018-10-23 18:00:00,168.91,66.74,44.57,74.52,42.01,65.84,216.7499999999999,71.64249999999998,22.110365357677566,34.391875000000006,118.48,-0.9807852804032303,-0.19509032201612866,0.7818314824680298,0.6234898018587336,0,38.41,0.0,86.67,100.0
2018-10-23 17:15:00,2018-10-23 17:30:00,2018-10-23 18:15:00,187.58999999999997,55.37,66.74,58.64,55.66,53.86,213.4799999999999,72.08124999999998,21.70982751975445,34.38885416666667,118.48,-0.9914448613738104,-0.13052619222005163,0.7818314824680298,0.6234898018587336,0,35.14,0.0,84.43,100.0
2018-10-23 17:30:00,2018-10-23 17:45:00,2018-10-23 18:30:00,261.43,51.44,55.37,46.8,52.13,52.27,218.1199999999999,69.678125,21.733578921437797,34.38166666666667,118.48,-0.9978589232386035,-0.06540312923014273,0.7818314824680298,0.6234898018587336,0,29.52,0.0,86.73,100.0
2018-10-23 17:45:00,2018-10-23 18:00:00,2018-10-23 18:45:00,306.07,31.0,51.44,44.57,32.04,29.92,204.5499999999999,65.58999999999999,22.460486415035508,34.37083333333333,118.48,-1.0,-1.8369701987210297e-16,0.7818314824680298,0.6234898018587336,0,1.19,1.08,99.93,99.94
2018-10-23 18:00:00,2018-10-23 18:15:00,2018-10-23 19:00:00,321.98999999999995,31.1,31.0,66.74,30.67,30.06,168.90999999999988,64.04874999999998,23.883178147756972,34.3753125,118.48,-0.9978589232386036,0.06540312923014237,0.7818314824680298,0.6234898018587336,0,6.59,0.4,97.83,99.99
2018-10-23 18:15:00,2018-10-23 18:30:00,2018-10-23 19:15:00,311.52000000000004,74.05,31.1,55.37,40.1,40.61,187.58999999999986,64.65374999999999,24.005942721282487,34.72895833333333,118.48,-0.9914448613738105,0.13052619222005127,0.7818314824680298,0.6234898018587336,0,50.69,0.0,82.52,100.0
2018-10-23 18:30:00,2018-10-23 18:45:00,2018-10-23 19:30:00,245.5,125.28,74.05,51.44,93.02,51.95,261.4299999999999,65.07874999999999,24.99493895646667,35.065,125.28,-0.9807852804032304,0.1950903220161283,0.7818314824680298,0.6234898018587336,0,80.46,0.0,84.14,100.0
2018-10-23 18:45:00,2018-10-23 19:00:00,2018-10-23 19:45:00,240.59999999999997,75.64,125.28,31.0,82.26,72.76,306.0699999999999,62.91687499999998,22.35240051950511,34.99604166666666,125.28,-0.9659258262890684,0.2588190451025203,0.7818314824680298,0.6234898018587336,0,41.58,0.0,87.63,100.0
2018-10-23 19:00:00,2018-10-23 19:15:00,2018-10-23 20:00:00,245.17,47.02,75.64,31.1,105.08,61.27,321.9899999999999,62.390624999999986,22.619754770098037,34.39125,125.28,-0.9469301294951057,0.3214394653031615,0.7818314824680298,0.6234898018587336,0,31.28,0.0,83.26,100.0
2018-10-23 19:15:00,2018-10-23 19:30:00,2018-10-23 20:15:00,242.79000000000002,63.58,47.02,74.05,76.18,72.11,311.5199999999999,61.45937499999999,22.241745510624245,34.26,125.28,-0.923879532511287,0.38268343236508917,0.7818314824680298,0.6234898018587336,0,41.8,0.0,83.56,100.0
2018-10-23 19:30:00,2018-10-23 19:45:00,2018-10-23 20:30:00,239.04,59.26,63.58,125.28,95.22,61.78,245.4999999999999,59.906874999999985,21.460427453440328,33.885416666666664,125.28,-0.8968727415326884,0.442288690219001,0.7818314824680298,0.6234898018587336,0,41.8,0.0,81.72,100.0
2018-10-23 19:45:00,2018-10-23 20:00:00,2018-10-23 20:45:00,231.05,70.74,59.26,75.64,46.15,61.16,240.59999999999988,60.984374999999986,21.544331612036014,34.1415625,125.28,-0.8660254037844386,0.5000000000000001,0.7818314824680298,0.6234898018587336,0,46.4,0.0,83.62,100.0
2018-10-23 20:00:00,2018-10-23 20:15:00,2018-10-23 21:00:00,213.55,51.59,70.74,47.02,62.17,66.78,245.16999999999987,59.55124999999998,21.358123710604843,34.03135416666667,125.28,-0.8314696123025455,0.5555702330196018,0.7818314824680298,0.6234898018587336,0,34.2,0.0,83.35,100.0
2018-10-23 20:15:00,2018-10-23 20:30:00,2018-10-23 21:15:00,185.32999999999998,61.2,51.59,63.58,65.59,52.31,242.7899999999999,59.711249999999986,21.360286712436718,33.985625000000006,125.28,-0.7933533402912357,0.6087614290087199,0.7818314824680298,0.6234898018587336,0,40.18,0.0,83.59,100.0
2018-10-23 20:30:00,2018-10-23 20:45:00,2018-10-23 21:30:00,159.81,55.51,61.2,59.26,69.84,60.48,239.0399999999999,60.25562499999998,21.134093004181064,33.836354166666666,125.28,-0.7518398074789772,0.6593458151000691,0.7818314824680298,0.6234898018587336,0,36.14,0.0,83.8,100.0
2018-10-23 20:45:00,2018-10-23 21:00:00,2018-10-23 21:45:00,126.93999999999998,62.75,55.51,70.74,61.6,45.4,231.0499999999999,61.391874999999985,20.745367319822847,33.848333333333336,125.28,-0.7071067811865477,0.7071067811865474,0.7818314824680298,0.6234898018587336,0,39.2,0.0,84.81,100.0
2018-10-23 21:00:00,2018-10-23 21:15:00,2018-10-23 22:00:00,130.32999999999998,34.09,62.75,51.59,17.06,21.31,213.5499999999999,59.351249999999986,21.70266080317114,34.02572916666667,125.28,-0.6593458151000687,0.7518398074789775,0.7818314824680298,0.6234898018587336,0,8.71,0.0,96.89,100.0
2018-10-23 21:15:00,2018-10-23 21:30:00,2018-10-23 22:15:00,159.85,32.98,34.09,61.2,5.51,6.77,185.3299999999999,57.95187499999999,22.616846933964457,34.311875,125.28,-0.608761429008721,0.7933533402912349,0.7818314824680298,0.6234898018587336,0,8.32,0.0,96.96,100.0
2018-10-23 21:30:00,2018-10-23 21:45:00,2018-10-23 22:30:00,222.85000000000002,29.99,32.98,55.51,4.07,4.03,159.8099999999999,56.61124999999999,23.578398184302166,34.581875,125.28,-0.555570233019603,0.8314696123025447,0.7818314824680298,0.6234898018587336,0,6.44,0.0,97.77,100.0
2018-10-23 21:45:00,2018-10-23 22:00:00,2018-10-23 22:45:00,269.06999999999994,29.88,29.99,62.75,4.1,4.07,126.93999999999988,56.54124999999999,23.655864726056915,34.85041666666667,125.28,-0.5000000000000004,0.8660254037844384,0.7818314824680298,0.6234898018587336,0,7.45,0.0,97.03,100.0
2018-10-23 22:00:00,2018-10-23 22:15:00,2018-10-23 23:00:00,302.76,37.48,29.88,34.09,4.0,3.96,130.32999999999987,56.93999999999998,23.27435418008421,35.19916666666666,125.28,-0.4422886902190014,0.8968727415326883,0.7818314824680298,0.6234898018587336,0,11.2,0.0,95.81,100.0
2018-10-23 22:15:00,2018-10-23 22:30:00,2018-10-23 23:15:00,272.59,62.5,37.48,32.98,3.85,3.74,159.84999999999988,56.218124999999986,22.90872219776518,35.81010416666667,125.28,-0.38268343236508956,0.9238795325112868,0.7818314824680298,0.6234898018587336,0,42.7,0.0,82.57,100.0
2018-10-23 22:30:00,2018-10-23 22:45:00,2018-10-23 23:30:00,197.52999999999997,92.99,62.5,29.99,3.82,3.67,222.84999999999985,54.19999999999998,17.525723594191657,36.73895833333333,125.28,-0.32143946530316186,0.9469301294951056,0.7818314824680298,0.6234898018587336,0,50.83,0.0,87.75,100.0
2018-10-23 22:45:00,2018-10-23 23:00:00,2018-10-23 23:45:00,127.80000000000001,76.1,92.99,29.88,3.74,3.74,269.0699999999999,54.228749999999984,17.561212541778147,37.49270833333333,125.28,-0.25881904510252157,0.9659258262890681,0.7818314824680298,0.6234898018587336,0,44.14,0.0,86.5,100.0
2018-10-23 23:00:00,2018-10-23 23:15:00,2018-10-24 00:00:00,59.55,71.17,76.1,37.48,3.71,4.75,302.7599999999999,55.73812499999998,17.911112897706257,38.19541666666667,125.28,-0.19509032201612872,0.9807852804032303,0.7818314824680298,0.6234898018587336,0,41.94,0.0,86.15,100.0
2018-10-23 23:15:00,2018-10-23 23:30:00,2018-10-24 00:15:00,32.08,32.33,71.17,62.5,4.61,3.96,272.58999999999986,53.78499999999998,18.638564858915682,38.48416666666667,125.28,-0.13052619222005168,0.9914448613738104,0.7818314824680298,0.6234898018587336,0,27.32,0.0,76.38,100.0
2018-10-23 23:30:00,2018-10-23 23:45:00,2018-10-24 00:30:00,19.049999999999997,17.93,32.33,92.99,4.32,3.64,197.52999999999986,51.20187499999999,20.474347431221933,38.6259375,125.28,-0.0654031292301428,0.9978589232386035,0.7818314824680298,0.6234898018587336,0,16.52,0.0,73.54,100.0
2018-10-23 23:45:00,2018-10-24 00:00:00,2018-10-24 00:45:00,16.57,6.37,17.93,76.1,3.6,3.64,127.79999999999988,47.17874999999999,22.467160166285222,38.65479166666666,125.28,0.0,1.0,0.9749279121818236,-0.22252093395631434,0,7.92,0.0,62.67,100.0
2018-10-24 00:00:00,2018-10-24 00:15:00,2018-10-24 01:00:00,17.470000000000002,2.92,6.37,71.17,4.82,4.07,59.54999999999988,44.13687499999998,24.834077322992925,38.635,125.28,0.06540312923014306,0.9978589232386035,0.9749279121818236,-0.22252093395631434,0,5.11,0.0,49.61,100.0
2018-10-24 00:15:00,2018-10-24 00:30:00,2018-10-24 01:15:00,16.35,4.86,2.92,32.33,3.64,3.71,32.079999999999885,40.61562499999999,26.125703093111106,38.647708333333334,125.28,0.13052619222005157,0.9914448613738104,0.9749279121818236,-0.22252093395631434,0,7.92,0.0,52.3,100.0
2018-10-24 00:30:00,2018-10-24 00:45:00,2018-10-24 01:30:00,15.19,4.9,4.86,17.93,3.6,3.67,19.049999999999887,37.452499999999986,27.17364934546009,38.66125,125.28,0.19509032201612825,0.9807852804032304,0.9749279121818236,-0.22252093395631434,0,8.1,0.0,51.76,100.0
2018-10-24 00:45:00,2018-10-24 01:00:00,2018-10-24 01:45:00,15.08,3.89,4.9,6.37,3.71,3.67,16.569999999999887,33.773749999999986,27.482337708745362,38.663125,125.28,0.25881904510252074,0.9659258262890683,0.9749279121818236,-0.22252093395631434,0,6.73,0.0,50.04,100.0
2018-10-24 01:00:00,2018-10-24 01:15:00,2018-10-24 02:00:00,15.0,3.82,3.89,2.92,3.71,3.67,17.46999999999989,31.881874999999983,28.421297300341593,38.66427083333333,125.28,0.3214394653031616,0.9469301294951057,0.9749279121818236,-0.22252093395631434,0,6.3,0.0,51.85,100.0
2018-10-24 01:15:00,2018-10-24 01:30:00,2018-10-24 02:15:00,15.04,3.74,3.82,4.86,3.71,3.67,16.349999999999888,30.054374999999986,29.220760378700042,38.66458333333333,125.28,0.3826834323650898,0.9238795325112867,0.9749279121818236,-0.22252093395631434,0,6.48,0.0,49.99,100.0
2018-10-24 01:30:00,2018-10-24 01:45:00,2018-10-24 02:30:00,15.079999999999998,3.74,3.74,4.9,3.67,3.71,15.189999999999888,28.413749999999986,29.90717010078909,38.6653125,125.28,0.44228869021900125,0.8968727415326884,0.9749279121818236,-0.22252093395631434,0,7.06,0.0,46.81,100.0
2018-10-24 01:45:00,2018-10-24 02:00:00,2018-10-24 02:45:00,15.079999999999998,3.78,3.74,3.89,3.67,4.07,15.079999999999886,26.782499999999985,30.48884765369191,38.66645833333333,125.28,0.49999999999999994,0.8660254037844387,0.9749279121818236,-0.22252093395631434,0,6.95,0.0,47.78,100.0
2018-10-24 02:00:00,2018-10-24 02:15:00,2018-10-24 03:00:00,15.12,3.74,3.78,3.82,3.64,4.86,14.999999999999888,24.673749999999984,30.840809383632216,38.667500000000004,125.28,0.5555702330196022,0.8314696123025452,0.9749279121818236,-0.22252093395631434,0,6.26,0.0,51.29,100.0
2018-10-24 02:15:00,2018-10-24 02:30:00,2018-10-24 03:15:00,15.08,3.78,3.74,3.74,3.71,4.28,15.039999999999887,21.003749999999986,29.589598652863486,38.66822916666667,125.28,0.6087614290087207,0.7933533402912352,0.9749279121818236,-0.22252093395631434,0,6.12,0.0,52.55,100.0
2018-10-24 02:30:00,2018-10-24 02:45:00,2018-10-24 03:30:00,15.08,3.78,3.78,3.74,3.82,3.71,15.079999999999886,15.428124999999985,23.21899201589986,38.667812500000004,125.28,0.6593458151000688,0.7518398074789774,0.9749279121818236,-0.22252093395631434,0,6.52,0.0,50.16,100.0
2018-10-24 02:45:00,2018-10-24 03:00:00,2018-10-24 03:45:00,15.12,3.78,3.78,3.78,4.86,3.71,15.079999999999885,10.908124999999984,17.236700387093414,38.6565625,125.28,0.7071067811865476,0.7071067811865476,0.9749279121818236,-0.22252093395631434,0,7.16,0.0,46.69,100.0
2018-10-24 03:00:00,2018-10-24 03:15:00,2018-10-24 04:00:00,16.02,3.78,3.78,3.74,4.1,3.78,15.12,6.696249999999986,7.454611722789829,38.65322916666667,125.28,0.7518398074789774,0.6593458151000688,0.9749279121818236,-0.22252093395631434,0,6.44,0.0,50.62,100.0
2018-10-24 03:15:00,2018-10-24 03:30:00,2018-10-24 04:15:00,17.0,3.74,3.78,3.78,3.38,3.71,15.079999999999886,4.909374999999986,3.4433204700452116,38.656979166666666,125.28,0.7933533402912352,0.6087614290087207,0.9749279121818236,-0.22252093395631434,0,6.16,0.0,51.9,100.0
2018-10-24 03:30:00,2018-10-24 03:45:00,2018-10-24 04:30:00,16.419999999999998,3.78,3.74,3.78,3.06,3.28,15.079999999999886,4.024999999999986,0.7470023427394886,38.664479166666666,125.28,0.8314696123025451,0.5555702330196024,0.9749279121818236,-0.22252093395631434,0,6.55,0.0,49.98,100.0
2018-10-24 03:45:00,2018-10-24 04:00:00,2018-10-24 04:45:00,15.839999999999998,3.82,3.78,3.78,3.1,3.06,15.119999999999887,3.865624999999986,0.4376638086858997,38.67197916666667,125.28,0.8660254037844386,0.5000000000000001,0.9749279121818236,-0.22252093395631434,0,7.02,0.0,47.8,100.0
2018-10-24 04:00:00,2018-10-24 04:15:00,2018-10-24 05:00:00,14.4,4.68,3.82,3.78,3.2,3.13,16.019999999999886,3.9756249999999858,0.40621682564036543,38.68739583333333,125.28,0.8968727415326884,0.44228869021900125,0.9749279121818236,-0.22252093395631434,0,8.24,0.0,49.39,100.0
2018-10-24 04:15:00,2018-10-24 04:30:00,2018-10-24 05:15:00,12.85,4.72,4.68,3.74,3.1,3.17,16.999999999999886,3.9668749999999857,0.38818035039572,38.70427083333333,125.28,0.9238795325112867,0.38268343236508984,0.9749279121818236,-0.22252093395631434,0,8.14,0.0,50.16,100.0
2018-10-24 04:30:00,2018-10-24 04:45:00,2018-10-24 05:30:00,12.780000000000001,3.2,4.72,3.78,3.02,3.13,16.419999999999888,3.8606249999999855,0.3488994976113505,38.70614583333333,125.28,0.9469301294951056,0.3214394653031617,0.9749279121818236,-0.22252093395631434,0,5.98,0.0,47.18,100.0
2018-10-24 04:45:00,2018-10-24 05:00:00,2018-10-24 05:45:00,12.669999999999998,3.24,3.2,3.82,3.1,3.1,15.839999999999886,3.819999999999986,0.3796050579990925,38.70760416666666,125.28,0.9659258262890683,0.25881904510252074,0.9749279121818236,-0.22252093395631434,0,5.98,0.0,47.64,100.0
2018-10-24 05:00:00,2018-10-24 05:15:00,2018-10-24 06:00:00,12.559999999999999,3.24,3.24,4.68,3.1,3.06,14.399999999999887,3.783749999999986,0.4047356391010452,38.7090625,125.28,0.9807852804032304,0.19509032201612833,0.9749279121818236,-0.22252093395631434,0,6.08,0.0,47.03,100.0
2018-10-24 05:15:00,2018-10-24 05:30:00,2018-10-24 06:15:00,12.59,3.17,3.24,4.72,3.1,3.56,12.849999999999886,3.7481249999999857,0.43123686580992593,38.70979166666667,125.28,0.9914448613738104,0.1305261922200517,0.9749279121818236,-0.22252093395631434,0,5.87,0.0,47.52,100.0
2018-10-24 05:30:00,2018-10-24 05:45:00,2018-10-24 06:30:00,12.56,3.13,3.17,3.2,3.38,3.67,12.779999999999887,3.7099999999999858,0.456494797405849,38.707187499999996,125.28,0.9978589232386035,0.06540312923014327,0.9749279121818236,-0.22252093395631434,0,5.69,0.0,48.2,100.0
2018-10-24 05:45:00,2018-10-24 06:00:00,2018-10-24 06:45:00,12.85,3.13,3.13,3.24,3.64,3.78,12.669999999999886,3.6693749999999854,0.4769233265773952,38.701875,125.28,1.0,6.123233995736766e-17,0.9749279121818236,-0.22252093395631434,0,5.47,0.0,49.67,100.0
2018-10-24 06:00:00,2018-10-24 06:15:00,2018-10-24 07:00:00,13.46,3.13,3.13,3.24,4.68,3.67,12.559999999999885,3.631249999999986,0.49383543570574995,38.68572916666667,125.28,0.9978589232386035,-0.06540312923014314,0.9749279121818236,-0.22252093395631434,0,5.76,0.0,47.75,100.0
2018-10-24 06:15:00,2018-10-24 06:30:00,2018-10-24 07:15:00,13.9,3.2,3.13,3.17,4.32,3.6,12.589999999999886,3.594999999999986,0.5027922036574604,38.6740625,125.28,0.9914448613738104,-0.1305261922200516,0.9749279121818236,-0.22252093395631434,0,6.08,0.0,46.57,100.0
2018-10-24 06:30:00,2018-10-24 06:45:00,2018-10-24 07:30:00,14.58,3.1,3.2,3.13,2.99,3.24,12.559999999999887,3.552499999999986,0.5139734915915106,38.67520833333333,125.28,0.9807852804032304,-0.1950903220161282,0.9749279121818236,-0.22252093395631434,0,5.83,0.0,46.95,100.0
2018-10-24 06:45:00,2018-10-24 07:00:00,2018-10-24 07:45:00,16.560000000000002,3.42,3.1,3.13,3.06,3.02,12.849999999999886,3.5299999999999856,0.5113951506015594,38.678958333333334,125.28,0.9659258262890683,-0.25881904510252063,0.9749279121818236,-0.22252093395631434,0,6.26,0.0,47.94,100.0
2018-10-24 07:00:00,2018-10-24 07:15:00,2018-10-24 08:00:00,17.0,3.74,3.42,3.13,2.95,3.1,13.459999999999885,3.5274999999999856,0.5102634124242049,38.6871875,125.28,0.9469301294951057,-0.3214394653031616,0.9749279121818236,-0.22252093395631434,0,6.91,0.0,47.6,100.0
2018-10-24 07:15:00,2018-10-24 07:30:00,2018-10-24 08:15:00,47.519999999999996,3.64,3.74,3.2,3.02,3.02,13.899999999999887,3.521249999999986,0.5082306932474667,38.693645833333335,125.28,0.9238795325112868,-0.3826834323650895,0.9749279121818236,-0.22252093395631434,0,7.34,0.0,44.43,100.0
2018-10-24 07:30:00,2018-10-24 07:45:00,2018-10-24 08:30:00,102.49,3.78,3.64,3.1,3.17,3.49,14.579999999999886,3.521249999999986,0.5082306932474667,38.699999999999996,125.28,0.8968727415326884,-0.44228869021900113,0.9749279121818236,-0.22252093395631434,0,6.34,0.0,51.21,100.0
2018-10-24 07:45:00,2018-10-24 08:00:00,2018-10-24 08:45:00,166.07,5.4,3.78,3.42,4.0,4.82,16.55999999999989,3.619999999999986,0.6808634224708356,38.71458333333333,125.28,0.8660254037844387,-0.4999999999999998,0.9749279121818236,-0.22252093395631434,0,7.42,0.0,58.84,100.0
2018-10-24 08:00:00,2018-10-24 08:15:00,2018-10-24 09:00:00,206.1,4.18,5.4,3.74,4.68,5.18,16.999999999999886,3.588749999999986,0.6418515697252221,38.709375,125.28,0.8314696123025451,-0.5555702330196023,0.9749279121818236,-0.22252093395631434,0,6.66,0.0,53.16,100.0
2018-10-24 08:15:00,2018-10-24 08:30:00,2018-10-24 09:15:00,215.79,34.16,4.18,3.64,37.33,31.5,47.51999999999988,5.428749999999986,7.44036110935194,38.67635416666666,125.28,0.7933533402912352,-0.6087614290087207,0.9749279121818236,-0.22252093395631434,0,31.86,0.0,73.13,100.0
2018-10-24 08:30:00,2018-10-24 08:45:00,2018-10-24 09:30:00,223.57,58.75,34.16,3.78,81.86,63.5,102.48999999999988,8.900624999999986,14.855700281690805,38.435625,125.28,0.7518398074789774,-0.6593458151000688,0.9749279121818236,-0.22252093395631434,0,55.84,0.0,72.48,100.0
2018-10-24 08:45:00,2018-10-24 09:00:00,2018-10-24 09:45:00,207.26,68.98,58.75,5.4,86.98,66.6,166.06999999999988,13.009374999999984,20.673728337177696,38.248125,125.28,0.7071067811865476,-0.7071067811865475,0.9749279121818236,-0.22252093395631434,0,58.54,0.0,76.24,100.0
2018-10-24 09:00:00,2018-10-24 09:15:00,2018-10-24 10:00:00,212.62,44.21,68.98,4.18,68.76,92.56,206.09999999999988,15.569999999999986,21.81108978249474,37.99239583333333,125.28,0.659345815100069,-0.7518398074789773,0.9749279121818236,-0.22252093395631434,0,18.94,0.0,91.92,100.0
2018-10-24 09:15:00,2018-10-24 09:30:00,2018-10-24 10:15:00,249.55,43.85,44.21,34.16,66.85,79.45,215.7899999999999,18.112499999999986,22.575079872506404,37.7528125,125.28,0.6087614290087209,-0.793353340291235,0.9749279121818236,-0.22252093395631434,0,19.22,0.0,91.59,100.0
2018-10-24 09:30:00,2018-10-24 09:45:00,2018-10-24 10:30:00,312.87,66.53,43.85,58.75,66.67,111.13,223.56999999999988,22.074999999999985,25.02836415948992,37.751354166666665,125.28,0.5555702330196025,-0.831469612302545,0.9749279121818236,-0.22252093395631434,0,38.05,0.0,86.81,100.0
2018-10-24 09:45:00,2018-10-24 10:00:00,2018-10-24 10:45:00,350.63,52.67,66.53,68.98,56.48,97.67,207.25999999999988,25.171249999999986,25.551977632612637,37.711666666666666,125.28,0.49999999999999994,-0.8660254037844387,0.9749279121818236,-0.22252093395631434,0,26.39,0.0,89.41,100.0
2018-10-24 10:00:00,2018-10-24 10:15:00,2018-10-24 11:00:00,412.95,49.57,52.67,44.21,46.62,125.35,212.6199999999999,28.073749999999986,25.52100504364069,37.74239583333333,125.28,0.4422886902190017,-0.8968727415326881,0.9749279121818236,-0.22252093395631434,0,23.4,0.0,90.43,100.0
2018-10-24 10:15:00,2018-10-24 10:30:00,2018-10-24 11:15:00,423.72,80.78,49.57,43.85,52.24,69.05,249.54999999999987,32.922499999999985,27.618185245414452,38.0396875,125.28,0.3826834323650899,-0.9238795325112867,0.9749279121818236,-0.22252093395631434,0,37.73,0.0,90.6,100.0
2018-10-24 10:30:00,2018-10-24 10:45:00,2018-10-24 11:30:00,353.23,129.85,80.78,66.53,47.02,69.8,312.8699999999999,40.844374999999985,35.09423705694989,38.902499999999996,129.85,0.32143946530316175,-0.9469301294951056,0.9749279121818236,-0.22252093395631434,0,63.29,0.0,89.89,100.0
2018-10-24 10:45:00,2018-10-24 11:00:00,2018-10-24 11:45:00,324.43,90.43,129.85,52.67,44.32,106.63,350.6299999999999,46.282499999999985,35.61132781503681,39.3828125,129.85,0.258819045102521,-0.9659258262890682,0.9749279121818236,-0.22252093395631434,0,41.51,0.0,90.88,100.0
2018-10-24 11:00:00,2018-10-24 11:15:00,2018-10-24 12:00:00,256.96,111.89,90.43,49.57,48.17,127.04,412.9499999999999,53.04187499999999,37.126574077530805,40.0465625,129.85,0.19509032201612816,-0.9807852804032304,0.9749279121818236,-0.22252093395631434,0,49.36,0.0,91.49,100.0
2018-10-24 11:15:00,2018-10-24 11:30:00,2018-10-24 12:15:00,170.70000000000002,91.55,111.89,80.78,54.0,107.86,423.7199999999999,58.53624999999999,35.893453420331426,40.43770833333333,129.85,0.130526192220052,-0.9914448613738104,0.9749279121818236,-0.22252093395631434,0,46.01,0.0,89.35,100.0
2018-10-24 11:30:00,2018-10-24 11:45:00,2018-10-24 12:30:00,116.49000000000002,59.36,91.55,129.85,62.32,121.43,353.22999999999985,62.009999999999984,32.99886418499883,40.406875,129.85,0.06540312923014312,-0.9978589232386035,0.9749279121818236,-0.22252093395631434,0,39.96,0.0,82.95,100.0
2018-10-24 11:45:00,2018-10-24 12:00:00,2018-10-24 12:45:00,60.3,61.63,59.36,90.43,69.05,53.75,324.42999999999984,65.52437499999998,29.602195435632296,40.32958333333334,129.85,1.2246467991473532e-16,-1.0,0.9749279121818236,-0.22252093395631434,0,36.97,0.0,85.75,100.0
2018-10-24 12:00:00,2018-10-24 12:15:00,2018-10-24 13:00:00,20.630000000000003,44.42,61.63,111.89,91.3,53.17,256.95999999999987,68.03937499999998,25.74113718077286,39.841249999999995,129.85,-0.06540312923014287,-0.9978589232386035,0.9749279121818236,-0.22252093395631434,0,23.4,3.31,88.47,99.72
2018-10-24 12:15:00,2018-10-24 12:30:00,2018-10-24 13:15:00,46.55,5.29,44.42,91.55,12.85,6.37,170.6999999999999,66.23499999999999,28.873948032785435,39.7625,129.85,-0.13052619222005177,-0.9914448613738104,0.9749279121818236,-0.22252093395631434,0,0.0,17.1,100.0,29.55
2018-10-24 12:30:00,2018-10-24 12:45:00,2018-10-24 13:30:00,95.47,5.15,5.29,59.36,4.82,5.18,116.4899999999999,62.88499999999999,32.43750722543268,39.7659375,129.85,-0.19509032201612792,-0.9807852804032305,0.9749279121818236,-0.22252093395631434,0,0.0,17.89,100.0,27.66
2018-10-24 12:45:00,2018-10-24 13:00:00,2018-10-24 13:45:00,150.32999999999998,5.44,5.15,61.63,4.64,5.51,60.29999999999989,58.913749999999986,35.218528304537394,39.77427083333333,129.85,-0.2588190451025208,-0.9659258262890683,0.9749279121818236,-0.22252093395631434,0,0.0,17.64,100.0,29.47
2018-10-24 13:00:00,2018-10-24 13:15:00,2018-10-24 14:00:00,215.09999999999997,4.75,5.44,44.42,4.25,5.98,20.62999999999989,56.447499999999984,37.471413354049034,39.77947916666667,129.85,-0.32143946530316153,-0.9469301294951057,0.9749279121818236,-0.22252093395631434,0,0.0,17.89,100.0,25.66
2018-10-24 13:15:00,2018-10-24 13:30:00,2018-10-24 14:15:00,236.88,31.21,4.75,5.29,48.35,25.7,46.54999999999989,55.657499999999985,37.85990450001169,39.6009375,129.85,-0.38268343236508967,-0.9238795325112868,0.9749279121818236,-0.22252093395631434,0,14.9,5.22,90.24,98.63
2018-10-24 13:30:00,2018-10-24 13:45:00,2018-10-24 14:30:00,236.88,54.07,31.21,5.15,89.89,47.7,95.46999999999989,54.87874999999999,37.75626071842266,39.2278125,129.85,-0.44228869021900147,-0.8968727415326883,0.9749279121818236,-0.22252093395631434,0,32.94,0.0,85.4,100.0
2018-10-24 13:45:00,2018-10-24 14:00:00,2018-10-24 14:45:00,236.40999999999997,60.3,54.07,5.44,96.41,45.32,150.3299999999999,55.35562499999999,37.77353272609514,38.85166666666667,129.85,-0.4999999999999997,-0.8660254037844388,0.9749279121818236,-0.22252093395631434,0,36.32,0.0,85.66,100.0
2018-10-24 14:00:00,2018-10-24 14:15:00,2018-10-24 15:00:00,218.07999999999998,69.52,60.3,4.75,55.76,56.3,215.09999999999988,56.602499999999985,37.891058724321816,38.995,129.85,-0.555570233019602,-0.8314696123025455,0.9749279121818236,-0.22252093395631434,0,44.14,0.0,84.42,100.0
2018-10-24 14:15:00,2018-10-24 14:30:00,2018-10-24 15:15:00,223.05,52.99,69.52,31.21,64.37,71.5,236.87999999999988,54.86562499999999,37.376419867469664,38.87645833333333,129.85,-0.6087614290087207,-0.7933533402912352,0.9749279121818236,-0.22252093395631434,0,32.15,0.0,85.49,100.0
2018-10-24 14:30:00,2018-10-24 14:45:00,2018-10-24 15:30:00,224.31,54.07,52.99,54.07,118.48,58.97,236.87999999999988,50.12937499999999,31.98731359241326,38.20552083333333,129.85,-0.6593458151000688,-0.7518398074789774,0.9749279121818236,-0.22252093395631434,0,31.93,0.0,86.11,100.0
2018-10-24 14:45:00,2018-10-24 15:00:00,2018-10-24 15:45:00,224.17000000000002,59.83,54.07,60.3,110.23,74.16,236.40999999999985,48.21687499999999,30.395775758884458,37.68052083333333,129.85,-0.7071067811865471,-0.7071067811865479,0.9749279121818236,-0.22252093395631434,0,34.85,0.0,86.41,100.0
2018-10-24 15:00:00,2018-10-24 15:15:00,2018-10-24 16:00:00,219.85,51.19,59.83,69.52,55.44,60.52,218.07999999999987,44.423124999999985,25.62560114386377,37.636250000000004,129.85,-0.7518398074789773,-0.6593458151000691,0.9749279121818236,-0.22252093395631434,0,21.89,0.0,91.95,100.0
2018-10-24 15:15:00,2018-10-24 15:30:00,2018-10-24 16:15:00,218.88,57.96,51.19,52.99,78.48,46.01,223.04999999999987,42.32374999999998,22.910872930500034,37.4225,129.85,-0.7933533402912349,-0.6087614290087209,0.9749279121818236,-0.22252093395631434,0,28.66,0.0,89.64,100.0
2018-10-24 15:30:00,2018-10-24 15:45:00,2018-10-24 16:30:00,219.03,55.33,57.96,54.07,84.1,66.89,224.3099999999999,42.071874999999984,22.743739858132273,37.1228125,129.85,-0.8314696123025452,-0.5555702330196022,0.9749279121818236,-0.22252093395631434,0,27.22,0.0,89.73,100.0
2018-10-24 15:45:00,2018-10-24 16:00:00,2018-10-24 16:45:00,211.47,59.69,55.33,59.83,53.5,67.39,224.1699999999999,41.95062499999999,22.64410256246413,37.18729166666667,129.85,-0.8660254037844385,-0.5000000000000004,0.9749279121818236,-0.22252093395631434,0,31.28,0.0,88.57,100.0
2018-10-24 16:00:00,2018-10-24 16:15:00,2018-10-24 17:00:00,220.82999999999998,46.87,59.69,51.19,74.52,51.66,219.8499999999999,42.10374999999999,22.668553900448075,36.89927083333333,129.85,-0.8968727415326883,-0.44228869021900136,0.9749279121818236,-0.22252093395631434,0,21.96,0.0,90.55,100.0
2018-10-24 16:15:00,2018-10-24 16:30:00,2018-10-24 17:15:00,221.62,56.99,46.87,57.96,58.64,41.98,218.87999999999988,45.33499999999998,20.79829620425712,36.882083333333334,129.85,-0.9238795325112868,-0.3826834323650895,0.9749279121818236,-0.22252093395631434,0,28.04,0.0,89.73,100.0
2018-10-24 16:30:00,2018-10-24 16:45:00,2018-10-24 17:30:00,228.42,55.48,56.99,55.33,46.8,48.78,219.02999999999986,48.48062499999998,18.115727789945062,36.972500000000004,129.85,-0.9469301294951056,-0.3214394653031618,0.9749279121818236,-0.22252093395631434,0,26.71,0.0,90.1,100.0
2018-10-24 16:45:00,2018-10-24 17:00:00,2018-10-24 17:45:00,229.20999999999998,52.13,55.48,59.69,44.57,68.76,211.46999999999989,51.398749999999986,14.307884135591456,37.05125,129.85,-0.9659258262890683,-0.25881904510252063,0.9749279121818236,-0.22252093395631434,0,23.62,0.0,91.09,100.0
2018-10-24 17:00:00,2018-10-24 17:15:00,2018-10-24 18:00:00,206.50000000000003,56.23,52.13,46.87,66.74,49.14,220.8299999999999,54.61624999999999,7.7340439575623225,36.94177083333333,129.85,-0.9807852804032303,-0.19509032201612866,0.9749279121818236,-0.22252093395631434,0,35.1,0.0,84.83,100.0
2018-10-24 17:15:00,2018-10-24 17:30:00,2018-10-24 18:15:00,164.63,57.78,56.23,56.99,55.37,67.5,221.6199999999999,56.27687499999998,4.841751644227483,36.966874999999995,129.85,-0.9914448613738104,-0.13052619222005163,0.9749279121818236,-0.22252093395631434,0,32.15,0.0,87.38,100.0
2018-10-24 17:30:00,2018-10-24 17:45:00,2018-10-24 18:30:00,106.24,62.28,57.78,55.48,51.44,42.52,228.41999999999987,56.789999999999985,5.012705108023412,37.079791666666665,129.85,-0.9978589232386035,-0.06540312923014273,0.9749279121818236,-0.22252093395631434,0,34.78,0.0,87.31,100.0
2018-10-24 17:45:00,2018-10-24 18:00:00,2018-10-24 18:45:00,57.24000000000001,52.92,62.28,52.13,31.0,29.77,229.20999999999987,56.328749999999985,5.008044622155886,37.308125,129.85,-1.0,-1.8369701987210297e-16,0.9749279121818236,-0.22252093395631434,0,29.92,0.0,87.05,100.0
2018-10-24 18:00:00,2018-10-24 18:15:00,2018-10-24 19:00:00,27.61,33.52,52.92,56.23,31.1,28.87,206.4999999999999,54.078749999999985,6.454253321454532,37.333333333333336,129.85,-0.9978589232386036,0.06540312923014237,0.9749279121818236,-0.22252093395631434,0,11.45,0.25,94.63,100.0
2018-10-24 18:15:00,2018-10-24 18:30:00,2018-10-24 19:15:00,15.620000000000001,15.91,33.52,57.78,74.05,32.4,164.62999999999988,51.76124999999998,11.281216066431373,36.72770833333333,129.85,-0.9914448613738105,0.13052619222005127,0.9749279121818236,-0.22252093395631434,0,5.04,3.17,95.33,98.07
2018-10-24 18:30:00,2018-10-24 18:45:00,2018-10-24 19:30:00,15.55,3.89,15.91,62.28,125.28,39.38,106.2399999999999,48.624999999999986,16.134595207194156,35.46322916666667,129.85,-0.9807852804032304,0.1950903220161283,0.9749279121818236,-0.22252093395631434,0,0.0,9.86,100.0,36.7
2018-10-24 18:45:00,2018-10-24 19:00:00,2018-10-24 19:45:00,15.48,3.92,3.89,52.92,75.64,48.6,57.23999999999989,45.13062499999999,19.109580538551633,34.716145833333336,129.85,-0.9659258262890684,0.2588190451025203,0.9749279121818236,-0.22252093395631434,0,0.0,17.17,100.0,22.26
2018-10-24 19:00:00,2018-10-24 19:15:00,2018-10-24 20:00:00,15.37,3.89,3.92,33.52,47.02,47.77,27.609999999999886,42.17437499999998,21.457894225887927,34.266875000000006,129.85,-0.9469301294951057,0.3214394653031615,0.9749279121818236,-0.22252093395631434,0,0.0,17.28,100.0,21.96
2018-10-24 19:15:00,2018-10-24 19:30:00,2018-10-24 20:15:00,16.169999999999998,3.92,3.89,15.91,63.58,47.56,15.619999999999887,38.796874999999986,22.911174598531566,33.64541666666666,129.85,-0.923879532511287,0.38268343236508917,0.9749279121818236,-0.22252093395631434,0,0.0,17.42,100.0,21.95
2018-10-24 19:30:00,2018-10-24 19:45:00,2018-10-24 20:30:00,16.99,3.82,3.92,3.89,59.26,44.28,15.549999999999885,35.577499999999986,23.95693832170602,33.06791666666667,129.85,-0.8968727415326884,0.442288690219001,0.9749279121818236,-0.22252093395631434,0,0.0,17.35,100.0,21.5
2018-10-24 19:45:00,2018-10-24 20:00:00,2018-10-24 20:45:00,16.990000000000002,3.85,3.82,3.92,70.74,42.91,15.479999999999887,32.087499999999984,24.255538413938165,32.37114583333333,129.85,-0.8660254037844386,0.5000000000000001,0.9749279121818236,-0.22252093395631434,0,0.0,17.46,100.0,21.53
2018-10-24 20:00:00,2018-10-24 20:15:00,2018-10-24 21:00:00,17.099999999999998,3.78,3.85,3.89,51.59,36.9,15.369999999999886,29.394374999999986,24.849602353144565,31.873125,129.85,-0.8314696123025455,0.5555702330196018,0.9749279121818236,-0.22252093395631434,0,0.0,17.6,100.0,21.0
2018-10-24 20:15:00,2018-10-24 20:30:00,2018-10-24 21:15:00,16.2,4.72,3.78,3.92,61.2,39.6,16.169999999999884,26.127499999999987,24.439453886084202,31.284791666666663,129.85,-0.7933533402912357,0.6087614290087199,0.9749279121818236,-0.22252093395631434,0,0.0,17.39,100.0,26.19
2018-10-24 20:30:00,2018-10-24 20:45:00,2018-10-24 21:30:00,15.38,4.64,4.72,3.82,55.51,42.84,16.989999999999885,22.94999999999999,23.710743609175136,30.754895833333336,129.85,-0.7518398074789772,0.6593458151000691,0.9749279121818236,-0.22252093395631434,0,0.0,17.42,100.0,25.74
2018-10-24 20:45:00,2018-10-24 21:00:00,2018-10-24 21:45:00,15.45,3.85,4.64,3.85,62.75,20.63,16.989999999999885,19.932499999999983,22.862144611782217,30.14135416666667,129.85,-0.7071067811865477,0.7071067811865474,0.9749279121818236,-0.22252093395631434,0,0.0,17.21,100.0,21.83
2018-10-24 21:00:00,2018-10-24 21:15:00,2018-10-24 22:00:00,15.409999999999998,3.89,3.85,3.78,34.09,7.99,17.099999999999884,16.66124999999999,21.11202053185687,29.82677083333333,129.85,-0.6593458151000687,0.7518398074789775,0.9749279121818236,-0.22252093395631434,0,0.0,17.21,100.0,22.05
2018-10-24 21:15:00,2018-10-24 21:30:00,2018-10-24 22:15:00,15.23,3.82,3.89,4.72,32.98,4.18,16.199999999999886,13.288749999999986,18.4113493785097,29.523020833333334,129.85,-0.608761429008721,0.7933533402912349,0.9749279121818236,-0.22252093395631434,0,0.0,17.1,100.0,21.8
2018-10-24 21:30:00,2018-10-24 21:45:00,2018-10-24 22:30:00,14.97,3.82,3.82,4.64,29.99,3.92,15.379999999999885,9.634999999999987,13.46189297610308,29.250416666666666,129.85,-0.555570233019603,0.8314696123025447,0.9749279121818236,-0.22252093395631434,0,0.0,17.21,100.0,21.67
2018-10-24 21:45:00,2018-10-24 22:00:00,2018-10-24 22:45:00,14.690000000000001,3.92,3.82,3.85,29.88,3.89,15.449999999999886,6.572499999999986,7.535617509538062,28.98,129.85,-0.5000000000000004,0.8660254037844384,0.9749279121818236,-0.22252093395631434,0,0.0,17.24,100.0,22.17
2018-10-24 22:00:00,2018-10-24 22:15:00,2018-10-24 23:00:00,14.44,3.85,3.92,3.89,37.48,3.85,15.409999999999885,4.7181249999999855,2.902514467566621,28.6296875,129.85,-0.4422886902190014,0.8968727415326883,0.9749279121818236,-0.22252093395631434,0,0.0,16.81,100.0,22.32
2018-10-24 22:15:00,2018-10-24 22:30:00,2018-10-24 23:15:00,13.75,3.64,3.85,3.82,62.5,3.6,15.229999999999887,3.9512499999999857,0.283744493443216,28.016562500000003,129.85,-0.38268343236508956,0.9238795325112868,0.9749279121818236,-0.22252093395631434,0,7.31,0.14,44.57,99.93
2018-10-24 22:30:00,2018-10-24 22:45:00,2018-10-24 23:30:00,13.110000000000001,3.56,3.64,3.82,92.99,3.67,14.969999999999887,3.930624999999986,0.2990290277454161,27.085000000000004,129.85,-0.32143946530316186,0.9469301294951056,0.9749279121818236,-0.22252093395631434,0,7.2,0.0,44.32,100.0
2018-10-24 22:45:00,2018-10-24 23:00:00,2018-10-24 23:45:00,12.39,3.64,3.56,3.92,76.1,3.64,14.689999999999888,3.9131249999999858,0.3072197656961335,26.33020833333333,129.85,-0.25881904510252157,0.9659258262890681,0.9749279121818236,-0.22252093395631434,0,7.24,0.0,44.92,100.0
2018-10-24 23:00:00,2018-10-24 23:15:00,2018-10-25 00:00:00,12.889999999999999,3.6,3.64,3.85,71.17,3.64,14.439999999999888,3.894999999999986,0.3164648480627922,25.626354166666662,129.85,-0.19509032201612872,0.9807852804032303,0.9749279121818236,-0.22252093395631434,0,7.27,0.0,44.38,100.0
2018-10-24 23:15:00,2018-10-24 23:30:00,2018-10-25 00:15:00,13.04,2.95,3.6,3.64,32.33,3.53,13.749999999999886,3.834374999999986,0.39019175982389687,25.3203125,129.85,-0.13052619222005168,0.9914448613738104,0.9749279121818236,-0.22252093395631434,0,4.97,0.0,51.04,100.0
2018-10-24 23:30:00,2018-10-24 23:45:00,2018-10-25 00:30:00,13.79,2.92,2.95,3.56,17.93,3.53,13.109999999999886,3.7781249999999855,0.4486955921719407,25.163958333333337,129.85,-0.0654031292301428,0.9978589232386035,0.9749279121818236,-0.22252093395631434,0,4.86,0.0,51.5,100.0
2018-10-24 23:45:00,2018-10-25 00:00:00,2018-10-25 00:45:00,13.889999999999999,2.92,2.92,3.64,6.37,3.56,12.389999999999885,3.7199999999999855,0.4936091571877384,25.128020833333334,129.85,0.0,1.0,0.43388373911755823,-0.900968867902419,0,4.86,0.0,51.5,100.0
2018-10-25 00:00:00,2018-10-25 00:15:00,2018-10-25 01:00:00,12.78,4.1,2.92,3.6,2.92,3.64,12.889999999999885,3.739999999999986,0.5020458147017745,25.140312500000004,129.85,0.06540312923014306,0.9978589232386035,0.43388373911755823,-0.900968867902419,0,5.44,0.0,60.19,100.0
2018-10-25 00:15:00,2018-10-25 00:30:00,2018-10-25 01:15:00,12.629999999999999,3.1,4.1,2.95,4.86,4.72,13.039999999999885,3.638749999999986,0.4553827374414565,25.121979166666666,129.85,0.13052619222005157,0.9914448613738104,0.43388373911755823,-0.900968867902419,0,5.65,0.0,48.1,100.0
2018-10-25 00:30:00,2018-10-25 00:45:00,2018-10-25 01:30:00,12.09,3.67,3.1,2.92,4.9,4.0,13.789999999999885,3.578124999999986,0.37563643917322237,25.109166666666667,129.85,0.19509032201612825,0.9807852804032304,0.43388373911755823,-0.900968867902419,0,7.34,0.0,44.72,100.0
2018-10-25 00:45:00,2018-10-25 01:00:00,2018-10-25 01:45:00,12.09,3.02,3.67,2.92,3.89,3.49,13.889999999999887,3.526249999999986,0.39148555217248093,25.100104166666668,129.85,0.25881904510252074,0.9659258262890683,0.43388373911755823,-0.900968867902419,0,5.44,0.0,48.54,100.0
2018-10-25 01:00:00,2018-10-25 01:15:00,2018-10-25 02:00:00,12.09,2.99,3.02,4.1,3.82,3.6,12.779999999999887,3.469999999999986,0.39974992190099445,25.091458333333332,129.85,0.3214394653031616,0.9469301294951057,0.43388373911755823,-0.900968867902419,0,5.47,0.0,47.96,100.0
2018-10-25 01:15:00,2018-10-25 01:30:00,2018-10-25 02:15:00,12.13,2.95,2.99,3.1,3.74,3.64,12.629999999999887,3.4156249999999857,0.407537862578323,25.08322916666667,129.85,0.3826834323650898,0.9238795325112867,0.43388373911755823,-0.900968867902419,0,5.44,0.0,47.67,100.0
2018-10-25 01:30:00,2018-10-25 01:45:00,2018-10-25 02:30:00,12.129999999999999,3.13,2.95,3.67,3.74,3.56,12.089999999999886,3.372499999999986,0.3988812480675837,25.076875,129.85,0.44228869021900125,0.8968727415326884,0.43388373911755823,-0.900968867902419,0,5.51,0.0,49.39,100.0
2018-10-25 01:45:00,2018-10-25 02:00:00,2018-10-25 02:45:00,12.82,3.02,3.13,3.02,3.78,3.56,12.089999999999888,3.3162499999999855,0.38075377550329315,25.06895833333333,129.85,0.49999999999999994,0.8660254037844387,0.43388373911755823,-0.900968867902419,0,5.36,0.0,49.09,100.0
2018-10-25 02:00:00,2018-10-25 02:15:00,2018-10-25 03:00:00,13.0,2.99,3.02,2.99,3.74,3.56,12.089999999999888,3.2624999999999855,0.3618442345264996,25.06114583333333,129.85,0.5555702330196022,0.8314696123025452,0.43388373911755823,-0.900968867902419,0,5.44,0.0,48.17,100.0
2018-10-25 02:15:00,2018-10-25 02:30:00,2018-10-25 03:15:00,13.03,2.99,2.99,2.95,3.78,3.64,12.129999999999887,3.221874999999986,0.3535749346816188,25.052916666666665,129.85,0.6087614290087207,0.7933533402912352,0.43388373911755823,-0.900968867902419,0,5.58,0.0,47.23,100.0
2018-10-25 02:30:00,2018-10-25 02:45:00,2018-10-25 03:30:00,12.92,3.13,2.99,3.13,3.78,3.67,12.129999999999885,3.194999999999986,0.34303789886853486,25.04614583333333,129.85,0.6593458151000688,0.7518398074789774,0.43388373911755823,-0.900968867902419,0,6.01,0.0,46.19,100.0
2018-10-25 02:45:00,2018-10-25 03:00:00,2018-10-25 03:45:00,12.7,3.71,3.13,3.02,3.78,3.64,12.819999999999887,3.1993749999999856,0.3490785863314084,25.045416666666668,129.85,0.7071067811865476,0.7071067811865476,0.43388373911755823,-0.900968867902419,0,7.42,0.0,44.72,100.0
2018-10-25 03:00:00,2018-10-25 03:15:00,2018-10-25 04:00:00,13.090000000000002,3.17,3.71,2.99,3.78,3.6,12.999999999999886,3.1724999999999857,0.3334010348816613,25.0390625,129.85,0.7518398074789774,0.6593458151000688,0.43388373911755823,-0.900968867902419,0,6.23,0.0,45.35,100.0
2018-10-25 03:15:00,2018-10-25 03:30:00,2018-10-25 04:15:00,13.09,3.02,3.17,2.99,3.74,3.56,13.029999999999886,3.1768749999999857,0.33090253011295956,25.031562500000003,129.85,0.7933533402912352,0.6087614290087207,0.43388373911755823,-0.900968867902419,0,5.83,0.0,46.0,100.0
2018-10-25 03:30:00,2018-10-25 03:45:00,2018-10-25 04:30:00,13.09,3.02,3.02,3.13,3.78,3.46,12.919999999999886,3.1831249999999858,0.3269120438820686,25.023645833333333,129.85,0.8314696123025451,0.5555702330196024,0.43388373911755823,-0.900968867902419,0,5.8,0.0,46.18,100.0
2018-10-25 03:45:00,2018-10-25 04:00:00,2018-10-25 04:45:00,12.73,3.49,3.02,3.71,3.82,2.99,12.699999999999886,3.218749999999986,0.32735445248249523,25.020208333333333,129.85,0.8660254037844386,0.5000000000000001,0.43388373911755823,-0.900968867902419,0,7.27,0.0,43.28,100.0
2018-10-25 04:00:00,2018-10-25 04:15:00,2018-10-25 05:00:00,12.27,3.56,3.49,3.17,4.68,3.02,13.089999999999886,3.184999999999986,0.25448477372948985,25.008541666666662,129.85,0.8968727415326884,0.44228869021900125,0.43388373911755823,-0.900968867902419,0,7.2,0.0,44.32,100.0
2018-10-25 04:15:00,2018-10-25 04:30:00,2018-10-25 05:15:00,12.379999999999999,3.02,3.56,3.02,4.72,2.99,13.089999999999886,3.1799999999999855,0.25688032244637754,24.990833333333338,129.85,0.9238795325112867,0.38268343236508984,0.43388373911755823,-0.900968867902419,0,5.8,0.0,46.18,100.0
2018-10-25 04:30:00,2018-10-25 04:45:00,2018-10-25 05:30:00,12.42,3.02,3.02,3.02,3.2,2.92,13.089999999999886,3.139374999999986,0.22567866411160248,24.988958333333333,129.85,0.9469301294951056,0.3214394653031617,0.43388373911755823,-0.900968867902419,0,5.94,0.0,45.32,100.0
2018-10-25 04:45:00,2018-10-25 05:00:00,2018-10-25 05:45:00,12.31,3.13,3.02,3.49,3.24,3.46,12.729999999999887,3.146249999999986,0.22360330400105963,24.9878125,129.85,0.9659258262890683,0.25881904510252074,0.43388373911755823,-0.900968867902419,0,5.9,0.0,46.86,100.0
2018-10-25 05:00:00,2018-10-25 05:15:00,2018-10-25 06:00:00,12.559999999999999,3.1,3.13,3.56,3.24,3.42,12.269999999999886,3.1531249999999855,0.22036103202513616,24.98635416666667,129.85,0.9807852804032304,0.19509032201612833,0.43388373911755823,-0.900968867902419,0,6.01,0.0,45.84,100.0
2018-10-25 05:15:00,2018-10-25 05:30:00,2018-10-25 06:15:00,12.85,3.13,3.1,3.02,3.17,2.99,12.379999999999887,3.164374999999986,0.21421276674178708,24.985937500000002,129.85,0.9914448613738104,0.1305261922200517,0.43388373911755823,-0.900968867902419,0,6.01,0.0,46.19,100.0
2018-10-25 05:30:00,2018-10-25 05:45:00,2018-10-25 06:30:00,12.739999999999998,3.06,3.13,3.02,3.13,3.02,12.419999999999884,3.159999999999986,0.21558061151266797,24.985208333333333,129.85,0.9978589232386035,0.06540312923014327,0.43388373911755823,-0.900968867902419,0,5.72,0.0,47.17,100.0
2018-10-25 05:45:00,2018-10-25 06:00:00,2018-10-25 06:45:00,12.669999999999998,3.02,3.06,3.13,3.13,2.95,12.309999999999887,3.159999999999986,0.21558061151266797,24.984062499999997,129.85,1.0,6.123233995736766e-17,0.43388373911755823,-0.900968867902419,0,5.65,0.0,47.14,100.0
2018-10-25 06:00:00,2018-10-25 06:15:00,2018-10-25 07:00:00,12.27,3.35,3.02,3.1,3.13,2.95,12.559999999999887,3.182499999999986,0.21545011037396175,24.98635416666667,129.85,0.9978589232386035,-0.06540312923014314,0.43388373911755823,-0.900968867902419,0,6.59,0.0,45.32,100.0
2018-10-25 06:15:00,2018-10-25 06:30:00,2018-10-25 07:15:00,11.690000000000001,3.42,3.35,3.13,3.2,3.24,12.849999999999886,3.209374999999986,0.2165776060333204,24.988645833333333,129.85,0.9914448613738104,-0.1305261922200516,0.43388373911755823,-0.900968867902419,0,6.52,0.0,46.45,100.0
2018-10-25 06:30:00,2018-10-25 06:45:00,2018-10-25 07:30:00,11.66,2.95,3.42,3.06,3.1,3.53,12.739999999999885,3.1981249999999855,0.22492272992104628,24.987083333333334,129.85,0.9807852804032304,-0.1950903220161282,0.43388373911755823,-0.900968867902419,0,5.58,0.0,46.74,100.0
2018-10-25 06:45:00,2018-10-25 07:00:00,2018-10-25 07:45:00,13.14,2.95,2.95,3.02,3.42,2.95,12.669999999999886,3.150624999999986,0.18922436268933693,24.9821875,129.85,0.9659258262890683,-0.25881904510252063,0.43388373911755823,-0.900968867902419,0,5.33,0.0,48.42,100.0
2018-10-25 07:00:00,2018-10-25 07:15:00,2018-10-25 08:00:00,16.09,2.95,2.95,3.35,3.74,2.92,12.269999999999886,3.136874999999986,0.1952152259307663,24.973958333333332,129.85,0.9469301294951057,-0.3214394653031616,0.43388373911755823,-0.900968867902419,0,5.44,0.0,47.67,100.0
2018-10-25 07:15:00,2018-10-25 07:30:00,2018-10-25 08:15:00,49.83,2.84,2.95,3.42,3.64,2.84,11.689999999999888,3.1256249999999857,0.20648755273674957,24.965625,129.85,0.9238795325112868,-0.3826834323650895,0.43388373911755823,-0.900968867902419,0,4.9,0.0,50.15,100.0
2018-10-25 07:30:00,2018-10-25 07:45:00,2018-10-25 08:30:00,101.27,2.92,2.84,2.95,3.78,3.31,11.659999999999886,3.119374999999986,0.21105297779282456,24.956666666666667,129.85,0.8968727415326884,-0.44228869021900113,0.43388373911755823,-0.900968867902419,0,5.15,0.0,49.32,100.0
2018-10-25 07:45:00,2018-10-25 08:00:00,2018-10-25 08:45:00,173.09,4.43,2.92,2.95,5.4,5.08,13.139999999999887,3.178124999999986,0.37398560725669217,24.946562500000002,129.85,0.8660254037844387,-0.4999999999999998,0.43388373911755823,-0.900968867902419,0,6.98,0.0,53.59,100.0
2018-10-25 08:00:00,2018-10-25 08:15:00,2018-10-25 09:00:00,241.75,5.9,4.43,2.95,4.18,4.68,16.089999999999886,3.3243749999999856,0.7565709546599073,24.964479166666663,129.85,0.8314696123025451,-0.5555702330196023,0.43388373911755823,-0.900968867902419,0,6.55,0.0,66.93,100.0
2018-10-25 08:15:00,2018-10-25 08:30:00,2018-10-25 09:15:00,270.01,36.58,5.9,2.84,34.16,26.6,49.829999999999885,5.421874999999986,8.080107687056701,24.989687500000002,129.85,0.7933533402912352,-0.6087614290087207,0.43388373911755823,-0.900968867902419,0,32.54,0.0,74.72,100.0
2018-10-25 08:30:00,2018-10-25 08:45:00,2018-10-25 09:30:00,270.91,54.36,36.58,2.92,58.75,36.14,101.26999999999988,8.630624999999986,14.293888759166606,24.94395833333333,129.85,0.7518398074789774,-0.6593458151000688,0.43388373911755823,-0.900968867902419,0,48.89,0.0,74.35,100.0
2018-10-25 08:45:00,2018-10-25 09:00:00,2018-10-25 09:45:00,278.72,76.25,54.36,4.43,68.98,41.15,173.0899999999999,13.200624999999986,21.617424531137484,25.0196875,129.85,0.7071067811865476,-0.7071067811865475,0.43388373911755823,-0.900968867902419,0,64.91,0.0,76.15,100.0
2018-10-25 09:00:00,2018-10-25 09:15:00,2018-10-25 10:00:00,271.95,74.56,76.25,5.9,44.21,44.46,241.7499999999999,17.666874999999983,26.005769484566688,25.33583333333333,129.85,0.659345815100069,-0.7518398074789773,0.43388373911755823,-0.900968867902419,0,50.65,0.0,82.72,100.0
2018-10-25 09:15:00,2018-10-25 09:30:00,2018-10-25 10:15:00,285.23,64.84,74.56,36.58,43.85,43.67,270.0099999999999,21.523749999999986,28.058839933923515,25.554479166666667,129.85,0.6087614290087209,-0.793353340291235,0.43388373911755823,-0.900968867902419,0,43.09,0.0,83.29,100.0
2018-10-25 09:30:00,2018-10-25 09:45:00,2018-10-25 10:30:00,288.69000000000005,55.26,64.84,54.36,66.53,44.53,270.9099999999999,24.786249999999985,28.74858472060038,25.437083333333334,129.85,0.5555702330196025,-0.831469612302545,0.43388373911755823,-0.900968867902419,0,31.61,0.0,86.8,100.0
2018-10-25 09:45:00,2018-10-25 10:00:00,2018-10-25 10:45:00,274.83000000000004,84.06,55.26,76.25,52.67,46.94,278.7199999999999,29.851249999999986,31.47701361211912,25.764062500000005,129.85,0.49999999999999994,-0.8660254037844387,0.43388373911755823,-0.900968867902419,0,50.98,0.0,85.5,100.0
2018-10-25 10:00:00,2018-10-25 10:15:00,2018-10-25 11:00:00,274.47,67.79,84.06,74.56,49.57,43.7,271.9499999999999,33.87874999999998,31.947553285619982,25.95385416666667,129.85,0.4422886902190017,-0.8968727415326881,0.43388373911755823,-0.900968867902419,0,43.31,0.0,84.27,100.0
2018-10-25 10:15:00,2018-10-25 10:30:00,2018-10-25 11:15:00,270.69000000000005,78.12,67.79,64.84,80.78,39.89,285.2299999999999,38.547499999999985,32.606686143336056,25.926145833333333,129.85,0.3826834323650899,-0.9238795325112867,0.43388373911755823,-0.900968867902419,0,47.41,0.0,85.49,100.0
2018-10-25 10:30:00,2018-10-25 10:45:00,2018-10-25 11:30:00,270.9,58.72,78.12,55.26,129.85,39.64,288.6899999999999,42.033124999999984,31.5797503787537,25.185208333333332,111.89,0.32143946530316175,-0.9469301294951056,0.43388373911755823,-0.900968867902419,0,34.49,0.0,86.23,100.0
2018-10-25 10:45:00,2018-10-25 11:00:00,2018-10-25 11:45:00,280.62,70.2,58.72,84.06,90.43,37.3,274.8299999999999,46.23624999999999,30.557028830328303,24.97447916666667,111.89,0.258819045102521,-0.9659258262890682,0.43388373911755823,-0.900968867902419,0,40.72,0.0,86.5,100.0
2018-10-25 11:00:00,2018-10-25 11:15:00,2018-10-25 12:00:00,265.64,67.43,70.2,67.79,111.89,54.22,274.4699999999999,50.266249999999985,28.78295217550679,24.511354166666663,91.55,0.19509032201612816,-0.9807852804032304,0.43388373911755823,-0.900968867902419,0,44.5,0.0,83.46,100.0
2018-10-25 11:15:00,2018-10-25 11:30:00,2018-10-25 12:15:00,199.76000000000002,74.34,67.43,78.12,91.55,51.41,270.6899999999999,54.734999999999985,26.535488030183394,24.332083333333333,84.06,0.130526192220052,-0.9914448613738104,0.43388373911755823,-0.900968867902419,0,44.35,0.0,85.88,100.0
2018-10-25 11:30:00,2018-10-25 11:45:00,2018-10-25 12:30:00,146.66000000000003,58.93,74.34,58.72,59.36,49.46,270.8999999999999,58.235624999999985,22.916762142793594,24.327604166666664,84.06,0.06540312923014312,-0.9978589232386035,0.43388373911755823,-0.900968867902419,0,37.04,0.0,84.66,100.0
2018-10-25 11:45:00,2018-10-25 12:00:00,2018-10-25 12:45:00,71.67000000000002,79.92,58.93,70.2,61.63,55.94,280.6199999999999,62.953749999999985,18.744738220031177,24.518124999999998,84.06,1.2246467991473532e-16,-1.0,0.43388373911755823,-0.900968867902419,0,50.36,0.0,84.6,100.0
2018-10-25 12:00:00,2018-10-25 12:15:00,2018-10-25 13:00:00,23.9,52.45,79.92,67.43,44.42,49.75,265.6399999999999,65.86312499999998,12.097547126767866,24.601770833333337,84.06,-0.06540312923014287,-0.9978589232386035,0.43388373911755823,-0.900968867902419,0,28.22,0.0,88.06,100.0
2018-10-25 12:15:00,2018-10-25 12:30:00,2018-10-25 13:15:00,44.92,8.46,52.45,74.34,5.29,12.56,199.75999999999988,64.10562499999999,17.193397704042425,24.63479166666666,84.06,-0.13052619222005177,-0.9914448613738104,0.43388373911755823,-0.900968867902419,0,0.22,15.7,99.97,47.44
2018-10-25 12:30:00,2018-10-25 12:45:00,2018-10-25 13:30:00,89.35,5.83,8.46,58.93,5.15,5.33,146.65999999999988,61.07249999999999,22.19752308817359,24.641875000000002,84.06,-0.19509032201612792,-0.9807852804032305,0.43388373911755823,-0.900968867902419,0,0.0,17.14,100.0,32.2
2018-10-25 12:45:00,2018-10-25 13:00:00,2018-10-25 13:45:00,142.77999999999997,4.93,5.83,79.92,5.44,5.11,71.66999999999989,56.61499999999999,25.60199626005762,24.6365625,84.06,-0.2588190451025208,-0.9659258262890683,0.43388373911755823,-0.900968867902419,0,0.0,16.24,100.0,29.05
2018-10-25 13:00:00,2018-10-25 13:15:00,2018-10-25 14:00:00,197.25,4.68,4.93,52.45,4.75,5.22,23.899999999999885,52.24749999999999,28.014968878262366,24.635833333333334,84.06,-0.32143946530316153,-0.9469301294951057,0.43388373911755823,-0.900968867902419,0,0.0,16.88,100.0,26.72
2018-10-25 13:15:00,2018-10-25 13:30:00,2018-10-25 14:15:00,222.74,29.48,4.68,8.46,31.21,33.01,44.91999999999989,50.03749999999999,28.32739188930056,24.6178125,84.06,-0.38268343236508967,-0.9238795325112868,0.43388373911755823,-0.900968867902419,0,10.51,5.26,94.19,98.45
2018-10-25 13:30:00,2018-10-25 13:45:00,2018-10-25 14:30:00,232.64,50.26,29.48,5.83,54.07,60.34,89.34999999999988,49.72499999999998,28.295616489131522,24.578125,84.06,-0.44228869021900147,-0.8968727415326883,0.43388373911755823,-0.900968867902419,0,22.1,0.0,91.54,100.0
2018-10-25 13:45:00,2018-10-25 14:00:00,2018-10-25 14:45:00,232.56,58.36,50.26,4.93,60.3,128.88,142.7799999999999,48.118749999999984,27.00076500652367,24.55791666666667,84.06,-0.4999999999999997,-0.8660254037844388,0.43388373911755823,-0.900968867902419,0,27.0,0.0,90.76,100.0
2018-10-25 14:00:00,2018-10-25 14:15:00,2018-10-25 15:00:00,233.64,59.15,58.36,4.68,69.52,90.43,197.2499999999999,47.57874999999999,26.686520210351777,24.449895833333333,84.06,-0.555570233019602,-0.8314696123025455,0.43388373911755823,-0.900968867902419,0,27.32,0.0,90.78,100.0
2018-10-25 14:15:00,2018-10-25 14:30:00,2018-10-25 15:15:00,226.07999999999998,54.97,59.15,29.48,52.99,53.6,222.7399999999999,46.13187499999999,25.59674447531151,24.470520833333335,84.06,-0.6087614290087207,-0.7933533402912352,0.43388373911755823,-0.900968867902419,0,23.98,0.0,91.66,100.0
2018-10-25 14:30:00,2018-10-25 14:45:00,2018-10-25 15:30:00,213.29999999999998,60.16,54.97,50.26,54.07,60.23,232.63999999999987,46.22187499999999,25.64333617598128,24.53395833333333,84.06,-0.6593458151000688,-0.7518398074789774,0.43388373911755823,-0.900968867902419,0,28.73,0.0,90.24,100.0
2018-10-25 14:45:00,2018-10-25 15:00:00,2018-10-25 15:45:00,221.54999999999998,58.28,60.16,58.36,59.83,61.63,232.5599999999999,45.476874999999986,25.10335951589729,24.5178125,84.06,-0.7071067811865471,-0.7071067811865479,0.43388373911755823,-0.900968867902419,0,26.93,0.0,90.78,100.0
2018-10-25 15:00:00,2018-10-25 15:15:00,2018-10-25 16:00:00,227.6,60.23,58.28,59.15,51.19,68.76,233.6399999999999,45.02687499999999,24.768091296755014,24.611979166666668,84.06,-0.7518398074789773,-0.6593458151000691,0.43388373911755823,-0.900968867902419,0,29.81,0.0,89.62,100.0
2018-10-25 15:15:00,2018-10-25 15:30:00,2018-10-25 16:15:00,240.56,47.41,60.23,54.97,57.96,66.89,226.0799999999999,43.343749999999986,23.60670849435639,24.502083333333335,84.06,-0.7933533402912349,-0.6087614290087209,0.43388373911755823,-0.900968867902419,0,20.3,0.0,91.93,100.0
2018-10-25 15:30:00,2018-10-25 15:45:00,2018-10-25 16:30:00,250.85000000000002,47.38,47.41,60.16,55.33,64.19,213.2999999999999,42.62187499999999,23.293574011610882,24.419270833333332,84.06,-0.8314696123025452,-0.5555702330196022,0.43388373911755823,-0.900968867902419,0,23.65,0.0,89.47,100.0
2018-10-25 15:45:00,2018-10-25 16:00:00,2018-10-25 16:45:00,241.74,66.53,47.38,58.28,59.69,89.75,221.54999999999987,41.78499999999998,22.151032707303283,24.49052083333333,84.06,-0.8660254037844385,-0.5000000000000004,0.43388373911755823,-0.900968867902419,0,42.01,0.0,84.55,100.0
2018-10-25 16:00:00,2018-10-25 16:15:00,2018-10-25 17:00:00,222.29999999999998,66.28,66.53,60.23,46.87,65.99,227.59999999999988,42.64937499999999,22.810360165052064,24.692708333333332,84.06,-0.8968727415326883,-0.44228869021900136,0.43388373911755823,-0.900968867902419,0,45.14,0.0,82.65,100.0
2018-10-25 16:15:00,2018-10-25 16:30:00,2018-10-25 17:15:00,222.12,60.37,66.28,47.41,56.99,90.22,240.5599999999999,45.89374999999998,21.362484896133118,24.72791666666667,84.06,-0.9238795325112868,-0.3826834323650895,0.43388373911755823,-0.900968867902419,0,40.46,0.0,83.07,100.0
2018-10-25 16:30:00,2018-10-25 16:45:00,2018-10-25 17:30:00,216.17999999999998,57.67,60.37,47.38,55.48,68.08,250.84999999999988,49.133749999999985,18.820378873378505,24.75072916666667,84.06,-0.9469301294951056,-0.3214394653031618,0.43388373911755823,-0.900968867902419,0,35.39,0.0,85.23,100.0
2018-10-25 16:45:00,2018-10-25 17:00:00,2018-10-25 17:45:00,188.6,57.42,57.67,66.53,52.13,71.32,241.7399999999999,52.414374999999986,15.020396536356273,24.805833333333336,84.06,-0.9659258262890683,-0.25881904510252063,0.43388373911755823,-0.900968867902419,0,32.4,0.0,87.09,100.0
2018-10-25 17:00:00,2018-10-25 17:15:00,2018-10-25 18:00:00,171.78,46.84,57.42,66.28,56.23,63.25,222.2999999999999,55.04937499999998,8.84310640326015,24.708020833333332,84.06,-0.9807852804032303,-0.19509032201612866,0.43388373911755823,-0.900968867902419,0,23.83,0.0,89.13,100.0
2018-10-25 17:15:00,2018-10-25 17:30:00,2018-10-25 18:15:00,163.57,60.19,46.84,60.37,57.78,81.22,222.1199999999999,56.968749999999986,5.941893506072252,24.733125,84.06,-0.9914448613738104,-0.13052619222005163,0.43388373911755823,-0.900968867902419,0,32.44,0.0,88.03,100.0
2018-10-25 17:30:00,2018-10-25 17:45:00,2018-10-25 18:30:00,169.44,51.73,60.19,57.67,62.28,47.41,216.1799999999999,57.06062499999999,5.8480749703965405,24.623229166666665,84.06,-0.9978589232386035,-0.06540312923014273,0.43388373911755823,-0.900968867902419,0,23.15,0.0,91.28,100.0
2018-10-25 17:45:00,2018-10-25 18:00:00,2018-10-25 18:45:00,204.72,29.84,51.73,57.42,52.92,30.28,188.59999999999988,55.27812499999999,8.78790661843766,24.3828125,84.06,-1.0,-1.8369701987210297e-16,0.43388373911755823,-0.900968867902419,0,1.08,1.66,99.93,99.85
2018-10-25 18:00:00,2018-10-25 18:15:00,2018-10-25 19:00:00,242.01999999999998,30.02,29.84,46.84,33.52,30.56,171.77999999999986,53.45749999999998,10.623039525013894,24.346354166666668,84.06,-0.9978589232386036,0.06540312923014237,0.43388373911755823,-0.900968867902419,0,5.72,0.79,98.23,99.97
2018-10-25 18:15:00,2018-10-25 18:30:00,2018-10-25 19:15:00,238.53,51.98,30.02,60.19,15.91,36.04,163.56999999999988,53.27062499999999,10.621087790776546,24.722083333333334,84.06,-0.9914448613738105,0.13052619222005127,0.43388373911755823,-0.900968867902419,0,30.46,0.0,86.28,100.0
2018-10-25 18:30:00,2018-10-25 18:45:00,2018-10-25 19:30:00,232.23000000000002,57.6,51.98,51.73,3.89,38.84,169.43999999999988,53.110624999999985,10.535032314111941,25.281562499999996,84.06,-0.9807852804032304,0.1950903220161283,0.43388373911755823,-0.900968867902419,0,35.64,0.0,85.04,100.0
2018-10-25 18:45:00,2018-10-25 19:00:00,2018-10-25 19:45:00,223.45000000000002,65.12,57.6,29.84,3.92,47.7,204.71999999999989,53.53812499999999,10.869593609440157,25.9190625,84.06,-0.9659258262890684,0.2588190451025203,0.43388373911755823,-0.900968867902419,0,32.08,0.0,89.71,100.0
2018-10-25 19:00:00,2018-10-25 19:15:00,2018-10-25 20:00:00,213.19,67.32,65.12,30.02,3.89,75.2,242.01999999999987,53.98124999999998,11.270498477774034,26.579791666666665,84.06,-0.9469301294951057,0.3214394653031615,0.43388373911755823,-0.900968867902419,0,35.82,0.0,88.28,100.0
2018-10-25 19:15:00,2018-10-25 19:30:00,2018-10-25 20:15:00,218.2,48.49,67.32,51.98,3.92,69.84,238.5299999999999,54.048749999999984,11.234115939294322,27.0440625,84.06,-0.923879532511287,0.38268343236508917,0.43388373911755823,-0.900968867902419,0,22.9,0.0,90.42,100.0
2018-10-25 19:30:00,2018-10-25 19:45:00,2018-10-25 20:30:00,223.56,51.3,48.49,57.6,3.82,51.08,232.22999999999988,54.29374999999999,11.128254509917829,27.538645833333334,84.06,-0.8968727415326884,0.442288690219001,0.43388373911755823,-0.900968867902419,0,25.31,0.0,89.68,100.0
2018-10-25 19:45:00,2018-10-25 20:00:00,2018-10-25 20:45:00,248.22,56.34,51.3,65.12,3.85,48.49,223.44999999999987,53.656874999999985,10.692814011493054,28.08541666666667,84.06,-0.8660254037844386,0.5000000000000001,0.43388373911755823,-0.900968867902419,0,29.56,0.0,88.55,100.0
2018-10-25 20:00:00,2018-10-25 20:15:00,2018-10-25 21:00:00,266.18,57.06,56.34,67.32,3.78,53.75,213.18999999999988,53.08062499999999,10.23567686376347,28.640416666666667,84.06,-0.8314696123025455,0.5555702330196018,0.43388373911755823,-0.900968867902419,0,28.08,0.0,89.72,100.0
2018-10-25 20:15:00,2018-10-25 20:30:00,2018-10-25 21:15:00,221.57,53.5,57.06,48.49,4.72,60.26,218.19999999999987,52.65124999999999,10.063536825465897,29.14854166666667,84.06,-0.7933533402912357,0.6087614290087199,0.43388373911755823,-0.900968867902419,0,26.17,0.0,89.83,100.0
2018-10-25 20:30:00,2018-10-25 20:45:00,2018-10-25 21:30:00,168.97999999999996,56.66,53.5,51.3,4.64,47.7,223.5599999999999,52.588124999999984,10.034985188548276,29.690416666666664,84.06,-0.7518398074789772,0.6593458151000691,0.43388373911755823,-0.900968867902419,0,29.05,0.0,88.99,100.0
2018-10-25 20:45:00,2018-10-25 21:00:00,2018-10-25 21:45:00,91.86999999999999,81.0,56.66,56.34,3.85,42.77,248.21999999999989,54.061874999999986,12.145862062216157,30.4940625,84.06,-0.7071067811865477,0.7071067811865474,0.43388373911755823,-0.900968867902419,0,34.34,0.0,92.07,100.0
2018-10-25 21:00:00,2018-10-25 21:15:00,2018-10-25 22:00:00,20.740000000000002,75.02,81.0,57.06,3.89,95.51,266.1799999999999,55.82312499999998,12.98510431164801,31.235,84.06,-0.6593458151000687,0.7518398074789775,0.43388373911755823,-0.900968867902419,0,30.35,0.0,92.7,100.0
2018-10-25 21:15:00,2018-10-25 21:30:00,2018-10-25 22:15:00,15.560000000000002,8.89,75.02,53.5,3.82,63.94,221.56999999999988,52.616874999999986,17.170059230660307,31.2878125,84.06,-0.608761429008721,0.7933533402912349,0.43388373911755823,-0.900968867902419,0,0.25,15.73,99.96,49.2
2018-10-25 21:30:00,2018-10-25 21:45:00,2018-10-25 22:30:00,15.13,4.07,8.89,56.66,3.82,49.57,168.97999999999988,49.63812499999999,20.813187291579982,31.29041666666667,84.06,-0.555570233019603,0.8314696123025447,0.43388373911755823,-0.900968867902419,0,0.0,18.29,100.0,21.72
2018-10-25 21:45:00,2018-10-25 22:00:00,2018-10-25 22:45:00,14.77,3.89,4.07,81.0,3.92,7.16,91.86999999999988,48.016249999999985,23.170371402666664,31.290104166666666,84.06,-0.5000000000000004,0.8660254037844384,0.43388373911755823,-0.900968867902419,0,0.0,18.36,100.0,20.73
2018-10-25 22:00:00,2018-10-25 22:15:00,2018-10-25 23:00:00,14.44,3.89,3.89,75.02,3.85,5.33,20.73999999999989,46.383124999999986,25.212156224416624,31.290520833333336,84.06,-0.4422886902190014,0.8968727415326883,0.43388373911755823,-0.900968867902419,0,0.0,17.96,100.0,21.17
2018-10-25 22:15:00,2018-10-25 22:30:00,2018-10-25 23:15:00,14.190000000000001,3.71,3.89,8.89,3.64,4.93,15.559999999999887,43.36624999999999,27.17362137142413,31.29125,84.06,-0.38268343236508956,0.9238795325112868,0.43388373911755823,-0.900968867902419,0,6.16,0.22,51.59,99.82
2018-10-25 22:30:00,2018-10-25 22:45:00,2018-10-25 23:30:00,14.08,3.64,3.71,4.07,3.56,4.97,15.129999999999887,39.993749999999984,28.513249524344324,31.292083333333334,84.06,-0.32143946530316186,0.9469301294951056,0.43388373911755823,-0.900968867902419,0,6.3,0.0,50.03,100.0
2018-10-25 22:45:00,2018-10-25 23:00:00,2018-10-25 23:45:00,13.969999999999999,3.53,3.64,3.89,3.64,4.57,14.769999999999886,36.14437499999998,29.014306809045102,31.2909375,84.06,-0.25881904510252157,0.9659258262890681,0.43388373911755823,-0.900968867902419,0,6.12,0.0,49.96,100.0
2018-10-25 23:00:00,2018-10-25 23:15:00,2018-10-26 00:00:00,14.01,3.56,3.53,3.89,3.6,3.78,14.439999999999886,32.15937499999999,28.836845239370504,31.290520833333336,84.06,-0.19509032201612872,0.9807852804032303,0.43388373911755823,-0.900968867902419,0,6.23,0.0,49.61,100.0
2018-10-25 23:15:00,2018-10-25 23:30:00,2018-10-26 00:15:00,15.12,3.46,3.56,3.71,2.95,3.64,14.189999999999886,29.344999999999988,29.299372646867944,31.295833333333334,84.06,-0.13052619222005168,0.9914448613738104,0.43388373911755823,-0.900968867902419,0,5.65,0.0,52.22,100.0
2018-10-25 23:30:00,2018-10-25 23:45:00,2018-10-26 00:30:00,15.08,3.53,3.46,3.64,2.92,3.64,14.079999999999885,26.359374999999986,29.34388851804429,31.3021875,84.06,-0.0654031292301428,0.9978589232386035,0.43388373911755823,-0.900968867902419,0,5.22,0.0,56.02,100.0
2018-10-25 23:45:00,2018-10-26 00:00:00,2018-10-26 00:45:00,15.19,3.42,3.53,3.53,2.92,3.71,13.969999999999885,23.051874999999985,28.75474400397985,31.307395833333334,84.06,0.0,1.0,-0.433883739117558,-0.9009688679024191,0,5.18,0.0,55.1,100.0
2018-10-26 00:00:00,2018-10-26 00:15:00,2018-10-26 01:00:00,15.08,3.6,3.42,3.56,4.1,86.83,14.009999999999886,19.710624999999983,27.695401799927343,31.3021875,84.06,0.06540312923014306,0.9978589232386035,-0.433883739117558,-0.9009688679024191,0,7.16,0.0,44.92,100.0
2018-10-26 00:15:00,2018-10-26 00:30:00,2018-10-26 01:15:00,14.04,4.57,3.6,3.46,3.1,3.6,15.119999999999887,16.652499999999982,26.46984971151229,31.3175,84.06,0.13052619222005157,0.9914448613738104,-0.433883739117558,-0.9009688679024191,0,5.4,0.0,64.6,100.0
2018-10-26 00:30:00,2018-10-26 00:45:00,2018-10-26 01:30:00,14.079999999999998,3.49,4.57,3.53,3.67,3.64,15.079999999999886,13.329374999999986,24.503071100566675,31.315624999999997,84.06,0.19509032201612825,0.9807852804032304,-0.433883739117558,-0.9009688679024191,0,5.62,0.0,52.76,100.0
2018-10-26 00:45:00,2018-10-26 01:00:00,2018-10-26 01:45:00,14.04,3.53,3.49,3.42,3.02,3.71,15.189999999999886,8.487499999999986,17.22647326791111,31.3209375,84.06,0.25881904510252074,0.9659258262890683,-0.433883739117558,-0.9009688679024191,0,5.51,0.0,53.94,100.0
2018-10-26 01:00:00,2018-10-26 01:15:00,2018-10-26 02:00:00,14.040000000000001,3.49,3.53,3.6,2.99,3.67,15.079999999999886,4.0168749999999855,1.2903425841364458,31.32614583333333,84.06,0.3214394653031616,0.9469301294951057,-0.433883739117558,-0.9009688679024191,0,5.8,0.0,51.56,100.0
2018-10-26 01:15:00,2018-10-26 01:30:00,2018-10-26 02:15:00,13.86,3.53,3.49,4.57,2.95,3.64,14.039999999999885,3.681874999999986,0.2887303836389296,31.3321875,84.06,0.3826834323650898,0.9238795325112867,-0.433883739117558,-0.9009688679024191,0,5.69,0.0,52.72,100.0
2018-10-26 01:30:00,2018-10-26 01:45:00,2018-10-26 02:30:00,13.25,3.53,3.53,3.49,3.13,3.64,14.079999999999886,3.6481249999999856,0.2724935493480901,31.336354166666666,84.06,0.44228869021900125,0.8968727415326884,-0.433883739117558,-0.9009688679024191,0,5.83,0.0,51.79,100.0
2018-10-26 01:45:00,2018-10-26 02:00:00,2018-10-26 02:45:00,12.64,3.49,3.53,3.53,3.02,3.6,14.039999999999887,3.6231249999999857,0.2674583788860374,31.341250000000002,84.06,0.49999999999999994,0.8660254037844387,-0.433883739117558,-0.9009688679024191,0,5.69,0.0,52.28,100.0
2018-10-26 02:00:00,2018-10-26 02:15:00,2018-10-26 03:00:00,12.029999999999998,3.49,3.49,3.49,2.99,3.64,14.039999999999887,3.598124999999986,0.2599331345488186,31.34645833333333,84.06,0.5555702330196022,0.8314696123025452,-0.433883739117558,-0.9009688679024191,0,5.87,0.0,51.1,100.0
2018-10-26 02:15:00,2018-10-26 02:30:00,2018-10-26 03:15:00,11.559999999999999,3.35,3.49,3.53,2.99,3.64,13.859999999999888,3.575624999999986,0.2648105160985844,31.350208333333338,84.06,0.6087614290087207,0.7933533402912352,-0.433883739117558,-0.9009688679024191,0,5.54,0.0,51.74,100.0
2018-10-26 02:30:00,2018-10-26 02:45:00,2018-10-26 03:30:00,11.59,2.92,3.35,3.53,3.13,3.67,13.249999999999886,3.5306249999999855,0.3077431712263449,31.348020833333333,84.06,0.6593458151000688,0.7518398074789774,-0.433883739117558,-0.9009688679024191,0,4.68,0.0,52.93,100.0
2018-10-26 02:45:00,2018-10-26 03:00:00,2018-10-26 03:45:00,11.55,2.88,2.92,3.49,3.71,3.64,12.639999999999887,3.4899999999999856,0.3457057998667241,31.339375,84.06,0.7071067811865476,0.7071067811865476,-0.433883739117558,-0.9009688679024191,0,4.39,0.0,54.85,100.0
2018-10-26 03:00:00,2018-10-26 03:15:00,2018-10-26 04:00:00,11.51,2.88,2.88,3.49,3.17,3.92,12.029999999999886,3.447499999999986,0.37504166443415005,31.336354166666666,84.06,0.7518398074789774,0.6593458151000688,-0.433883739117558,-0.9009688679024191,0,4.54,0.0,53.57,100.0
2018-10-26 03:15:00,2018-10-26 03:30:00,2018-10-26 04:15:00,11.549999999999999,2.88,2.88,3.35,3.02,4.75,11.559999999999885,3.4112499999999857,0.39932560343856854,31.334895833333334,84.06,0.7933533402912352,0.6087614290087207,-0.433883739117558,-0.9009688679024191,0,4.39,0.0,54.85,100.0
2018-10-26 03:30:00,2018-10-26 03:45:00,2018-10-26 04:30:00,11.48,2.95,2.88,2.92,3.02,3.92,11.589999999999886,3.374999999999986,0.41299213075023133,31.334166666666665,84.06,0.8314696123025451,0.5555702330196024,-0.433883739117558,-0.9009688679024191,0,4.5,0.0,54.83,100.0
2018-10-26 03:45:00,2018-10-26 04:00:00,2018-10-26 04:45:00,11.81,2.84,2.95,2.88,3.49,3.06,11.549999999999887,3.338749999999986,0.4324476125054404,31.327395833333338,84.06,0.8660254037844386,0.5000000000000001,-0.433883739117558,-0.9009688679024191,0,4.46,0.0,53.71,100.0
2018-10-26 04:00:00,2018-10-26 04:15:00,2018-10-26 05:00:00,12.499999999999998,2.84,2.84,2.88,3.56,3.06,11.509999999999886,3.291249999999986,0.4427594579020385,31.319895833333334,84.06,0.8968727415326884,0.44228869021900125,-0.433883739117558,-0.9009688679024191,0,4.39,0.0,54.32,100.0
2018-10-26 04:15:00,2018-10-26 04:30:00,2018-10-26 05:15:00,12.780000000000001,2.92,2.84,2.88,3.02,3.06,11.549999999999885,3.188124999999986,0.3030102876748887,31.318854166666664,84.06,0.9238795325112867,0.38268343236508984,-0.433883739117558,-0.9009688679024191,0,4.57,0.0,53.84,100.0
2018-10-26 04:30:00,2018-10-26 04:45:00,2018-10-26 05:30:00,13.279999999999998,2.88,2.92,2.95,3.02,3.06,11.479999999999887,3.1499999999999857,0.30099833896860645,31.317395833333332,84.06,0.9469301294951056,0.3214394653031617,-0.433883739117558,-0.9009688679024191,0,4.39,0.0,54.85,100.0
2018-10-26 04:45:00,2018-10-26 05:00:00,2018-10-26 05:45:00,12.989999999999998,3.17,2.88,2.84,3.13,3.06,11.809999999999885,3.1274999999999857,0.2847696438560201,31.317812500000002,84.06,0.9659258262890683,0.25881904510252074,-0.433883739117558,-0.9009688679024191,0,4.86,0.0,54.63,100.0
2018-10-26 05:00:00,2018-10-26 05:15:00,2018-10-26 06:00:00,12.38,3.53,3.17,2.84,3.1,3.1,12.499999999999886,3.1299999999999857,0.2880972059251561,31.32229166666666,84.06,0.9807852804032304,0.19509032201612833,-0.433883739117558,-0.9009688679024191,0,6.01,0.0,50.65,100.0
2018-10-26 05:15:00,2018-10-26 05:30:00,2018-10-26 06:15:00,12.02,3.2,3.53,2.92,3.13,3.06,12.779999999999886,3.109374999999986,0.2699645521858456,31.323020833333334,84.06,0.9914448613738104,0.1305261922200517,-0.433883739117558,-0.9009688679024191,0,5.04,0.0,53.6,100.0
2018-10-26 05:30:00,2018-10-26 05:45:00,2018-10-26 06:30:00,11.450000000000001,3.38,3.2,2.88,3.06,3.02,13.279999999999886,3.099999999999986,0.25751213575657816,31.326354166666672,84.06,0.9978589232386035,0.06540312923014327,-0.433883739117558,-0.9009688679024191,0,5.62,0.0,51.54,100.0
2018-10-26 05:45:00,2018-10-26 06:00:00,2018-10-26 06:45:00,11.41,2.88,3.38,3.17,3.02,3.02,12.989999999999885,3.061874999999986,0.24161484730238678,31.324895833333333,84.06,1.0,6.123233995736766e-17,-0.433883739117558,-0.9009688679024191,0,4.43,0.0,54.51,100.0
2018-10-26 06:00:00,2018-10-26 06:15:00,2018-10-26 07:00:00,11.3,2.92,2.88,3.53,3.35,2.99,12.379999999999885,3.026249999999986,0.21658932928931265,31.320416666666663,84.06,0.9978589232386035,-0.06540312923014314,-0.433883739117558,-0.9009688679024191,0,4.36,0.0,55.65,100.0
2018-10-26 06:15:00,2018-10-26 06:30:00,2018-10-26 07:15:00,11.3,2.84,2.92,3.2,3.42,3.02,12.019999999999886,2.9943749999999856,0.2037452071510613,31.314375000000002,84.06,0.9914448613738104,-0.1305261922200516,-0.433883739117558,-0.9009688679024191,0,4.28,0.0,55.29,100.0
2018-10-26 06:30:00,2018-10-26 06:45:00,2018-10-26 07:30:00,11.77,2.81,2.84,3.38,2.95,3.02,11.449999999999886,2.9874999999999856,0.20795131656721083,31.312916666666666,84.06,0.9807852804032304,-0.1950903220161282,-0.433883739117558,-0.9009688679024191,0,4.28,0.0,54.88,100.0
2018-10-26 06:45:00,2018-10-26 07:00:00,2018-10-26 07:45:00,14.83,2.84,2.81,2.88,2.95,3.56,11.409999999999886,2.9849999999999857,0.20946360080462442,31.311770833333338,84.06,0.9659258262890683,-0.25881904510252063,-0.433883739117558,-0.9009688679024191,0,4.36,0.0,54.58,100.0
2018-10-26 07:00:00,2018-10-26 07:15:00,2018-10-26 08:00:00,17.56,2.81,2.84,2.92,2.95,3.1,11.299999999999887,2.9806249999999856,0.2123225363381,31.3103125,84.06,0.9469301294951057,-0.3214394653031616,-0.433883739117558,-0.9009688679024191,0,4.21,0.0,55.52,100.0
2018-10-26 07:15:00,2018-10-26 07:30:00,2018-10-26 08:15:00,40.709999999999994,2.84,2.81,2.84,2.84,2.95,11.299999999999887,2.9781249999999857,0.21372349996443188,31.3103125,84.06,0.9238795325112868,-0.3826834323650895,-0.433883739117558,-0.9009688679024191,0,4.72,0.0,51.56,100.0
2018-10-26 07:30:00,2018-10-26 07:45:00,2018-10-26 08:30:00,138.12,3.28,2.84,2.81,2.92,4.03,11.769999999999886,2.9987499999999856,0.22560682073471122,31.314062500000002,84.06,0.8968727415326884,-0.44228869021900113,-0.433883739117558,-0.9009688679024191,0,4.97,0.0,55.08,100.0
2018-10-26 07:45:00,2018-10-26 08:00:00,2018-10-26 08:45:00,212.9,5.9,3.28,2.84,4.43,4.68,14.829999999999886,3.189999999999986,0.7340470012620559,31.329375,84.06,0.8660254037844387,-0.4999999999999998,-0.433883739117558,-0.9009688679024191,0,6.59,0.0,66.7,100.0
2018-10-26 08:00:00,2018-10-26 08:15:00,2018-10-26 09:00:00,312.01,5.54,5.9,2.81,5.9,4.57,17.559999999999885,3.358749999999986,0.9207868578349899,31.325625000000002,84.06,0.8314696123025451,-0.5555702330196023,-0.433883739117558,-0.9009688679024191,0,6.23,0.0,66.45,100.0
2018-10-26 08:15:00,2018-10-26 08:30:00,2018-10-26 09:15:00,407.2,25.99,5.54,2.84,36.58,36.68,40.70999999999988,4.800624999999986,5.546859999985133,31.215312499999996,84.06,0.7933533402912352,-0.6087614290087207,-0.433883739117558,-0.9009688679024191,0,20.59,0.0,78.38,100.0
2018-10-26 08:30:00,2018-10-26 08:45:00,2018-10-26 09:30:00,412.57,100.69,25.99,3.28,54.36,93.46,138.1199999999999,10.913749999999986,23.829395154673005,31.697916666666668,100.69,0.7518398074789774,-0.6593458151000688,-0.433883739117558,-0.9009688679024191,0,65.77,0.0,83.72,100.0
2018-10-26 08:45:00,2018-10-26 09:00:00,2018-10-26 09:45:00,438.40999999999997,80.68,100.69,5.9,76.25,122.4,212.89999999999986,15.758124999999986,29.065999943824796,31.744062500000002,100.69,0.7071067811865476,-0.7071067811865475,-0.433883739117558,-0.9009688679024191,0,53.24,0.0,83.47,100.0
2018-10-26 09:00:00,2018-10-26 09:15:00,2018-10-26 10:00:00,456.45,104.65,80.68,5.54,74.56,66.35,312.0099999999999,22.078124999999986,35.908283901272924,32.0575,104.65,0.659345815100069,-0.7518398074789773,-0.433883739117558,-0.9009688679024191,0,53.71,0.0,88.97,100.0
2018-10-26 09:15:00,2018-10-26 09:30:00,2018-10-26 10:15:00,428.46999999999997,121.18,104.65,25.99,64.84,122.98,407.1999999999999,29.451874999999987,42.738536945412726,32.644375000000004,121.18,0.6087614290087209,-0.793353340291235,-0.433883739117558,-0.9009688679024191,0,56.12,0.0,90.74,100.0
2018-10-26 09:30:00,2018-10-26 09:45:00,2018-10-26 10:30:00,374.85999999999996,106.06,121.18,100.69,55.26,115.45,412.5699999999999,35.869374999999984,45.93162982476674,33.173541666666665,121.18,0.5555702330196025,-0.831469612302545,-0.433883739117558,-0.9009688679024191,0,51.44,0.0,89.98,100.0
2018-10-26 09:45:00,2018-10-26 10:00:00,2018-10-26 10:45:00,342.60999999999996,106.52,106.06,80.68,84.06,78.66,438.40999999999985,42.34687499999998,48.08021795899426,33.4075,121.18,0.49999999999999994,-0.8660254037844387,-0.433883739117558,-0.9009688679024191,0,55.01,0.0,88.85,100.0
2018-10-26 10:00:00,2018-10-26 10:15:00,2018-10-26 11:00:00,280.18,122.69,106.52,104.65,67.79,67.18,456.44999999999993,49.83249999999999,50.615773048033276,33.979375,122.69,0.4422886902190017,-0.8968727415326881,-0.433883739117558,-0.9009688679024191,0,55.48,0.0,91.12,100.0
2018-10-26 10:15:00,2018-10-26 10:30:00,2018-10-26 11:15:00,259.15999999999997,93.2,122.69,121.18,78.12,51.77,428.4699999999999,55.47999999999999,50.09580858215591,34.13645833333333,122.69,0.3826834323650899,-0.9238795325112867,-0.433883739117558,-0.9009688679024191,0,37.91,0.0,92.63,100.0
2018-10-26 10:30:00,2018-10-26 10:45:00,2018-10-26 11:30:00,279.61,52.45,93.2,106.06,58.72,52.38,374.8599999999999,58.58249999999999,48.24059785336415,34.07114583333334,122.69,0.32143946530316175,-0.9469301294951056,-0.433883739117558,-0.9009688679024191,0,27.18,0.0,88.79,100.0
2018-10-26 10:45:00,2018-10-26 11:00:00,2018-10-26 11:45:00,270.54,74.27,52.45,106.52,70.2,50.94,342.6099999999999,63.046874999999986,46.13463012189837,34.11354166666667,122.69,0.258819045102521,-0.9659258262890682,-0.433883739117558,-0.9009688679024191,0,44.86,0.0,85.6,100.0
2018-10-26 11:00:00,2018-10-26 11:15:00,2018-10-26 12:00:00,270.51000000000005,60.26,74.27,122.69,67.43,52.74,280.1799999999999,66.63749999999999,43.46512229650336,34.03885416666667,122.69,0.19509032201612816,-0.9807852804032304,-0.433883739117558,-0.9009688679024191,0,33.73,0.0,87.26,100.0
2018-10-26 11:15:00,2018-10-26 11:30:00,2018-10-26 12:15:00,206.72000000000003,72.18,60.26,93.2,74.34,57.67,259.1599999999999,70.97124999999998,40.22403337480578,34.016354166666666,122.69,0.130526192220052,-0.9914448613738104,-0.433883739117558,-0.9009688679024191,0,45.07,0.0,84.82,100.0
2018-10-26 11:30:00,2018-10-26 11:45:00,2018-10-26 12:30:00,138.14,72.9,72.18,52.45,58.93,52.38,279.6099999999999,75.32249999999999,36.23382958300136,34.161875,122.69,0.06540312923014312,-0.9978589232386035,-0.433883739117558,-0.9009688679024191,0,43.52,0.0,85.86,100.0
2018-10-26 11:45:00,2018-10-26 12:00:00,2018-10-26 12:45:00,77.62,65.2,72.9,74.27,79.92,42.08,270.5399999999999,79.02874999999999,31.691331006088728,34.008541666666666,122.69,1.2246467991473532e-16,-1.0,-0.433883739117558,-0.9009688679024191,0,34.34,0.0,88.48,100.0
2018-10-26 12:00:00,2018-10-26 12:15:00,2018-10-26 13:00:00,21.67,60.23,65.2,60.26,52.45,37.26,270.5099999999999,82.44687499999999,26.023194874656575,34.08958333333333,122.69,-0.06540312923014287,-0.9978589232386035,-0.433883739117558,-0.9009688679024191,0,33.52,0.0,87.38,100.0
2018-10-26 12:15:00,2018-10-26 12:30:00,2018-10-26 13:15:00,46.94,8.39,60.23,72.18,8.46,5.15,206.71999999999989,81.34687499999998,28.627989738791534,34.08885416666667,122.69,-0.13052619222005177,-0.9914448613738104,-0.433883739117558,-0.9009688679024191,0,0.25,15.41,99.96,47.82
2018-10-26 12:30:00,2018-10-26 12:45:00,2018-10-26 13:30:00,108.63999999999999,4.32,8.39,72.9,5.83,5.18,138.13999999999987,75.32374999999999,33.6261832273228,34.073125,122.69,-0.19509032201612792,-0.9807852804032305,-0.433883739117558,-0.9009688679024191,0,0.0,17.53,100.0,23.93
2018-10-26 12:45:00,2018-10-26 13:00:00,2018-10-26 13:45:00,167.72,4.68,4.32,65.2,4.93,5.33,77.61999999999989,70.57374999999999,37.65996977478195,34.07052083333333,122.69,-0.2588190451025208,-0.9659258262890683,-0.433883739117558,-0.9009688679024191,0,0.0,16.99,100.0,26.56
2018-10-26 13:00:00,2018-10-26 13:15:00,2018-10-26 14:00:00,231.55,4.28,4.68,60.23,4.68,4.14,21.669999999999888,64.30062499999998,39.76211300797999,34.06635416666667,122.69,-0.32143946530316153,-0.9469301294951057,-0.433883739117558,-0.9009688679024191,0,0.0,17.28,100.0,24.04
2018-10-26 13:15:00,2018-10-26 13:30:00,2018-10-26 14:15:00,267.79999999999995,33.66,4.28,8.39,29.48,26.21,46.939999999999884,58.83062499999998,37.51771272824847,34.10989583333333,122.69,-0.38268343236508967,-0.9238795325112868,-0.433883739117558,-0.9009688679024191,0,15.37,5.0,90.97,98.91
2018-10-26 13:30:00,2018-10-26 13:45:00,2018-10-26 14:30:00,257.33,66.02,33.66,4.32,50.26,51.26,108.63999999999987,56.328124999999986,35.56871294036909,34.2740625,122.69,-0.44228869021900147,-0.8968727415326883,-0.433883739117558,-0.9009688679024191,0,40.1,0.0,85.47,100.0
2018-10-26 13:45:00,2018-10-26 14:00:00,2018-10-26 14:45:00,245.91,63.76,66.02,4.68,58.36,53.39,167.71999999999989,53.655624999999986,33.2263692285116,34.3303125,122.69,-0.4999999999999997,-0.8660254037844388,-0.433883739117558,-0.9009688679024191,0,39.74,0.0,84.87,100.0
2018-10-26 14:00:00,2018-10-26 14:15:00,2018-10-26 15:00:00,236.44,68.11,63.76,4.28,59.15,49.1,231.54999999999987,50.244374999999984,28.417494384786743,34.42364583333333,122.69,-0.555570233019602,-0.8314696123025455,-0.433883739117558,-0.9009688679024191,0,42.52,0.0,84.83,100.0
2018-10-26 14:15:00,2018-10-26 14:30:00,2018-10-26 15:15:00,234.14,69.91,68.11,33.66,54.97,64.19,267.79999999999984,48.78874999999999,26.726056310976983,34.57927083333333,122.69,-0.6087614290087207,-0.7933533402912352,-0.433883739117558,-0.9009688679024191,0,40.79,0.0,86.37,100.0
2018-10-26 14:30:00,2018-10-26 14:45:00,2018-10-26 15:30:00,223.95,55.55,69.91,66.02,60.16,57.38,257.32999999999987,48.98249999999999,26.763107186012842,34.53125,122.69,-0.6593458151000688,-0.7518398074789774,-0.433883739117558,-0.9009688679024191,0,26.96,0.0,89.96,100.0
2018-10-26 14:45:00,2018-10-26 15:00:00,2018-10-26 15:45:00,220.71,52.34,55.55,63.76,58.28,54.36,245.9099999999999,47.61187499999999,25.983143386326233,34.469375,122.69,-0.7071067811865471,-0.7071067811865479,-0.433883739117558,-0.9009688679024191,0,24.95,0.0,90.27,100.0
2018-10-26 15:00:00,2018-10-26 15:15:00,2018-10-26 16:00:00,220.14,58.64,52.34,68.11,60.23,56.63,236.43999999999988,47.51062499999999,25.936774440153286,34.4528125,122.69,-0.7518398074789773,-0.6593458151000691,-0.433883739117558,-0.9009688679024191,0,27.32,0.0,90.65,100.0
2018-10-26 15:15:00,2018-10-26 15:30:00,2018-10-26 16:15:00,202.97,67.61,58.64,69.91,47.41,62.5,234.13999999999987,47.22499999999999,25.68749914841875,34.66322916666667,122.69,-0.7933533402912349,-0.6087614290087209,-0.433883739117558,-0.9009688679024191,0,41.58,0.0,85.18,100.0
2018-10-26 15:30:00,2018-10-26 15:45:00,2018-10-26 16:30:00,205.67000000000002,45.36,67.61,55.55,47.38,89.68,223.94999999999987,45.50374999999998,24.817371908353145,34.6421875,122.69,-0.8314696123025452,-0.5555702330196022,-0.433883739117558,-0.9009688679024191,0,17.86,0.0,93.05,100.0
2018-10-26 15:45:00,2018-10-26 16:00:00,2018-10-26 16:45:00,212.19,49.1,45.36,52.34,66.53,61.42,220.7099999999999,44.49749999999998,24.31977243417415,34.460625,122.69,-0.8660254037844385,-0.5000000000000004,-0.433883739117558,-0.9009688679024191,0,23.65,0.0,90.09,100.0
2018-10-26 16:00:00,2018-10-26 16:15:00,2018-10-26 17:00:00,201.24,58.07,49.1,58.64,66.28,99.36,220.13999999999987,44.36249999999999,24.23792341043302,34.37510416666667,122.69,-0.8968727415326883,-0.44228869021900136,-0.433883739117558,-0.9009688679024191,0,30.38,0.0,88.61,100.0
2018-10-26 16:15:00,2018-10-26 16:30:00,2018-10-26 17:15:00,205.66000000000003,50.44,58.07,67.61,60.37,88.49,202.96999999999986,46.99062499999998,22.405403217960377,34.27166666666667,122.69,-0.9238795325112868,-0.3826834323650895,-0.433883739117558,-0.9009688679024191,0,24.44,0.0,89.99,100.0
2018-10-26 16:30:00,2018-10-26 16:45:00,2018-10-26 17:30:00,220.13,48.06,50.44,45.36,57.67,89.86,205.6699999999999,49.72437499999999,19.514130447175614,34.1715625,122.69,-0.9469301294951056,-0.3214394653031618,-0.433883739117558,-0.9009688679024191,0,25.99,0.0,87.96,100.0
2018-10-26 16:45:00,2018-10-26 17:00:00,2018-10-26 17:45:00,196.01,55.62,48.06,49.1,57.42,56.66,212.18999999999988,52.908124999999984,15.685190156143562,34.1528125,122.69,-0.9659258262890683,-0.25881904510252063,-0.433883739117558,-0.9009688679024191,0,29.09,0.0,88.61,100.0
2018-10-26 17:00:00,2018-10-26 17:15:00,2018-10-26 18:00:00,180.1,47.12,55.62,58.07,46.84,56.95,201.2399999999999,55.585624999999986,9.651770542723241,34.15572916666667,122.69,-0.9807852804032303,-0.19509032201612866,-0.433883739117558,-0.9009688679024191,0,21.96,0.0,90.64,100.0
2018-10-26 17:15:00,2018-10-26 17:30:00,2018-10-26 18:15:00,165.16000000000003,54.86,47.12,50.44,60.19,48.56,205.6599999999999,56.91062499999999,7.83505860599515,34.100208333333335,122.69,-0.9914448613738104,-0.13052619222005163,-0.433883739117558,-0.9009688679024191,0,27.29,0.0,89.53,100.0
2018-10-26 17:30:00,2018-10-26 17:45:00,2018-10-26 18:30:00,154.4,62.53,54.86,48.06,51.73,39.71,220.12999999999988,56.69249999999999,7.624162658941892,34.21270833333333,122.69,-0.9978589232386035,-0.06540312923014273,-0.433883739117558,-0.9009688679024191,0,36.79,0.0,86.19,100.0
2018-10-26 17:45:00,2018-10-26 18:00:00,2018-10-26 18:45:00,174.96,31.5,62.53,55.62,29.84,30.64,196.00999999999988,54.67624999999999,9.518777412961501,34.23,122.69,-1.0,-1.8369701987210297e-16,-0.433883739117558,-0.9009688679024191,0,1.58,1.55,99.87,99.88
2018-10-26 18:00:00,2018-10-26 18:15:00,2018-10-26 19:00:00,194.87,31.21,31.5,47.12,30.02,30.74,180.09999999999988,52.36999999999999,10.412770404652575,34.24239583333333,122.69,-0.9978589232386036,0.06540312923014237,-0.433883739117558,-0.9009688679024191,0,5.58,0.86,98.44,99.96
2018-10-26 18:15:00,2018-10-26 18:30:00,2018-10-26 19:15:00,218.09000000000003,39.92,31.21,54.86,51.98,43.13,165.15999999999988,50.49562499999998,9.765855677276086,34.116770833333334,122.69,-0.9914448613738105,0.13052619222005127,-0.433883739117558,-0.9009688679024191,0,21.64,0.0,87.91,100.0
2018-10-26 18:30:00,2018-10-26 18:45:00,2018-10-26 19:30:00,231.33999999999997,51.77,39.92,62.53,57.6,63.9,154.3999999999999,50.259374999999984,9.68612181729023,34.056041666666665,122.69,-0.9807852804032304,0.1950903220161283,-0.433883739117558,-0.9009688679024191,0,33.08,0.0,84.27,100.0
2018-10-26 18:45:00,2018-10-26 19:00:00,2018-10-26 19:45:00,230.64999999999998,52.06,51.77,31.5,65.12,53.6,174.9599999999999,50.241874999999986,9.68259922409194,33.92,122.69,-0.9659258262890684,0.2588190451025203,-0.433883739117558,-0.9009688679024191,0,27.32,0.0,88.55,100.0
2018-10-26 19:00:00,2018-10-26 19:15:00,2018-10-26 20:00:00,238.25,51.12,52.06,31.21,67.32,69.52,194.8699999999999,49.77187499999999,9.443092196647575,33.75125,122.69,-0.9469301294951057,0.3214394653031615,-0.433883739117558,-0.9009688679024191,0,24.7,0.0,90.04,100.0
2018-10-26 19:15:00,2018-10-26 19:30:00,2018-10-26 20:15:00,226.23,63.14,51.12,39.92,48.49,68.08,218.0899999999999,49.492499999999986,8.965249229665153,33.90385416666667,122.69,-0.923879532511287,0.38268343236508917,-0.433883739117558,-0.9009688679024191,0,38.48,0.0,85.39,100.0
2018-10-26 19:30:00,2018-10-26 19:45:00,2018-10-26 20:30:00,211.18,65.02,63.14,51.77,51.3,50.54,231.3399999999999,50.72124999999998,9.636777129181223,34.04677083333333,122.69,-0.8968727415326884,0.442288690219001,-0.433883739117558,-0.9009688679024191,0,40.79,0.0,84.71,100.0
2018-10-26 19:45:00,2018-10-26 20:00:00,2018-10-26 20:45:00,220.07,51.37,65.02,52.06,56.34,43.96,230.6499999999999,50.86312499999999,9.628570583652857,33.995,122.69,-0.8660254037844386,0.5000000000000001,-0.433883739117558,-0.9009688679024191,0,27.18,0.0,88.39,100.0
2018-10-26 20:00:00,2018-10-26 20:15:00,2018-10-26 21:00:00,208.37,58.72,51.37,51.12,57.06,60.19,238.2499999999999,50.90374999999998,9.660211485133754,34.01229166666666,122.69,-0.8314696123025455,0.5555702330196018,-0.433883739117558,-0.9009688679024191,0,32.29,0.0,87.63,100.0
2018-10-26 20:15:00,2018-10-26 20:30:00,2018-10-26 21:15:00,162.97,51.12,58.72,63.14,53.5,55.8,226.2299999999999,50.946249999999985,9.65957353807662,33.9875,122.69,-0.7933533402912357,0.6087614290087199,-0.433883739117558,-0.9009688679024191,0,26.75,0.0,88.6,100.0
2018-10-26 20:30:00,2018-10-26 20:45:00,2018-10-26 21:30:00,118.04,49.97,51.12,65.02,56.66,61.52,211.1799999999999,51.06562499999998,9.63493770656484,33.917812500000004,122.69,-0.7518398074789772,0.6593458151000691,-0.433883739117558,-0.9009688679024191,0,25.42,0.0,89.13,100.0
2018-10-26 20:45:00,2018-10-26 21:00:00,2018-10-26 21:45:00,61.85,60.26,49.97,51.37,81.0,48.78,220.06999999999988,51.35562499999998,9.83539842148678,33.701770833333335,122.69,-0.7071067811865477,0.7071067811865474,-0.433883739117558,-0.9009688679024191,0,31.18,0.0,88.82,100.0
2018-10-26 21:00:00,2018-10-26 21:15:00,2018-10-26 22:00:00,18.79,47.02,60.26,58.72,75.02,39.35,208.3699999999999,51.34937499999998,9.838119401561693,33.41010416666666,122.69,-0.6593458151000687,0.7518398074789775,-0.433883739117558,-0.9009688679024191,0,24.48,0.18,88.7,100.0
2018-10-26 21:15:00,2018-10-26 21:30:00,2018-10-26 22:15:00,16.85,5.72,47.02,51.12,8.89,65.92,162.96999999999989,48.27812499999998,14.721182959748441,33.37708333333333,122.69,-0.608761429008721,0.7933533402912349,-0.433883739117558,-0.9009688679024191,0,0.0,15.52,100.0,34.58
2018-10-26 21:30:00,2018-10-26 21:45:00,2018-10-26 22:30:00,15.66,5.04,5.72,49.97,4.07,74.95,118.03999999999989,44.68499999999998,17.548615329991613,33.3871875,122.69,-0.555570233019603,0.8314696123025447,-0.433883739117558,-0.9009688679024191,0,0.0,15.66,100.0,30.64
2018-10-26 21:45:00,2018-10-26 22:00:00,2018-10-26 22:45:00,15.26,4.07,5.04,60.26,3.89,47.99,61.84999999999989,42.970624999999984,19.931086105864715,33.3890625,122.69,-0.5000000000000004,0.8660254037844384,-0.433883739117558,-0.9009688679024191,0,0.0,16.34,100.0,24.17
2018-10-26 22:00:00,2018-10-26 22:15:00,2018-10-26 23:00:00,15.010000000000002,3.96,4.07,47.02,3.89,74.84,18.789999999999885,41.267499999999984,21.9275475999944,33.38979166666667,122.69,-0.4422886902190014,0.8968727415326883,-0.433883739117558,-0.9009688679024191,0,0.0,15.7,100.0,24.46
2018-10-26 22:15:00,2018-10-26 22:30:00,2018-10-26 23:15:00,14.870000000000001,3.78,3.96,5.72,3.71,47.59,16.849999999999888,39.008749999999985,23.736763647083876,33.39052083333333,122.69,-0.38268343236508956,0.9238795325112868,-0.433883739117558,-0.9009688679024191,0,6.01,0.11,53.24,99.96
2018-10-26 22:30:00,2018-10-26 22:45:00,2018-10-26 23:30:00,14.58,3.85,3.78,5.04,3.64,44.5,15.659999999999886,36.01374999999999,24.93079292636971,33.39270833333333,122.69,-0.32143946530316186,0.9469301294951056,-0.433883739117558,-0.9009688679024191,0,6.52,0.0,50.85,100.0
2018-10-26 22:45:00,2018-10-26 23:00:00,2018-10-26 23:45:00,14.58,3.67,3.85,4.07,3.53,80.96,15.259999999999886,32.98937499999998,25.72328407026218,33.39416666666667,122.69,-0.25881904510252157,0.9659258262890681,-0.433883739117558,-0.9009688679024191,0,7.27,0.0,45.06,100.0
2018-10-26 23:00:00,2018-10-26 23:15:00,2018-10-27 00:00:00,13.610000000000001,3.71,3.67,3.96,3.56,54.07,15.009999999999888,30.026249999999987,26.19050158812412,33.39572916666666,122.69,-0.19509032201612872,0.9807852804032303,-0.433883739117558,-0.9009688679024191,0,7.38,0.0,44.91,100.0
2018-10-26 23:15:00,2018-10-26 23:30:00,2018-10-27 00:15:00,13.610000000000001,3.64,3.71,3.78,3.46,42.44,14.869999999999886,26.307499999999987,25.4380695267946,33.39760416666666,122.69,-0.13052619222005168,0.9914448613738104,-0.433883739117558,-0.9009688679024191,0,6.66,0.0,47.96,100.0
2018-10-26 23:30:00,2018-10-26 23:45:00,2018-10-27 00:30:00,13.690000000000001,3.56,3.64,3.85,3.53,73.01,14.579999999999886,22.466249999999985,23.895912274645223,33.39791666666667,122.69,-0.0654031292301428,0.9978589232386035,-0.433883739117558,-0.9009688679024191,0,6.37,0.0,48.79,100.0
2018-10-26 23:45:00,2018-10-27 00:00:00,2018-10-27 00:45:00,13.690000000000001,3.67,3.56,3.67,3.42,61.2,14.579999999999886,19.484999999999985,23.064990515932223,33.40052083333333,122.69,0.0,1.0,-0.9749279121818236,-0.2225209339563146,1,6.77,0.0,47.66,100.0
2018-10-27 00:00:00,2018-10-27 00:15:00,2018-10-27 01:00:00,14.62,2.74,3.67,3.71,3.6,2.81,13.609999999999888,15.986249999999986,21.001562999870917,33.3915625,122.69,0.06540312923014306,0.9978589232386035,-0.9749279121818236,-0.2225209339563146,1,4.72,0.0,50.2,100.0
2018-10-27 00:15:00,2018-10-27 00:30:00,2018-10-27 01:15:00,14.72,3.64,2.74,3.64,4.57,64.33,13.609999999999888,13.018749999999986,19.095488627881462,33.381875,122.69,0.13052619222005157,0.9914448613738104,-0.9749279121818236,-0.2225209339563146,1,7.13,0.0,45.47,100.0
2018-10-27 00:30:00,2018-10-27 00:45:00,2018-10-27 01:30:00,14.72,3.64,3.64,3.56,3.49,45.22,13.689999999999888,10.123124999999986,16.6256855944177,33.3834375,122.69,0.19509032201612825,0.9807852804032304,-0.9749279121818236,-0.2225209339563146,1,6.44,0.0,49.21,100.0
2018-10-27 00:45:00,2018-10-27 01:00:00,2018-10-27 01:45:00,14.690000000000001,3.67,3.64,3.67,3.53,19.84,13.689999999999888,6.5862499999999855,10.459444222211665,33.38489583333333,122.69,0.25881904510252074,0.9659258262890683,-0.9749279121818236,-0.2225209339563146,1,6.8,0.0,47.49,100.0
2018-10-27 01:00:00,2018-10-27 01:15:00,2018-10-27 02:00:00,15.520000000000001,3.67,3.67,2.74,3.49,7.09,14.619999999999887,3.876874999999986,0.6405341399447939,33.38677083333334,122.69,0.3214394653031616,0.9469301294951057,-0.9749279121818236,-0.2225209339563146,1,6.88,0.0,47.07,100.0
2018-10-27 01:15:00,2018-10-27 01:30:00,2018-10-27 02:15:00,15.38,3.74,3.67,3.64,3.53,5.72,14.719999999999885,3.753124999999986,0.42874407801734954,33.388958333333335,122.69,0.3826834323650898,0.9238795325112867,-0.9749279121818236,-0.2225209339563146,1,7.42,0.0,45.01,100.0
2018-10-27 01:30:00,2018-10-27 01:45:00,2018-10-27 02:30:00,14.91,3.64,3.74,3.64,3.53,4.75,14.719999999999885,3.665624999999986,0.27103894449882876,33.39010416666667,122.69,0.44228869021900125,0.8968727415326884,-0.9749279121818236,-0.2225209339563146,1,7.16,0.0,45.32,100.0
2018-10-27 01:45:00,2018-10-27 02:00:00,2018-10-27 02:45:00,14.399999999999999,3.64,3.64,3.67,3.49,4.68,14.689999999999888,3.6387499999999857,0.2501218454275185,33.391666666666666,122.69,0.49999999999999994,0.8660254037844387,-0.9749279121818236,-0.2225209339563146,1,6.37,0.0,49.61,100.0
2018-10-27 02:00:00,2018-10-27 02:15:00,2018-10-27 03:00:00,13.069999999999999,4.5,3.64,3.67,3.49,4.64,15.519999999999886,3.672499999999986,0.31832569808300415,33.402187500000004,122.69,0.5555702330196022,0.8314696123025452,-0.9749279121818236,-0.2225209339563146,1,7.99,0.0,49.07,100.0
2018-10-27 02:15:00,2018-10-27 02:30:00,2018-10-27 03:15:00,12.599999999999998,3.6,4.5,3.74,3.35,3.6,15.379999999999887,3.6612499999999857,0.317507381898506,33.40479166666666,122.69,0.6087614290087207,0.7933533402912352,-0.9749279121818236,-0.2225209339563146,1,7.2,0.0,44.72,100.0
2018-10-27 02:30:00,2018-10-27 02:45:00,2018-10-27 03:30:00,12.559999999999999,3.17,3.6,3.64,2.92,3.56,14.909999999999886,3.6187499999999857,0.3344561818237009,33.40739583333333,122.69,0.6593458151000688,0.7518398074789774,-0.9749279121818236,-0.2225209339563146,1,6.05,0.0,46.41,100.0
2018-10-27 02:45:00,2018-10-27 03:00:00,2018-10-27 03:45:00,12.559999999999999,3.13,3.17,3.64,2.88,3.6,14.399999999999887,3.584999999999986,0.35424214890400046,33.410000000000004,122.69,0.7071067811865476,0.7071067811865476,-0.9749279121818236,-0.2225209339563146,1,6.16,0.0,45.3,100.0
2018-10-27 03:00:00,2018-10-27 03:15:00,2018-10-27 04:00:00,12.56,3.17,3.13,4.5,2.88,3.53,13.069999999999887,3.551249999999986,0.36624573384567843,33.413020833333334,122.69,0.7518398074789774,0.6593458151000688,-0.9749279121818236,-0.2225209339563146,1,6.37,0.0,44.55,100.0
2018-10-27 03:15:00,2018-10-27 03:30:00,2018-10-27 04:15:00,12.6,3.13,3.17,3.6,2.88,3.49,12.599999999999886,3.519374999999986,0.3791020435650447,33.415625,122.69,0.7933533402912352,0.6087614290087207,-0.9749279121818236,-0.2225209339563146,1,6.12,0.0,45.53,100.0
2018-10-27 03:30:00,2018-10-27 03:45:00,2018-10-27 04:30:00,12.599999999999998,3.13,3.13,3.17,2.95,3.49,12.559999999999887,3.492499999999986,0.39034439929403536,33.4175,122.69,0.8314696123025451,0.5555702330196024,-0.9749279121818236,-0.2225209339563146,1,6.19,0.0,45.12,100.0
2018-10-27 03:45:00,2018-10-27 04:00:00,2018-10-27 04:45:00,12.569999999999999,3.13,3.13,3.13,2.84,3.53,12.559999999999885,3.4587499999999856,0.39682922972011125,33.420520833333335,122.69,0.8660254037844386,0.5000000000000001,-0.9749279121818236,-0.2225209339563146,1,6.12,0.0,45.53,100.0
2018-10-27 04:00:00,2018-10-27 04:15:00,2018-10-27 05:00:00,12.82,3.17,3.13,3.17,2.84,3.49,12.559999999999885,3.4856249999999855,0.36010360930602814,33.42395833333334,122.69,0.8968727415326884,0.44228869021900125,-0.9749279121818236,-0.2225209339563146,1,6.05,0.0,46.41,100.0
2018-10-27 04:15:00,2018-10-27 04:30:00,2018-10-27 05:15:00,13.290000000000001,3.17,3.17,3.13,2.92,3.49,12.599999999999886,3.456249999999986,0.36544279656364753,33.4265625,122.69,0.9238795325112867,0.38268343236508984,-0.9749279121818236,-0.2225209339563146,1,6.16,0.0,45.76,100.0
2018-10-27 04:30:00,2018-10-27 04:45:00,2018-10-27 05:30:00,13.26,3.13,3.17,3.13,2.88,3.49,12.599999999999886,3.4243749999999857,0.37023588350576314,33.42916666666667,122.69,0.9469301294951056,0.3214394653031617,-0.9749279121818236,-0.2225209339563146,1,6.12,0.0,45.53,100.0
2018-10-27 04:45:00,2018-10-27 05:00:00,2018-10-27 05:45:00,13.26,3.1,3.13,3.13,3.17,3.53,12.569999999999887,3.3887499999999857,0.37230489865207317,33.4284375,122.69,0.9659258262890683,0.25881904510252074,-0.9749279121818236,-0.2225209339563146,1,5.94,0.0,46.27,100.0
2018-10-27 05:00:00,2018-10-27 05:15:00,2018-10-27 06:00:00,12.9,3.42,3.1,3.17,3.53,3.53,12.819999999999887,3.3731249999999857,0.36535460095001804,33.42729166666667,122.69,0.9807852804032304,0.19509032201612833,-0.9749279121818236,-0.2225209339563146,1,6.37,0.0,47.3,100.0
2018-10-27 05:15:00,2018-10-27 05:30:00,2018-10-27 06:15:00,12.36,3.64,3.42,3.17,3.2,3.6,13.289999999999887,3.3668749999999856,0.35983883119440224,33.431875,122.69,0.9914448613738104,0.1305261922200517,-0.9749279121818236,-0.2225209339563146,1,6.01,0.0,51.8,100.0
2018-10-27 05:30:00,2018-10-27 05:45:00,2018-10-27 06:30:00,12.93,3.1,3.64,3.13,3.38,3.42,13.259999999999886,3.3331249999999857,0.35795807636563953,33.428958333333334,122.69,0.9978589232386035,0.06540312923014327,-0.9749279121818236,-0.2225209339563146,1,5.9,0.0,46.51,100.0
2018-10-27 05:45:00,2018-10-27 06:00:00,2018-10-27 06:45:00,13.32,3.1,3.1,3.1,2.88,2.99,13.259999999999886,3.2993749999999857,0.3528538783057719,33.43125,122.69,1.0,6.123233995736766e-17,-0.9749279121818236,-0.2225209339563146,1,5.9,0.0,46.51,100.0
2018-10-27 06:00:00,2018-10-27 06:15:00,2018-10-27 07:00:00,13.36,3.06,3.1,3.42,2.92,3.56,12.899999999999887,3.209374999999986,0.1728969619036703,33.43270833333333,122.69,0.9978589232386035,-0.06540312923014314,-0.9749279121818236,-0.2225209339563146,1,5.87,0.0,46.23,100.0
2018-10-27 06:15:00,2018-10-27 06:30:00,2018-10-27 07:15:00,13.39,3.1,3.06,3.64,2.84,3.17,12.359999999999886,3.178124999999986,0.1418722468827222,33.43541666666666,122.69,0.9914448613738104,-0.1305261922200516,-0.9749279121818236,-0.2225209339563146,1,6.05,0.0,45.6,100.0
2018-10-27 06:30:00,2018-10-27 06:45:00,2018-10-27 07:30:00,12.959999999999999,3.67,3.1,3.1,2.81,2.81,12.929999999999886,3.209374999999986,0.1851171505709809,33.444375,122.69,0.9807852804032304,-0.1950903220161282,-0.9749279121818236,-0.2225209339563146,1,7.31,0.0,44.87,100.0
2018-10-27 06:45:00,2018-10-27 07:00:00,2018-10-27 07:45:00,12.670000000000002,3.49,3.67,3.1,2.84,2.84,13.319999999999887,3.231874999999986,0.19567890646540204,33.451145833333335,122.69,0.9659258262890683,-0.25881904510252063,-0.9749279121818236,-0.2225209339563146,1,7.2,0.0,43.62,100.0
2018-10-27 07:00:00,2018-10-27 07:15:00,2018-10-27 08:00:00,12.95,3.1,3.49,3.06,2.81,2.84,13.359999999999886,3.227499999999986,0.1977846052161294,33.454166666666666,122.69,0.9469301294951057,-0.3214394653031616,-0.9749279121818236,-0.2225209339563146,1,6.41,0.0,43.54,100.0
2018-10-27 07:15:00,2018-10-27 07:30:00,2018-10-27 08:15:00,40.56,3.13,3.1,3.1,2.84,2.88,13.389999999999887,3.227499999999986,0.1977846052161294,33.4571875,122.69,0.9238795325112868,-0.3826834323650895,-0.9749279121818236,-0.2225209339563146,1,6.23,0.0,44.89,100.0
2018-10-27 07:30:00,2018-10-27 07:45:00,2018-10-27 08:30:00,83.87,3.24,3.13,3.67,3.28,2.88,12.959999999999887,3.234374999999986,0.19618131775348266,33.45677083333333,122.69,0.8968727415326884,-0.44228869021900113,-0.9749279121818236,-0.2225209339563146,1,6.34,0.0,45.51,100.0
2018-10-27 07:45:00,2018-10-27 08:00:00,2018-10-27 08:45:00,127.69,3.2,3.24,3.49,5.9,3.6,12.669999999999888,3.238749999999986,0.19457887233841276,33.428645833333334,122.69,0.8660254037844387,-0.4999999999999998,-0.9749279121818236,-0.2225209339563146,1,6.01,0.0,47.0,100.0
2018-10-27 08:00:00,2018-10-27 08:15:00,2018-10-27 09:00:00,170.03,3.38,3.2,3.1,5.54,3.78,12.949999999999886,3.251874999999986,0.19657119431766834,33.40614583333333,122.69,0.8314696123025451,-0.5555702330196023,-0.9749279121818236,-0.2225209339563146,1,6.12,0.0,48.35,100.0
2018-10-27 08:15:00,2018-10-27 08:30:00,2018-10-27 09:15:00,185.44,30.74,3.38,3.13,25.99,18.0,40.55999999999989,4.974999999999985,6.655364377707555,33.455625000000005,122.69,0.7933533402912352,-0.6087614290087207,-0.9749279121818236,-0.2225209339563146,1,31.28,0.0,70.09,100.0
2018-10-27 08:30:00,2018-10-27 08:45:00,2018-10-27 09:30:00,183.60000000000002,46.55,30.74,3.24,100.69,43.06,83.86999999999989,7.6887499999999855,12.03107324545719,32.891666666666666,122.69,0.7518398074789774,-0.6593458151000688,-0.9749279121818236,-0.2225209339563146,1,43.31,0.0,73.21,100.0
2018-10-27 08:45:00,2018-10-27 09:00:00,2018-10-27 09:45:00,181.83,47.02,46.55,3.2,80.68,52.81,127.68999999999988,10.433749999999986,15.250569200444716,32.541041666666665,122.69,0.7071067811865476,-0.7071067811865475,-0.9749279121818236,-0.2225209339563146,1,36.5,0.0,78.99,100.0
2018-10-27 09:00:00,2018-10-27 09:15:00,2018-10-27 10:00:00,182.19,45.72,47.02,3.38,104.65,39.92,170.0299999999999,13.077499999999986,17.33020105913518,31.927187500000002,122.69,0.659345815100069,-0.7518398074789773,-0.9749279121818236,-0.2225209339563146,1,18.94,0.0,92.39,100.0
2018-10-27 09:15:00,2018-10-27 09:30:00,2018-10-27 10:15:00,178.38000000000002,46.15,45.72,30.74,121.18,62.5,185.43999999999988,15.734374999999986,18.869873465644183,31.145625,122.69,0.6087614290087209,-0.793353340291235,-0.9749279121818236,-0.2225209339563146,1,21.24,0.0,90.84,100.0
2018-10-27 09:30:00,2018-10-27 09:45:00,2018-10-27 10:30:00,182.27,44.71,46.15,46.55,106.06,48.1,183.5999999999999,18.334999999999987,19.79409855234748,30.5065625,122.69,0.5555702330196025,-0.831469612302545,-0.9749279121818236,-0.2225209339563146,1,19.8,0.0,91.44,100.0
2018-10-27 09:45:00,2018-10-27 10:00:00,2018-10-27 10:45:00,174.5,45.25,44.71,47.02,106.52,50.26,181.82999999999987,20.969374999999985,20.387150508578113,29.868333333333336,122.69,0.49999999999999994,-0.8660254037844387,-0.9749279121818236,-0.2225209339563146,1,20.56,0.0,91.04,100.0
2018-10-27 10:00:00,2018-10-27 10:15:00,2018-10-27 11:00:00,168.77999999999997,46.08,45.25,45.72,122.69,50.87,182.18999999999988,23.658124999999984,20.68257455527271,29.0703125,93.2,0.4422886902190017,-0.8968727415326881,-0.9749279121818236,-0.2225209339563146,1,19.73,0.0,91.93,100.0
2018-10-27 10:15:00,2018-10-27 10:30:00,2018-10-27 11:15:00,173.01999999999998,42.34,46.08,46.15,93.2,45.22,178.3799999999999,26.110624999999985,20.424314697424037,28.540520833333336,74.27,0.3826834323650899,-0.9238795325112867,-0.9749279121818236,-0.2225209339563146,1,15.55,0.0,93.87,100.0
2018-10-27 10:30:00,2018-10-27 10:45:00,2018-10-27 11:30:00,170.0,48.6,42.34,44.71,52.45,59.18,182.2699999999999,28.918749999999985,20.233733242719534,28.500416666666666,74.27,0.32143946530316175,-0.9469301294951056,-0.9749279121818236,-0.2225209339563146,1,22.28,0.0,90.9,100.0
2018-10-27 10:45:00,2018-10-27 11:00:00,2018-10-27 11:45:00,179.82,37.48,48.6,45.25,74.27,71.42,174.4999999999999,31.043124999999986,19.21088484386928,28.1171875,72.9,0.258819045102521,-0.9659258262890682,-0.9749279121818236,-0.2225209339563146,1,13.07,0.0,94.42,100.0
2018-10-27 11:00:00,2018-10-27 11:15:00,2018-10-27 12:00:00,162.45999999999998,40.36,37.48,46.08,60.26,95.62,168.7799999999999,33.37187499999999,17.895785543931957,27.909895833333334,72.9,0.19509032201612816,-0.9807852804032304,-0.9749279121818236,-0.2225209339563146,1,15.66,0.0,93.23,100.0
2018-10-27 11:15:00,2018-10-27 11:30:00,2018-10-27 12:15:00,119.69999999999999,46.58,40.36,42.34,72.18,59.98,173.01999999999987,36.087499999999984,16.328724498564675,27.643229166666668,72.9,0.130526192220052,-0.9914448613738104,-0.9749279121818236,-0.2225209339563146,1,19.69,0.0,92.11,100.0
2018-10-27 11:30:00,2018-10-27 11:45:00,2018-10-27 12:30:00,78.57999999999998,45.58,46.58,48.6,72.9,64.26,169.9999999999999,38.733749999999986,14.064900850611195,27.358645833333338,69.91,0.06540312923014312,-0.9978589232386035,-0.9749279121818236,-0.2225209339563146,1,20.99,0.0,90.83,100.0
2018-10-27 11:45:00,2018-10-27 12:00:00,2018-10-27 12:45:00,36.82,47.3,45.58,37.48,65.2,60.08,179.81999999999988,41.48999999999998,10.76547026376557,27.172187499999996,69.91,1.2246467991473532e-16,-1.0,-0.9749279121818236,-0.2225209339563146,1,23.04,0.0,89.9,100.0
2018-10-27 12:00:00,2018-10-27 12:15:00,2018-10-27 13:00:00,18.79,23.0,47.3,40.36,60.23,28.73,162.45999999999987,42.71624999999998,6.707153713574746,26.784374999999997,69.91,-0.06540312923014287,-0.9978589232386035,-0.9749279121818236,-0.2225209339563146,1,7.02,4.03,95.64,98.5
2018-10-27 12:15:00,2018-10-27 12:30:00,2018-10-27 13:15:00,44.629999999999995,3.82,23.0,46.58,8.39,5.65,119.69999999999989,41.03374999999998,11.302569882001228,26.736770833333335,69.91,-0.13052619222005177,-0.9914448613738104,-0.9749279121818236,-0.2225209339563146,1,0.0,10.04,100.0,35.56
2018-10-27 12:30:00,2018-10-27 12:45:00,2018-10-27 13:30:00,77.93,4.46,3.82,45.58,4.32,6.01,78.5799999999999,38.40312499999999,14.23125201745788,26.738229166666667,69.91,-0.19509032201612792,-0.9807852804032305,-0.9749279121818236,-0.2225209339563146,1,0.0,12.85,100.0,32.79
2018-10-27 12:45:00,2018-10-27 13:00:00,2018-10-27 13:45:00,109.28999999999999,5.54,4.46,47.3,4.68,6.59,36.819999999999894,35.81062499999999,16.08309301283188,26.7471875,69.91,-0.2588190451025208,-0.9659258262890683,-0.9749279121818236,-0.2225209339563146,1,0.0,16.31,100.0,32.16
2018-10-27 13:00:00,2018-10-27 13:15:00,2018-10-27 14:00:00,153.17,4.97,5.54,23.0,4.28,6.52,18.789999999999893,33.26374999999999,17.478231773767313,26.754374999999996,69.91,-0.32143946530316153,-0.9469301294951057,-0.9749279121818236,-0.2225209339563146,1,0.0,16.49,100.0,28.86
2018-10-27 13:15:00,2018-10-27 13:30:00,2018-10-27 14:15:00,163.43,29.66,4.97,3.82,33.66,26.57,44.629999999999896,32.23312499999999,17.171476974459864,26.712708333333335,69.91,-0.38268343236508967,-0.9238795325112868,-0.9749279121818236,-0.2225209339563146,1,12.17,7.67,92.51,96.82
2018-10-27 13:30:00,2018-10-27 13:45:00,2018-10-27 14:30:00,172.76,37.76,29.66,4.46,66.02,62.96,77.9299999999999,31.798749999999984,16.936663217338022,26.418333333333333,69.91,-0.44228869021900147,-0.8968727415326883,-0.9749279121818236,-0.2225209339563146,1,11.7,0.0,95.52,100.0
2018-10-27 13:45:00,2018-10-27 14:00:00,2018-10-27 14:45:00,170.28000000000003,36.9,37.76,5.54,63.76,104.44,109.28999999999989,31.276874999999983,16.640195956911274,26.13854166666667,69.91,-0.4999999999999997,-0.8660254037844388,-0.9749279121818236,-0.2225209339563146,1,10.91,0.0,95.9,100.0
2018-10-27 14:00:00,2018-10-27 14:15:00,2018-10-27 15:00:00,165.06,48.85,36.9,4.97,68.11,66.35,153.16999999999987,31.449999999999985,16.806882146907295,25.937916666666666,69.91,-0.555570233019602,-0.8314696123025455,-0.9749279121818236,-0.2225209339563146,1,24.77,0.0,89.19,100.0
2018-10-27 14:15:00,2018-10-27 14:30:00,2018-10-27 15:15:00,175.32000000000002,39.92,48.85,29.66,69.91,80.96,163.4299999999999,31.298749999999988,16.718857943577703,25.625520833333336,67.61,-0.6087614290087207,-0.7933533402912352,-0.9749279121818236,-0.2225209339563146,1,13.36,0.0,94.83,100.0
2018-10-27 14:30:00,2018-10-27 14:45:00,2018-10-27 15:30:00,168.77,47.09,39.92,37.76,55.55,84.49,172.7599999999999,31.204374999999985,16.624927055761972,25.537395833333335,67.61,-0.6593458151000688,-0.7518398074789774,-0.9749279121818236,-0.2225209339563146,1,24.23,0.0,88.92,100.0
2018-10-27 14:45:00,2018-10-27 15:00:00,2018-10-27 15:45:00,188.24,34.42,47.09,36.9,52.34,67.14,170.2799999999999,31.013124999999985,16.569140638077965,25.350729166666667,67.61,-0.7071067811865471,-0.7071067811865479,-0.9749279121818236,-0.2225209339563146,1,9.9,0.0,96.1,100.0
2018-10-27 15:00:00,2018-10-27 15:15:00,2018-10-27 16:00:00,198.11,43.63,34.42,48.85,58.64,67.61,165.0599999999999,31.217499999999987,16.70279897951333,25.194374999999997,67.61,-0.7518398074789773,-0.6593458151000691,-0.9749279121818236,-0.2225209339563146,1,17.28,0.0,92.97,100.0
2018-10-27 15:15:00,2018-10-27 15:30:00,2018-10-27 16:15:00,197.32,50.18,43.63,39.92,67.61,104.51,175.3199999999999,31.442499999999985,16.93091827840508,25.0128125,65.02,-0.7933533402912349,-0.6087614290087209,-0.9749279121818236,-0.2225209339563146,1,25.34,0.0,89.26,100.0
2018-10-27 15:30:00,2018-10-27 15:45:00,2018-10-27 16:30:00,198.65,40.54,50.18,47.09,45.36,79.24,168.7699999999999,31.127499999999987,16.71040824606124,24.962604166666665,65.02,-0.8314696123025452,-0.5555702330196022,-0.9749279121818236,-0.2225209339563146,1,12.35,0.0,95.66,100.0
2018-10-27 15:45:00,2018-10-27 16:00:00,2018-10-27 16:45:00,193.07,53.89,40.54,34.42,49.1,73.84,188.2399999999999,31.539374999999986,17.178604595816452,25.0125,65.02,-0.8660254037844385,-0.5000000000000004,-0.9749279121818236,-0.2225209339563146,1,25.42,0.0,90.44,100.0
2018-10-27 16:00:00,2018-10-27 16:15:00,2018-10-27 17:00:00,148.64,53.5,53.89,43.63,58.07,72.9,198.1099999999999,33.445624999999986,17.806036184659522,24.964895833333333,65.02,-0.8968727415326883,-0.44228869021900136,-0.9749279121818236,-0.2225209339563146,1,24.62,0.0,90.84,100.0
2018-10-27 16:15:00,2018-10-27 16:30:00,2018-10-27 17:15:00,104.29,49.39,53.5,50.18,50.44,74.45,197.31999999999988,36.29374999999999,16.430982881055115,24.953958333333333,65.02,-0.9238795325112868,-0.3826834323650895,-0.9749279121818236,-0.2225209339563146,1,20.7,0.0,92.23,100.0
2018-10-27 16:30:00,2018-10-27 16:45:00,2018-10-27 17:30:00,66.06,41.87,49.39,40.54,48.06,71.78,198.6499999999999,38.63187499999999,14.251914002490995,24.88947916666667,65.02,-0.9469301294951056,-0.3214394653031618,-0.9749279121818236,-0.2225209339563146,1,15.16,0.0,94.03,100.0
2018-10-27 16:45:00,2018-10-27 17:00:00,2018-10-27 17:45:00,21.28,48.31,41.87,53.89,55.62,103.82,193.0699999999999,41.30499999999999,11.54918070687359,24.813333333333333,65.02,-0.9659258262890683,-0.25881904510252063,-0.9749279121818236,-0.2225209339563146,1,21.71,0.07,91.21,100.0
2018-10-27 17:00:00,2018-10-27 17:15:00,2018-10-27 18:00:00,15.809999999999999,9.07,48.31,53.5,47.12,38.12,148.6399999999999,41.56124999999999,10.758570929148577,24.416979166666664,65.02,-0.9807852804032303,-0.19509032201612866,-0.9749279121818236,-0.2225209339563146,1,0.29,14.0,99.95,54.37
2018-10-27 17:15:00,2018-10-27 17:30:00,2018-10-27 18:15:00,14.299999999999999,5.04,9.07,49.39,54.86,47.7,104.28999999999989,40.02249999999999,13.70726882898349,23.89802083333333,65.02,-0.9914448613738104,-0.13052619222005163,-0.9749279121818236,-0.2225209339563146,1,0.0,17.86,100.0,27.16
2018-10-27 17:30:00,2018-10-27 17:45:00,2018-10-27 18:30:00,14.19,3.64,5.04,41.87,62.53,32.36,66.0599999999999,37.889999999999986,16.301905563461734,23.284583333333334,65.02,-0.9978589232386035,-0.06540312923014273,-0.9749279121818236,-0.2225209339563146,1,0.0,17.86,100.0,19.97
2018-10-27 17:45:00,2018-10-27 18:00:00,2018-10-27 18:45:00,14.33,3.53,3.64,48.31,31.5,34.2,21.279999999999895,35.804374999999986,18.30653263481104,22.993229166666666,65.02,-1.0,-1.8369701987210297e-16,-0.9749279121818236,-0.2225209339563146,1,0.0,17.86,100.0,19.39
2018-10-27 18:00:00,2018-10-27 18:15:00,2018-10-27 19:00:00,14.370000000000001,3.6,3.53,9.07,31.21,40.18,15.809999999999894,32.976249999999986,19.527267754028713,22.705624999999998,65.02,-0.9978589232386036,0.06540312923014237,-0.9749279121818236,-0.2225209339563146,1,0.0,11.92,100.0,28.91
2018-10-27 18:15:00,2018-10-27 18:30:00,2018-10-27 19:15:00,14.55,3.53,3.6,5.04,39.92,33.91,14.299999999999892,30.701874999999987,20.671732576985583,22.326562499999998,65.02,-0.9914448613738105,0.13052619222005127,-0.9749279121818236,-0.2225209339563146,1,0.0,6.84,100.0,45.86
2018-10-27 18:30:00,2018-10-27 18:45:00,2018-10-27 19:30:00,14.66,3.53,3.53,3.64,51.77,10.51,14.189999999999893,27.979374999999987,21.195926043921975,21.8240625,65.02,-0.9807852804032304,0.1950903220161283,-0.9749279121818236,-0.2225209339563146,1,0.0,10.26,100.0,32.53
2018-10-27 18:45:00,2018-10-27 19:00:00,2018-10-27 19:45:00,14.59,3.67,3.53,3.53,52.06,5.29,14.329999999999893,26.057499999999987,21.906966500408878,21.32,65.02,-0.9659258262890684,0.2588190451025203,-0.9749279121818236,-0.2225209339563146,1,0.0,17.64,100.0,20.37
2018-10-27 19:00:00,2018-10-27 19:15:00,2018-10-27 20:00:00,14.549999999999999,3.64,3.67,3.6,51.12,4.93,14.369999999999893,23.558124999999986,22.040367005438327,20.825416666666666,65.02,-0.9469301294951057,0.3214394653031615,-0.9749279121818236,-0.2225209339563146,1,0.0,17.57,100.0,20.29
2018-10-27 19:15:00,2018-10-27 19:30:00,2018-10-27 20:15:00,14.51,3.71,3.64,3.53,63.14,4.18,14.549999999999894,20.653749999999985,21.393196896152347,20.206354166666667,65.02,-0.923879532511287,0.38268343236508917,-0.9749279121818236,-0.2225209339563146,1,0.0,17.53,100.0,20.71
2018-10-27 19:30:00,2018-10-27 19:45:00,2018-10-27 20:30:00,14.540000000000001,3.64,3.71,3.53,65.02,3.71,14.659999999999894,18.347499999999986,21.11220929344072,19.566979166666666,60.26,-0.8968727415326884,0.442288690219001,-0.9749279121818236,-0.2225209339563146,1,0.0,17.5,100.0,20.36
2018-10-27 19:45:00,2018-10-27 20:00:00,2018-10-27 20:45:00,14.58,3.6,3.64,3.67,51.37,3.71,14.589999999999893,15.204374999999985,19.247983325777874,19.069374999999997,60.26,-0.8660254037844386,0.5000000000000001,-0.9749279121818236,-0.2225209339563146,1,0.0,17.5,100.0,20.15
2018-10-27 20:00:00,2018-10-27 20:15:00,2018-10-27 21:00:00,15.120000000000001,3.6,3.6,3.64,58.72,3.74,14.549999999999894,12.085624999999986,16.658779205254696,18.495208333333334,60.26,-0.8314696123025455,0.5555702330196018,-0.9749279121818236,-0.2225209339563146,1,0.0,17.5,100.0,20.15
2018-10-27 20:15:00,2018-10-27 20:30:00,2018-10-27 21:15:00,16.06,3.67,3.6,3.71,51.12,3.67,14.509999999999893,9.228124999999986,13.66748020793991,18.0009375,60.26,-0.7933533402912357,0.6087614290087199,-0.9749279121818236,-0.2225209339563146,1,0.0,17.57,100.0,20.45
2018-10-27 20:30:00,2018-10-27 20:45:00,2018-10-27 21:30:00,16.060000000000002,3.67,3.67,3.64,49.97,3.6,14.539999999999894,6.840624999999986,10.790616565304859,17.518645833333334,60.26,-0.7518398074789772,0.6593458151000691,-0.9749279121818236,-0.2225209339563146,1,0.0,17.6,100.0,20.41
2018-10-27 20:45:00,2018-10-27 21:00:00,2018-10-27 21:45:00,16.06,3.64,3.67,3.6,60.26,3.64,14.579999999999895,4.048749999999986,1.3421152847499644,16.928854166666667,53.89,-0.7071067811865477,0.7071067811865474,-0.9749279121818236,-0.2225209339563146,1,0.0,17.6,100.0,20.25
2018-10-27 21:00:00,2018-10-27 21:15:00,2018-10-27 22:00:00,15.590000000000002,4.14,3.64,3.6,47.02,3.64,15.119999999999893,3.740624999999986,0.36199911524034534,16.4821875,53.89,-0.6593458151000687,0.7518398074789775,-0.9749279121818236,-0.2225209339563146,1,0.0,17.68,100.0,22.8
2018-10-27 21:15:00,2018-10-27 21:30:00,2018-10-27 22:15:00,14.36,4.61,4.14,3.67,5.72,3.67,16.059999999999892,3.713749999999986,0.26839511463478677,16.470625000000002,53.89,-0.608761429008721,0.7933533402912349,-0.9749279121818236,-0.2225209339563146,1,0.0,17.68,100.0,25.23
2018-10-27 21:30:00,2018-10-27 21:45:00,2018-10-27 22:30:00,14.040000000000001,3.67,4.61,3.67,5.04,3.71,16.059999999999892,3.715624999999986,0.2679778151915162,16.456354166666667,53.89,-0.555570233019603,0.8314696123025447,-0.9749279121818236,-0.2225209339563146,1,0.0,17.6,100.0,20.41
2018-10-27 21:45:00,2018-10-27 22:00:00,2018-10-27 22:45:00,13.82,3.64,3.67,3.64,4.07,3.64,16.059999999999892,3.722499999999986,0.2645160676779605,16.451875,53.89,-0.5000000000000004,0.8660254037844384,-0.9749279121818236,-0.2225209339563146,1,0.0,17.64,100.0,20.21
2018-10-27 22:00:00,2018-10-27 22:15:00,2018-10-27 23:00:00,13.5,3.67,3.64,4.14,3.96,3.6,15.589999999999893,3.7268749999999855,0.2630284859759621,16.448854166666667,53.89,-0.4422886902190014,0.8968727415326883,-0.9749279121818236,-0.2225209339563146,1,0.0,17.14,100.0,20.94
2018-10-27 22:15:00,2018-10-27 22:30:00,2018-10-27 23:15:00,13.5,3.38,3.67,4.61,3.78,3.42,14.359999999999895,3.7174999999999856,0.2723852970698244,16.4446875,53.89,-0.38268343236508956,0.9238795325112868,-0.9749279121818236,-0.2225209339563146,1,6.23,0.18,47.69,99.86
2018-10-27 22:30:00,2018-10-27 22:45:00,2018-10-27 23:30:00,12.989999999999998,3.35,3.38,3.67,3.85,3.42,14.039999999999894,3.706249999999986,0.28339184455419314,16.439479166666665,53.89,-0.32143946530316186,0.9469301294951056,-0.9749279121818236,-0.2225209339563146,1,6.37,0.0,46.55,100.0
2018-10-27 22:45:00,2018-10-27 23:00:00,2018-10-27 23:45:00,12.27,3.42,3.35,3.64,3.67,3.46,13.819999999999894,3.6906249999999856,0.2917290856854077,16.436875,53.89,-0.25881904510252157,0.9659258262890681,-0.9749279121818236,-0.2225209339563146,1,6.98,0.0,44.0,100.0
2018-10-27 23:00:00,2018-10-27 23:15:00,2018-10-28 00:00:00,11.66,3.35,3.42,3.67,3.71,4.0,13.499999999999893,3.6724999999999857,0.3030985814217257,16.433125,53.89,-0.19509032201612872,0.9807852804032303,-0.9749279121818236,-0.2225209339563146,1,6.8,0.0,44.19,100.0
2018-10-27 23:15:00,2018-10-27 23:30:00,2018-10-28 00:15:00,11.020000000000001,3.38,3.35,3.38,3.64,4.39,13.499999999999893,3.6518749999999858,0.3109706327531324,16.430416666666666,53.89,-0.13052619222005168,0.9914448613738104,-0.9749279121818236,-0.2225209339563146,1,6.08,0.0,48.59,100.0
2018-10-27 23:30:00,2018-10-27 23:45:00,2018-10-28 00:30:00,11.129999999999999,2.84,3.38,3.35,3.56,3.35,12.989999999999894,3.6018749999999855,0.3679541200135347,16.422916666666666,53.89,-0.0654031292301428,0.9978589232386035,-0.9749279121818236,-0.2225209339563146,1,4.68,0.0,51.88,100.0
2018-10-27 23:45:00,2018-10-28 00:00:00,2018-10-28 00:45:00,11.809999999999999,2.7,2.84,3.42,3.67,3.06,12.269999999999893,3.5456249999999856,0.42785758078476555,16.412812499999998,53.89,0.0,1.0,-0.7818314824680299,0.6234898018587334,1,4.43,0.0,52.04,100.0
2018-10-28 00:00:00,2018-10-28 00:15:00,2018-10-28 01:00:00,12.06,2.74,2.7,3.35,2.74,3.31,11.659999999999894,3.491874999999986,0.469630423242625,16.412812499999998,53.89,0.06540312923014306,0.9978589232386035,-0.7818314824680299,0.6234898018587334,1,5.0,0.0,48.06,100.0
2018-10-28 00:15:00,2018-10-28 00:30:00,2018-10-28 01:15:00,12.16,2.74,2.74,3.38,3.64,2.74,11.019999999999893,3.433749999999986,0.5005231638596824,16.4034375,53.89,0.13052619222005157,0.9914448613738104,-0.7818314824680299,0.6234898018587334,1,4.64,0.0,50.85,100.0
2018-10-28 00:30:00,2018-10-28 00:45:00,2018-10-28 01:30:00,12.020000000000001,2.95,2.74,2.84,3.64,2.74,11.129999999999894,3.3887499999999857,0.5095448337096083,16.39625,53.89,0.19509032201612825,0.9807852804032304,-0.7818314824680299,0.6234898018587334,1,5.15,0.0,49.7,100.0
2018-10-28 00:45:00,2018-10-28 01:00:00,2018-10-28 01:45:00,11.450000000000001,3.38,2.95,2.7,3.67,2.77,11.809999999999894,3.372499999999986,0.5054020677244693,16.393229166666668,53.89,0.25881904510252074,0.9659258262890683,-0.7818314824680299,0.6234898018587334,1,6.48,0.0,46.25,100.0
2018-10-28 01:00:00,2018-10-28 01:15:00,2018-10-28 02:00:00,11.3,2.99,3.38,2.74,3.67,2.81,12.059999999999894,3.300624999999986,0.47179800702762886,16.386145833333334,53.89,0.3214394653031616,0.9469301294951057,-0.7818314824680299,0.6234898018587334,1,5.58,0.0,47.23,100.0
2018-10-28 01:15:00,2018-10-28 01:30:00,2018-10-28 02:15:00,11.270000000000001,2.84,2.99,2.74,3.74,2.84,12.159999999999894,3.1899999999999857,0.34126602535317757,16.376770833333335,53.89,0.3826834323650898,0.9238795325112867,-0.7818314824680299,0.6234898018587334,1,5.18,0.0,48.07,100.0
2018-10-28 01:30:00,2018-10-28 01:45:00,2018-10-28 02:30:00,11.3,2.81,2.84,2.95,3.64,2.77,12.019999999999893,3.1362499999999858,0.3289353090813003,16.368125,53.89,0.44228869021900125,0.8968727415326884,-0.7818314824680299,0.6234898018587334,1,5.18,0.0,47.68,100.0
2018-10-28 01:45:00,2018-10-28 02:00:00,2018-10-28 02:45:00,11.26,2.81,2.81,3.38,3.64,2.74,11.449999999999894,3.0843749999999854,0.3103217836947055,16.359479166666667,53.89,0.49999999999999994,0.8660254037844387,-0.7818314824680299,0.6234898018587334,1,5.08,0.0,48.4,100.0
2018-10-28 02:00:00,2018-10-28 02:15:00,2018-10-28 03:00:00,11.370000000000001,2.84,2.81,2.99,4.5,2.77,11.299999999999894,3.032499999999986,0.27551088918682803,16.3421875,53.89,0.5555702330196022,0.8314696123025452,-0.7818314824680299,0.6234898018587334,1,5.18,0.0,48.07,100.0
2018-10-28 02:15:00,2018-10-28 02:30:00,2018-10-28 03:15:00,12.02,2.81,2.84,2.84,3.6,2.77,11.269999999999893,2.996874999999986,0.2649226008394774,16.33395833333333,53.89,0.6087614290087207,0.7933533402912352,-0.7818314824680299,0.6234898018587334,1,5.36,0.0,46.43,100.0
2018-10-28 02:30:00,2018-10-28 02:45:00,2018-10-28 03:30:00,12.059999999999999,2.84,2.81,2.81,3.17,2.74,11.299999999999894,2.9649999999999856,0.2508236433444537,16.330520833333335,53.89,0.6593458151000688,0.7518398074789774,-0.7818314824680299,0.6234898018587334,1,5.29,0.0,47.3,100.0
2018-10-28 02:45:00,2018-10-28 03:00:00,2018-10-28 03:45:00,12.129999999999999,2.77,2.84,2.81,3.13,3.13,11.259999999999893,2.9243749999999857,0.2251657377036464,16.32677083333333,53.89,0.7071067811865476,0.7071067811865476,-0.7818314824680299,0.6234898018587334,1,5.11,0.0,47.66,100.0
2018-10-28 03:00:00,2018-10-28 03:15:00,2018-10-28 04:00:00,11.99,2.95,2.77,2.84,3.17,3.85,11.369999999999893,2.899374999999986,0.19696029913577226,16.324479166666666,53.89,0.7518398074789774,0.6593458151000688,-0.7818314824680299,0.6234898018587334,1,5.4,0.0,47.94,100.0
2018-10-28 03:15:00,2018-10-28 03:30:00,2018-10-28 04:15:00,11.34,3.46,2.95,2.81,3.13,3.89,12.019999999999893,2.9043749999999857,0.2097012385172004,16.327916666666667,53.89,0.7933533402912352,0.6087614290087207,-0.7818314824680299,0.6234898018587334,1,6.12,0.0,49.22,100.0
2018-10-28 03:30:00,2018-10-28 03:45:00,2018-10-28 04:30:00,11.3,2.88,3.46,2.84,3.13,2.92,12.059999999999892,2.906874999999986,0.20915660265849897,16.3253125,53.89,0.8314696123025451,0.5555702330196024,-0.7818314824680299,0.6234898018587334,1,5.36,0.0,47.33,100.0
2018-10-28 03:45:00,2018-10-28 04:00:00,2018-10-28 04:45:00,11.270000000000001,2.84,2.88,2.77,3.13,2.74,12.129999999999892,2.9156249999999857,0.20316153532506165,16.32229166666667,53.89,0.8660254037844386,0.5000000000000001,-0.7818314824680299,0.6234898018587334,1,5.26,0.0,47.51,100.0
2018-10-28 04:00:00,2018-10-28 04:15:00,2018-10-28 05:00:00,11.74,2.81,2.84,2.95,3.17,2.81,11.989999999999894,2.9199999999999857,0.2000624903889577,16.318541666666665,53.89,0.8968727415326884,0.44228869021900125,-0.7818314824680299,0.6234898018587334,1,5.18,0.0,47.68,100.0
2018-10-28 04:15:00,2018-10-28 04:30:00,2018-10-28 05:15:00,12.209999999999999,2.81,2.81,3.46,3.17,2.81,11.339999999999893,2.9243749999999857,0.1968174520606019,16.314791666666668,53.89,0.9238795325112867,0.38268343236508984,-0.7818314824680299,0.6234898018587334,1,5.08,0.0,48.4,100.0
2018-10-28 04:30:00,2018-10-28 04:45:00,2018-10-28 05:30:00,12.209999999999999,2.84,2.81,2.88,3.13,2.77,11.299999999999894,2.9174999999999858,0.19772139505029385,16.311770833333334,53.89,0.9469301294951056,0.3214394653031617,-0.7818314824680299,0.6234898018587334,1,5.22,0.0,47.79,100.0
2018-10-28 04:45:00,2018-10-28 05:00:00,2018-10-28 05:45:00,12.139999999999999,2.81,2.84,2.84,3.1,2.77,11.269999999999893,2.8818749999999858,0.15867493323039672,16.30875,53.89,0.9659258262890683,0.25881904510252074,-0.7818314824680299,0.6234898018587334,1,5.29,0.0,46.91,100.0
2018-10-28 05:00:00,2018-10-28 05:15:00,2018-10-28 06:00:00,11.7,3.28,2.81,2.81,3.42,2.81,11.739999999999894,2.8999999999999857,0.18445866762137333,16.307291666666668,53.89,0.9807852804032304,0.19509032201612833,-0.7818314824680299,0.6234898018587334,1,6.44,0.0,45.38,100.0
2018-10-28 05:15:00,2018-10-28 05:30:00,2018-10-28 06:15:00,11.77,3.28,3.28,2.81,3.64,2.77,12.209999999999892,2.927499999999986,0.20510667970747348,16.303541666666668,53.89,0.9914448613738104,0.1305261922200517,-0.7818314824680299,0.6234898018587334,1,6.34,0.0,45.95,100.0
2018-10-28 05:30:00,2018-10-28 05:45:00,2018-10-28 06:30:00,11.85,2.84,3.28,2.84,3.1,2.81,12.209999999999892,2.9293749999999856,0.20415890731394065,16.300833333333333,53.89,0.9978589232386035,0.06540312923014327,-0.7818314824680299,0.6234898018587334,1,5.08,0.0,48.8,100.0
2018-10-28 05:45:00,2018-10-28 06:00:00,2018-10-28 06:45:00,11.85,2.74,2.84,2.81,3.1,2.81,12.139999999999892,2.924999999999986,0.20739455166572404,16.297083333333333,53.89,1.0,6.123233995736766e-17,-0.7818314824680299,0.6234898018587334,1,4.9,0.0,48.81,100.0
2018-10-28 06:00:00,2018-10-28 06:15:00,2018-10-28 07:00:00,11.75,2.84,2.74,3.28,3.06,2.81,11.699999999999893,2.9249999999999856,0.20739455166572404,16.294791666666665,53.89,0.9978589232386035,-0.06540312923014314,-0.7818314824680299,0.6234898018587334,1,5.04,0.0,49.09,100.0
2018-10-28 06:15:00,2018-10-28 06:30:00,2018-10-28 07:15:00,11.21,3.35,2.84,3.28,3.1,2.74,11.769999999999893,2.9587499999999856,0.22877049101794603,16.297395833333333,53.89,0.9914448613738104,-0.1305261922200516,-0.7818314824680299,0.6234898018587334,1,6.91,0.0,43.62,100.0
2018-10-28 06:30:00,2018-10-28 06:45:00,2018-10-28 07:30:00,10.990000000000002,2.92,3.35,2.84,3.67,2.74,11.849999999999893,2.963749999999986,0.22698774760014473,16.289583333333333,53.89,0.9807852804032304,-0.1950903220161282,-0.7818314824680299,0.6234898018587334,1,5.62,0.0,46.11,100.0
2018-10-28 06:45:00,2018-10-28 07:00:00,2018-10-28 07:45:00,11.02,2.74,2.92,2.74,3.49,3.06,11.849999999999893,2.961874999999986,0.22869791086843996,16.281770833333333,53.89,0.9659258262890683,-0.25881904510252063,-0.7818314824680299,0.6234898018587334,1,5.26,0.0,46.2,100.0
2018-10-28 07:00:00,2018-10-28 07:15:00,2018-10-28 08:00:00,11.02,2.74,2.74,2.84,3.1,3.31,11.749999999999893,2.9487499999999858,0.23494347737403215,16.278020833333333,53.89,0.9469301294951057,-0.3214394653031616,-0.7818314824680299,0.6234898018587334,1,5.04,0.0,47.76,100.0
2018-10-28 07:15:00,2018-10-28 07:30:00,2018-10-28 08:15:00,10.98,2.81,2.74,3.35,3.13,2.74,11.209999999999894,2.908124999999986,0.19599804701997406,16.2746875,53.89,0.9238795325112868,-0.3826834323650895,-0.7818314824680299,0.6234898018587334,1,5.15,0.0,47.9,100.0
2018-10-28 07:30:00,2018-10-28 07:45:00,2018-10-28 08:30:00,11.09,2.7,2.81,2.92,3.24,2.77,10.989999999999895,2.896874999999986,0.20235237689648097,16.2690625,53.89,0.8968727415326884,-0.44228869021900113,-0.7818314824680299,0.6234898018587334,1,5.04,0.0,47.22,100.0
2018-10-28 07:45:00,2018-10-28 08:00:00,2018-10-28 08:45:00,11.27,2.77,2.7,2.74,3.2,2.74,11.019999999999895,2.892499999999986,0.20428228033938714,16.264583333333334,53.89,0.8660254037844387,-0.4999999999999998,-0.7818314824680299,0.6234898018587334,1,5.4,0.0,45.64,100.0
2018-10-28 08:00:00,2018-10-28 08:15:00,2018-10-28 09:00:00,12.06,2.74,2.77,2.74,3.38,3.42,11.019999999999895,2.888124999999986,0.20673711431589745,16.257916666666667,53.89,0.8314696123025451,-0.5555702330196023,-0.7818314824680299,0.6234898018587334,1,5.33,0.0,45.72,100.0
2018-10-28 08:15:00,2018-10-28 08:30:00,2018-10-28 09:15:00,12.959999999999999,2.77,2.74,2.81,30.74,3.17,10.979999999999894,2.885624999999986,0.20790528958077764,15.9665625,53.89,0.7933533402912352,-0.6087614290087207,-0.7818314824680299,0.6234898018587334,1,5.4,0.0,45.64,100.0
2018-10-28 08:30:00,2018-10-28 08:45:00,2018-10-28 09:30:00,13.64,2.81,2.77,2.7,46.55,2.74,11.089999999999895,2.883749999999986,0.20844288800692848,15.510937499999999,53.89,0.7518398074789774,-0.6593458151000688,-0.7818314824680299,0.6234898018587334,1,5.58,0.0,44.98,100.0
2018-10-28 08:45:00,2018-10-28 09:00:00,2018-10-28 09:45:00,13.709999999999999,2.95,2.81,2.77,47.02,2.88,11.269999999999893,2.892499999999986,0.20810153786231364,15.051875,53.89,0.7071067811865476,-0.7071067811865475,-0.7818314824680299,0.6234898018587334,1,2.66,1.98,74.27,83.03
2018-10-28 09:00:00,2018-10-28 09:15:00,2018-10-28 10:00:00,13.35,3.53,2.95,2.74,45.72,3.02,12.059999999999892,2.908124999999986,0.24305911716215037,14.612395833333332,53.89,0.659345815100069,-0.7518398074789773,-0.7818314824680299,0.6234898018587334,1,0.0,16.38,100.0,21.07
2018-10-28 09:15:00,2018-10-28 09:30:00,2018-10-28 10:15:00,12.74,3.67,3.53,2.77,46.15,2.99,12.959999999999894,2.9324999999999855,0.29345996330099094,14.169895833333333,53.89,0.6087614290087209,-0.793353340291235,-0.7818314824680299,0.6234898018587334,1,0.0,15.66,100.0,22.82
2018-10-28 09:30:00,2018-10-28 09:45:00,2018-10-28 10:30:00,12.27,3.49,3.67,2.81,44.71,3.06,13.639999999999894,2.973124999999986,0.3214949213215931,13.740520833333335,53.89,0.5555702330196025,-0.831469612302545,-0.7818314824680299,0.6234898018587334,1,0.0,13.68,100.0,24.72
2018-10-28 09:45:00,2018-10-28 10:00:00,2018-10-28 10:45:00,12.24,3.02,3.49,2.95,45.25,3.56,13.709999999999894,2.990624999999986,0.3159008696340664,13.300625000000002,53.89,0.49999999999999994,-0.8660254037844387,-0.7818314824680299,0.6234898018587334,1,0.0,10.73,100.0,27.09
2018-10-28 10:00:00,2018-10-28 10:15:00,2018-10-28 11:00:00,12.06,3.17,3.02,3.53,46.08,3.35,13.349999999999893,3.0112499999999858,0.31616599684428154,12.853645833333331,53.89,0.4422886902190017,-0.8968727415326881,-0.7818314824680299,0.6234898018587334,1,0.0,10.58,100.0,28.7
2018-10-28 10:15:00,2018-10-28 10:30:00,2018-10-28 11:15:00,12.06,3.06,3.17,3.67,42.34,2.99,12.739999999999892,2.993124999999986,0.304317243079581,12.444479166666667,53.89,0.3826834323650899,-0.9238795325112867,-0.7818314824680299,0.6234898018587334,1,0.0,10.62,100.0,27.69
2018-10-28 10:30:00,2018-10-28 10:45:00,2018-10-28 11:30:00,12.14,3.02,3.06,3.49,48.6,2.99,12.269999999999895,2.999374999999986,0.3037776480183333,11.969687500000001,53.89,0.32143946530316175,-0.9469301294951056,-0.7818314824680299,0.6234898018587334,1,0.0,10.8,100.0,26.93
2018-10-28 10:45:00,2018-10-28 11:00:00,2018-10-28 11:45:00,12.21,2.99,3.02,3.02,37.48,2.99,12.239999999999894,3.0149999999999855,0.29637391933254587,11.610416666666667,53.89,0.258819045102521,-0.9659258262890682,-0.7818314824680299,0.6234898018587334,1,0.0,10.87,100.0,26.52
2018-10-28 11:00:00,2018-10-28 11:15:00,2018-10-28 12:00:00,12.280000000000001,2.99,2.99,3.17,40.36,3.02,12.059999999999894,3.030624999999986,0.2879337761283285,11.221145833333333,53.89,0.19509032201612816,-0.9807852804032304,-0.7818314824680299,0.6234898018587334,1,0.0,10.84,100.0,26.59
2018-10-28 11:15:00,2018-10-28 11:30:00,2018-10-28 12:15:00,12.420000000000002,3.06,2.99,3.06,46.58,2.95,12.059999999999892,3.046249999999986,0.28226483585544687,10.7678125,53.89,0.130526192220052,-0.9914448613738104,-0.7818314824680299,0.6234898018587334,1,0.0,10.8,100.0,27.26
2018-10-28 11:30:00,2018-10-28 11:45:00,2018-10-28 12:30:00,13.06,3.1,3.06,3.02,45.58,2.95,12.139999999999894,3.071249999999986,0.2678356540128232,10.3253125,53.89,0.06540312923014312,-0.9978589232386035,-0.7818314824680299,0.6234898018587334,1,0.0,10.69,100.0,27.85
2018-10-28 11:45:00,2018-10-28 12:00:00,2018-10-28 12:45:00,13.17,3.06,3.1,2.99,47.3,3.02,12.209999999999894,3.0893749999999858,0.25640467904361297,9.864479166666667,53.89,1.2246467991473532e-16,-1.0,-0.7818314824680299,0.6234898018587334,1,0.0,10.66,100.0,27.59
2018-10-28 12:00:00,2018-10-28 12:15:00,2018-10-28 13:00:00,13.309999999999999,3.06,3.06,2.99,23.0,2.99,12.279999999999893,3.109374999999986,0.2403504928961821,9.656770833333335,53.89,-0.06540312923014287,-0.9978589232386035,-0.7818314824680299,0.6234898018587334,1,0.0,10.51,100.0,27.95
2018-10-28 12:15:00,2018-10-28 12:30:00,2018-10-28 13:15:00,13.489999999999998,3.2,3.06,3.06,3.82,3.1,12.419999999999893,3.136249999999986,0.22441242737515704,9.6503125,53.89,-0.13052619222005177,-0.9914448613738104,-0.7818314824680299,0.6234898018587334,1,0.0,10.84,100.0,28.31
2018-10-28 12:30:00,2018-10-28 12:45:00,2018-10-28 13:30:00,13.42,3.74,3.2,3.1,4.46,3.02,13.059999999999894,3.1943749999999858,0.25122123603579094,9.6428125,53.89,-0.19509032201612792,-0.9807852804032305,-0.7818314824680299,0.6234898018587334,1,0.0,13.28,100.0,27.11
2018-10-28 12:45:00,2018-10-28 13:00:00,2018-10-28 13:45:00,13.45,3.17,3.74,3.06,5.54,3.1,13.169999999999893,3.2081249999999857,0.24336748845179895,9.618125000000001,53.89,-0.2588190451025208,-0.9659258262890683,-0.7818314824680299,0.6234898018587334,1,0.0,10.19,100.0,29.7
2018-10-28 13:00:00,2018-10-28 13:15:00,2018-10-28 14:00:00,13.27,3.2,3.17,3.06,4.97,3.53,13.309999999999894,3.187499999999986,0.22876024580411178,9.5996875,53.89,-0.32143946530316153,-0.9469301294951057,-0.7818314824680299,0.6234898018587334,1,0.0,10.15,100.0,30.07
2018-10-28 13:15:00,2018-10-28 13:30:00,2018-10-28 14:15:00,12.99,3.38,3.2,3.2,29.66,3.49,13.489999999999894,3.169374999999986,0.1994200577559244,9.3259375,53.89,-0.38268343236508967,-0.9238795325112868,-0.7818314824680299,0.6234898018587334,1,0.0,13.39,100.0,24.47
2018-10-28 13:30:00,2018-10-28 13:45:00,2018-10-28 14:30:00,12.38,3.67,3.38,3.74,37.76,2.99,13.419999999999893,3.180624999999986,0.22109016132647036,8.970833333333333,53.89,-0.44228869021900147,-0.8968727415326883,-0.7818314824680299,0.6234898018587334,1,0.0,16.38,100.0,21.86
2018-10-28 13:45:00,2018-10-28 14:00:00,2018-10-28 14:45:00,12.24,3.2,3.67,3.17,36.9,3.31,13.449999999999893,3.191874999999986,0.21717558434444964,8.619791666666666,53.89,-0.4999999999999997,-0.8660254037844388,-0.7818314824680299,0.6234898018587334,1,0.0,11.77,100.0,26.24
2018-10-28 14:00:00,2018-10-28 14:15:00,2018-10-28 15:00:00,12.280000000000001,3.02,3.2,3.2,48.85,3.64,13.269999999999893,3.182499999999986,0.2211193118213847,8.142395833333333,53.89,-0.555570233019602,-0.8314696123025455,-0.7818314824680299,0.6234898018587334,1,0.0,10.69,100.0,27.19
2018-10-28 14:15:00,2018-10-28 14:30:00,2018-10-28 15:15:00,12.24,3.1,3.02,3.38,39.92,3.02,12.989999999999894,3.184999999999986,0.2199431746164454,7.758854166666667,53.89,-0.6087614290087207,-0.7933533402912352,-0.7818314824680299,0.6234898018587334,1,0.0,10.66,100.0,27.92
2018-10-28 14:30:00,2018-10-28 14:45:00,2018-10-28 15:30:00,12.709999999999999,3.06,3.1,3.67,47.09,2.99,12.379999999999892,3.187499999999986,0.2182744833010896,7.300208333333334,53.89,-0.6593458151000688,-0.7518398074789774,-0.7818314824680299,0.6234898018587334,1,0.0,10.51,100.0,27.95
2018-10-28 14:45:00,2018-10-28 15:00:00,2018-10-28 15:45:00,13.14,3.06,3.06,3.2,34.42,3.06,12.239999999999894,3.1918749999999863,0.21494821338023065,6.973541666666667,53.89,-0.7071067811865471,-0.7071067811865479,-0.7818314824680299,0.6234898018587334,1,0.0,10.58,100.0,27.78
2018-10-28 15:00:00,2018-10-28 15:15:00,2018-10-28 16:00:00,13.21,3.06,3.06,3.02,43.63,2.99,12.279999999999893,3.196249999999986,0.21147916578317752,6.550937500000001,53.89,-0.7518398074789773,-0.6593458151000691,-0.7818314824680299,0.6234898018587334,1,0.0,10.48,100.0,28.03
2018-10-28 15:15:00,2018-10-28 15:30:00,2018-10-28 16:15:00,13.209999999999999,3.06,3.06,3.1,50.18,3.13,12.24,3.196249999999986,0.21147916578317752,6.060104166666666,53.89,-0.7933533402912349,-0.6087614290087209,-0.7818314824680299,0.6234898018587334,1,0.0,10.48,100.0,28.03
2018-10-28 15:30:00,2018-10-28 15:45:00,2018-10-28 16:30:00,12.7,3.53,3.06,3.06,40.54,3.82,12.709999999999892,3.223124999999986,0.22446377087476974,5.6745833333333335,53.89,-0.8314696123025452,-0.5555702330196022,-0.7818314824680299,0.6234898018587334,1,0.0,12.24,100.0,27.71
2018-10-28 15:45:00,2018-10-28 16:00:00,2018-10-28 16:45:00,12.229999999999999,3.49,3.53,3.06,53.89,10.37,13.139999999999894,3.249999999999986,0.22901964994360982,5.149583333333333,53.5,-0.8660254037844385,-0.5000000000000004,-0.7818314824680299,0.6234898018587334,1,0.0,13.68,100.0,24.72
2018-10-28 16:00:00,2018-10-28 16:15:00,2018-10-28 17:00:00,12.12,3.13,3.49,3.06,53.5,24.88,13.209999999999894,3.254374999999986,0.22599692350846085,4.624895833333333,49.39,-0.8968727415326883,-0.44228869021900136,-0.7818314824680299,0.6234898018587334,1,0.0,10.51,100.0,28.54
2018-10-28 16:15:00,2018-10-28 16:30:00,2018-10-28 17:15:00,12.08,3.06,3.13,3.06,49.39,24.62,13.209999999999892,3.2456249999999858,0.23059620429507957,4.142291666666666,48.31,-0.9238795325112868,-0.3826834323650895,-0.7818314824680299,0.6234898018587334,1,0.0,10.62,100.0,27.69
2018-10-28 16:30:00,2018-10-28 16:45:00,2018-10-28 17:30:00,12.120000000000001,3.02,3.06,3.53,41.87,20.41,12.699999999999893,3.200624999999986,0.1976255535990834,3.737604166666667,48.31,-0.9469301294951056,-0.3214394653031618,-0.7818314824680299,0.6234898018587334,1,0.0,10.66,100.0,27.26
2018-10-28 16:45:00,2018-10-28 17:00:00,2018-10-28 17:45:00,12.12,3.02,3.02,3.49,48.31,3.92,12.229999999999894,3.191249999999986,0.20235720288725528,3.265833333333333,9.07,-0.9659258262890683,-0.25881904510252063,-0.7818314824680299,0.6234898018587334,1,0.0,10.73,100.0,27.09
2018-10-28 17:00:00,2018-10-28 17:15:00,2018-10-28 18:00:00,12.02,3.02,3.02,3.13,9.07,4.75,12.119999999999894,3.1799999999999855,0.2065187644267836,3.2028125,5.04,-0.9807852804032303,-0.19509032201612866,-0.7818314824680299,0.6234898018587334,1,0.0,10.76,100.0,27.02
2018-10-28 17:15:00,2018-10-28 17:30:00,2018-10-28 18:15:00,11.95,3.02,3.02,3.06,5.04,3.49,12.08,3.157499999999986,0.20308557324534013,3.181770833333333,4.61,-0.9914448613738104,-0.13052619222005163,-0.7818314824680299,0.6234898018587334,1,0.0,10.76,100.0,27.02
2018-10-28 17:30:00,2018-10-28 17:45:00,2018-10-28 18:30:00,12.17,3.06,3.02,3.02,3.64,2.95,12.119999999999893,3.119374999999986,0.15481718068556702,3.1757291666666667,4.61,-0.9978589232386035,-0.06540312923014273,-0.7818314824680299,0.6234898018587334,1,0.0,10.76,100.0,27.35
2018-10-28 17:45:00,2018-10-28 18:00:00,2018-10-28 18:45:00,13.97,3.02,3.06,3.02,3.53,2.95,12.119999999999893,3.1081249999999856,0.1550894401158217,3.1704166666666667,4.61,-1.0,-1.8369701987210297e-16,-0.7818314824680299,0.6234898018587334,1,0.0,10.8,100.0,26.93
2018-10-28 18:00:00,2018-10-28 18:15:00,2018-10-28 19:00:00,14.540000000000001,2.92,3.02,3.02,3.6,2.95,12.019999999999893,3.101874999999986,0.16043763409950126,3.1633333333333336,4.61,-0.9978589232386036,0.06540312923014237,-0.7818314824680299,0.6234898018587334,1,0.0,7.16,100.0,37.76
2018-10-28 18:15:00,2018-10-28 18:30:00,2018-10-28 19:15:00,14.54,2.95,2.92,3.02,3.53,2.99,11.949999999999894,3.092499999999986,0.1646017923974556,3.157291666666667,4.61,-0.9914448613738105,0.13052619222005127,-0.7818314824680299,0.6234898018587334,1,0.0,3.74,100.0,61.93
2018-10-28 18:30:00,2018-10-28 18:45:00,2018-10-28 19:30:00,14.250000000000002,3.28,2.95,3.06,3.53,2.99,12.169999999999893,3.106249999999986,0.17039934730051334,3.1546874999999996,4.61,-0.9807852804032304,0.1950903220161283,-0.7818314824680299,0.6234898018587334,1,0.0,8.28,100.0,36.83
2018-10-28 18:45:00,2018-10-28 19:00:00,2018-10-28 19:45:00,12.379999999999999,4.82,3.28,3.02,3.67,3.02,13.969999999999894,3.2162499999999854,0.4476169540581861,3.1666666666666665,4.82,-0.9659258262890684,0.2588190451025203,-0.7818314824680299,0.6234898018587334,1,0.0,17.1,100.0,27.13
2018-10-28 19:00:00,2018-10-28 19:15:00,2018-10-28 20:00:00,11.81,3.49,4.82,2.92,3.64,3.02,14.539999999999894,3.243124999999986,0.45032930665825066,3.165104166666666,4.82,-0.9469301294951057,0.3214394653031615,-0.7818314824680299,0.6234898018587334,1,0.0,14.65,100.0,23.17
2018-10-28 19:15:00,2018-10-28 19:30:00,2018-10-28 20:15:00,11.92,2.95,3.49,2.95,3.71,3.06,14.539999999999893,3.236249999999986,0.4538980475396516,3.1571875000000005,4.82,-0.923879532511287,0.38268343236508917,-0.7818314824680299,0.6234898018587334,1,0.0,11.34,100.0,25.18
2018-10-28 19:30:00,2018-10-28 19:45:00,2018-10-28 20:30:00,11.879999999999999,2.99,2.95,3.28,3.64,3.1,14.249999999999893,3.202499999999986,0.450867219988704,3.1504166666666666,4.82,-0.8968727415326884,0.442288690219001,-0.7818314824680299,0.6234898018587334,1,0.0,11.34,100.0,25.5
2018-10-28 19:45:00,2018-10-28 20:00:00,2018-10-28 20:45:00,11.879999999999999,2.95,2.99,4.82,3.6,3.02,12.379999999999894,3.1687499999999855,0.4482866689523312,3.1436458333333337,4.82,-0.8660254037844386,0.5000000000000001,-0.7818314824680299,0.6234898018587334,1,0.0,11.41,100.0,25.03
2018-10-28 20:00:00,2018-10-28 20:15:00,2018-10-28 21:00:00,11.950000000000001,2.92,2.95,3.49,3.6,2.99,11.809999999999894,3.155624999999986,0.45228542916546677,3.1365624999999997,4.82,-0.8314696123025455,0.5555702330196018,-0.7818314824680299,0.6234898018587334,1,0.0,11.45,100.0,24.71
2018-10-28 20:15:00,2018-10-28 20:30:00,2018-10-28 21:15:00,11.88,3.06,2.92,2.95,3.67,3.49,11.919999999999893,3.155624999999986,0.45228542916546677,3.1302083333333335,4.82,-0.7933533402912357,0.6087614290087199,-0.7818314824680299,0.6234898018587334,1,0.0,11.41,100.0,25.9
2018-10-28 20:30:00,2018-10-28 20:45:00,2018-10-28 21:30:00,11.95,2.95,3.06,2.99,3.67,3.71,11.879999999999892,3.151249999999986,0.4539118169428892,3.1227083333333336,4.82,-0.7518398074789772,0.6593458151000691,-0.7818314824680299,0.6234898018587334,1,0.0,11.34,100.0,25.18
2018-10-28 20:45:00,2018-10-28 21:00:00,2018-10-28 21:45:00,11.95,2.95,2.95,2.95,3.64,3.24,11.879999999999894,3.146874999999986,0.45549037798333286,3.1155208333333335,4.82,-0.7071067811865477,0.7071067811865474,-0.7818314824680299,0.6234898018587334,1,0.0,11.38,100.0,25.09
2018-10-28 21:00:00,2018-10-28 21:15:00,2018-10-28 22:00:00,11.950000000000001,2.99,2.95,2.92,4.14,3.28,11.949999999999894,3.144999999999986,0.45607017010587453,3.103541666666667,4.82,-0.6593458151000687,0.7518398074789775,-0.7818314824680299,0.6234898018587334,1,0.0,11.41,100.0,25.35
2018-10-28 21:15:00,2018-10-28 21:30:00,2018-10-28 22:15:00,12.13,2.99,2.99,3.06,4.61,3.67,11.879999999999894,3.1431249999999857,0.45664152727867763,3.0866666666666664,4.82,-0.608761429008721,0.7933533402912349,-0.7818314824680299,0.6234898018587334,1,0.0,11.38,100.0,25.41
2018-10-28 21:30:00,2018-10-28 21:45:00,2018-10-28 22:30:00,12.42,3.02,2.99,2.95,3.67,3.31,11.949999999999894,3.140624999999986,0.4571989276402624,3.0798958333333335,4.82,-0.555570233019603,0.8314696123025447,-0.7818314824680299,0.6234898018587334,1,0.0,11.3,100.0,25.82
2018-10-28 21:45:00,2018-10-28 22:00:00,2018-10-28 22:45:00,12.24,2.95,3.02,2.95,3.64,3.02,11.949999999999893,3.136249999999986,0.4586648422981756,3.0727083333333334,4.82,-0.5000000000000004,0.8660254037844384,-0.7818314824680299,0.6234898018587334,1,0.0,11.34,100.0,25.18
2018-10-28 22:00:00,2018-10-28 22:15:00,2018-10-28 23:00:00,12.45,2.99,2.95,2.99,3.67,3.06,11.949999999999893,3.140624999999986,0.45691176329287675,3.0656250000000003,4.82,-0.4422886902190014,0.8968727415326883,-0.7818314824680299,0.6234898018587334,1,0.0,11.05,100.0,26.12
2018-10-28 22:15:00,2018-10-28 22:30:00,2018-10-28 23:15:00,12.41,3.17,2.99,2.99,3.38,2.88,12.129999999999892,3.1543749999999857,0.45427096477255924,3.0634375000000005,4.82,-0.38268343236508956,0.9238795325112868,-0.7818314824680299,0.6234898018587334,1,6.16,0.11,45.76,99.94
2018-10-28 22:30:00,2018-10-28 22:45:00,2018-10-28 23:30:00,11.840000000000002,3.31,3.17,3.02,3.35,2.88,12.419999999999893,3.156249999999986,0.4548471584613779,3.063020833333333,4.82,-0.32143946530316186,0.9469301294951056,-0.7818314824680299,0.6234898018587334,1,6.73,0.0,44.13,100.0
2018-10-28 22:45:00,2018-10-28 23:00:00,2018-10-28 23:45:00,11.84,2.77,3.31,2.95,3.42,2.84,12.239999999999892,3.028124999999986,0.16367722638021817,3.0562500000000004,4.82,-0.25881904510252157,0.9659258262890681,-0.7818314824680299,0.6234898018587334,1,5.18,0.0,47.16,100.0
2018-10-28 23:00:00,2018-10-28 23:15:00,2018-10-29 00:00:00,12.280000000000001,3.2,2.77,2.99,3.35,2.81,12.449999999999894,3.009999999999986,0.12237238275256296,3.0546875,4.82,-0.19509032201612872,0.9807852804032303,-0.7818314824680299,0.6234898018587334,1,6.44,0.0,44.5,100.0
2018-10-28 23:15:00,2018-10-28 23:30:00,2018-10-29 00:15:00,11.92,3.13,3.2,3.17,3.38,2.81,12.409999999999894,3.021249999999986,0.12459308793238986,3.0520833333333335,4.82,-0.13052619222005168,0.9914448613738104,-0.7818314824680299,0.6234898018587334,1,5.8,0.0,47.49,100.0
2018-10-28 23:30:00,2018-10-28 23:45:00,2018-10-29 00:30:00,11.95,2.74,3.13,3.31,2.84,2.81,11.839999999999893,3.0056249999999856,0.14199334292685784,3.051041666666667,4.82,-0.0654031292301428,0.9978589232386035,-0.7818314824680299,0.6234898018587334,1,4.75,0.0,49.97,100.0
2018-10-28 23:45:00,2018-10-29 00:00:00,2018-10-29 00:45:00,12.02,2.77,2.74,2.77,2.7,3.2,11.839999999999895,2.994374999999986,0.15268303584732584,3.051770833333333,4.82,0.0,1.0,0.0,1.0,0,4.9,0.0,49.21,100.0
2018-10-29 00:00:00,2018-10-29 00:15:00,2018-10-29 01:00:00,11.12,3.64,2.77,3.2,2.74,3.67,12.279999999999895,3.039374999999986,0.21677951802582657,3.0611458333333332,4.82,0.06540312923014306,0.9978589232386035,0.0,1.0,0,6.41,0.0,49.38,100.0
2018-10-29 00:15:00,2018-10-29 00:30:00,2018-10-29 01:15:00,11.16,2.77,3.64,3.13,2.74,2.81,11.919999999999895,3.0212499999999856,0.22621546711161958,3.061458333333334,4.82,0.13052619222005157,0.9914448613738104,0.0,1.0,0,5.11,0.0,47.66,100.0
2018-10-29 00:30:00,2018-10-29 00:45:00,2018-10-29 01:30:00,11.59,2.77,2.77,2.74,2.95,2.81,11.949999999999893,3.009999999999986,0.23382685915125273,3.059583333333333,4.82,0.19509032201612825,0.9807852804032304,0.0,1.0,0,5.11,0.0,47.66,100.0
2018-10-29 00:45:00,2018-10-29 01:00:00,2018-10-29 01:45:00,12.129999999999999,2.84,2.77,2.77,3.38,2.88,12.019999999999893,3.0031249999999856,0.23708434034230697,3.0539583333333336,4.82,0.25881904510252074,0.9659258262890683,0.0,1.0,0,5.08,0.0,48.8,100.0
2018-10-29 01:00:00,2018-10-29 01:15:00,2018-10-29 02:00:00,12.16,2.74,2.84,3.64,2.99,2.88,11.119999999999893,2.9874999999999856,0.24552240235987194,3.0513541666666666,4.82,0.3214394653031616,0.9469301294951057,0.0,1.0,0,5.08,0.0,47.47,100.0
2018-10-29 01:15:00,2018-10-29 01:30:00,2018-10-29 02:15:00,12.12,2.81,2.74,2.77,2.84,2.88,11.159999999999894,2.976249999999986,0.2492457372966976,3.0510416666666664,4.82,0.3826834323650898,0.9238795325112867,0.0,1.0,0,5.18,0.0,47.68,100.0
2018-10-29 01:30:00,2018-10-29 01:45:00,2018-10-29 02:30:00,12.16,3.2,2.81,2.77,2.81,2.84,11.589999999999893,2.987499999999986,0.2549632327622217,3.0551041666666667,4.82,0.44228869021900125,0.8968727415326884,0.0,1.0,0,6.34,0.0,45.06,100.0
2018-10-29 01:45:00,2018-10-29 02:00:00,2018-10-29 02:45:00,12.16,3.38,3.2,2.84,2.81,2.99,12.129999999999894,3.0143749999999856,0.27170684466081324,3.0610416666666667,4.82,0.49999999999999994,0.8660254037844387,0.0,1.0,0,6.48,0.0,46.25,100.0
2018-10-29 02:00:00,2018-10-29 02:15:00,2018-10-29 03:00:00,12.16,2.77,3.38,2.74,2.84,3.53,12.159999999999894,3.000624999999986,0.27808426678895265,3.0603125,4.82,0.5555702330196022,0.8314696123025452,0.0,1.0,0,5.15,0.0,47.37,100.0
2018-10-29 02:15:00,2018-10-29 02:30:00,2018-10-29 03:15:00,12.200000000000001,2.77,2.77,2.81,2.81,3.13,12.119999999999893,2.9756249999999858,0.27970897274770257,3.0598958333333335,4.82,0.6087614290087207,0.7933533402912352,0.0,1.0,0,5.11,0.0,47.66,100.0
2018-10-29 02:30:00,2018-10-29 02:45:00,2018-10-29 03:30:00,11.770000000000001,3.24,2.77,3.2,2.84,2.88,12.159999999999894,2.9712499999999857,0.2749517004140536,3.0640625,4.82,0.6593458151000688,0.7518398074789774,0.0,1.0,0,6.3,0.0,45.73,100.0
2018-10-29 02:45:00,2018-10-29 03:00:00,2018-10-29 03:45:00,11.200000000000001,3.38,3.24,3.38,2.77,2.88,12.159999999999894,3.009374999999986,0.2864539394659121,3.0704166666666666,4.82,0.7071067811865476,0.7071067811865476,0.0,1.0,0,7.06,0.0,43.18,100.0
2018-10-29 03:00:00,2018-10-29 03:15:00,2018-10-29 04:00:00,11.24,2.77,3.38,2.77,2.95,3.46,12.159999999999894,2.9824999999999857,0.2874782601529513,3.068541666666667,4.82,0.7518398074789774,0.6593458151000688,0.0,1.0,0,5.18,0.0,47.16,100.0
2018-10-29 03:15:00,2018-10-29 03:30:00,2018-10-29 04:15:00,11.17,2.81,2.77,2.77,3.46,3.24,12.199999999999894,2.9624999999999857,0.2876521337667921,3.0617708333333327,4.82,0.7933533402912352,0.6087614290087207,0.0,1.0,0,5.29,0.0,46.91,100.0
2018-10-29 03:30:00,2018-10-29 03:45:00,2018-10-29 04:30:00,11.17,2.81,2.81,3.24,2.88,2.92,11.769999999999893,2.966874999999986,0.2847524968030728,3.061041666666666,4.82,0.8314696123025451,0.5555702330196024,0.0,1.0,0,5.18,0.0,47.68,100.0
2018-10-29 03:45:00,2018-10-29 04:00:00,2018-10-29 04:45:00,11.13,2.81,2.81,3.38,2.84,2.92,11.199999999999893,2.9693749999999857,0.28318432060335086,3.0607291666666665,4.82,0.8660254037844386,0.5000000000000001,0.0,1.0,0,5.18,0.0,47.68,100.0
2018-10-29 04:00:00,2018-10-29 04:15:00,2018-10-29 05:00:00,11.09,2.81,2.81,2.77,2.81,2.95,11.24,2.9174999999999858,0.22579027893298365,3.0607291666666665,4.82,0.8968727415326884,0.44228869021900125,0.0,1.0,0,5.15,0.0,47.9,100.0
2018-10-29 04:15:00,2018-10-29 04:30:00,2018-10-29 05:15:00,11.77,2.74,2.81,2.81,2.81,2.88,11.169999999999893,2.915624999999986,0.2271279582870336,3.06,4.82,0.9238795325112867,0.38268343236508984,0.0,1.0,0,5.15,0.0,46.97,100.0
2018-10-29 04:30:00,2018-10-29 04:45:00,2018-10-29 05:30:00,12.13,2.81,2.74,2.81,2.84,2.92,11.169999999999893,2.9181249999999856,0.22572712383679971,3.0596875000000003,4.82,0.9469301294951056,0.3214394653031617,0.0,1.0,0,5.15,0.0,47.9,100.0
2018-10-29 04:45:00,2018-10-29 05:00:00,2018-10-29 05:45:00,12.1,2.77,2.81,2.81,2.81,2.92,11.129999999999894,2.9137499999999856,0.2278671489281384,3.059270833333334,4.82,0.9659258262890683,0.25881904510252074,0.0,1.0,0,5.04,0.0,48.17,100.0
2018-10-29 05:00:00,2018-10-29 05:15:00,2018-10-29 06:00:00,12.030000000000001,2.77,2.77,2.81,3.28,2.88,11.089999999999893,2.915624999999986,0.22654935320065797,3.0539583333333336,4.82,0.9807852804032304,0.19509032201612833,0.0,1.0,0,5.15,0.0,47.37,100.0
2018-10-29 05:15:00,2018-10-29 05:30:00,2018-10-29 06:15:00,11.27,3.42,2.77,2.74,3.28,2.88,11.769999999999893,2.9537499999999857,0.25509495792860626,3.0554166666666673,4.82,0.9914448613738104,0.1305261922200517,0.0,1.0,0,6.95,0.0,44.15,100.0
2018-10-29 05:30:00,2018-10-29 05:45:00,2018-10-29 06:30:00,10.8,3.17,3.42,2.81,2.84,2.84,12.129999999999892,2.9518749999999856,0.2533825851071839,3.0588541666666664,4.82,0.9978589232386035,0.06540312923014327,0.0,1.0,0,5.72,0.0,48.47,100.0
2018-10-29 05:45:00,2018-10-29 06:00:00,2018-10-29 06:45:00,11.08,2.74,3.17,2.77,2.74,2.84,12.099999999999893,2.911874999999986,0.23227727920664204,3.0588541666666664,4.82,1.0,6.123233995736766e-17,0.0,1.0,0,4.82,0.0,49.42,100.0
2018-10-29 06:00:00,2018-10-29 06:15:00,2018-10-29 07:00:00,11.66,2.7,2.74,2.77,2.84,2.84,12.029999999999895,2.9074999999999855,0.23554458189617697,3.057395833333333,4.82,0.9978589232386035,-0.06540312923014314,0.0,1.0,0,4.79,0.0,49.1,100.0
2018-10-29 06:15:00,2018-10-29 06:30:00,2018-10-29 07:15:00,11.84,2.66,2.7,3.42,3.35,2.81,11.269999999999895,2.900624999999986,0.24099970837254528,3.0502083333333334,4.82,0.9914448613738104,-0.1305261922200516,0.0,1.0,0,4.75,0.0,48.86,100.0
2018-10-29 06:30:00,2018-10-29 06:45:00,2018-10-29 07:30:00,12.06,2.7,2.66,3.17,2.92,3.89,10.799999999999894,2.866874999999986,0.22860224066199897,3.047916666666667,4.82,0.9807852804032304,-0.1950903220161282,0.0,1.0,0,4.61,0.0,50.54,100.0
2018-10-29 06:45:00,2018-10-29 07:00:00,2018-10-29 07:45:00,13.04,3.02,2.7,2.74,2.74,4.1,11.079999999999895,2.8443749999999857,0.19173447638781502,3.0508333333333333,4.82,0.9659258262890683,-0.25881904510252063,0.0,1.0,0,5.51,0.0,48.06,100.0
2018-10-29 07:00:00,2018-10-29 07:15:00,2018-10-29 08:00:00,13.65,3.28,3.02,2.7,2.74,2.84,11.659999999999894,2.876249999999986,0.2173958085168085,3.0564583333333335,4.82,0.9469301294951057,-0.3214394653031616,0.0,1.0,0,6.37,0.0,45.78,100.0
2018-10-29 07:15:00,2018-10-29 07:30:00,2018-10-29 08:15:00,34.53,2.84,3.28,2.66,2.81,2.99,11.839999999999893,2.8781249999999856,0.21694523372426264,3.056770833333333,4.82,0.9238795325112868,-0.3826834323650895,0.0,1.0,0,5.0,0.0,49.39,100.0
2018-10-29 07:30:00,2018-10-29 07:45:00,2018-10-29 08:30:00,99.9,2.92,2.84,2.7,2.7,3.6,12.059999999999894,2.8849999999999856,0.21641973121845404,3.0590625,4.82,0.8968727415326884,-0.44228869021900113,0.0,1.0,0,4.82,0.0,51.81,100.0
2018-10-29 07:45:00,2018-10-29 08:00:00,2018-10-29 08:45:00,153.86,4.0,2.92,3.02,2.77,3.92,13.039999999999893,2.959374999999986,0.3444645982326654,3.071875,4.82,0.8660254037844387,-0.4999999999999998,0.0,1.0,0,6.19,0.0,54.27,100.0
2018-10-29 08:00:00,2018-10-29 08:15:00,2018-10-29 09:00:00,217.79,3.89,4.0,3.28,2.74,3.96,13.649999999999892,3.0268749999999858,0.40845316063842907,3.083854166666667,4.82,0.8314696123025451,-0.5555702330196023,0.0,1.0,0,5.58,0.0,57.19,100.0
2018-10-29 08:15:00,2018-10-29 08:30:00,2018-10-29 09:15:00,301.71,23.72,3.89,2.84,2.77,13.5,34.52999999999989,4.338124999999986,5.02047335760625,3.3020833333333335,23.72,0.7933533402912352,-0.6087614290087207,0.0,1.0,0,20.41,0.0,75.8,100.0
2018-10-29 08:30:00,2018-10-29 08:45:00,2018-10-29 09:30:00,334.65000000000003,68.29,23.72,2.92,2.81,43.52,99.89999999999989,8.430624999999985,16.24579309727383,3.984166666666667,68.29,0.7518398074789774,-0.6593458151000688,0.0,1.0,0,55.01,0.0,77.88,100.0
2018-10-29 08:45:00,2018-10-29 09:00:00,2018-10-29 09:45:00,388.69,57.96,68.29,4.0,2.95,48.35,153.8599999999999,11.879999999999987,20.083510026886522,4.5571875,68.29,0.7071067811865476,-0.7071067811865475,0.0,1.0,0,40.79,0.0,81.78,100.0
2018-10-29 09:00:00,2018-10-29 09:15:00,2018-10-29 10:00:00,414.61,67.82,57.96,3.89,3.53,61.13,217.78999999999988,15.945624999999986,24.02522189511311,5.226875000000001,68.29,0.659345815100069,-0.7518398074789773,0.0,1.0,0,22.68,0.0,94.84,100.0
2018-10-29 09:15:00,2018-10-29 09:30:00,2018-10-29 10:15:00,401.90000000000003,107.64,67.82,23.72,3.67,47.41,301.70999999999987,22.459374999999984,32.410920896503626,6.309895833333333,107.64,0.6087614290087209,-0.793353340291235,0.0,1.0,0,35.39,0.0,95.0,100.0
2018-10-29 09:30:00,2018-10-29 09:45:00,2018-10-29 10:30:00,414.18,101.23,107.64,68.29,3.49,48.38,334.64999999999986,28.588124999999984,37.11403949632011,7.328020833333333,107.64,0.5555702330196025,-0.831469612302545,0.0,1.0,0,46.3,0.0,90.94,100.0
2018-10-29 09:45:00,2018-10-29 10:00:00,2018-10-29 10:45:00,380.62,112.0,101.23,57.96,3.02,49.1,388.68999999999994,35.41687499999999,41.51997782976771,8.463229166666666,112.0,0.49999999999999994,-0.8660254037844387,0.0,1.0,0,38.34,0.0,94.61,100.0
2018-10-29 10:00:00,2018-10-29 10:15:00,2018-10-29 11:00:00,398.08,93.74,112.0,67.82,3.17,53.6,414.60999999999984,41.10687499999998,42.8629446198508,9.406666666666668,112.0,0.4422886902190017,-0.8968727415326881,0.0,1.0,0,30.35,0.0,95.14,100.0
2018-10-29 10:15:00,2018-10-29 10:30:00,2018-10-29 11:15:00,393.97999999999996,94.93,93.74,107.64,3.06,49.39,401.89999999999986,46.87374999999999,43.504575459800954,10.363645833333333,112.0,0.3826834323650899,-0.9238795325112867,0.0,1.0,0,37.76,0.0,92.92,100.0
2018-10-29 10:30:00,2018-10-29 10:45:00,2018-10-29 11:30:00,388.4,113.51,94.93,101.23,3.02,40.75,414.17999999999984,53.79937499999998,44.724161879898695,11.514583333333334,113.51,0.32143946530316175,-0.9469301294951056,0.0,1.0,0,44.32,0.0,93.15,100.0
2018-10-29 10:45:00,2018-10-29 11:00:00,2018-10-29 11:45:00,398.38000000000005,78.44,113.51,112.0,2.99,41.94,380.6199999999999,58.51312499999999,43.06761757961983,12.300520833333332,113.51,0.258819045102521,-0.9659258262890682,0.0,1.0,0,24.95,0.0,95.3,100.0
2018-10-29 11:00:00,2018-10-29 11:15:00,2018-10-29 12:00:00,374.48,111.2,78.44,93.74,2.99,63.97,398.0799999999999,65.25812499999999,42.333795042901265,13.427708333333333,113.51,0.19509032201612816,-0.9807852804032304,0.0,1.0,0,37.04,0.0,94.88,100.0
2018-10-29 11:15:00,2018-10-29 11:30:00,2018-10-29 12:15:00,288.98,90.83,111.2,94.93,3.06,58.1,393.9799999999999,70.7575,39.48766555837393,14.341979166666668,113.51,0.130526192220052,-0.9914448613738104,0.0,1.0,0,32.0,0.0,94.32,100.0
2018-10-29 11:30:00,2018-10-29 11:45:00,2018-10-29 12:30:00,187.06,107.93,90.83,113.51,3.1,94.0,388.3999999999999,77.32062499999999,36.26214132341551,15.433958333333331,113.51,0.06540312923014312,-0.9978589232386035,0.0,1.0,0,35.78,0.0,94.92,100.0
2018-10-29 11:45:00,2018-10-29 12:00:00,2018-10-29 12:45:00,104.65,88.42,107.93,78.44,3.06,88.42,398.37999999999994,82.59687499999998,30.96464449956359,16.323125,113.51,1.2246467991473532e-16,-1.0,0.0,1.0,0,29.48,0.0,94.87,100.0
2018-10-29 12:00:00,2018-10-29 12:15:00,2018-10-29 13:00:00,22.64,87.3,88.42,111.2,3.06,112.61,374.4799999999999,87.80999999999997,23.363256140785968,17.200625,113.51,-0.06540312923014287,-0.9978589232386035,0.0,1.0,0,27.76,2.88,95.3,99.95
2018-10-29 12:15:00,2018-10-29 12:30:00,2018-10-29 13:15:00,78.87,5.33,87.3,90.83,3.2,5.44,288.9799999999999,86.660625,26.7017708843318,17.2228125,113.51,-0.13052619222005177,-0.9914448613738104,0.0,1.0,0,0.0,18.61,100.0,27.53
2018-10-29 12:30:00,2018-10-29 12:45:00,2018-10-29 13:30:00,162.32,6.01,5.33,107.93,3.74,5.26,187.0599999999999,82.76812499999998,32.91311634796003,17.246458333333333,113.51,-0.19509032201612792,-0.9807852804032305,0.0,1.0,0,0.0,17.89,100.0,31.85
2018-10-29 12:45:00,2018-10-29 13:00:00,2018-10-29 13:45:00,257.79,6.01,6.01,88.42,3.17,4.61,104.64999999999988,79.52124999999998,37.45001933827914,17.276041666666668,113.51,-0.2588190451025208,-0.9659258262890683,0.0,1.0,0,0.0,17.64,100.0,32.25
2018-10-29 13:00:00,2018-10-29 13:15:00,2018-10-29 14:00:00,340.48,5.29,6.01,87.3,3.2,4.46,22.639999999999887,75.61312499999998,41.509823644341836,17.297812500000003,113.51,-0.32143946530316153,-0.9469301294951057,0.0,1.0,0,0.0,17.89,100.0,28.36
2018-10-29 13:15:00,2018-10-29 13:30:00,2018-10-29 14:15:00,397.07000000000005,61.56,5.29,5.33,3.38,25.56,78.86999999999989,72.73312499999999,40.77997865355454,17.903854166666665,113.51,-0.38268343236508967,-0.9238795325112868,0.0,1.0,0,22.14,5.4,94.1,99.62
2018-10-29 13:30:00,2018-10-29 13:45:00,2018-10-29 14:30:00,390.77,89.46,61.56,6.01,3.67,63.11,162.31999999999988,71.99749999999999,40.36332238245496,18.7975,113.51,-0.44228869021900147,-0.8968727415326883,0.0,1.0,0,33.77,0.0,93.56,100.0
2018-10-29 13:45:00,2018-10-29 14:00:00,2018-10-29 14:45:00,366.61999999999995,101.48,89.46,6.01,3.2,120.28,257.7899999999999,71.33999999999999,39.78792656070419,19.821250000000003,113.51,-0.4999999999999997,-0.8660254037844388,0.0,1.0,0,33.3,0.0,95.02,100.0
2018-10-29 14:00:00,2018-10-29 14:15:00,2018-10-29 15:00:00,362.12,87.98,101.48,5.29,3.02,85.97,340.4799999999999,70.97999999999999,39.60928047819085,20.70625,113.51,-0.555570233019602,-0.8314696123025455,0.0,1.0,0,30.46,0.0,94.5,100.0
2018-10-29 14:15:00,2018-10-29 14:30:00,2018-10-29 15:15:00,353.12,118.15,87.98,61.56,3.1,99.97,397.06999999999994,72.43124999999999,40.86565640531777,21.904687499999998,118.15,-0.6087614290087207,-0.7933533402912352,0.0,1.0,0,46.62,0.0,93.02,100.0
2018-10-29 14:30:00,2018-10-29 14:45:00,2018-10-29 15:30:00,358.92,83.16,118.15,89.46,3.06,105.73,390.76999999999987,70.53437499999998,39.59963872448038,22.7390625,118.15,-0.6593458151000688,-0.7518398074789774,0.0,1.0,0,27.18,0.0,95.05,100.0
2018-10-29 14:45:00,2018-10-29 15:00:00,2018-10-29 15:45:00,392.9,77.33,83.16,101.48,3.06,92.56,366.6199999999999,70.46499999999999,39.58669820785754,23.512708333333336,118.15,-0.7071067811865471,-0.7071067811865479,0.0,1.0,0,27.18,0.0,94.34,100.0
2018-10-29 15:00:00,2018-10-29 15:15:00,2018-10-29 16:00:00,424.66,83.48,77.33,87.98,3.06,65.63,362.1199999999999,68.73249999999999,38.35339937671748,24.35041666666667,118.15,-0.7518398074789773,-0.6593458151000691,0.0,1.0,0,39.89,0.0,90.23,100.0
2018-10-29 15:15:00,2018-10-29 15:30:00,2018-10-29 16:15:00,389.27,109.15,83.48,118.15,3.06,40.43,353.1199999999999,69.87749999999998,39.258781103722406,25.455520833333335,118.15,-0.7933533402912349,-0.6087614290087209,0.0,1.0,0,46.66,0.0,91.95,100.0
2018-10-29 15:30:00,2018-10-29 15:45:00,2018-10-29 16:30:00,434.90999999999997,88.96,109.15,83.16,3.53,47.84,358.9199999999999,68.69187499999998,38.3680270894187,26.345416666666665,118.15,-0.8314696123025452,-0.5555702330196022,0.0,1.0,0,37.62,0.0,92.1,100.0
2018-10-29 15:45:00,2018-10-29 16:00:00,2018-10-29 16:45:00,424.87,111.31,88.96,77.33,3.49,46.51,392.89999999999986,70.12249999999999,39.487376701295204,27.468541666666667,118.15,-0.8660254037844385,-0.5000000000000004,0.0,1.0,0,48.17,0.0,91.77,100.0
2018-10-29 16:00:00,2018-10-29 16:15:00,2018-10-29 17:00:00,384.69,115.24,111.31,83.48,3.13,50.65,424.65999999999985,71.86874999999999,40.80424210100574,28.636354166666667,118.15,-0.8968727415326883,-0.44228869021900136,0.0,1.0,0,51.12,0.0,91.41,100.0
2018-10-29 16:15:00,2018-10-29 16:30:00,2018-10-29 17:15:00,366.51,73.76,115.24,109.15,3.06,52.38,389.26999999999987,76.145625,37.01628340486603,29.3728125,118.15,-0.9238795325112868,-0.3826834323650895,0.0,1.0,0,30.49,0.0,92.42,100.0
2018-10-29 16:30:00,2018-10-29 16:45:00,2018-10-29 17:30:00,291.84999999999997,134.6,73.76,88.96,3.02,51.12,434.9099999999999,84.18249999999999,34.80995735777303,30.743437500000002,134.6,-0.9469301294951056,-0.3214394653031618,0.0,1.0,0,66.24,0.0,89.72,100.0
2018-10-29 16:45:00,2018-10-29 17:00:00,2018-10-29 17:45:00,221.96999999999997,101.27,134.6,111.31,3.02,52.52,424.8699999999999,90.13624999999999,28.506160271728472,31.766875000000002,134.6,-0.9659258262890683,-0.25881904510252063,0.0,1.0,0,47.59,0.0,90.5,100.0
2018-10-29 17:00:00,2018-10-29 17:15:00,2018-10-29 18:00:00,177.55,75.06,101.27,115.24,3.02,42.01,384.6899999999999,94.49687499999997,18.917229487542336,32.51729166666667,134.6,-0.9807852804032303,-0.19509032201612866,0.0,1.0,0,44.68,0.0,85.93,100.0
2018-10-29 17:15:00,2018-10-29 17:30:00,2018-10-29 18:15:00,169.35,55.58,75.06,73.76,3.02,55.66,366.5099999999999,94.12312499999999,19.610640516932172,33.06479166666667,134.6,-0.9914448613738104,-0.13052619222005163,0.0,1.0,0,26.64,0.0,90.18,100.0
2018-10-29 17:30:00,2018-10-29 17:45:00,2018-10-29 18:30:00,168.59,59.94,55.58,134.6,3.06,52.13,291.8499999999999,92.27812499999997,21.280143978233408,33.657291666666666,134.6,-0.9978589232386035,-0.06540312923014273,0.0,1.0,0,27.29,0.54,91.01,100.0
2018-10-29 17:45:00,2018-10-29 18:00:00,2018-10-29 18:45:00,209.63000000000002,31.39,59.94,101.27,3.02,32.04,221.9699999999999,87.89749999999998,25.69188064836775,33.9528125,134.6,-1.0,-1.8369701987210297e-16,0.0,1.0,0,0.83,1.58,99.97,99.87
2018-10-29 18:00:00,2018-10-29 18:15:00,2018-10-29 19:00:00,228.71,30.64,31.39,75.06,2.92,30.67,177.5499999999999,84.31374999999997,29.19127221341127,34.2415625,134.6,-0.9978589232386036,0.06540312923014237,0.0,1.0,0,5.69,0.76,98.32,99.97
2018-10-29 18:15:00,2018-10-29 18:30:00,2018-10-29 19:15:00,229.10000000000002,47.38,30.64,55.58,2.95,40.1,169.34999999999988,79.89062499999999,29.090668063132487,34.704375,134.6,-0.9914448613738105,0.13052619222005127,0.0,1.0,0,29.63,0.0,84.79,100.0
2018-10-29 18:30:00,2018-10-29 18:45:00,2018-10-29 19:30:00,224.78000000000003,59.18,47.38,59.94,3.28,93.02,168.5899999999999,78.39187499999998,29.498487931322142,35.28666666666667,134.6,-0.9807852804032304,0.1950903220161283,0.0,1.0,0,34.49,0.0,86.4,100.0
2018-10-29 18:45:00,2018-10-29 19:00:00,2018-10-29 19:45:00,210.17000000000002,72.43,59.18,31.39,4.82,82.26,209.62999999999988,78.085625,29.53333751219727,35.9909375,134.6,-0.9659258262890684,0.2588190451025203,0.0,1.0,0,46.12,0.0,84.35,100.0
2018-10-29 19:00:00,2018-10-29 19:15:00,2018-10-29 20:00:00,212.47,49.72,72.43,30.64,3.49,105.08,228.7099999999999,75.97562499999998,30.269378290763765,36.4725,134.6,-0.9469301294951057,0.3214394653031615,0.0,1.0,0,23.8,0.0,90.2,100.0
2018-10-29 19:15:00,2018-10-29 19:30:00,2018-10-29 20:15:00,225.72000000000003,47.77,49.72,47.38,2.95,76.18,229.0999999999999,72.13937499999997,29.706179169650287,36.939375,134.6,-0.923879532511287,0.38268343236508917,0.0,1.0,0,21.42,0.0,91.25,100.0
2018-10-29 19:30:00,2018-10-29 19:45:00,2018-10-29 20:30:00,228.28000000000003,54.86,47.77,59.18,2.99,95.22,224.7799999999999,70.00812499999999,29.646122263027365,37.479687500000004,134.6,-0.8968727415326884,0.442288690219001,0.0,1.0,0,27.04,0.0,89.7,100.0
2018-10-29 19:45:00,2018-10-29 20:00:00,2018-10-29 20:45:00,219.28,57.82,54.86,72.43,2.95,46.15,210.1699999999999,66.66499999999999,27.75581335504322,38.05125,134.6,-0.8660254037844386,0.5000000000000001,0.0,1.0,0,28.98,0.0,89.4,100.0
2018-10-29 20:00:00,2018-10-29 20:15:00,2018-10-29 21:00:00,198.76,52.02,57.82,49.72,2.92,62.17,212.46999999999989,62.71374999999999,24.913989763534456,38.56270833333333,134.6,-0.8314696123025455,0.5555702330196018,0.0,1.0,0,23.26,0.0,91.29,100.0
2018-10-29 20:15:00,2018-10-29 20:30:00,2018-10-29 21:15:00,160.49,61.02,52.02,47.77,3.06,65.59,225.71999999999989,61.91749999999999,24.751281658734374,39.16645833333333,134.6,-0.7933533402912357,0.6087614290087199,0.0,1.0,0,30.92,0.0,89.2,100.0
2018-10-29 20:30:00,2018-10-29 20:45:00,2018-10-29 21:30:00,107.1,57.42,61.02,54.86,2.95,69.84,228.27999999999992,57.093749999999986,16.13846293602665,39.73385416666667,134.6,-0.7518398074789772,0.6593458151000691,0.0,1.0,0,25.74,0.0,91.25,100.0
2018-10-29 20:45:00,2018-10-29 21:00:00,2018-10-29 21:45:00,62.28,48.82,57.42,57.82,2.95,61.6,219.27999999999992,53.81562499999999,11.4896039796585,40.211666666666666,134.6,-0.7071067811865477,0.7071067811865474,0.0,1.0,0,21.24,0.0,91.7,100.0
2018-10-29 21:00:00,2018-10-29 21:15:00,2018-10-29 22:00:00,34.78,31.5,48.82,52.02,2.99,17.06,198.7599999999999,51.093124999999986,11.292274858698198,40.50864583333333,134.6,-0.6593458151000687,0.7518398074789775,0.0,1.0,0,3.85,1.55,99.26,99.88
2018-10-29 21:15:00,2018-10-29 21:30:00,2018-10-29 22:15:00,15.670000000000002,22.75,31.5,61.02,2.99,5.51,160.4899999999999,49.04124999999999,13.124607553657162,40.71447916666666,134.6,-0.608761429008721,0.7933533402912349,0.0,1.0,0,0.65,5.11,99.96,97.57
2018-10-29 21:30:00,2018-10-29 21:45:00,2018-10-29 22:30:00,15.24,4.03,22.75,57.42,3.02,4.07,107.09999999999988,45.546874999999986,16.71067126073616,40.725,134.6,-0.555570233019603,0.8314696123025447,0.0,1.0,0,0.0,17.68,100.0,22.22
2018-10-29 21:45:00,2018-10-29 22:00:00,2018-10-29 22:45:00,15.13,4.0,4.03,48.82,2.95,4.1,62.27999999999989,43.83499999999999,19.278845271437298,40.7359375,134.6,-0.5000000000000004,0.8660254037844384,0.0,1.0,0,0.0,17.57,100.0,22.2
2018-10-29 22:00:00,2018-10-29 22:15:00,2018-10-29 23:00:00,15.81,4.0,4.0,31.5,2.99,4.0,34.77999999999989,42.16999999999999,21.382156112048712,40.74645833333334,134.6,-0.4422886902190014,0.8968727415326883,0.0,1.0,0,0.0,17.35,100.0,22.47
2018-10-29 22:15:00,2018-10-29 22:30:00,2018-10-29 23:15:00,16.63,3.64,4.0,22.75,3.17,3.85,15.669999999999886,39.43624999999999,23.25535983246712,40.751354166666665,134.6,-0.38268343236508956,0.9238795325112868,0.0,1.0,0,5.87,0.14,52.7,99.93
2018-10-29 22:30:00,2018-10-29 22:45:00,2018-10-29 23:30:00,16.67,3.6,3.64,4.03,3.31,3.82,15.239999999999888,35.962499999999984,24.17945706069574,40.754375,134.6,-0.32143946530316186,0.9469301294951056,0.0,1.0,0,5.72,0.0,53.27,100.0
2018-10-29 22:45:00,2018-10-29 23:00:00,2018-10-29 23:45:00,16.450000000000003,3.89,3.6,4.0,2.77,3.74,15.129999999999887,31.678749999999987,23.39804582518663,40.76604166666667,134.6,-0.25881904510252157,0.9659258262890681,0.0,1.0,0,5.65,0.0,56.71,100.0
2018-10-29 23:00:00,2018-10-29 23:15:00,2018-10-30 00:00:00,15.44,4.68,3.89,4.0,3.2,3.71,15.809999999999885,28.863749999999985,23.764673066077233,40.78145833333333,134.6,-0.19509032201612872,0.9807852804032303,0.0,1.0,0,5.51,0.0,64.74,100.0
2018-10-29 23:15:00,2018-10-29 23:30:00,2018-10-30 00:15:00,14.58,4.46,4.68,3.64,3.13,4.61,16.629999999999885,26.156874999999985,23.923075867965114,40.7953125,134.6,-0.13052619222005168,0.9914448613738104,0.0,1.0,0,5.18,0.0,65.25,100.0
2018-10-29 23:30:00,2018-10-29 23:45:00,2018-10-30 00:30:00,14.61,3.64,4.46,3.6,2.74,4.32,16.669999999999884,22.955624999999984,23.28651593968961,40.8046875,134.6,-0.0654031292301428,0.9978589232386035,0.0,1.0,0,6.3,0.0,50.03,100.0
2018-10-29 23:45:00,2018-10-30 00:00:00,2018-10-30 00:45:00,14.649999999999999,3.67,3.64,3.89,2.77,3.6,16.449999999999886,19.571249999999985,21.865120590510063,40.8140625,134.6,0.0,1.0,0.7818314824680298,0.6234898018587336,0,6.41,0.0,49.69,100.0
2018-10-30 00:00:00,2018-10-30 00:15:00,2018-10-30 01:00:00,14.65,3.67,3.67,4.68,3.64,4.82,15.439999999999886,16.549374999999987,20.4682020060245,40.814375000000005,134.6,0.06540312923014306,0.9978589232386035,0.7818314824680298,0.6234898018587336,0,6.41,0.0,49.69,100.0
2018-10-30 00:15:00,2018-10-30 00:30:00,2018-10-30 01:15:00,14.690000000000001,3.6,3.67,4.46,2.77,3.64,14.579999999999888,12.960624999999986,17.115673543843652,40.82302083333334,134.6,0.13052619222005157,0.9914448613738104,0.7818314824680298,0.6234898018587336,0,6.44,0.0,48.79,100.0
2018-10-30 00:30:00,2018-10-30 00:45:00,2018-10-30 01:30:00,14.69,3.67,3.6,3.64,2.77,3.6,14.609999999999886,9.601249999999984,12.787332049241476,40.83239583333333,134.6,0.19509032201612825,0.9807852804032304,0.7818314824680298,0.6234898018587336,0,6.95,0.0,46.7,100.0
2018-10-30 00:45:00,2018-10-30 01:00:00,2018-10-30 01:45:00,14.690000000000001,3.71,3.67,3.67,2.84,3.71,14.649999999999887,6.781874999999985,7.8488384640299715,40.841458333333335,134.6,0.25881904510252074,0.9659258262890683,0.7818314824680298,0.6234898018587336,0,6.88,0.0,47.46,100.0
2018-10-30 01:00:00,2018-10-30 01:15:00,2018-10-30 02:00:00,14.73,3.67,3.71,3.67,2.74,3.71,14.649999999999887,5.042499999999985,4.582299504622468,40.851145833333334,134.6,0.3214394653031616,0.9469301294951057,0.7818314824680298,0.6234898018587336,0,6.66,0.0,48.26,100.0
2018-10-30 01:15:00,2018-10-30 01:30:00,2018-10-30 02:15:00,14.76,3.64,3.67,3.6,2.81,3.71,14.689999999999888,3.848124999999986,0.3108902289227797,40.859791666666666,134.6,0.3826834323650898,0.9238795325112867,0.7818314824680298,0.6234898018587336,0,6.84,0.0,46.98,100.0
2018-10-30 01:30:00,2018-10-30 01:45:00,2018-10-30 02:30:00,14.69,3.67,3.64,3.67,3.2,3.67,14.689999999999886,3.825624999999986,0.309938880167822,40.8646875,134.6,0.44228869021900125,0.8968727415326884,0.7818314824680298,0.6234898018587336,0,6.88,0.0,47.07,100.0
2018-10-30 01:45:00,2018-10-30 02:00:00,2018-10-30 02:45:00,14.58,3.71,3.67,3.71,3.38,3.67,14.689999999999886,3.807499999999986,0.3076828725566372,40.868125,134.6,0.49999999999999994,0.8660254037844387,0.7818314824680298,0.6234898018587336,0,7.13,0.0,46.16,100.0
2018-10-30 02:00:00,2018-10-30 02:15:00,2018-10-30 03:00:00,14.07,3.71,3.71,3.67,2.77,3.64,14.729999999999887,3.7893749999999855,0.30433264603016896,40.87791666666667,134.6,0.5555702330196022,0.8314696123025452,0.7818314824680298,0.6234898018587336,0,6.73,0.0,48.28,100.0
2018-10-30 02:15:00,2018-10-30 02:30:00,2018-10-30 03:15:00,13.39,3.67,3.71,3.64,2.77,3.71,14.759999999999886,3.7912499999999856,0.30349783782544815,40.88729166666666,134.6,0.6087614290087207,0.7933533402912352,0.7818314824680298,0.6234898018587336,0,7.09,0.0,45.97,100.0
2018-10-30 02:30:00,2018-10-30 02:45:00,2018-10-30 03:30:00,12.670000000000002,3.6,3.67,3.67,3.24,3.82,14.689999999999886,3.7912499999999856,0.30349783782544815,40.891041666666666,134.6,0.6593458151000688,0.7518398074789774,0.7818314824680298,0.6234898018587336,0,6.23,0.0,50.03,100.0
2018-10-30 02:45:00,2018-10-30 03:00:00,2018-10-30 03:45:00,11.95,3.6,3.6,3.71,3.38,4.86,14.579999999999886,3.7731249999999856,0.30571062205906796,40.89333333333334,134.6,0.7071067811865476,0.7071067811865476,0.7818314824680298,0.6234898018587336,0,5.76,0.0,53.0,100.0
2018-10-30 03:00:00,2018-10-30 03:15:00,2018-10-30 04:00:00,11.67,3.2,3.6,3.71,2.77,4.1,14.069999999999887,3.6806249999999854,0.2324453902314388,40.8978125,134.6,0.7518398074789774,0.6593458151000688,0.7818314824680298,0.6234898018587336,0,4.79,0.0,55.55,100.0
2018-10-30 03:15:00,2018-10-30 03:30:00,2018-10-30 04:15:00,11.559999999999999,2.99,3.2,3.67,2.81,3.38,13.389999999999887,3.588749999999986,0.19348368811077762,40.899687500000006,134.6,0.7933533402912352,0.6087614290087207,0.7818314824680298,0.6234898018587336,0,4.32,0.0,56.91,100.0
2018-10-30 03:30:00,2018-10-30 03:45:00,2018-10-30 04:30:00,11.879999999999999,2.88,2.99,3.6,2.81,3.06,12.669999999999886,3.541249999999986,0.2577031966526644,40.900416666666665,134.6,0.8314696123025451,0.5555702330196024,0.7818314824680298,0.6234898018587336,0,4.03,0.0,58.14,100.0
2018-10-30 03:45:00,2018-10-30 04:00:00,2018-10-30 04:45:00,12.56,2.88,2.88,3.6,2.81,3.1,11.949999999999887,3.4918749999999856,0.30044173218788545,40.90114583333333,134.6,0.8660254037844386,0.5000000000000001,0.7818314824680298,0.6234898018587336,0,4.14,0.0,57.11,100.0
2018-10-30 04:00:00,2018-10-30 04:15:00,2018-10-30 05:00:00,12.59,2.92,2.88,3.2,2.81,3.2,11.669999999999886,3.4449999999999856,0.32638167850709626,40.90229166666666,134.6,0.8968727415326884,0.44228869021900125,0.7818314824680298,0.6234898018587336,0,4.03,0.0,58.67,100.0
2018-10-30 04:15:00,2018-10-30 04:30:00,2018-10-30 05:15:00,12.55,2.88,2.92,2.99,2.74,3.1,11.559999999999885,3.3999999999999857,0.3506422679386498,40.90375,134.6,0.9238795325112867,0.38268343236508984,0.7818314824680298,0.6234898018587336,0,4.07,0.0,57.76,100.0
2018-10-30 04:30:00,2018-10-30 04:45:00,2018-10-30 05:30:00,12.19,3.2,2.88,2.88,2.81,3.02,11.879999999999887,3.3706249999999858,0.34645470041578696,40.9078125,134.6,0.9469301294951056,0.3214394653031617,0.7818314824680298,0.6234898018587336,0,4.75,0.0,55.87,100.0
2018-10-30 04:45:00,2018-10-30 05:00:00,2018-10-30 05:45:00,11.509999999999998,3.56,3.2,2.88,2.77,3.1,12.559999999999885,3.361249999999986,0.3390957645934304,40.916041666666665,134.6,0.9659258262890683,0.25881904510252074,0.7818314824680298,0.6234898018587336,0,5.58,0.0,53.79,100.0
2018-10-30 05:00:00,2018-10-30 05:15:00,2018-10-30 06:00:00,11.439999999999998,2.95,3.56,2.92,2.77,3.1,12.589999999999886,3.316249999999986,0.34288983298612613,40.91791666666667,134.6,0.9807852804032304,0.19509032201612833,0.7818314824680298,0.6234898018587336,0,4.03,0.0,59.07,100.0
2018-10-30 05:15:00,2018-10-30 05:30:00,2018-10-30 06:15:00,11.41,2.84,2.95,2.88,3.42,3.1,12.549999999999887,3.2662499999999857,0.3502833675259351,40.911875,134.6,0.9914448613738104,0.1305261922200517,0.7818314824680298,0.6234898018587336,0,3.85,0.0,59.36,100.0
2018-10-30 05:30:00,2018-10-30 05:45:00,2018-10-30 06:30:00,11.38,2.84,2.84,3.2,3.17,3.38,12.189999999999886,3.2143749999999858,0.3481014355620604,40.9084375,134.6,0.9978589232386035,0.06540312923014327,0.7818314824680298,0.6234898018587336,0,3.78,0.0,60.07,100.0
2018-10-30 05:45:00,2018-10-30 06:00:00,2018-10-30 06:45:00,11.34,2.88,2.84,3.56,2.74,3.64,11.509999999999884,3.1624999999999854,0.33184145320533004,40.90989583333333,134.6,1.0,6.123233995736766e-17,0.7818314824680298,0.6234898018587336,0,3.85,0.0,59.9,100.0
2018-10-30 06:00:00,2018-10-30 06:15:00,2018-10-30 07:00:00,11.38,2.88,2.88,2.95,2.7,4.68,11.439999999999886,3.110624999999986,0.3060732909622844,40.911770833333335,134.6,0.9978589232386035,-0.06540312923014314,0.7818314824680298,0.6234898018587336,0,3.71,0.0,61.32,100.0
2018-10-30 06:15:00,2018-10-30 06:30:00,2018-10-30 07:15:00,12.1,2.81,2.88,2.84,2.66,4.32,11.409999999999886,3.056874999999986,0.27727961418132285,40.913333333333334,134.6,0.9914448613738104,-0.1305261922200516,0.7818314824680298,0.6234898018587336,0,3.71,0.0,60.38,100.0
2018-10-30 06:30:00,2018-10-30 06:45:00,2018-10-30 07:30:00,13.069999999999999,2.81,2.81,2.84,2.7,2.99,11.379999999999885,3.0074999999999856,0.24457871956815533,40.914479166666666,134.6,0.9807852804032304,-0.1950903220161282,0.7818314824680298,0.6234898018587336,0,3.67,0.0,60.79,100.0
2018-10-30 06:45:00,2018-10-30 07:00:00,2018-10-30 07:45:00,14.729999999999999,2.84,2.81,2.88,3.02,3.06,11.339999999999886,2.9599999999999858,0.19332614946160637,40.91260416666667,134.6,0.9659258262890683,-0.25881904510252063,0.7818314824680298,0.6234898018587336,0,4.1,0.0,56.94,100.0
2018-10-30 07:00:00,2018-10-30 07:15:00,2018-10-30 08:00:00,16.96,2.92,2.84,2.88,3.28,2.95,11.379999999999885,2.942499999999986,0.18321776678496787,40.908854166666664,134.6,0.9469301294951057,-0.3214394653031616,0.7818314824680298,0.6234898018587336,0,4.64,0.0,53.26,100.0
2018-10-30 07:15:00,2018-10-30 07:30:00,2018-10-30 08:15:00,39.78,3.53,2.92,2.81,2.84,3.02,12.099999999999886,2.9762499999999856,0.2320795931693117,40.916041666666665,134.6,0.9238795325112868,-0.3826834323650895,0.7818314824680298,0.6234898018587336,0,6.08,0.0,50.21,100.0
2018-10-30 07:30:00,2018-10-30 07:45:00,2018-10-30 08:30:00,102.46,3.78,3.53,2.81,2.92,3.17,13.069999999999885,3.0324999999999855,0.3008217912079683,40.925000000000004,134.6,0.8968727415326884,-0.44228869021900113,0.7818314824680298,0.6234898018587336,0,5.65,0.0,55.61,100.0
2018-10-30 07:45:00,2018-10-30 08:00:00,2018-10-30 08:45:00,152.18,4.5,3.78,2.84,4.0,4.0,14.729999999999887,3.133749999999986,0.4619371575933869,40.93020833333333,134.6,0.8660254037844387,-0.4999999999999998,0.7818314824680298,0.6234898018587336,0,5.47,0.0,63.53,100.0
2018-10-30 08:00:00,2018-10-30 08:15:00,2018-10-30 09:00:00,222.51999999999998,5.15,4.5,2.92,3.89,4.68,16.959999999999887,3.273124999999986,0.667221091123701,40.943333333333335,134.6,0.8314696123025451,-0.5555702330196023,0.7818314824680298,0.6234898018587336,0,4.72,0.0,73.72,100.0
2018-10-30 08:15:00,2018-10-30 08:30:00,2018-10-30 09:15:00,264.53,26.35,5.15,3.53,23.72,37.33,39.77999999999989,4.739999999999986,5.618512926038675,40.970729166666665,134.6,0.7933533402912352,-0.6087614290087207,0.7818314824680298,0.6234898018587336,0,21.85,0.0,76.98,100.0
2018-10-30 08:30:00,2018-10-30 08:45:00,2018-10-30 09:30:00,261.32,66.46,26.35,3.78,68.29,81.86,102.45999999999988,8.693749999999985,15.933368238936776,40.95166666666666,134.6,0.7518398074789774,-0.6593458151000688,0.7818314824680298,0.6234898018587336,0,57.2,0.0,75.79,100.0
2018-10-30 08:45:00,2018-10-30 09:00:00,2018-10-30 09:45:00,273.12,54.22,66.46,4.5,57.96,86.98,152.1799999999999,11.859999999999985,19.28055594374954,40.912708333333335,134.6,0.7071067811865476,-0.7071067811865475,0.7818314824680298,0.6234898018587336,0,42.16,0.0,78.94,100.0
2018-10-30 09:00:00,2018-10-30 09:15:00,2018-10-30 10:00:00,257.39,75.49,54.22,5.15,67.82,68.76,222.51999999999987,16.393749999999986,24.480027541601146,40.992604166666666,134.6,0.659345815100069,-0.7518398074789773,0.7818314824680298,0.6234898018587336,0,45.11,0.0,85.84,100.0
2018-10-30 09:15:00,2018-10-30 09:30:00,2018-10-30 10:15:00,244.57999999999998,68.36,75.49,26.35,107.64,66.85,264.52999999999986,20.488749999999982,27.199299824398903,40.583437499999995,134.6,0.6087614290087209,-0.793353340291235,0.7818314824680298,0.6234898018587336,0,35.82,0.0,88.58,100.0
2018-10-30 09:30:00,2018-10-30 09:45:00,2018-10-30 10:30:00,255.63,63.25,68.36,66.46,101.23,66.67,261.3199999999999,24.264374999999987,28.641961343619908,40.1878125,134.6,0.5555702330196025,-0.831469612302545,0.7818314824680298,0.6234898018587336,0,33.62,0.0,88.3,100.0
2018-10-30 09:45:00,2018-10-30 10:00:00,2018-10-30 10:45:00,254.12,66.02,63.25,54.22,112.0,56.48,273.1199999999999,28.210624999999986,29.75195969779827,39.70885416666666,134.6,0.49999999999999994,-0.8660254037844387,0.7818314824680298,0.6234898018587336,0,36.22,0.0,87.67,100.0
2018-10-30 10:00:00,2018-10-30 10:15:00,2018-10-30 11:00:00,260.13,59.76,66.02,75.49,93.74,46.62,257.3899999999999,31.765624999999986,29.91067931541189,39.35489583333334,134.6,0.4422886902190017,-0.8968727415326881,0.7818314824680298,0.6234898018587336,0,30.96,0.0,88.79,100.0
2018-10-30 10:15:00,2018-10-30 10:30:00,2018-10-30 11:15:00,265.89,55.55,59.76,68.36,94.93,52.24,244.57999999999987,35.061874999999986,29.440409987539322,38.9446875,134.6,0.3826834323650899,-0.9238795325112867,0.7818314824680298,0.6234898018587336,0,26.42,0.0,90.31,100.0
2018-10-30 10:30:00,2018-10-30 10:45:00,2018-10-30 11:30:00,261.5,74.3,55.55,63.25,113.51,47.02,255.62999999999985,39.52999999999998,29.63087979625352,38.53625,134.6,0.32143946530316175,-0.9469301294951056,0.7818314824680298,0.6234898018587336,0,43.92,0.0,86.08,100.0
2018-10-30 10:45:00,2018-10-30 11:00:00,2018-10-30 11:45:00,258.15,64.51,74.3,66.02,78.44,44.32,254.1199999999999,43.384374999999984,28.600666069331247,38.39114583333333,134.6,0.258819045102521,-0.9659258262890682,0.7818314824680298,0.6234898018587336,0,35.53,0.0,87.59,100.0
2018-10-30 11:00:00,2018-10-30 11:15:00,2018-10-30 12:00:00,241.12,65.77,64.51,59.76,111.2,48.17,260.1299999999999,47.312499999999986,27.047224326167303,37.91791666666666,134.6,0.19509032201612816,-0.9807852804032304,0.7818314824680298,0.6234898018587336,0,38.12,0.0,86.52,100.0
2018-10-30 11:15:00,2018-10-30 11:30:00,2018-10-30 12:15:00,184.78,61.31,65.77,55.55,90.83,54.0,265.8899999999999,50.923749999999984,24.717405526015717,37.61041666666667,134.6,0.130526192220052,-0.9914448613738104,0.7818314824680298,0.6234898018587336,0,33.59,0.0,87.7,100.0
2018-10-30 11:30:00,2018-10-30 11:45:00,2018-10-30 12:30:00,119.80000000000001,69.91,61.31,74.3,107.93,62.32,261.4999999999999,55.056874999999984,21.851520461615085,37.214375,134.6,0.06540312923014312,-0.9978589232386035,0.7818314824680298,0.6234898018587336,0,40.61,0.0,86.47,100.0
2018-10-30 11:45:00,2018-10-30 12:00:00,2018-10-30 12:45:00,63.25,61.16,69.91,64.51,88.42,69.05,258.14999999999986,58.59812499999998,17.53643785762601,36.930416666666666,134.6,1.2246467991473532e-16,-1.0,0.7818314824680298,0.6234898018587336,0,34.85,0.0,86.88,100.0
2018-10-30 12:00:00,2018-10-30 12:15:00,2018-10-30 13:00:00,20.13,48.74,61.16,65.77,87.3,91.3,241.1199999999999,61.322499999999984,11.297542597839616,36.52875,134.6,-0.06540312923014287,-0.9978589232386035,0.7818314824680298,0.6234898018587336,0,19.98,0.22,92.53,100.0
2018-10-30 12:15:00,2018-10-30 12:30:00,2018-10-30 13:15:00,49.47,4.97,48.74,61.31,5.33,12.85,184.7799999999999,59.986249999999984,15.744266764047865,36.525,134.6,-0.13052619222005177,-0.9914448613738104,0.7818314824680298,0.6234898018587336,0,0.0,17.96,100.0,26.67
2018-10-30 12:30:00,2018-10-30 12:45:00,2018-10-30 13:30:00,109.63000000000001,4.93,4.97,69.91,6.01,4.82,119.79999999999988,56.140624999999986,20.492027251089176,36.513749999999995,134.6,-0.19509032201612792,-0.9807852804032305,0.7818314824680298,0.6234898018587336,0,0.0,18.61,100.0,25.61
2018-10-30 12:45:00,2018-10-30 13:00:00,2018-10-30 13:45:00,162.48000000000002,4.61,4.93,61.16,6.01,4.64,63.249999999999886,53.039999999999985,24.000866390612025,36.49916666666667,134.6,-0.2588190451025208,-0.9659258262890683,0.7818314824680298,0.6234898018587336,0,0.0,17.93,100.0,24.9
2018-10-30 13:00:00,2018-10-30 13:15:00,2018-10-30 14:00:00,220.36,5.62,4.61,48.74,5.29,4.25,20.129999999999885,48.673124999999985,25.80722493768731,36.502604166666664,134.6,-0.32143946530316153,-0.9469301294951057,0.7818314824680298,0.6234898018587336,0,0.0,18.11,100.0,29.64
2018-10-30 13:15:00,2018-10-30 13:30:00,2018-10-30 14:15:00,251.07,34.31,5.62,4.97,61.56,48.35,49.469999999999885,46.54499999999999,25.498124195713242,36.21875,134.6,-0.38268343236508967,-0.9238795325112868,0.7818314824680298,0.6234898018587336,0,12.82,4.54,93.67,99.14
2018-10-30 13:30:00,2018-10-30 13:45:00,2018-10-30 14:30:00,247.61,65.09,34.31,4.93,89.46,89.89,109.62999999999988,46.65999999999999,25.577233284701006,35.96489583333334,134.6,-0.44228869021900147,-0.8968727415326883,0.7818314824680298,0.6234898018587336,0,36.43,0.0,87.26,100.0
2018-10-30 13:45:00,2018-10-30 14:00:00,2018-10-30 14:45:00,249.22999999999996,57.46,65.09,4.61,101.48,96.41,162.47999999999988,46.124999999999986,25.254168715283768,35.50635416666667,134.6,-0.4999999999999997,-0.8660254037844388,0.7818314824680298,0.6234898018587336,0,30.2,0.0,88.52,100.0
2018-10-30 14:00:00,2018-10-30 14:15:00,2018-10-30 15:00:00,245.49,63.5,57.46,5.62,87.98,55.76,220.35999999999987,46.358749999999986,25.396200226362943,35.251354166666665,134.6,-0.555570233019602,-0.8314696123025455,0.7818314824680298,0.6234898018587336,0,37.08,0.0,86.36,100.0
2018-10-30 14:15:00,2018-10-30 14:30:00,2018-10-30 15:15:00,234.87,65.02,63.5,34.31,118.15,64.37,251.06999999999988,46.95062499999999,25.711901298025232,34.697916666666664,134.6,-0.6087614290087207,-0.7933533402912352,0.7818314824680298,0.6234898018587336,0,37.4,0.0,86.68,100.0
2018-10-30 14:30:00,2018-10-30 14:45:00,2018-10-30 15:30:00,231.02,61.63,65.02,65.09,83.16,118.48,247.60999999999987,46.15874999999999,25.04382730210216,34.473645833333336,134.6,-0.6593458151000688,-0.7518398074789774,0.7818314824680298,0.6234898018587336,0,35.46,0.0,86.68,100.0
2018-10-30 14:45:00,2018-10-30 15:00:00,2018-10-30 15:45:00,231.84,59.08,61.63,57.46,77.33,110.23,249.22999999999988,45.81937499999999,24.828713334754035,34.283541666666665,134.6,-0.7071067811865471,-0.7071067811865479,0.7818314824680298,0.6234898018587336,0,32.4,0.0,87.68,100.0
2018-10-30 15:00:00,2018-10-30 15:15:00,2018-10-30 16:00:00,227.05,59.76,59.08,63.5,83.48,55.44,245.48999999999987,45.44374999999998,24.568140160327935,34.036458333333336,134.6,-0.7518398074789773,-0.6593458151000691,0.7818314824680298,0.6234898018587336,0,28.98,0.0,89.98,100.0
2018-10-30 15:15:00,2018-10-30 15:30:00,2018-10-30 16:15:00,242.81,54.4,59.76,65.02,109.15,78.48,234.8699999999999,45.01187499999998,24.345159225899383,33.466145833333336,134.6,-0.7933533402912349,-0.6087614290087209,0.7818314824680298,0.6234898018587336,0,24.19,0.0,91.37,100.0
2018-10-30 15:30:00,2018-10-30 15:45:00,2018-10-30 16:30:00,254.01,57.78,54.4,61.63,88.96,84.1,231.0199999999999,44.25374999999999,23.739340733000983,33.141354166666666,134.6,-0.8314696123025452,-0.5555702330196022,0.7818314824680298,0.6234898018587336,0,31.82,0.0,87.6,100.0
2018-10-30 15:45:00,2018-10-30 16:00:00,2018-10-30 16:45:00,251.96,59.9,57.78,59.08,111.31,53.5,231.83999999999986,44.17499999999999,23.685155424865165,32.60583333333334,134.6,-0.8660254037844385,-0.5000000000000004,0.7818314824680298,0.6234898018587336,0,35.42,0.0,86.08,100.0
2018-10-30 16:00:00,2018-10-30 16:15:00,2018-10-30 17:00:00,243.28999999999996,54.97,59.9,59.76,115.24,74.52,227.0499999999999,44.56437499999999,23.807893115716777,31.978020833333332,134.6,-0.8968727415326883,-0.44228869021900136,0.7818314824680298,0.6234898018587336,0,31.39,0.0,86.84,100.0
2018-10-30 16:15:00,2018-10-30 16:30:00,2018-10-30 17:15:00,234.65,70.16,54.97,54.4,73.76,58.64,242.8099999999999,48.63874999999999,22.207635757493744,31.940520833333334,134.6,-0.9238795325112868,-0.3826834323650895,0.7818314824680298,0.6234898018587336,0,39.06,0.0,87.37,100.0
2018-10-30 16:30:00,2018-10-30 16:45:00,2018-10-30 17:30:00,207.47000000000003,68.98,70.16,57.78,134.6,46.8,254.00999999999988,52.641874999999985,19.585991236962844,31.256979166666664,101.27,-0.9469301294951056,-0.3214394653031618,0.7818314824680298,0.6234898018587336,0,35.64,0.0,88.84,100.0
2018-10-30 16:45:00,2018-10-30 17:00:00,2018-10-30 17:45:00,179.72,57.85,68.98,59.9,101.27,44.57,251.9599999999999,55.969374999999985,15.16716085361336,30.8046875,75.49,-0.9659258262890683,-0.25881904510252063,0.7818314824680298,0.6234898018587336,0,29.34,0.0,89.19,100.0
2018-10-30 17:00:00,2018-10-30 17:15:00,2018-10-30 18:00:00,164.31,46.3,57.85,54.97,75.06,66.74,243.2899999999999,58.51187499999999,8.425009806188873,30.505104166666666,75.49,-0.9807852804032303,-0.19509032201612866,0.7818314824680298,0.6234898018587336,0,18.11,0.0,93.13,100.0
2018-10-30 17:15:00,2018-10-30 17:30:00,2018-10-30 18:15:00,139.08,61.52,46.3,70.16,55.58,55.37,234.64999999999986,60.212499999999984,5.660922517576248,30.566979166666666,75.49,-0.9914448613738104,-0.13052619222005163,0.7818314824680298,0.6234898018587336,0,25.74,0.0,92.25,100.0
2018-10-30 17:30:00,2018-10-30 17:45:00,2018-10-30 18:30:00,142.42000000000002,41.8,61.52,68.98,59.94,51.44,207.46999999999989,58.75687499999998,7.044791266203593,30.378020833333334,75.49,-0.9978589232386035,-0.06540312923014273,0.7818314824680298,0.6234898018587336,0,9.79,0.32,97.37,100.0
2018-10-30 17:45:00,2018-10-30 18:00:00,2018-10-30 18:45:00,179.93,30.1,41.8,57.85,31.39,31.0,179.71999999999989,57.046874999999986,9.895751436064888,30.364583333333332,75.49,-1.0,-1.8369701987210297e-16,0.7818314824680298,0.6234898018587336,0,0.43,2.7,99.99,99.6
2018-10-30 18:00:00,2018-10-30 18:15:00,2018-10-30 19:00:00,204.70000000000002,30.89,30.1,46.3,30.64,31.1,164.3099999999999,55.008749999999985,11.572840983851266,30.3671875,75.49,-0.9978589232386036,0.06540312923014237,0.7818314824680298,0.6234898018587336,0,4.54,1.37,98.94,99.9
2018-10-30 18:15:00,2018-10-30 18:30:00,2018-10-30 19:15:00,220.68,36.29,30.89,61.52,47.38,74.05,139.07999999999987,53.213124999999984,12.09718082796089,30.251666666666665,75.49,-0.9914448613738105,0.13052619222005127,0.7818314824680298,0.6234898018587336,0,15.3,0.0,92.15,100.0
2018-10-30 18:30:00,2018-10-30 18:45:00,2018-10-30 19:30:00,228.14,45.14,36.29,41.8,59.18,125.28,142.4199999999999,52.18249999999998,12.0384932092854,30.105416666666667,75.49,-0.9807852804032304,0.1950903220161283,0.7818314824680298,0.6234898018587336,0,22.32,0.0,89.64,100.0
2018-10-30 18:45:00,2018-10-30 19:00:00,2018-10-30 19:45:00,219.89,67.61,45.14,30.1,72.43,75.64,179.9299999999999,52.71562499999999,12.511718990985415,30.05520833333333,75.49,-0.9659258262890684,0.2588190451025203,0.7818314824680298,0.6234898018587336,0,34.6,0.0,89.02,100.0
2018-10-30 19:00:00,2018-10-30 19:15:00,2018-10-30 20:00:00,223.31,55.66,67.61,30.89,49.72,47.02,204.69999999999987,52.45937499999999,12.406362515233276,30.117083333333337,75.49,-0.9469301294951057,0.3214394653031615,0.7818314824680298,0.6234898018587336,0,21.89,0.0,93.06,100.0
2018-10-30 19:15:00,2018-10-30 19:30:00,2018-10-30 20:15:00,222.20000000000002,52.27,55.66,36.29,47.77,63.58,220.6799999999999,52.32624999999999,12.396248361399932,30.163958333333337,75.49,-0.923879532511287,0.38268343236508917,0.7818314824680298,0.6234898018587336,0,23.29,0.0,91.34,100.0
2018-10-30 19:30:00,2018-10-30 19:45:00,2018-10-30 20:30:00,283.58,52.6,52.27,45.14,54.86,59.26,228.1399999999999,52.00249999999998,12.316975328789567,30.140416666666667,75.49,-0.8968727415326884,0.442288690219001,0.7818314824680298,0.6234898018587336,0,25.38,0.0,90.06,100.0
2018-10-30 19:45:00,2018-10-30 20:00:00,2018-10-30 20:45:00,334.31,59.36,52.6,67.61,57.82,70.74,219.88999999999987,51.968749999999986,12.296010976634289,30.156458333333333,75.49,-0.8660254037844386,0.5000000000000001,0.7818314824680298,0.6234898018587336,0,26.24,0.0,91.46,100.0
2018-10-30 20:00:00,2018-10-30 20:15:00,2018-10-30 21:00:00,338.63,59.08,59.36,55.66,52.02,51.59,223.3099999999999,52.22562499999998,12.398530139068326,30.23,75.49,-0.8314696123025455,0.5555702330196018,0.7818314824680298,0.6234898018587336,0,23.87,0.0,92.72,100.0
2018-10-30 20:15:00,2018-10-30 20:30:00,2018-10-30 21:15:00,292.10999999999996,51.16,59.08,52.27,61.02,61.2,222.19999999999987,51.03812499999999,11.501380470812492,30.127291666666665,75.49,-0.7933533402912357,0.6087614290087199,0.7818314824680298,0.6234898018587336,0,22.46,0.0,91.56,100.0
2018-10-30 20:30:00,2018-10-30 20:45:00,2018-10-30 21:30:00,182.56,113.98,51.16,52.6,57.42,55.51,283.57999999999987,53.85062499999999,18.757855510675622,30.716458333333332,113.98,-0.7518398074789772,0.6593458151000691,0.7818314824680298,0.6234898018587336,0,61.92,0.0,87.87,100.0
2018-10-30 20:45:00,2018-10-30 21:00:00,2018-10-30 21:45:00,76.5,110.09,113.98,59.36,48.82,62.75,334.3099999999999,57.11562499999998,23.192163269289484,31.3546875,113.98,-0.7071067811865477,0.7071067811865474,0.7818314824680298,0.6234898018587336,0,50.58,0.0,90.87,100.0
2018-10-30 21:00:00,2018-10-30 21:15:00,2018-10-30 22:00:00,17.17,63.4,110.09,59.08,31.5,34.09,338.6299999999999,58.18437499999999,23.062771670147953,31.68697916666667,113.98,-0.6593458151000687,0.7518398074789775,0.7818314824680298,0.6234898018587336,0,22.97,1.51,94.02,99.97
2018-10-30 21:15:00,2018-10-30 21:30:00,2018-10-30 22:15:00,16.380000000000003,4.64,63.4,51.16,22.75,32.98,292.1099999999999,54.62937499999999,26.414873052115603,31.498333333333335,113.98,-0.608761429008721,0.7933533402912349,0.7818314824680298,0.6234898018587336,0,0.0,17.57,100.0,25.53
2018-10-30 21:30:00,2018-10-30 21:45:00,2018-10-30 22:30:00,15.770000000000001,4.43,4.64,113.98,4.03,29.99,182.5599999999999,52.29374999999998,28.97415914979261,31.502499999999998,113.98,-0.555570233019603,0.8314696123025447,0.7818314824680298,0.6234898018587336,0,0.0,17.17,100.0,24.98
2018-10-30 21:45:00,2018-10-30 22:00:00,2018-10-30 22:45:00,15.74,4.03,4.43,110.09,4.0,29.88,76.49999999999989,50.664374999999986,30.848804265471742,31.5028125,113.98,-0.5000000000000004,0.8660254037844384,0.7818314824680298,0.6234898018587336,0,0.0,17.71,100.0,22.19
2018-10-30 22:00:00,2018-10-30 22:15:00,2018-10-30 23:00:00,16.21,4.07,4.03,63.4,4.0,37.48,17.169999999999888,48.98812499999999,32.55901607442076,31.503541666666663,113.98,-0.4422886902190014,0.8968727415326883,0.7818314824680298,0.6234898018587336,0,0.0,17.35,100.0,22.84
2018-10-30 22:15:00,2018-10-30 22:30:00,2018-10-30 23:15:00,15.92,3.85,4.07,4.64,3.64,62.5,16.379999999999885,46.960624999999986,34.25261695636396,31.50572916666667,113.98,-0.38268343236508956,0.9238795325112868,0.7818314824680298,0.6234898018587336,0,6.7,0.18,49.82,99.89
2018-10-30 22:30:00,2018-10-30 22:45:00,2018-10-30 23:30:00,15.809999999999999,3.82,3.85,4.43,3.6,92.99,15.769999999999886,44.37812499999998,35.81459046581986,31.508020833333333,113.98,-0.32143946530316186,0.9469301294951056,0.7818314824680298,0.6234898018587336,0,7.13,0.0,47.23,100.0
2018-10-30 22:45:00,2018-10-30 23:00:00,2018-10-30 23:45:00,15.37,4.0,3.82,4.03,3.89,76.1,15.739999999999887,40.40249999999998,36.53828617012604,31.509166666666662,113.98,-0.25881904510252157,0.9659258262890681,0.7818314824680298,0.6234898018587336,0,6.01,0.0,55.41,100.0
2018-10-30 23:00:00,2018-10-30 23:15:00,2018-10-31 00:00:00,14.68,4.54,4.0,4.07,4.68,71.17,16.209999999999887,37.20749999999999,37.29170559588322,31.50770833333333,113.98,-0.19509032201612872,0.9807852804032303,0.7818314824680298,0.6234898018587336,0,5.33,0.0,64.84,100.0
2018-10-30 23:15:00,2018-10-30 23:30:00,2018-10-31 00:15:00,14.76,3.56,4.54,3.85,4.46,32.33,15.919999999999886,34.16312499999999,37.920743617239445,31.498333333333335,113.98,-0.13052619222005168,0.9914448613738104,0.7818314824680298,0.6234898018587336,0,5.36,0.0,55.33,100.0
2018-10-30 23:30:00,2018-10-30 23:45:00,2018-10-31 00:30:00,14.65,3.71,3.56,3.82,3.64,17.93,15.809999999999887,31.107499999999987,38.28006147134608,31.499062499999997,113.98,-0.0654031292301428,0.9978589232386035,0.7818314824680298,0.6234898018587336,0,6.05,0.0,52.28,100.0
2018-10-30 23:45:00,2018-10-31 00:00:00,2018-10-31 00:45:00,14.76,3.56,3.71,4.0,3.67,6.37,15.369999999999887,27.619999999999983,38.0886041028027,31.49791666666667,113.98,0.0,1.0,0.9749279121818236,-0.22252093395631434,0,6.19,0.0,49.86,100.0
2018-10-31 00:00:00,2018-10-31 00:15:00,2018-10-31 01:00:00,14.47,3.85,3.56,4.54,3.67,2.92,14.679999999999888,24.168124999999986,37.58033265864496,31.499791666666667,113.98,0.06540312923014306,0.9978589232386035,0.9749279121818236,-0.22252093395631434,0,5.29,0.0,58.84,100.0
2018-10-31 00:15:00,2018-10-31 00:30:00,2018-10-31 01:15:00,14.43,3.64,3.85,3.56,3.6,4.86,14.759999999999888,21.198124999999983,37.20568727001855,31.500208333333333,113.98,0.13052619222005157,0.9914448613738104,0.9749279121818236,-0.22252093395631434,0,6.08,0.0,51.37,100.0
2018-10-31 00:30:00,2018-10-31 00:45:00,2018-10-31 01:30:00,14.43,3.6,3.64,3.71,3.67,4.9,14.649999999999887,14.299374999999987,28.600638425731482,31.499479166666664,113.98,0.19509032201612825,0.9807852804032304,0.9749279121818236,-0.22252093395631434,0,5.51,0.0,54.7,100.0
2018-10-31 00:45:00,2018-10-31 01:00:00,2018-10-31 01:45:00,14.36,3.67,3.6,3.56,3.71,3.89,14.759999999999886,7.648124999999986,14.39891064401872,31.499062499999997,113.98,0.25881904510252074,0.9659258262890683,0.9749279121818236,-0.22252093395631434,0,5.8,0.0,53.47,100.0
2018-10-31 01:00:00,2018-10-31 01:15:00,2018-10-31 02:00:00,14.870000000000001,3.56,3.67,3.85,3.67,3.82,14.469999999999885,3.908124999999986,0.34438747718202367,31.497916666666665,113.98,0.3214394653031616,0.9469301294951057,0.9749279121818236,-0.22252093395631434,0,5.69,0.0,53.04,100.0
2018-10-31 01:15:00,2018-10-31 01:30:00,2018-10-31 02:15:00,15.989999999999998,3.6,3.56,3.64,3.64,3.74,14.429999999999886,3.843124999999986,0.2946760669614549,31.4975,113.98,0.3826834323650898,0.9238795325112867,0.9749279121818236,-0.22252093395631434,0,5.62,0.0,53.94,100.0
2018-10-31 01:30:00,2018-10-31 01:45:00,2018-10-31 02:30:00,16.03,3.6,3.6,3.6,3.67,3.74,14.429999999999886,3.7912499999999856,0.2575091019069618,31.496770833333333,113.98,0.44228869021900125,0.8968727415326884,0.9749279121818236,-0.22252093395631434,0,5.83,0.0,52.54,100.0
2018-10-31 01:45:00,2018-10-31 02:00:00,2018-10-31 02:45:00,16.03,3.6,3.6,3.67,3.71,3.78,14.359999999999886,3.7643749999999856,0.253598323022768,31.495625,113.98,0.49999999999999994,0.8660254037844387,0.9749279121818236,-0.22252093395631434,0,5.76,0.0,53.0,100.0
2018-10-31 02:00:00,2018-10-31 02:15:00,2018-10-31 03:00:00,15.559999999999999,4.07,3.6,3.56,3.71,3.74,14.869999999999887,3.7643749999999856,0.253598323022768,31.499374999999997,113.98,0.5555702330196022,0.8314696123025452,0.9749279121818236,-0.22252093395631434,0,5.69,0.0,58.18,100.0
2018-10-31 02:15:00,2018-10-31 02:30:00,2018-10-31 03:15:00,14.48,4.72,4.07,3.6,3.67,3.78,15.989999999999885,3.8187499999999854,0.3434726154512163,31.5103125,113.98,0.6087614290087207,0.7933533402912352,0.9749279121818236,-0.22252093395631434,0,5.9,0.0,62.47,100.0
2018-10-31 02:30:00,2018-10-31 02:45:00,2018-10-31 03:30:00,14.219999999999999,3.64,4.72,3.6,3.6,3.78,16.029999999999887,3.807499999999986,0.34618456069690884,31.510729166666664,113.98,0.6593458151000688,0.7518398074789774,0.9749279121818236,-0.22252093395631434,0,5.8,0.0,53.16,100.0
2018-10-31 02:45:00,2018-10-31 03:00:00,2018-10-31 03:45:00,13.610000000000001,3.6,3.64,3.6,3.6,3.78,16.029999999999887,3.782499999999986,0.3458232931208362,31.510729166666664,113.98,0.7071067811865476,0.7071067811865476,0.9749279121818236,-0.22252093395631434,0,5.98,0.0,51.58,100.0
2018-10-31 03:00:00,2018-10-31 03:15:00,2018-10-31 04:00:00,12.96,3.6,3.6,4.07,3.2,3.78,15.559999999999887,3.7237499999999857,0.2869859536022725,31.514895833333338,113.98,0.7518398074789774,0.6593458151000688,0.9749279121818236,-0.22252093395631434,0,5.98,0.0,51.58,100.0
2018-10-31 03:15:00,2018-10-31 03:30:00,2018-10-31 04:15:00,12.27,3.64,3.6,4.72,2.99,3.74,14.479999999999887,3.728749999999986,0.2847778740790796,31.521666666666665,113.98,0.7933533402912352,0.6087614290087207,0.9749279121818236,-0.22252093395631434,0,5.9,0.0,52.51,100.0
2018-10-31 03:30:00,2018-10-31 03:45:00,2018-10-31 04:30:00,11.91,3.38,3.64,3.64,2.88,3.78,14.219999999999887,3.7081249999999857,0.2970736178795136,31.526875000000004,113.98,0.8314696123025451,0.5555702330196024,0.9749279121818236,-0.22252093395631434,0,5.54,0.0,52.08,100.0
2018-10-31 03:45:00,2018-10-31 04:00:00,2018-10-31 04:45:00,11.870000000000001,2.99,3.38,3.6,2.88,3.82,13.609999999999888,3.6724999999999857,0.34328377483514017,31.528020833333333,113.98,0.8660254037844386,0.5000000000000001,0.9749279121818236,-0.22252093395631434,0,4.32,0.0,56.91,100.0
2018-10-31 04:00:00,2018-10-31 04:15:00,2018-10-31 05:00:00,11.840000000000002,2.95,2.99,3.6,2.92,4.68,12.959999999999887,3.6162499999999858,0.381229507731401,31.528333333333332,113.98,0.8968727415326884,0.44228869021900125,0.9749279121818236,-0.22252093395631434,0,4.21,0.0,57.39,100.0
2018-10-31 04:15:00,2018-10-31 04:30:00,2018-10-31 05:15:00,11.77,2.95,2.95,3.64,2.88,4.72,12.269999999999886,3.573124999999986,0.4137438633263033,31.5290625,113.98,0.9238795325112867,0.38268343236508984,0.9749279121818236,-0.22252093395631434,0,4.21,0.0,57.39,100.0
2018-10-31 04:30:00,2018-10-31 04:45:00,2018-10-31 05:30:00,11.67,3.02,2.95,3.38,3.2,3.2,11.909999999999886,3.536874999999986,0.4346797492870072,31.5271875,113.98,0.9469301294951056,0.3214394653031617,0.9749279121818236,-0.22252093395631434,0,4.03,0.0,59.97,100.0
2018-10-31 04:45:00,2018-10-31 05:00:00,2018-10-31 05:45:00,12.099999999999998,2.95,3.02,2.99,3.56,3.24,11.869999999999887,3.491874999999986,0.4553462797039919,31.520833333333332,113.98,0.9659258262890683,0.25881904510252074,0.9749279121818236,-0.22252093395631434,0,4.07,0.0,58.69,100.0
2018-10-31 05:00:00,2018-10-31 05:15:00,2018-10-31 06:00:00,12.709999999999999,2.92,2.95,2.95,2.95,3.24,11.839999999999888,3.4518749999999856,0.47527911214391794,31.520520833333332,113.98,0.9807852804032304,0.19509032201612833,0.9749279121818236,-0.22252093395631434,0,3.85,0.0,60.43,100.0
2018-10-31 05:15:00,2018-10-31 05:30:00,2018-10-31 06:15:00,12.71,2.88,2.92,2.95,2.84,3.17,11.769999999999886,3.4068749999999857,0.4928833375560199,31.520937500000002,113.98,0.9914448613738104,0.1305261922200517,0.9749279121818236,-0.22252093395631434,0,3.85,0.0,59.9,100.0
2018-10-31 05:30:00,2018-10-31 05:45:00,2018-10-31 06:30:00,12.629999999999999,2.92,2.88,3.02,2.84,3.13,11.669999999999886,3.3643749999999857,0.5035991555199524,31.521770833333335,113.98,0.9978589232386035,0.06540312923014327,0.9749279121818236,-0.22252093395631434,0,3.78,0.0,61.13,100.0
2018-10-31 05:45:00,2018-10-31 06:00:00,2018-10-31 06:45:00,12.09,3.38,2.92,2.95,2.88,3.13,12.099999999999886,3.3506249999999858,0.4999683584392362,31.526979166666667,113.98,1.0,6.123233995736766e-17,0.9749279121818236,-0.22252093395631434,0,4.72,0.0,58.22,100.0
2018-10-31 06:00:00,2018-10-31 06:15:00,2018-10-31 07:00:00,11.979999999999999,3.53,3.38,2.92,2.88,3.13,12.709999999999885,3.316874999999986,0.467436075245014,31.533749999999998,113.98,0.9978589232386035,-0.06540312923014314,0.9749279121818236,-0.22252093395631434,0,5.33,0.0,55.22,100.0
2018-10-31 06:15:00,2018-10-31 06:30:00,2018-10-31 07:15:00,12.379999999999999,2.88,3.53,2.88,2.81,3.2,12.709999999999887,3.201874999999986,0.3068431756461132,31.534479166666667,113.98,0.9914448613738104,-0.1305261922200516,0.9749279121818236,-0.22252093395631434,0,3.82,0.0,60.2,100.0
2018-10-31 06:30:00,2018-10-31 06:45:00,2018-10-31 07:30:00,12.489999999999998,2.84,2.88,2.92,2.81,3.1,12.629999999999885,3.1518749999999858,0.2963785323545678,31.534791666666667,113.98,0.9807852804032304,-0.1950903220161282,0.9749279121818236,-0.22252093395631434,0,3.78,0.0,60.07,100.0
2018-10-31 06:45:00,2018-10-31 07:00:00,2018-10-31 07:45:00,14.04,2.84,2.84,3.38,2.84,3.42,12.089999999999886,3.104374999999986,0.2812687494918355,31.534791666666663,113.98,0.9659258262890683,-0.25881904510252063,0.9749279121818236,-0.22252093395631434,0,3.78,0.0,60.07,100.0
2018-10-31 07:00:00,2018-10-31 07:15:00,2018-10-31 08:00:00,14.870000000000001,3.42,2.84,3.53,2.92,3.74,11.979999999999887,3.093124999999986,0.264308502399589,31.540000000000003,113.98,0.9469301294951057,-0.3214394653031616,0.9749279121818236,-0.22252093395631434,0,4.79,0.0,58.11,100.0
2018-10-31 07:15:00,2018-10-31 07:30:00,2018-10-31 08:15:00,39.379999999999995,3.28,3.42,2.88,3.53,3.64,12.379999999999887,3.0706249999999855,0.22987683537220266,31.537395833333335,113.98,0.9238795325112868,-0.3826834323650895,0.9749279121818236,-0.22252093395631434,0,4.43,0.0,59.51,100.0
2018-10-31 07:30:00,2018-10-31 07:45:00,2018-10-31 08:30:00,95.43,2.95,3.28,2.84,3.78,3.78,12.489999999999885,3.043749999999986,0.21690651803431107,31.52875,113.98,0.8968727415326884,-0.44228869021900113,0.9749279121818236,-0.22252093395631434,0,3.56,0.0,63.81,100.0
2018-10-31 07:45:00,2018-10-31 08:00:00,2018-10-31 08:45:00,206.6,4.39,2.95,2.84,4.5,5.4,14.039999999999885,3.131249999999986,0.39049447827808104,31.527604166666663,113.98,0.8660254037844387,-0.4999999999999998,0.9749279121818236,-0.22252093395631434,0,6.19,0.0,57.85,100.0
2018-10-31 08:00:00,2018-10-31 08:15:00,2018-10-31 09:00:00,341.78,4.25,4.39,3.42,5.15,4.18,14.869999999999887,3.2124999999999857,0.47122844785260953,31.518229166666668,113.98,0.8314696123025451,-0.5555702330196023,0.9749279121818236,-0.22252093395631434,0,5.98,0.0,57.93,100.0
2018-10-31 08:15:00,2018-10-31 08:30:00,2018-10-31 09:15:00,419.87,27.79,4.25,3.28,26.35,34.16,39.37999999999988,4.764999999999986,5.963290828063296,31.53322916666666,113.98,0.7933533402912352,-0.6087614290087207,0.9749279121818236,-0.22252093395631434,0,21.67,0.0,78.86,100.0
2018-10-31 08:30:00,2018-10-31 08:45:00,2018-10-31 09:30:00,425.74,59.0,27.79,2.95,66.46,58.75,95.42999999999988,8.263749999999986,14.386416281950133,31.455520833333335,113.98,0.7518398074789774,-0.6593458151000688,0.9749279121818236,-0.22252093395631434,0,51.52,0.0,75.32,100.0
2018-10-31 08:45:00,2018-10-31 09:00:00,2018-10-31 09:45:00,397.16,115.56,59.0,4.39,54.22,68.98,206.59999999999988,15.301874999999987,29.583768399824034,32.094479166666666,115.56,0.7071067811865476,-0.7071067811865475,0.9749279121818236,-0.22252093395631434,0,72.36,0.0,84.76,100.0
2018-10-31 09:00:00,2018-10-31 09:15:00,2018-10-31 10:00:00,382.58000000000004,139.43,115.56,4.25,75.49,44.21,341.77999999999986,23.833749999999988,41.90240444697109,32.76052083333334,139.43,0.659345815100069,-0.7518398074789773,0.9749279121818236,-0.22252093395631434,0,74.12,0.0,88.3,100.0
2018-10-31 09:15:00,2018-10-31 09:30:00,2018-10-31 10:15:00,365.91,105.88,139.43,27.79,68.36,43.85,419.8699999999999,30.271249999999988,45.909182751793075,33.15135416666667,139.43,0.6087614290087209,-0.793353340291235,0.9749279121818236,-0.22252093395631434,0,51.88,0.0,89.8,100.0
2018-10-31 09:30:00,2018-10-31 09:45:00,2018-10-31 10:30:00,378.43999999999994,64.87,105.88,59.0,63.25,66.53,425.7399999999999,34.14312499999998,46.05130898231239,33.16822916666667,139.43,0.5555702330196025,-0.831469612302545,0.9749279121818236,-0.22252093395631434,0,36.65,0.0,87.07,100.0
2018-10-31 09:45:00,2018-10-31 10:00:00,2018-10-31 10:45:00,363.17,86.98,64.87,115.56,66.02,52.67,397.1599999999999,39.368124999999985,46.997423096744356,33.386562500000004,139.43,0.49999999999999994,-0.8660254037844387,0.9749279121818236,-0.22252093395631434,0,45.14,0.0,88.76,100.0
2018-10-31 10:00:00,2018-10-31 10:15:00,2018-10-31 11:00:00,349.63,124.85,86.98,139.43,59.76,49.57,382.5799999999999,46.95062499999999,50.276109692968404,34.06458333333333,139.43,0.4422886902190017,-0.8968727415326881,0.9749279121818236,-0.22252093395631434,0,62.75,0.0,89.35,100.0
2018-10-31 10:15:00,2018-10-31 10:30:00,2018-10-31 11:15:00,377.89,89.21,124.85,105.88,55.55,80.78,365.9099999999999,52.34624999999998,49.88789042380435,34.41520833333333,139.43,0.3826834323650899,-0.9238795325112867,0.9749279121818236,-0.22252093395631434,0,44.89,0.0,89.33,100.0
2018-10-31 10:30:00,2018-10-31 10:45:00,2018-10-31 11:30:00,403.99,77.4,89.21,64.87,74.3,129.85,378.4399999999998,57.00624999999999,48.509147188313925,34.4475,139.43,0.32143946530316175,-0.9469301294951056,0.9749279121818236,-0.22252093395631434,0,40.57,0.0,88.57,100.0
2018-10-31 10:45:00,2018-10-31 11:00:00,2018-10-31 11:45:00,401.65,71.71,77.4,86.98,64.51,90.43,363.1699999999999,61.31062499999998,46.526855883020666,34.5225,139.43,0.258819045102521,-0.9659258262890682,0.9749279121818236,-0.22252093395631434,0,34.27,0.0,90.23,100.0
2018-10-31 11:00:00,2018-10-31 11:15:00,2018-10-31 12:00:00,387.68000000000006,111.31,71.71,124.85,65.77,111.89,349.6299999999999,68.05374999999998,45.45400860691488,34.996875,139.43,0.19509032201612816,-0.9807852804032304,0.9749279121818236,-0.22252093395631434,0,59.8,0.0,88.09,100.0
2018-10-31 11:15:00,2018-10-31 11:30:00,2018-10-31 12:15:00,277.23,117.47,111.31,89.21,61.31,91.55,377.8899999999999,75.19062499999998,43.65234651034648,35.581875000000004,139.43,0.130526192220052,-0.9914448613738104,0.9749279121818236,-0.22252093395631434,0,60.01,0.0,89.05,100.0
2018-10-31 11:30:00,2018-10-31 11:45:00,2018-10-31 12:30:00,180.07000000000002,103.5,117.47,77.4,69.91,59.36,403.9899999999999,81.47499999999998,39.87422146575375,35.93177083333333,139.43,0.06540312923014312,-0.9978589232386035,0.9749279121818236,-0.22252093395631434,0,52.34,0.0,89.24,100.0
2018-10-31 11:45:00,2018-10-31 12:00:00,2018-10-31 12:45:00,116.68,69.37,103.5,71.71,61.16,61.63,401.64999999999986,85.53625,34.8028288855586,36.017291666666665,139.43,1.2246467991473532e-16,-1.0,0.9749279121818236,-0.22252093395631434,0,38.92,0.0,87.21,100.0
2018-10-31 12:00:00,2018-10-31 12:15:00,2018-10-31 13:00:00,25.35,97.34,69.37,111.31,48.74,44.42,387.6799999999999,91.35437499999999,27.80518745862614,36.52354166666667,139.43,-0.06540312923014287,-0.9978589232386035,0.9749279121818236,-0.22252093395631434,0,46.69,0.14,90.16,100.0
2018-10-31 12:15:00,2018-10-31 12:30:00,2018-10-31 13:15:00,57.1,7.02,97.34,117.47,4.97,5.29,277.2299999999999,90.05624999999998,31.03923945488141,36.544895833333335,139.43,-0.13052619222005177,-0.9914448613738104,0.9749279121818236,-0.22252093395631434,0,0.0,17.64,100.0,36.98
2018-10-31 12:30:00,2018-10-31 12:45:00,2018-10-31 13:30:00,121.82000000000001,6.34,7.02,103.5,4.93,5.15,180.0699999999999,86.76499999999999,36.47392287648767,36.559583333333336,139.43,-0.19509032201612792,-0.9807852804032305,0.9749279121818236,-0.22252093395631434,0,0.0,17.86,100.0,33.45
2018-10-31 12:45:00,2018-10-31 13:00:00,2018-10-31 13:45:00,203.14,5.98,6.34,69.37,4.61,5.44,116.6799999999999,79.91624999999999,40.490840765998904,36.57385416666667,139.43,-0.2588190451025208,-0.9659258262890683,0.9749279121818236,-0.22252093395631434,0,0.0,17.03,100.0,33.13
2018-10-31 13:00:00,2018-10-31 13:15:00,2018-10-31 14:00:00,293.5,6.01,5.98,97.34,5.62,4.75,25.349999999999888,71.57749999999999,41.1094745010197,36.57791666666667,139.43,-0.32143946530316153,-0.9469301294951057,0.9749279121818236,-0.22252093395631434,0,0.0,17.57,100.0,32.36
2018-10-31 13:15:00,2018-10-31 13:30:00,2018-10-31 14:15:00,366.98,38.77,6.01,7.02,34.31,31.21,57.099999999999895,67.38312499999999,40.81820086045401,36.624375,139.43,-0.38268343236508967,-0.9238795325112868,0.9749279121818236,-0.22252093395631434,0,15.62,5.87,92.75,98.87
2018-10-31 13:30:00,2018-10-31 13:45:00,2018-10-31 14:30:00,393.01,71.06,38.77,6.34,65.09,54.07,121.8199999999999,67.76999999999998,40.82188230593971,36.6865625,139.43,-0.44228869021900147,-0.8968727415326883,0.9749279121818236,-0.22252093395631434,0,35.46,0.0,89.48,100.0
2018-10-31 13:45:00,2018-10-31 14:00:00,2018-10-31 14:45:00,354.27000000000004,87.3,71.06,5.98,57.46,60.3,203.13999999999987,67.78999999999999,40.83136631316656,36.997395833333336,139.43,-0.4999999999999997,-0.8660254037844388,0.9749279121818236,-0.22252093395631434,0,46.12,0.0,88.42,100.0
2018-10-31 14:00:00,2018-10-31 14:15:00,2018-10-31 15:00:00,307.08,96.37,87.3,6.01,63.5,69.52,293.4999999999999,66.00999999999999,38.87920877538527,37.33979166666666,139.43,-0.555570233019602,-0.8314696123025455,0.9749279121818236,-0.22252093395631434,0,50.0,0.0,88.76,100.0
2018-10-31 14:15:00,2018-10-31 14:30:00,2018-10-31 15:15:00,244.29000000000002,112.25,96.37,38.77,65.02,52.99,366.9799999999999,67.44999999999999,40.11873471334799,37.83177083333333,139.43,-0.6087614290087207,-0.7933533402912352,0.9749279121818236,-0.22252093395631434,0,60.73,0.0,87.95,100.0
2018-10-31 14:30:00,2018-10-31 14:45:00,2018-10-31 15:30:00,208.36,97.09,112.25,71.06,61.63,54.07,393.0099999999999,68.68062499999999,40.702811707047545,38.201145833333335,139.43,-0.6593458151000688,-0.7518398074789774,0.9749279121818236,-0.22252093395631434,0,59.44,0.0,85.29,100.0
2018-10-31 14:45:00,2018-10-31 15:00:00,2018-10-31 15:45:00,217.9,48.56,97.09,87.3,59.08,59.83,354.26999999999987,67.23374999999999,40.979926011859675,38.0915625,139.43,-0.7071067811865471,-0.7071067811865479,0.9749279121818236,-0.22252093395631434,0,21.13,0.0,91.7,100.0
2018-10-31 15:00:00,2018-10-31 15:15:00,2018-10-31 16:00:00,225.6,49.18,48.56,96.37,59.76,51.19,307.07999999999987,63.35062499999999,39.53766629252886,37.98135416666667,139.43,-0.7518398074789773,-0.6593458151000691,0.9749279121818236,-0.22252093395631434,0,23.0,0.0,90.58,100.0
2018-10-31 15:15:00,2018-10-31 15:30:00,2018-10-31 16:15:00,226.89999999999998,49.46,49.18,112.25,54.4,57.96,244.28999999999988,59.09999999999999,37.069689943402594,37.92989583333333,139.43,-0.7933533402912349,-0.6087614290087209,0.9749279121818236,-0.22252093395631434,0,26.6,0.0,88.07,100.0
2018-10-31 15:30:00,2018-10-31 15:45:00,2018-10-31 16:30:00,233.49,61.16,49.46,97.09,57.78,55.33,208.35999999999987,56.453749999999985,35.27342481865783,37.96510416666667,139.43,-0.8314696123025452,-0.5555702330196022,0.9749279121818236,-0.22252093395631434,0,38.3,0.0,84.75,100.0
2018-10-31 15:45:00,2018-10-31 16:00:00,2018-10-31 16:45:00,235.29,58.1,61.16,48.56,59.9,59.69,217.8999999999999,55.749374999999986,35.12066191516586,37.946354166666666,139.43,-0.8660254037844385,-0.5000000000000004,0.9749279121818236,-0.22252093395631434,0,37.15,0.0,84.25,100.0
2018-10-31 16:00:00,2018-10-31 16:15:00,2018-10-31 17:00:00,251.92000000000002,56.88,58.1,49.18,54.97,46.87,225.5999999999999,53.22062499999999,33.45197984962003,37.96625,139.43,-0.8968727415326883,-0.44228869021900136,0.9749279121818236,-0.22252093395631434,0,34.42,0.0,85.55,100.0
2018-10-31 16:15:00,2018-10-31 16:30:00,2018-10-31 17:15:00,263.51000000000005,50.76,56.88,49.46,70.16,56.99,226.8999999999999,55.954374999999985,31.28152609143904,37.76416666666667,139.43,-0.9238795325112868,-0.3826834323650895,0.9749279121818236,-0.22252093395631434,0,26.86,0.0,88.39,100.0
2018-10-31 16:30:00,2018-10-31 16:45:00,2018-10-31 17:30:00,293.71999999999997,67.75,50.76,61.16,68.98,55.48,233.4899999999999,59.79249999999999,28.612053076457165,37.751354166666665,139.43,-0.9469301294951056,-0.3214394653031618,0.9749279121818236,-0.22252093395631434,0,36.0,0.0,88.31,100.0
2018-10-31 16:45:00,2018-10-31 17:00:00,2018-10-31 17:45:00,265.18,59.9,67.75,58.1,57.85,52.13,235.2899999999999,63.16249999999999,25.026122976801624,37.772708333333334,139.43,-0.9659258262890683,-0.25881904510252063,0.9749279121818236,-0.22252093395631434,0,30.67,0.0,89.01,100.0
2018-10-31 17:00:00,2018-10-31 17:15:00,2018-10-31 18:00:00,223.39000000000001,73.51,59.9,56.88,46.3,56.23,251.9199999999999,67.38125,20.27437757213506,38.05614583333334,139.43,-0.9807852804032303,-0.19509032201612866,0.9749279121818236,-0.22252093395631434,0,39.38,0.0,88.15,100.0
2018-10-31 17:15:00,2018-10-31 17:30:00,2018-10-31 18:15:00,207.79999999999998,62.35,73.51,50.76,61.52,57.78,263.5099999999999,68.85499999999999,18.95515266358969,38.06479166666667,139.43,-0.9914448613738104,-0.13052619222005163,0.9749279121818236,-0.22252093395631434,0,32.62,0.0,88.61,100.0
2018-10-31 17:30:00,2018-10-31 17:45:00,2018-10-31 18:30:00,160.17000000000002,97.96,62.35,67.75,41.8,62.28,293.7199999999999,70.53625,20.226496197747384,38.649791666666665,139.43,-0.9978589232386035,-0.06540312923014273,0.9749279121818236,-0.22252093395631434,0,41.44,0.18,92.1,100.0
2018-10-31 17:45:00,2018-10-31 18:00:00,2018-10-31 18:45:00,242.39,31.36,97.96,59.9,30.1,52.92,265.1799999999999,67.03999999999998,21.80016255673323,38.66291666666667,139.43,-1.0,-1.8369701987210297e-16,0.9749279121818236,-0.22252093395631434,0,1.19,1.98,99.93,99.8
2018-10-31 18:00:00,2018-10-31 18:15:00,2018-10-31 19:00:00,307.91,31.72,31.36,73.51,30.89,33.52,223.38999999999987,62.999374999999986,21.980076907494503,38.6715625,139.43,-0.9978589232386036,0.06540312923014237,0.9749279121818236,-0.22252093395631434,0,5.65,0.94,98.45,99.96
2018-10-31 18:15:00,2018-10-31 18:30:00,2018-10-31 19:15:00,357.63,46.76,31.72,62.35,36.29,15.91,207.7999999999999,58.906249999999986,18.200300435363772,38.780625,139.43,-0.9914448613738105,0.13052619222005127,0.9749279121818236,-0.22252093395631434,0,27.47,0.0,86.22,100.0
2018-10-31 18:30:00,2018-10-31 18:45:00,2018-10-31 19:30:00,426.53000000000003,50.33,46.76,97.96,45.14,3.89,160.16999999999987,55.983749999999986,15.368214305426184,38.8346875,139.43,-0.9807852804032304,0.1950903220161283,0.9749279121818236,-0.22252093395631434,0,31.18,0.0,85.01,100.0
2018-10-31 18:45:00,2018-10-31 19:00:00,2018-10-31 19:45:00,414.71999999999997,113.58,50.33,31.36,67.61,3.92,242.3899999999999,60.047499999999985,20.580486965813066,39.31354166666667,139.43,-0.9659258262890684,0.2588190451025203,0.9749279121818236,-0.22252093395631434,0,55.87,0.0,89.73,100.0
2018-10-31 19:00:00,2018-10-31 19:15:00,2018-10-31 20:00:00,421.34000000000003,97.24,113.58,31.72,55.66,3.89,307.9099999999999,63.05124999999998,22.217282651969345,39.74666666666666,139.43,-0.9469301294951057,0.3214394653031615,0.9749279121818236,-0.22252093395631434,0,39.53,0.0,92.64,100.0
2018-10-31 19:15:00,2018-10-31 19:30:00,2018-10-31 20:15:00,416.52,96.48,97.24,46.76,52.27,3.92,357.6299999999999,65.98999999999998,23.308128410492223,40.207187499999996,139.43,-0.923879532511287,0.38268343236508917,0.9749279121818236,-0.22252093395631434,0,43.99,0.0,90.99,100.0
2018-10-31 19:30:00,2018-10-31 19:45:00,2018-10-31 20:30:00,379.61999999999995,119.23,96.48,50.33,52.6,3.82,426.52999999999986,69.61937499999999,26.56679376325577,40.90125,139.43,-0.8968727415326884,0.442288690219001,0.9749279121818236,-0.22252093395631434,0,54.0,0.0,91.09,100.0
2018-10-31 19:45:00,2018-10-31 20:00:00,2018-10-31 20:45:00,360.60999999999996,101.77,119.23,113.58,59.36,3.85,414.7199999999999,72.34875,27.47099308247679,41.343020833333334,139.43,-0.8660254037844386,0.5000000000000001,0.9749279121818236,-0.22252093395631434,0,47.59,0.0,90.59,100.0
2018-10-31 20:00:00,2018-10-31 20:15:00,2018-10-31 21:00:00,301.82,103.86,101.77,97.24,59.08,3.78,421.33999999999986,75.28499999999998,28.16271804176551,41.80947916666667,139.43,-0.8314696123025455,0.5555702330196018,0.9749279121818236,-0.22252093395631434,0,42.62,0.0,92.51,100.0
2018-10-31 20:15:00,2018-10-31 20:30:00,2018-10-31 21:15:00,217.0,91.66,103.86,96.48,51.16,4.72,416.5199999999999,77.84124999999999,27.672564679434423,42.23135416666667,139.43,-0.7933533402912357,0.6087614290087199,0.9749279121818236,-0.22252093395631434,0,40.03,0.0,91.64,100.0
2018-10-31 20:30:00,2018-10-31 20:45:00,2018-10-31 21:30:00,139.10000000000002,82.33,91.66,119.23,113.98,4.64,379.6199999999999,78.75249999999998,27.565108039874985,41.901666666666664,139.43,-0.7518398074789772,0.6593458151000691,0.9749279121818236,-0.22252093395631434,0,38.7,0.0,90.5,100.0
2018-10-31 20:45:00,2018-10-31 21:00:00,2018-10-31 21:45:00,60.769999999999996,82.76,82.33,101.77,110.09,3.85,360.6099999999999,80.18124999999999,27.14008218369058,41.61697916666667,139.43,-0.7071067811865477,0.7071067811865474,0.9749279121818236,-0.22252093395631434,0,20.45,0.0,97.08,100.0
2018-10-31 21:00:00,2018-10-31 21:15:00,2018-10-31 22:00:00,20.09,45.07,82.76,103.86,63.4,3.89,301.8199999999999,78.40374999999999,28.419939275752878,41.42604166666666,139.43,-0.6593458151000687,0.7518398074789775,0.9749279121818236,-0.22252093395631434,0,5.8,3.42,99.18,99.71
2018-10-31 21:15:00,2018-10-31 21:30:00,2018-10-31 22:15:00,17.43,6.84,45.07,91.66,4.64,3.82,216.9999999999999,74.93437499999999,33.1607350583391,41.44895833333333,139.43,-0.608761429008721,0.7933533402912349,0.9749279121818236,-0.22252093395631434,0,0.0,16.06,100.0,39.18
2018-10-31 21:30:00,2018-10-31 21:45:00,2018-10-31 22:30:00,17.14,4.43,6.84,82.33,4.43,3.82,139.09999999999988,69.08874999999998,36.64704607383099,41.44895833333334,139.43,-0.555570233019603,0.8314696123025447,0.9749279121818236,-0.22252093395631434,0,0.0,17.24,100.0,24.89
2018-10-31 21:45:00,2018-10-31 22:00:00,2018-10-31 22:45:00,16.78,4.43,4.43,82.76,4.03,3.92,60.76999999999988,67.40562499999999,38.890924868269316,41.453125,139.43,-0.5000000000000004,0.8660254037844384,0.9749279121818236,-0.22252093395631434,0,0.0,17.32,100.0,24.78
2018-10-31 22:00:00,2018-10-31 22:15:00,2018-10-31 23:00:00,16.35,4.39,4.43,45.07,4.07,3.85,20.089999999999886,65.69749999999999,40.96560043194772,41.45645833333334,139.43,-0.4422886902190014,0.8968727415326883,0.9749279121818236,-0.22252093395631434,0,0.04,16.85,100.0,25.21
2018-10-31 22:15:00,2018-10-31 22:30:00,2018-10-31 23:15:00,16.060000000000002,4.18,4.39,6.84,3.85,3.64,17.429999999999886,63.03624999999999,43.418993953539484,41.459895833333334,139.43,-0.38268343236508956,0.9238795325112868,0.9749279121818236,-0.22252093395631434,0,6.7,0.25,52.93,99.82
2018-10-31 22:30:00,2018-10-31 22:45:00,2018-10-31 23:30:00,15.810000000000002,4.14,4.18,4.43,3.82,3.56,17.139999999999887,60.149374999999985,45.64627537772799,41.46322916666667,139.43,-0.32143946530316186,0.9469301294951056,0.9749279121818236,-0.22252093395631434,0,7.52,0.0,48.23,100.0
2018-10-31 22:45:00,2018-10-31 23:00:00,2018-10-31 23:45:00,15.66,4.07,4.14,4.43,4.0,3.64,16.779999999999887,53.304999999999986,45.33063009709891,41.46395833333333,139.43,-0.25881904510252157,0.9659258262890681,0.9749279121818236,-0.22252093395631434,0,7.42,0.0,48.09,100.0
