observation_time,forecast_start,forecast_end,target_next_60m_kWh,usage_lag_0,usage_lag_1,usage_lag_4,usage_lag_96,usage_lag_672,usage_sum_last_1h,usage_mean_last_4h,usage_std_last_4h,usage_mean_last_24h,usage_max_last_24h,forecast_hour_sin,forecast_hour_cos,forecast_weekday_sin,forecast_weekday_cos,forecast_is_weekend,known_lagging_reactive_kVarh,known_leading_reactive_kVarh,known_lagging_power_factor,known_leading_power_factor
2018-10-01 00:00:00,2018-10-01 00:15:00,2018-10-01 01:00:00,11.120000000000001,2.56,2.59,2.59,2.74,2.63,10.23,2.71375,0.1511569961993159,2.76125,3.46,0.06540312923014306,0.9978589232386035,0.0,1.0,0,4.21,0.0,51.96,100.0
2018-10-01 00:15:00,2018-10-01 00:30:00,2018-10-01 01:15:00,10.55,3.13,2.56,2.56,3.02,2.59,10.8,2.738125,0.1817697289842288,2.762395833333334,3.46,0.13052619222005157,0.9914448613738104,0.0,1.0,0,6.19,0.0,45.12,100.0
2018-10-01 00:30:00,2018-10-01 00:45:00,2018-10-01 01:30:00,10.41,2.77,3.13,2.52,2.81,2.63,11.05,2.7425,0.18164181787242717,2.7619791666666664,3.46,0.19509032201612825,0.9807852804032304,0.0,1.0,0,5.22,0.0,46.87,100.0
2018-10-01 00:45:00,2018-10-01 01:00:00,2018-10-01 01:45:00,10.41,2.66,2.77,2.59,2.63,2.74,11.12,2.735625,0.182550292727785,2.7622916666666675,3.46,0.25881904510252074,0.9659258262890683,0.0,1.0,0,4.68,0.0,49.41,100.0
2018-10-01 01:00:00,2018-10-01 01:15:00,2018-10-01 02:00:00,11.05,2.56,2.66,2.56,2.56,2.63,11.120000000000001,2.7225,0.18709957242067657,2.7622916666666666,3.46,0.3214394653031616,0.9469301294951057,0.0,1.0,0,4.68,0.0,47.99,100.0
2018-10-01 01:15:00,2018-10-01 01:30:00,2018-10-01 02:15:00,11.3,2.56,2.56,3.13,2.56,2.59,10.55,2.709375,0.19063934372264293,2.7622916666666666,3.46,0.3826834323650898,0.9238795325112867,0.0,1.0,0,4.75,0.0,47.44,100.0
2018-10-01 01:30:00,2018-10-01 01:45:00,2018-10-01 02:30:00,11.3,2.63,2.56,2.77,2.59,2.63,10.41,2.700625,0.1908686966870157,2.7627083333333338,3.46,0.44228869021900125,0.8968727415326884,0.0,1.0,0,4.93,0.0,47.07,100.0
2018-10-01 01:45:00,2018-10-01 02:00:00,2018-10-01 02:45:00,11.27,2.66,2.63,2.66,2.56,2.63,10.41,2.695625,0.19081957282993794,2.7637500000000004,3.46,0.49999999999999994,0.8660254037844387,0.0,1.0,0,5.04,0.0,46.68,100.0
2018-10-01 02:00:00,2018-10-01 02:15:00,2018-10-01 03:00:00,10.7,3.2,2.66,2.56,2.56,2.66,11.05,2.7225,0.22637082409179857,2.770416666666667,3.46,0.5555702330196022,0.8314696123025452,0.0,1.0,0,6.84,0.0,42.38,100.0
2018-10-01 02:15:00,2018-10-01 02:30:00,2018-10-01 03:15:00,10.48,2.81,3.2,2.56,2.63,2.66,11.3,2.73625,0.22457946811763538,2.7722916666666664,3.46,0.6087614290087207,0.7933533402912352,0.0,1.0,0,5.36,0.0,46.43,100.0
2018-10-01 02:30:00,2018-10-01 02:45:00,2018-10-01 03:30:00,10.48,2.63,2.81,2.63,2.56,2.66,11.3,2.7025,0.19556009306604455,2.7730208333333337,3.46,0.6593458151000688,0.7518398074789774,0.0,1.0,0,5.18,0.0,45.27,100.0
2018-10-01 02:45:00,2018-10-01 03:00:00,2018-10-01 03:45:00,10.48,2.63,2.63,2.66,2.56,2.63,11.27,2.69125,0.19422522364512804,2.77375,3.46,0.7071067811865476,0.7071067811865476,0.0,1.0,0,5.04,0.0,46.26,100.0
2018-10-01 03:00:00,2018-10-01 03:15:00,2018-10-01 04:00:00,10.55,2.63,2.63,3.2,2.63,2.63,10.7,2.69375,0.19316039319694916,2.7737499999999997,3.46,0.7518398074789774,0.6593458151000688,0.0,1.0,0,5.04,0.0,46.26,100.0
2018-10-01 03:15:00,2018-10-01 03:30:00,2018-10-01 04:15:00,10.59,2.59,2.63,2.81,2.59,2.95,10.48,2.695625,0.19199507643426697,2.7737499999999997,3.46,0.7933533402912352,0.6087614290087207,0.0,1.0,0,5.11,0.0,45.21,100.0
2018-10-01 03:30:00,2018-10-01 03:45:00,2018-10-01 04:30:00,10.59,2.63,2.59,2.63,2.56,3.02,10.48,2.7025,0.18750000000000003,2.774479166666667,3.46,0.8314696123025451,0.5555702330196024,0.0,1.0,0,5.15,0.0,45.48,100.0
2018-10-01 03:45:00,2018-10-01 04:00:00,2018-10-01 04:45:00,10.55,2.63,2.63,2.63,3.13,2.63,10.48,2.705,0.18624580532189178,2.7692708333333336,3.46,0.8660254037844386,0.5000000000000001,0.0,1.0,0,5.08,0.0,45.98,100.0
2018-10-01 04:00:00,2018-10-01 04:15:00,2018-10-01 05:00:00,10.77,2.7,2.63,2.63,2.88,3.17,10.55,2.71375,0.18247859463509689,2.767395833333333,3.46,0.8968727415326884,0.44228869021900125,0.0,1.0,0,5.15,0.0,46.43,100.0
2018-10-01 04:15:00,2018-10-01 04:30:00,2018-10-01 05:15:00,11.850000000000001,2.63,2.7,2.59,3.1,3.24,10.59,2.6825,0.14809203219619893,2.7624999999999997,3.46,0.9238795325112867,0.38268343236508984,0.0,1.0,0,5.22,0.0,44.99,100.0
2018-10-01 04:30:00,2018-10-01 04:45:00,2018-10-01 05:30:00,12.68,2.63,2.63,2.63,3.02,2.74,10.59,2.67375,0.146793860566442,2.7584374999999994,3.46,0.9469301294951056,0.3214394653031617,0.0,1.0,0,4.97,0.0,46.77,100.0
2018-10-01 04:45:00,2018-10-01 05:00:00,2018-10-01 05:45:00,12.61,2.59,2.63,2.63,2.52,2.66,10.55,2.669375,0.14817509701363457,2.7591666666666668,3.46,0.9659258262890683,0.25881904510252074,0.0,1.0,0,4.93,0.0,46.51,100.0
2018-10-01 05:00:00,2018-10-01 05:15:00,2018-10-01 06:00:00,12.209999999999999,2.92,2.59,2.7,2.63,2.63,10.77,2.691875,0.15693226046610054,2.7621874999999996,3.46,0.9807852804032304,0.19509032201612833,0.0,1.0,0,6.01,0.0,43.7,100.0
2018-10-01 05:15:00,2018-10-01 05:30:00,2018-10-01 06:15:00,11.02,3.71,2.92,2.63,2.66,2.66,11.850000000000001,2.76375,0.28837638166118945,2.7731250000000003,3.71,0.9914448613738104,0.1305261922200517,0.0,1.0,0,6.95,0.0,47.09,100.0
2018-10-01 05:30:00,2018-10-01 05:45:00,2018-10-01 06:30:00,10.040000000000001,3.46,3.71,2.63,2.52,2.63,12.68,2.815625,0.33113382396698776,2.7829166666666665,3.71,0.9978589232386035,0.06540312923014327,0.0,1.0,0,6.3,0.0,48.14,100.0
2018-10-01 05:45:00,2018-10-01 06:00:00,2018-10-01 06:45:00,9.969999999999999,2.52,3.46,2.59,2.59,2.7,12.61,2.806875,0.336929494664685,2.7821874999999996,3.71,1.0,6.123233995736766e-17,0.0,1.0,0,4.75,0.0,46.87,100.0
2018-10-01 06:00:00,2018-10-01 06:15:00,2018-10-01 07:00:00,9.93,2.52,2.52,2.92,2.52,2.63,12.209999999999999,2.7643750000000002,0.32741351434386456,2.7821875000000005,3.71,0.9978589232386035,-0.06540312923014314,0.0,1.0,0,4.72,0.0,47.1,100.0
2018-10-01 06:15:00,2018-10-01 06:30:00,2018-10-01 07:15:00,10.22,2.52,2.52,3.71,2.52,2.59,11.02,2.74625,0.3323754465961648,2.7821874999999996,3.71,0.9914448613738104,-0.1305261922200516,0.0,1.0,0,4.64,0.0,47.73,100.0
2018-10-01 06:30:00,2018-10-01 06:45:00,2018-10-01 07:30:00,10.66,2.48,2.52,3.46,2.56,3.1,10.040000000000001,2.7368750000000004,0.33759662968548726,2.7813541666666666,3.71,0.9807852804032304,-0.1950903220161282,0.0,1.0,0,4.5,0.0,48.27,100.0
2018-10-01 06:45:00,2018-10-01 07:00:00,2018-10-01 07:45:00,11.13,2.45,2.48,2.52,2.56,2.92,9.969999999999999,2.725625,0.34391075786459485,2.780208333333333,3.71,0.9659258262890683,-0.25881904510252063,0.0,1.0,0,4.36,0.0,48.99,100.0
2018-10-01 07:00:00,2018-10-01 07:15:00,2018-10-01 08:00:00,11.530000000000001,2.48,2.45,2.52,2.59,2.56,9.93,2.7162500000000005,0.3484048471247207,2.7790624999999998,3.71,0.9469301294951057,-0.3214394653031616,0.0,1.0,0,4.32,0.0,49.79,100.0
2018-10-01 07:15:00,2018-10-01 07:30:00,2018-10-01 08:15:00,33.599999999999994,2.81,2.48,2.52,2.52,2.66,10.22,2.73,0.34749100707788105,2.7820833333333326,3.71,0.9238795325112868,-0.3826834323650895,0.0,1.0,0,4.32,0.0,54.53,100.0
2018-10-01 07:30:00,2018-10-01 07:45:00,2018-10-01 08:30:00,68.8,2.92,2.81,2.48,2.95,2.59,10.66,2.748125,0.3493604648139225,2.781770833333333,3.71,0.8968727415326884,-0.44228869021900113,0.0,1.0,0,4.36,0.0,55.65,100.0
2018-10-01 07:45:00,2018-10-01 08:00:00,2018-10-01 08:45:00,112.0,2.92,2.92,2.45,2.95,2.56,11.13,2.7662500000000003,0.3502833674327115,2.781458333333333,3.71,0.8660254037844387,-0.4999999999999998,0.0,1.0,0,4.32,0.0,56.0,100.0
2018-10-01 08:00:00,2018-10-01 08:15:00,2018-10-01 09:00:00,152.07,2.88,2.92,2.48,2.59,2.63,11.530000000000001,2.7775,0.35086500252946284,2.784479166666667,3.71,0.8314696123025451,-0.5555702330196023,0.0,1.0,0,3.96,0.0,58.82,100.0
2018-10-01 08:15:00,2018-10-01 08:30:00,2018-10-01 09:15:00,172.15,24.88,2.88,2.81,2.56,2.59,33.599999999999994,4.168125,5.359145476134698,3.0169791666666668,24.88,0.7933533402912352,-0.6087614290087207,0.0,1.0,0,24.95,0.0,70.61,100.0
2018-10-01 08:30:00,2018-10-01 08:45:00,2018-10-01 09:30:00,189.04,38.12,24.88,2.92,2.52,2.59,68.8,6.38625,9.78254112884275,3.3878124999999994,38.12,0.7518398074789774,-0.6593458151000688,0.0,1.0,0,41.11,0.0,67.99,100.0
2018-10-01 08:45:00,2018-10-01 09:00:00,2018-10-01 09:45:00,189.21999999999997,46.12,38.12,2.92,2.63,2.74,112.0,9.106874999999999,13.640702748919317,3.840833333333333,46.12,0.7071067811865476,-0.7071067811865475,0.0,1.0,0,38.84,0.0,76.49,100.0
2018-10-01 09:00:00,2018-10-01 09:15:00,2018-10-01 10:00:00,191.04999999999998,42.95,46.12,2.88,2.74,2.81,152.07,11.60875,15.779793200086623,4.259687499999999,46.12,0.659345815100069,-0.7518398074789773,0.0,1.0,0,15.37,0.0,94.15,100.0
2018-10-01 09:15:00,2018-10-01 09:30:00,2018-10-01 10:15:00,187.78,44.96,42.95,24.88,3.02,2.88,172.15,14.186875,17.54921284514992,4.6965625,46.12,0.6087614290087209,-0.793353340291235,0.0,1.0,0,19.76,0.0,91.55,100.0
2018-10-01 09:30:00,2018-10-01 09:45:00,2018-10-01 10:30:00,180.14999999999998,55.01,44.96,38.12,3.46,2.84,189.04,17.408749999999998,19.863553268171835,5.2335416666666665,55.01,0.5555702330196025,-0.831469612302545,0.0,1.0,0,31.75,0.0,86.61,100.0
2018-10-01 09:45:00,2018-10-01 10:00:00,2018-10-01 10:45:00,189.51,46.3,55.01,46.12,2.81,3.17,189.21999999999997,20.145,20.62493696960066,5.686562499999998,55.01,0.49999999999999994,-0.8660254037844387,0.0,1.0,0,20.23,0.0,91.63,100.0
2018-10-01 10:00:00,2018-10-01 10:15:00,2018-10-01 11:00:00,200.57,44.78,46.3,42.95,2.77,3.24,191.04999999999998,22.78625,20.90279851927727,6.124166666666665,55.01,0.4422886902190017,-0.8968727415326881,0.0,1.0,0,24.62,0.0,87.63,100.0
2018-10-01 10:15:00,2018-10-01 10:30:00,2018-10-01 11:15:00,212.92,41.69,44.78,44.96,2.74,2.84,187.78,25.234375,20.67844528994806,6.529895833333334,55.01,0.3826834323650899,-0.9238795325112867,0.0,1.0,0,19.62,0.0,90.48,100.0
2018-10-01 10:30:00,2018-10-01 10:45:00,2018-10-01 11:30:00,217.74,47.38,41.69,55.01,2.74,2.88,180.14999999999998,28.040625,20.445409163413068,6.9948958333333335,55.01,0.32143946530316175,-0.9469301294951056,0.0,1.0,0,24.44,0.0,88.87,100.0
2018-10-01 10:45:00,2018-10-01 11:00:00,2018-10-01 11:45:00,210.20999999999998,55.66,47.38,46.3,2.74,3.42,189.51,31.36625,20.339661647566803,7.546145833333333,55.66,0.258819045102521,-0.9659258262890682,0.0,1.0,0,30.31,0.0,87.82,100.0
2018-10-01 11:00:00,2018-10-01 11:15:00,2018-10-01 12:00:00,202.5,55.84,55.66,44.78,2.74,2.88,200.57,34.70125,19.694261180290567,8.099270833333334,55.84,0.19509032201612816,-0.9807852804032304,0.0,1.0,0,31.25,0.0,87.26,100.0
2018-10-01 11:15:00,2018-10-01 11:30:00,2018-10-01 12:15:00,152.96,54.04,55.84,41.69,2.7,2.84,212.92,37.903125,18.369006069582944,8.6340625,55.84,0.130526192220052,-0.9914448613738104,0.0,1.0,0,30.74,0.0,86.92,100.0
2018-10-01 11:30:00,2018-10-01 11:45:00,2018-10-01 12:30:00,105.94,52.2,54.04,47.38,2.7,2.81,217.74,40.983125,16.25485570481556,9.1496875,55.84,0.06540312923014312,-0.9978589232386035,0.0,1.0,0,25.2,0.0,90.06,100.0
2018-10-01 11:45:00,2018-10-01 12:00:00,2018-10-01 12:45:00,63.17,48.13,52.2,55.66,2.74,2.84,210.20999999999998,43.80875,12.995324098978832,9.6225,55.84,1.2246467991473532e-16,-1.0,0.0,1.0,0,30.53,0.0,84.44,100.0
2018-10-01 12:00:00,2018-10-01 12:15:00,2018-10-01 13:00:00,20.66,48.13,48.13,55.84,3.02,2.88,202.5,46.636875,7.572949985598413,10.092395833333335,55.84,-0.06540312923014287,-0.9978589232386035,0.0,1.0,0,33.73,1.3,81.89,99.96
2018-10-01 12:15:00,2018-10-01 12:30:00,2018-10-01 13:15:00,49.06,4.5,48.13,54.04,3.31,2.81,152.96,45.363125000000004,11.709474645959784,10.104791666666667,55.84,-0.13052619222005177,-0.9914448613738104,0.0,1.0,0,0.0,17.42,100.0,25.01
2018-10-01 12:30:00,2018-10-01 12:45:00,2018-10-01 13:30:00,89.46,5.18,4.5,52.2,2.77,2.81,105.94,43.304375,15.18262615983727,10.129895833333334,55.84,-0.19509032201612792,-0.9807852804032305,0.0,1.0,0,0.0,17.64,100.0,28.18
2018-10-01 12:45:00,2018-10-01 13:00:00,2018-10-01 13:45:00,122.3,5.36,5.18,48.13,2.81,2.84,63.17,40.75687500000001,17.70629468534778,10.156458333333333,55.84,-0.2588190451025208,-0.9659258262890683,0.0,1.0,0,0.0,17.42,100.0,29.41
2018-10-01 13:00:00,2018-10-01 13:15:00,2018-10-01 14:00:00,162.14999999999998,5.62,5.36,48.13,2.77,2.81,20.66,38.42375,19.619665795764718,10.186145833333335,55.84,-0.32143946530316153,-0.9469301294951057,0.0,1.0,0,0.0,17.46,100.0,30.64
2018-10-01 13:15:00,2018-10-01 13:30:00,2018-10-01 14:15:00,178.93,32.9,5.62,4.5,2.7,2.81,49.06,37.67,19.58570843753169,10.500729166666668,55.84,-0.38268343236508967,-0.9238795325112868,0.0,1.0,0,15.55,5.18,90.41,98.78
2018-10-01 13:30:00,2018-10-01 13:45:00,2018-10-01 14:30:00,185.44,45.58,32.9,5.18,2.66,2.84,89.46,37.080625,19.192990735145344,10.947812499999998,55.84,-0.44228869021900147,-0.8968727415326883,0.0,1.0,0,22.93,0.0,89.33,100.0
2018-10-01 13:45:00,2018-10-01 14:00:00,2018-10-01 14:45:00,197.82,38.2,45.58,5.36,2.74,2.84,122.3,36.574375,19.049425506019205,11.317187499999998,55.84,-0.4999999999999997,-0.8660254037844388,0.0,1.0,0,18.36,0.0,90.13,100.0
2018-10-01 14:00:00,2018-10-01 14:15:00,2018-10-01 15:00:00,196.23000000000002,45.47,38.2,5.62,2.74,3.13,162.14999999999998,36.6175,19.06872422974332,11.762291666666668,55.84,-0.555570233019602,-0.8314696123025455,0.0,1.0,0,21.92,0.0,90.08,100.0
2018-10-01 14:15:00,2018-10-01 14:30:00,2018-10-01 15:15:00,194.68,49.68,45.47,32.9,2.74,3.49,178.93,37.116875,19.29826505114838,12.251249999999999,55.84,-0.6087614290087207,-0.7933533402912352,0.0,1.0,0,26.68,0.0,88.1,100.0
2018-10-01 14:30:00,2018-10-01 14:45:00,2018-10-01 15:30:00,181.72,52.09,49.68,45.58,2.95,2.92,185.44,37.411249999999995,19.487567791735838,12.763124999999997,55.84,-0.6593458151000688,-0.7518398074789774,0.0,1.0,0,26.75,0.0,88.96,100.0
2018-10-01 14:45:00,2018-10-01 15:00:00,2018-10-01 15:45:00,179.74,50.58,52.09,38.2,3.38,3.38,197.82,37.09375,19.22730963857138,13.254791666666668,55.84,-0.7071067811865471,-0.7071067811865479,0.0,1.0,0,26.75,0.0,88.4,100.0
2018-10-01 15:00:00,2018-10-01 15:15:00,2018-10-01 16:00:00,181.4,43.88,50.58,45.47,2.95,3.24,196.23000000000002,36.34625,18.70949320365199,13.681145833333332,55.84,-0.7518398074789773,-0.6593458151000691,0.0,1.0,0,28.22,0.0,84.11,100.0
2018-10-01 15:15:00,2018-10-01 15:30:00,2018-10-01 16:15:00,185.25,48.13,43.88,49.68,2.7,2.84,194.68,35.976875,18.412507881447734,14.154375,55.84,-0.7933533402912349,-0.6087614290087209,0.0,1.0,0,29.52,0.0,85.24,100.0
2018-10-01 15:30:00,2018-10-01 15:45:00,2018-10-01 16:30:00,198.68,39.13,48.13,52.09,2.7,2.84,181.72,35.16,17.958986260365588,14.533854166666666,55.84,-0.8314696123025452,-0.5555702330196022,0.0,1.0,0,20.99,0.0,88.12,100.0
2018-10-01 15:45:00,2018-10-01 16:00:00,2018-10-01 16:45:00,201.45,48.6,39.13,50.58,2.7,2.81,179.74,35.189375,17.980548333111955,15.011979166666668,55.84,-0.8660254037844385,-0.5000000000000004,0.0,1.0,0,29.48,0.0,85.5,100.0
2018-10-01 16:00:00,2018-10-01 16:15:00,2018-10-01 17:00:00,204.91,45.54,48.6,43.88,2.74,2.81,181.4,35.0275,17.87466485699802,15.457812499999998,55.84,-0.8968727415326883,-0.44228869021900136,0.0,1.0,0,26.42,0.0,86.5,100.0
2018-10-01 16:15:00,2018-10-01 16:30:00,2018-10-01 17:15:00,203.62,51.98,45.54,48.13,2.95,2.81,185.25,37.995000000000005,16.44426267729873,15.968541666666667,55.84,-0.9238795325112868,-0.3826834323650895,0.0,1.0,0,31.54,0.0,85.49,100.0
2018-10-01 16:30:00,2018-10-01 16:45:00,2018-10-01 17:30:00,199.01,52.56,51.98,39.13,3.31,2.92,198.68,40.95625,14.40839897204058,16.4815625,55.84,-0.9469301294951056,-0.3214394653031618,0.0,1.0,0,30.49,0.0,86.5,100.0
2018-10-01 16:45:00,2018-10-01 17:00:00,2018-10-01 17:45:00,183.64,51.37,52.56,48.6,2.66,2.88,201.45,43.831875,11.26575852902835,16.988958333333333,55.84,-0.9659258262890683,-0.25881904510252063,0.0,1.0,0,28.15,0.0,87.7,100.0
2018-10-01 17:00:00,2018-10-01 17:15:00,2018-10-01 18:00:00,161.39,49.0,51.37,45.54,2.7,2.81,204.91,46.543125,5.47508643624692,17.471249999999998,55.84,-0.9807852804032303,-0.19509032201612866,0.0,1.0,0,27.72,0.0,87.04,100.0
2018-10-01 17:15:00,2018-10-01 17:30:00,2018-10-01 18:15:00,144.25,50.69,49.0,51.98,2.7,2.81,203.62,47.655,4.263996071761792,17.971145833333335,55.84,-0.9914448613738104,-0.13052619222005163,0.0,1.0,0,33.19,0.0,83.66,100.0
2018-10-01 17:30:00,2018-10-01 17:45:00,2018-10-01 18:30:00,133.38,47.95,50.69,52.56,2.7,2.84,199.01,47.803125,4.230373385928835,18.4425,55.84,-0.9978589232386035,-0.06540312923014273,0.0,1.0,0,28.19,0.0,86.21,100.0
2018-10-01 17:45:00,2018-10-01 18:00:00,2018-10-01 18:45:00,130.28,36.0,47.95,51.37,2.7,2.77,183.64,47.665625,4.56294993500641,18.789374999999996,55.84,-1.0,-1.8369701987210297e-16,0.0,1.0,0,12.42,0.07,94.53,100.0
2018-10-01 18:00:00,2018-10-01 18:15:00,2018-10-01 19:00:00,142.66,26.75,36.0,49.0,2.74,2.77,161.39,46.495625,6.818487706916762,19.039479166666666,55.84,-0.9978589232386036,0.06540312923014237,0.0,1.0,0,6.98,0.5,96.76,99.98
2018-10-01 18:15:00,2018-10-01 18:30:00,2018-10-01 19:15:00,144.82,33.55,26.75,50.69,2.63,2.74,144.25,45.4875,7.43747394953421,19.361562499999998,55.84,-0.9914448613738105,0.13052619222005127,0.0,1.0,0,22.25,0.0,83.34,100.0
2018-10-01 18:30:00,2018-10-01 18:45:00,2018-10-01 19:30:00,139.78,37.08,33.55,47.95,2.66,2.74,133.38,44.549375,7.4919460662350605,19.720104166666665,55.84,-0.9807852804032304,0.1950903220161283,0.0,1.0,0,24.08,0.0,83.87,100.0
2018-10-01 18:45:00,2018-10-01 19:00:00,2018-10-01 19:45:00,146.07999999999998,32.9,37.08,36.0,2.77,2.88,130.28,43.444375,7.817733022390507,20.03395833333333,55.84,-0.9659258262890684,0.2588190451025203,0.0,1.0,0,13.57,0.0,92.45,100.0
2018-10-01 19:00:00,2018-10-01 19:15:00,2018-10-01 20:00:00,146.55,39.13,32.9,26.75,2.77,2.84,142.66,43.147499999999994,7.885449812788107,20.41270833333333,55.84,-0.9469301294951057,0.3214394653031615,0.0,1.0,0,17.24,0.0,91.51,100.0
2018-10-01 19:15:00,2018-10-01 19:30:00,2018-10-01 20:15:00,141.3,35.71,39.13,33.55,2.95,2.81,144.82,42.37125,7.967650120173451,20.753958333333333,55.84,-0.923879532511287,0.38268343236508917,0.0,1.0,0,13.39,0.0,93.63,100.0
2018-10-01 19:30:00,2018-10-01 19:45:00,2018-10-01 20:30:00,146.3,32.04,35.71,37.08,3.35,3.38,139.78,41.928124999999994,8.324746406610535,21.052812499999998,55.84,-0.8968727415326884,0.442288690219001,0.0,1.0,0,10.94,0.0,94.64,100.0
2018-10-01 19:45:00,2018-10-01 20:00:00,2018-10-01 20:45:00,136.32999999999998,39.2,32.04,32.9,2.99,4.43,146.07999999999998,41.340625,8.16328937128747,21.430000000000003,55.84,-0.8660254037844386,0.5000000000000001,0.0,1.0,0,16.7,0.0,92.0,100.0
2018-10-01 20:00:00,2018-10-01 20:15:00,2018-10-01 21:00:00,107.31,39.6,39.2,39.13,3.46,2.92,146.55,40.969375,8.098682353282847,21.806458333333335,55.84,-0.8314696123025455,0.5555702330196018,0.0,1.0,0,17.14,0.0,91.77,100.0
2018-10-01 20:15:00,2018-10-01 20:30:00,2018-10-01 21:15:00,83.8,30.46,39.6,35.71,2.74,2.81,141.3,39.624375,7.943893856879949,22.095208333333336,55.84,-0.7933533402912357,0.6087614290087199,0.0,1.0,0,9.65,0.0,95.33,100.0
2018-10-01 20:30:00,2018-10-01 20:45:00,2018-10-01 21:30:00,51.040000000000006,37.04,30.46,32.04,2.7,2.81,146.3,38.654375,7.219684003429444,22.452916666666667,55.84,-0.7518398074789772,0.6593458151000691,0.0,1.0,0,16.85,0.0,91.02,100.0
2018-10-01 20:45:00,2018-10-01 21:00:00,2018-10-01 21:45:00,25.270000000000003,29.23,37.04,39.2,2.77,2.81,136.32999999999998,37.270625,6.756834011530475,22.72854166666667,55.84,-0.7071067811865477,0.7071067811865474,0.0,1.0,0,4.72,0.54,98.72,99.98
2018-10-01 21:00:00,2018-10-01 21:15:00,2018-10-01 22:00:00,18.25,10.58,29.23,39.6,2.77,2.81,107.31,34.869375000000005,8.70715256897311,22.809895833333332,55.84,-0.6593458151000687,0.7518398074789775,0.0,1.0,0,0.14,12.1,99.99,65.82
2018-10-01 21:15:00,2018-10-01 21:30:00,2018-10-01 22:15:00,14.5,6.95,10.58,30.46,2.77,2.88,83.8,32.135625,10.070554831258058,22.853437500000002,55.84,-0.608761429008721,0.7933533402912349,0.0,1.0,0,0.0,15.19,100.0,41.61
2018-10-01 21:30:00,2018-10-01 21:45:00,2018-10-01 22:30:00,13.499999999999998,4.28,6.95,37.04,2.77,2.92,51.040000000000006,29.40625,11.26195690976928,22.86916666666667,55.84,-0.555570233019603,0.8314696123025447,0.0,1.0,0,0.0,17.82,100.0,23.35
2018-10-01 21:45:00,2018-10-01 22:00:00,2018-10-01 22:45:00,13.28,3.46,4.28,29.23,2.74,2.81,25.270000000000003,27.372500000000002,12.730030685351862,22.876666666666665,55.84,-0.5000000000000004,0.8660254037844384,0.0,1.0,0,0.0,18.0,100.0,18.88
2018-10-01 22:00:00,2018-10-01 22:15:00,2018-10-01 23:00:00,12.920000000000002,3.56,3.46,10.58,2.77,2.77,18.25,25.923125,13.977427212630191,22.88489583333333,55.84,-0.4422886902190014,0.8968727415326883,0.0,1.0,0,0.0,17.28,100.0,20.18
2018-10-01 22:15:00,2018-10-01 22:30:00,2018-10-01 23:15:00,12.999999999999998,3.2,3.56,6.95,2.59,2.66,14.5,24.02625,14.846078133214172,22.89125,55.84,-0.38268343236508956,0.9238795325112868,0.0,1.0,0,6.8,0.11,42.58,99.94
2018-10-01 22:30:00,2018-10-01 22:45:00,2018-10-01 23:30:00,12.89,3.28,3.2,4.28,3.17,2.63,13.499999999999998,21.91375,15.237906218949506,22.892395833333335,55.84,-0.32143946530316186,0.9469301294951056,0.0,1.0,0,7.09,0.0,41.99,100.0
2018-10-01 22:45:00,2018-10-01 23:00:00,2018-10-01 23:45:00,12.17,3.24,3.28,3.46,2.81,2.84,13.28,20.060000000000002,15.588717073576005,22.896874999999998,55.84,-0.25881904510252157,0.9659258262890681,0.0,1.0,0,6.91,0.0,42.45,100.0
2018-10-01 23:00:00,2018-10-01 23:15:00,2018-10-02 00:00:00,12.319999999999999,3.2,3.24,3.56,2.59,3.2,12.920000000000002,17.814375000000002,15.264417352436844,22.903229166666666,55.84,-0.19509032201612872,0.9807852804032303,0.0,1.0,0,6.95,0.0,41.82,100.0
2018-10-01 23:15:00,2018-10-01 23:30:00,2018-10-02 00:15:00,11.559999999999999,3.28,3.2,3.2,2.56,2.59,12.999999999999998,15.787500000000001,14.902395151451326,22.910729166666666,55.84,-0.13052619222005168,0.9914448613738104,0.0,1.0,0,6.41,0.0,45.55,100.0
2018-10-01 23:30:00,2018-10-01 23:45:00,2018-10-02 00:30:00,10.950000000000001,3.17,3.28,3.28,2.52,2.56,12.89,13.983125000000001,14.56937572390715,22.9175,55.84,-0.0654031292301428,0.9978589232386035,0.0,1.0,0,6.12,0.0,45.99,100.0
2018-10-01 23:45:00,2018-10-02 00:00:00,2018-10-02 00:45:00,11.059999999999999,2.52,3.17,3.24,2.59,2.59,12.17,11.690625,13.246912125449274,22.91677083333333,55.84,0.0,1.0,0.7818314824680298,0.6234898018587336,0,4.25,0.0,51.0,100.0
2018-10-02 00:00:00,2018-10-02 00:15:00,2018-10-02 01:00:00,10.27,3.35,2.52,3.2,2.56,2.66,12.319999999999999,9.425,11.22551446482521,22.924999999999997,55.84,0.06540312923014306,0.9978589232386035,0.7818314824680298,0.6234898018587336,0,6.7,0.0,44.72,100.0
2018-10-02 00:15:00,2018-10-02 00:30:00,2018-10-02 01:15:00,10.34,2.52,3.35,3.28,3.13,2.66,11.559999999999999,7.67875,9.914044252347272,22.91864583333333,55.84,0.13052619222005157,0.9914448613738104,0.7818314824680298,0.6234898018587336,0,4.25,0.0,51.0,100.0
2018-10-02 00:30:00,2018-10-02 00:45:00,2018-10-02 01:30:00,10.34,2.56,2.52,3.17,2.77,3.24,10.950000000000001,5.52375,6.434412244914061,22.916458333333335,55.84,0.19509032201612825,0.9807852804032304,0.7818314824680298,0.6234898018587336,0,4.46,0.0,49.78,100.0
2018-10-02 00:45:00,2018-10-02 01:00:00,2018-10-02 01:45:00,10.23,2.63,2.56,2.52,2.66,2.99,11.059999999999999,3.86125,2.009222097603946,22.91614583333333,55.84,0.25881904510252074,0.9659258262890683,0.7818314824680298,0.6234898018587336,0,4.43,0.0,51.05,100.0
2018-10-02 01:00:00,2018-10-02 01:15:00,2018-10-02 02:00:00,10.8,2.56,2.63,3.35,2.56,2.63,10.27,3.36,1.0345047124107265,22.91614583333333,55.84,0.3214394653031616,0.9469301294951057,0.7818314824680298,0.6234898018587336,0,4.46,0.0,49.78,100.0
2018-10-02 01:15:00,2018-10-02 01:30:00,2018-10-02 02:15:00,11.31,2.59,2.56,2.52,2.56,2.63,10.34,3.0875000000000004,0.47696304888324426,22.916458333333328,55.84,0.3826834323650898,0.9238795325112867,0.7818314824680298,0.6234898018587336,0,4.5,0.0,49.88,100.0
2018-10-02 01:30:00,2018-10-02 01:45:00,2018-10-02 02:30:00,11.34,2.56,2.59,2.56,2.63,2.63,10.34,2.98,0.3800657837795978,22.915729166666665,55.84,0.44228869021900125,0.8968727415326884,0.7818314824680298,0.6234898018587336,0,4.32,0.0,50.98,100.0
2018-10-02 01:45:00,2018-10-02 02:00:00,2018-10-02 02:45:00,11.74,2.52,2.56,2.63,2.66,2.59,10.23,2.92125,0.3739297226752642,22.914270833333333,55.84,0.49999999999999994,0.8660254037844387,0.7818314824680298,0.6234898018587336,0,4.36,0.0,50.04,100.0
2018-10-02 02:00:00,2018-10-02 02:15:00,2018-10-02 03:00:00,11.559999999999999,3.13,2.52,2.56,3.2,2.7,10.8,2.8943749999999997,0.3410639373709862,22.913541666666664,55.84,0.5555702330196022,0.8314696123025452,0.7818314824680298,0.6234898018587336,0,5.87,0.0,47.05,100.0
2018-10-02 02:15:00,2018-10-02 02:30:00,2018-10-02 03:15:00,11.05,3.1,3.13,2.59,2.81,3.24,11.31,2.888125,0.3362889150343793,22.916562499999998,55.84,0.6087614290087207,0.7933533402912352,0.7818314824680298,0.6234898018587336,0,5.98,0.0,46.02,100.0
2018-10-02 02:30:00,2018-10-02 02:45:00,2018-10-02 03:30:00,11.120000000000001,2.59,3.1,2.56,2.63,2.77,11.34,2.8449999999999998,0.3273950213427199,22.91614583333333,55.84,0.6593458151000688,0.7518398074789774,0.7818314824680298,0.6234898018587336,0,4.46,0.0,50.22,100.0
2018-10-02 02:45:00,2018-10-02 03:00:00,2018-10-02 03:45:00,10.76,2.92,2.59,2.52,2.63,2.7,11.74,2.825,0.31206970375222265,22.919166666666666,55.84,0.7071067811865476,0.7071067811865476,0.7818314824680298,0.6234898018587336,0,5.4,0.0,47.57,100.0
2018-10-02 03:00:00,2018-10-02 03:15:00,2018-10-02 04:00:00,10.370000000000001,2.95,2.92,3.13,2.63,2.63,11.559999999999999,2.8093749999999997,0.298882684970207,22.922499999999996,55.84,0.7518398074789774,0.6593458151000688,0.7818314824680298,0.6234898018587336,0,5.65,0.0,46.28,100.0
2018-10-02 03:15:00,2018-10-02 03:30:00,2018-10-02 04:15:00,10.340000000000002,2.59,2.95,3.1,2.59,2.59,11.05,2.7662500000000003,0.2768319661816533,22.922499999999996,55.84,0.7933533402912352,0.6087614290087207,0.7818314824680298,0.6234898018587336,0,4.43,0.0,50.47,100.0
2018-10-02 03:30:00,2018-10-02 03:45:00,2018-10-02 04:30:00,10.27,2.66,2.59,2.59,2.63,2.66,11.120000000000001,2.734375,0.257171361887361,22.922812500000003,55.84,0.8314696123025451,0.5555702330196024,0.7818314824680298,0.6234898018587336,0,4.57,0.0,50.3,100.0
2018-10-02 03:45:00,2018-10-02 04:00:00,2018-10-02 04:45:00,10.3,2.56,2.66,2.92,2.63,2.63,10.76,2.7368750000000004,0.2552625792688776,22.92208333333333,55.84,0.8660254037844386,0.5000000000000001,0.7818314824680298,0.6234898018587336,0,4.64,0.0,48.31,100.0
2018-10-02 04:00:00,2018-10-02 04:15:00,2018-10-02 05:00:00,10.33,2.56,2.56,2.95,2.7,2.63,10.370000000000001,2.6875,0.2029316387358068,22.920625,55.84,0.8968727415326884,0.44228869021900125,0.7818314824680298,0.6234898018587336,0,4.46,0.0,49.78,100.0
2018-10-02 04:15:00,2018-10-02 04:30:00,2018-10-02 05:15:00,10.399999999999999,2.56,2.56,2.59,2.63,2.59,10.340000000000002,2.69,0.20109077552190205,22.919895833333328,55.84,0.9238795325112867,0.38268343236508984,0.7818314824680298,0.6234898018587336,0,4.54,0.0,49.12,100.0
2018-10-02 04:30:00,2018-10-02 04:45:00,2018-10-02 05:30:00,10.37,2.59,2.56,2.66,2.63,2.59,10.27,2.691875,0.2000068358206789,22.919479166666665,55.84,0.9469301294951056,0.3214394653031617,0.7818314824680298,0.6234898018587336,0,4.57,0.0,49.31,100.0
2018-10-02 04:45:00,2018-10-02 05:00:00,2018-10-02 05:45:00,10.549999999999999,2.59,2.59,2.56,2.59,2.66,10.3,2.689375,0.2010120876340525,22.91947916666666,55.84,0.9659258262890683,0.25881904510252074,0.7818314824680298,0.6234898018587336,0,4.61,0.0,48.98,100.0
2018-10-02 05:00:00,2018-10-02 05:15:00,2018-10-02 06:00:00,11.09,2.59,2.59,2.56,2.92,2.66,10.33,2.69125,0.19993358272186293,22.91604166666666,55.84,0.9807852804032304,0.19509032201612833,0.7818314824680298,0.6234898018587336,0,4.68,0.0,48.42,100.0
2018-10-02 05:15:00,2018-10-02 05:30:00,2018-10-02 06:15:00,11.3,2.63,2.59,2.56,3.71,2.63,10.399999999999999,2.6937499999999996,0.19889931498122362,22.904791666666664,55.84,0.9914448613738104,0.1305261922200517,0.7818314824680298,0.6234898018587336,0,4.68,0.0,48.99,100.0
2018-10-02 05:30:00,2018-10-02 05:45:00,2018-10-02 06:30:00,11.26,2.56,2.63,2.59,3.46,2.88,10.37,2.69375,0.19889931498122362,22.895416666666666,55.84,0.9978589232386035,0.06540312923014327,0.7818314824680298,0.6234898018587336,0,4.43,0.0,50.03,100.0
2018-10-02 05:45:00,2018-10-02 06:00:00,2018-10-02 06:45:00,11.55,2.77,2.56,2.59,2.52,3.85,10.549999999999999,2.709375,0.19440514235739756,22.898020833333334,55.84,1.0,6.123233995736766e-17,0.7818314824680298,0.6234898018587336,0,5.08,0.0,47.87,100.0
2018-10-02 06:00:00,2018-10-02 06:15:00,2018-10-02 07:00:00,11.26,3.13,2.77,2.59,2.52,2.84,11.09,2.709375,0.19440514235739756,22.904374999999998,55.84,0.9978589232386035,-0.06540312923014314,0.7818314824680298,0.6234898018587336,0,6.34,0.0,44.27,100.0
2018-10-02 06:15:00,2018-10-02 06:30:00,2018-10-02 07:15:00,11.05,2.84,3.13,2.63,2.52,2.56,11.3,2.693125,0.17046695977520102,22.907708333333332,55.84,0.9914448613738104,-0.1305261922200516,0.7818314824680298,0.6234898018587336,0,5.29,0.0,47.3,100.0
2018-10-02 06:30:00,2018-10-02 06:45:00,2018-10-02 07:30:00,11.41,2.52,2.84,2.56,2.48,2.56,11.26,2.68875,0.17392077937957845,22.908124999999995,55.84,0.9807852804032304,-0.1950903220161282,0.7818314824680298,0.6234898018587336,0,4.36,0.0,50.04,100.0
2018-10-02 06:45:00,2018-10-02 07:00:00,2018-10-02 07:45:00,11.52,3.06,2.52,2.77,2.45,2.56,11.55,2.6975000000000002,0.1882651056356435,22.914479166666666,55.84,0.9659258262890683,-0.25881904510252063,0.7818314824680298,0.6234898018587336,0,5.98,0.0,45.55,100.0
2018-10-02 07:00:00,2018-10-02 07:15:00,2018-10-02 08:00:00,11.6,2.84,3.06,3.13,2.48,2.52,11.26,2.690625,0.1807784815042985,22.918229166666663,55.84,0.9469301294951057,-0.3214394653031616,0.7818314824680298,0.6234898018587336,0,5.62,0.0,45.1,100.0
2018-10-02 07:15:00,2018-10-02 07:30:00,2018-10-02 08:15:00,28.27,2.63,2.84,2.84,2.81,2.56,11.05,2.693125,0.17964265744805713,22.916354166666665,55.84,0.9238795325112868,-0.3826834323650895,0.7818314824680298,0.6234898018587336,0,5.29,0.0,44.52,100.0
2018-10-02 07:30:00,2018-10-02 07:45:00,2018-10-02 08:30:00,76.11,2.88,2.63,2.52,2.92,2.63,11.41,2.706875,0.18492291468338906,22.915937499999995,55.84,0.8968727415326884,-0.44228869021900113,0.7818314824680298,0.6234898018587336,0,5.36,0.0,47.33,100.0
2018-10-02 07:45:00,2018-10-02 08:00:00,2018-10-02 08:45:00,139.79,3.17,2.88,3.06,2.92,2.59,11.52,2.745,0.21166010488516723,22.918541666666666,55.84,0.8660254037844387,-0.4999999999999998,0.7818314824680298,0.6234898018587336,0,5.29,0.0,51.4,100.0
2018-10-02 08:00:00,2018-10-02 08:15:00,2018-10-02 09:00:00,195.87,2.92,3.17,2.84,2.88,2.63,11.6,2.7675,0.20992558205230727,22.918958333333332,55.84,0.8314696123025451,-0.5555702330196023,0.7818314824680298,0.6234898018587336,0,4.9,0.0,51.19,100.0
2018-10-02 08:15:00,2018-10-02 08:30:00,2018-10-02 09:15:00,227.01,19.3,2.92,2.63,24.88,2.59,28.27,3.8137499999999998,4.003680923537739,22.860833333333332,55.84,0.7933533402912352,-0.6087614290087207,0.7818314824680298,0.6234898018587336,0,21.38,0.0,67.01,100.0
2018-10-02 08:30:00,2018-10-02 08:45:00,2018-10-02 09:30:00,245.95,50.72,19.3,2.88,38.12,2.52,76.11,6.8218749999999995,12.016626616250294,22.99208333333333,55.84,0.7518398074789774,-0.6593458151000688,0.7818314824680298,0.6234898018587336,0,51.8,0.0,69.96,100.0
2018-10-02 08:45:00,2018-10-02 09:00:00,2018-10-02 09:45:00,231.16,66.85,50.72,3.17,46.12,2.48,139.79,10.838125,18.77127433698562,23.208020833333336,66.85,0.7071067811865476,-0.7071067811865475,0.7818314824680298,0.6234898018587336,0,55.98,0.0,76.67,100.0
2018-10-02 09:00:00,2018-10-02 09:15:00,2018-10-02 10:00:00,212.07999999999998,59.0,66.85,2.92,42.95,2.92,195.87,14.36375,21.923768458855335,23.37520833333333,66.85,0.659345815100069,-0.7518398074789773,0.7818314824680298,0.6234898018587336,0,39.89,0.0,82.84,100.0
2018-10-02 09:15:00,2018-10-02 09:30:00,2018-10-02 10:15:00,202.79,50.44,59.0,19.3,44.96,3.13,227.01,17.351875,23.333691633223726,23.432291666666668,66.85,0.6087614290087209,-0.793353340291235,0.7818314824680298,0.6234898018587336,0,26.6,0.0,88.45,100.0
2018-10-02 09:30:00,2018-10-02 09:45:00,2018-10-02 10:30:00,183.1,69.66,50.44,50.72,55.01,2.66,245.95,21.545625,26.157358421854738,23.58489583333333,69.66,0.5555702330196025,-0.831469612302545,0.7818314824680298,0.6234898018587336,0,45.32,0.0,83.82,100.0
2018-10-02 09:45:00,2018-10-02 10:00:00,2018-10-02 10:45:00,197.27999999999997,52.06,69.66,66.85,46.3,2.7,231.16,24.62625,26.662329904520725,23.644895833333333,69.66,0.49999999999999994,-0.8660254037844387,0.7818314824680298,0.6234898018587336,0,30.82,0.0,86.05,100.0
2018-10-02 10:00:00,2018-10-02 10:15:00,2018-10-02 11:00:00,208.91000000000003,39.92,52.06,59.0,44.78,2.66,212.07999999999998,26.925625,26.29317092154111,23.594270833333336,69.66,0.4422886902190017,-0.8968727415326881,0.7818314824680298,0.6234898018587336,0,19.8,0.0,89.59,100.0
2018-10-02 10:15:00,2018-10-02 10:30:00,2018-10-02 11:15:00,227.58999999999997,41.15,39.92,50.44,41.69,3.1,202.79,29.32,25.729093940518,23.588645833333334,69.66,0.3826834323650899,-0.9238795325112867,0.7818314824680298,0.6234898018587336,0,22.0,0.0,88.19,100.0
2018-10-02 10:30:00,2018-10-02 10:45:00,2018-10-02 11:30:00,230.79000000000002,49.97,41.15,69.66,47.38,3.35,183.1,32.285624999999996,25.198268781989267,23.615624999999998,69.66,0.32143946530316175,-0.9469301294951056,0.7818314824680298,0.6234898018587336,0,26.06,0.0,88.67,100.0
2018-10-02 10:45:00,2018-10-02 11:00:00,2018-10-02 11:45:00,225.61,66.24,49.97,52.06,55.66,2.74,197.27999999999997,36.234375,25.259310651903682,23.725833333333338,69.66,0.258819045102521,-0.9659258262890682,0.7818314824680298,0.6234898018587336,0,43.24,0.0,83.74,100.0
2018-10-02 11:00:00,2018-10-02 11:15:00,2018-10-02 12:00:00,229.43,51.55,66.24,39.92,55.84,2.63,208.91000000000003,39.27875,23.95257942137965,23.681145833333332,69.66,0.19509032201612816,-0.9807852804032304,0.7818314824680298,0.6234898018587336,0,30.71,0.0,85.91,100.0
2018-10-02 11:15:00,2018-10-02 11:30:00,2018-10-02 12:15:00,173.26999999999998,59.83,51.55,41.15,54.04,2.66,227.58999999999997,42.85375,22.436507603401648,23.741458333333338,69.66,0.130526192220052,-0.9914448613738104,0.7818314824680298,0.6234898018587336,0,37.44,0.0,84.77,100.0
2018-10-02 11:30:00,2018-10-02 11:45:00,2018-10-02 12:30:00,126.4,53.17,59.83,49.97,52.2,2.66,230.79000000000002,45.996875,20.007508815051786,23.751562499999995,69.66,0.06540312923014312,-0.9978589232386035,0.7818314824680298,0.6234898018587336,0,34.02,0.0,84.23,100.0
2018-10-02 11:45:00,2018-10-02 12:00:00,2018-10-02 12:45:00,72.54,61.06,53.17,66.24,48.13,2.66,225.61,49.614999999999995,16.933896849219316,23.88625,69.66,1.2246467991473532e-16,-1.0,0.7818314824680298,0.6234898018587336,0,43.42,0.0,81.5,100.0
2018-10-02 12:00:00,2018-10-02 12:15:00,2018-10-02 13:00:00,23.29,55.37,61.06,51.55,48.13,2.59,229.43,52.893125,11.908161969186303,23.961666666666662,69.66,-0.06540312923014287,-0.9978589232386035,0.7818314824680298,0.6234898018587336,0,45.22,0.25,77.45,100.0
2018-10-02 12:15:00,2018-10-02 12:30:00,2018-10-02 13:15:00,59.760000000000005,3.67,55.37,59.83,4.5,2.66,173.26999999999998,51.91624999999999,14.891311592250696,23.95302083333333,69.66,-0.13052619222005177,-0.9914448613738104,0.7818314824680298,0.6234898018587336,0,0.0,12.46,100.0,28.25
2018-10-02 12:30:00,2018-10-02 12:45:00,2018-10-02 13:30:00,117.32,6.3,3.67,53.17,5.18,2.66,126.4,49.14,18.547420305799942,23.964687499999997,69.66,-0.19509032201612792,-0.9807852804032305,0.7818314824680298,0.6234898018587336,0,0.0,16.02,100.0,36.6
2018-10-02 12:45:00,2018-10-02 13:00:00,2018-10-02 13:45:00,167.43,7.2,6.3,61.06,5.36,2.66,72.54,45.411874999999995,20.504642224003202,23.983854166666664,69.66,-0.2588190451025208,-0.9659258262890683,0.7818314824680298,0.6234898018587336,0,0.0,14.9,100.0,43.51
2018-10-02 13:00:00,2018-10-02 13:15:00,2018-10-02 14:00:00,217.94,6.12,7.2,55.37,5.62,2.84,23.29,42.106875,22.236641416463392,23.9890625,69.66,-0.32143946530316153,-0.9469301294951057,0.7818314824680298,0.6234898018587336,0,0.0,15.84,100.0,36.04
2018-10-02 13:15:00,2018-10-02 13:30:00,2018-10-02 14:15:00,242.85000000000002,40.14,6.12,3.67,32.9,3.35,59.760000000000005,41.46312499999999,22.1349392134782,24.06447916666666,69.66,-0.38268343236508967,-0.9238795325112868,0.7818314824680298,0.6234898018587336,0,24.34,1.66,85.51,99.91
2018-10-02 13:30:00,2018-10-02 13:45:00,2018-10-02 14:30:00,232.77,63.86,40.14,6.3,45.58,2.66,117.32,41.100625,21.713679866834525,24.254895833333332,69.66,-0.44228869021900147,-0.8968727415326883,0.7818314824680298,0.6234898018587336,0,43.85,0.0,82.44,100.0
2018-10-02 13:45:00,2018-10-02 14:00:00,2018-10-02 14:45:00,229.21,57.31,63.86,7.2,38.2,2.63,167.43,41.428749999999994,21.915541823954523,24.453958333333333,69.66,-0.4999999999999997,-0.8660254037844388,0.7818314824680298,0.6234898018587336,0,38.23,0.0,83.19,100.0
2018-10-02 14:00:00,2018-10-02 14:15:00,2018-10-02 15:00:00,224.85,56.63,57.31,6.12,45.47,2.66,217.94,42.473124999999996,22.214867971346912,24.57020833333333,69.66,-0.555570233019602,-0.8314696123025455,0.7818314824680298,0.6234898018587336,0,35.93,0.0,84.44,100.0
2018-10-02 14:15:00,2018-10-02 14:30:00,2018-10-02 15:15:00,208.29000000000002,65.05,56.63,40.14,49.68,2.66,242.85000000000002,43.966875,22.869561845045805,24.730312499999997,69.66,-0.6087614290087207,-0.7933533402912352,0.7818314824680298,0.6234898018587336,0,44.75,0.0,82.39,100.0
2018-10-02 14:30:00,2018-10-02 14:45:00,2018-10-02 15:30:00,216.97000000000003,53.78,65.05,63.86,52.09,2.66,232.77,44.205,22.950520691261016,24.747916666666665,69.66,-0.6593458151000688,-0.7518398074789774,0.7818314824680298,0.6234898018587336,0,35.86,0.0,83.2,100.0
2018-10-02 14:45:00,2018-10-02 15:00:00,2018-10-02 15:45:00,218.37,53.75,53.78,57.31,50.58,2.63,229.21,43.424375,22.39341168981125,24.780937500000004,69.66,-0.7071067811865471,-0.7071067811865479,0.7818314824680298,0.6234898018587336,0,36.4,0.0,82.8,100.0
2018-10-02 15:00:00,2018-10-02 15:15:00,2018-10-02 16:00:00,221.47,52.27,53.75,56.63,43.88,2.74,224.85,43.469375,22.410412052422753,24.86833333333333,69.66,-0.7518398074789773,-0.6593458151000691,0.7818314824680298,0.6234898018587336,0,33.62,0.0,84.1,100.0
2018-10-02 15:15:00,2018-10-02 15:30:00,2018-10-02 16:15:00,243.5,48.49,52.27,65.05,48.13,2.74,208.29000000000002,42.760625,22.058338125511067,24.872083333333336,69.66,-0.7933533402912349,-0.6087614290087209,0.7818314824680298,0.6234898018587336,0,28.51,0.0,86.2,100.0
2018-10-02 15:30:00,2018-10-02 15:45:00,2018-10-02 16:30:00,238.53,62.46,48.49,53.78,39.13,2.66,216.97000000000003,43.34125,22.443597047654816,25.11510416666667,69.66,-0.8314696123025452,-0.5555702330196022,0.7818314824680298,0.6234898018587336,0,38.52,0.0,85.12,100.0
2018-10-02 15:45:00,2018-10-02 16:00:00,2018-10-02 16:45:00,241.2,55.15,62.46,53.75,48.6,2.63,218.37,42.971875,22.196213421085478,25.183333333333334,69.66,-0.8660254037844385,-0.5000000000000004,0.7818314824680298,0.6234898018587336,0,38.41,0.0,82.06,100.0
2018-10-02 16:00:00,2018-10-02 16:15:00,2018-10-02 17:00:00,255.31,55.37,55.15,52.27,45.54,2.7,221.47,42.971875,22.196213421085474,25.285729166666666,69.66,-0.8968727415326883,-0.44228869021900136,0.7818314824680298,0.6234898018587336,0,33.77,0.0,85.37,100.0
2018-10-02 16:15:00,2018-10-02 16:30:00,2018-10-02 17:15:00,239.37,70.52,55.37,48.49,51.98,2.66,243.5,47.15,20.642347855803614,25.478854166666665,70.52,-0.9238795325112868,-0.3826834323650895,0.7818314824680298,0.6234898018587336,0,50.26,0.0,81.43,100.0
2018-10-02 16:30:00,2018-10-02 16:45:00,2018-10-02 17:30:00,227.45999999999998,57.49,70.52,62.46,52.56,2.66,238.53,50.349374999999995,17.83977559722585,25.53020833333333,70.52,-0.9469301294951056,-0.3214394653031618,0.7818314824680298,0.6234898018587336,0,40.9,0.0,81.48,100.0
2018-10-02 16:45:00,2018-10-02 17:00:00,2018-10-02 17:45:00,200.67,57.82,57.49,55.15,51.37,3.28,241.2,53.513124999999995,13.977468797474563,25.597395833333334,70.52,-0.9659258262890683,-0.25881904510252063,0.7818314824680298,0.6234898018587336,0,35.96,0.0,84.92,100.0
2018-10-02 17:00:00,2018-10-02 17:15:00,2018-10-02 18:00:00,161.21,69.48,57.82,55.37,49.0,3.67,255.31,57.473124999999996,7.432367320334416,25.810729166666665,70.52,-0.9807852804032303,-0.19509032201612866,0.7818314824680298,0.6234898018587336,0,49.43,0.0,81.48,100.0
2018-10-02 17:15:00,2018-10-02 17:30:00,2018-10-02 18:15:00,153.43,54.58,69.48,70.52,50.69,2.95,239.37,58.375625,6.014265300880481,25.851249999999997,70.52,-0.9914448613738104,-0.13052619222005163,0.7818314824680298,0.6234898018587336,0,37.94,0.0,82.11,100.0
2018-10-02 17:30:00,2018-10-02 17:45:00,2018-10-02 18:30:00,204.55,45.58,54.58,57.49,47.95,2.66,227.45999999999998,57.233125,6.574129903217231,25.826562499999998,70.52,-0.9978589232386035,-0.06540312923014273,0.7818314824680298,0.6234898018587336,0,25.13,0.04,87.57,100.0
2018-10-02 17:45:00,2018-10-02 18:00:00,2018-10-02 18:45:00,268.81,31.03,45.58,57.82,36.0,2.63,200.67,55.590624999999996,9.134207319706237,25.77479166666667,70.52,-1.0,-1.8369701987210297e-16,0.7818314824680298,0.6234898018587336,0,1.44,1.15,99.89,99.93
2018-10-02 18:00:00,2018-10-02 18:15:00,2018-10-02 19:00:00,310.03000000000003,30.02,31.03,69.48,26.75,2.63,161.21,53.927499999999995,11.021174789921444,25.808854166666666,70.52,-0.9978589232386036,0.06540312923014237,0.7818314824680298,0.6234898018587336,0,6.26,0.54,97.89,99.98
2018-10-02 18:15:00,2018-10-02 18:30:00,2018-10-02 19:15:00,380.70000000000005,46.8,30.02,54.58,33.55,2.52,153.43,52.786874999999995,10.752137995969685,25.946875000000002,70.52,-0.9914448613738105,0.13052619222005127,0.7818314824680298,0.6234898018587336,0,28.4,0.0,85.49,100.0
2018-10-02 18:30:00,2018-10-02 18:45:00,2018-10-02 19:30:00,412.12,96.7,46.8,45.58,37.08,2.56,204.55,55.469375,15.128571672810853,26.567916666666672,96.7,-0.9807852804032304,0.1950903220161283,0.7818314824680298,0.6234898018587336,0,54.22,0.0,87.22,100.0
2018-10-02 18:45:00,2018-10-02 19:00:00,2018-10-02 19:45:00,413.78,95.29,96.7,31.03,32.9,2.59,268.81,58.065625,17.91796687990507,27.217812500000004,96.7,-0.9659258262890684,0.2588190451025203,0.7818314824680298,0.6234898018587336,0,43.7,0.0,90.9,100.0
2018-10-02 19:00:00,2018-10-02 19:15:00,2018-10-02 20:00:00,442.91,71.24,95.29,30.02,39.13,2.59,310.03000000000003,59.25125,18.121706899116873,27.552291666666672,96.7,-0.9469301294951057,0.3214394653031615,0.7818314824680298,0.6234898018587336,0,40.79,0.0,86.78,100.0
2018-10-02 19:15:00,2018-10-02 19:30:00,2018-10-02 20:15:00,406.98,117.47,71.24,46.8,35.71,2.7,380.70000000000005,63.56249999999999,22.68062016899009,28.403958333333335,117.47,-0.923879532511287,0.38268343236508917,0.7818314824680298,0.6234898018587336,0,69.37,0.0,86.11,100.0
2018-10-02 19:30:00,2018-10-02 19:45:00,2018-10-02 20:30:00,407.52,128.12,117.47,96.7,32.04,2.77,412.12,67.66625,27.531313507304734,29.404791666666668,128.12,-0.8968727415326884,0.442288690219001,0.7818314824680298,0.6234898018587336,0,86.94,0.0,82.75,100.0
2018-10-02 19:45:00,2018-10-02 20:00:00,2018-10-02 20:45:00,396.5400000000001,96.95,128.12,95.29,39.2,2.84,413.78,70.27875,28.19491374233126,30.006354166666668,128.12,-0.8660254037844386,0.5000000000000001,0.7818314824680298,0.6234898018587336,0,55.33,0.0,86.85,100.0
2018-10-02 20:00:00,2018-10-02 20:15:00,2018-10-02 21:00:00,358.69999999999993,100.37,96.95,71.24,39.6,3.02,442.91,73.09125,28.805273578591475,30.639375,128.12,-0.8314696123025455,0.5555702330196018,0.7818314824680298,0.6234898018587336,0,39.74,0.0,92.98,100.0
2018-10-02 20:15:00,2018-10-02 20:30:00,2018-10-02 21:15:00,284.9,81.54,100.37,117.47,30.46,3.35,406.98,73.78,28.867239866325985,31.171458333333334,128.12,-0.7933533402912357,0.6087614290087199,0.7818314824680298,0.6234898018587336,0,46.26,0.0,86.98,100.0
2018-10-02 20:30:00,2018-10-02 20:45:00,2018-10-02 21:30:00,160.24,128.66,81.54,128.12,37.04,2.74,407.52,78.228125,31.38765466285073,32.12583333333333,128.66,-0.7518398074789772,0.6593458151000691,0.7818314824680298,0.6234898018587336,0,73.22,0.0,86.91,100.0
2018-10-02 20:45:00,2018-10-02 21:00:00,2018-10-02 21:45:00,78.05,85.97,128.66,96.95,29.23,2.74,396.5400000000001,79.98750000000001,30.980716280454203,32.716874999999995,128.66,-0.7071067811865477,0.7071067811865474,0.7818314824680298,0.6234898018587336,0,41.36,0.0,90.11,100.0
2018-10-02 21:00:00,2018-10-02 21:15:00,2018-10-02 22:00:00,19.189999999999998,62.53,85.97,100.37,10.58,2.77,358.69999999999993,79.553125,31.17311977464519,33.25802083333333,128.66,-0.6593458151000687,0.7518398074789775,0.7818314824680298,0.6234898018587336,0,21.35,0.54,94.64,100.0
2018-10-02 21:15:00,2018-10-02 21:30:00,2018-10-02 22:15:00,14.91,7.74,62.53,81.54,6.95,2.81,284.9,76.625625,35.306300954778244,33.26625,128.66,-0.608761429008721,0.7933533402912349,0.7818314824680298,0.6234898018587336,0,0.0,14.62,100.0,46.79
2018-10-02 21:30:00,2018-10-02 21:45:00,2018-10-02 22:30:00,14.44,4.0,7.74,128.66,4.28,2.7,160.24,74.02687499999999,38.848385378087144,33.263333333333335,128.66,-0.555570233019603,0.8314696123025447,0.7818314824680298,0.6234898018587336,0,0.0,16.81,100.0,23.15
2018-10-02 21:45:00,2018-10-02 22:00:00,2018-10-02 22:45:00,14.08,3.78,4.0,85.97,3.46,2.77,78.05,72.32375,41.22092518900443,33.266666666666666,128.66,-0.5000000000000004,0.8660254037844384,0.7818314824680298,0.6234898018587336,0,0.0,16.88,100.0,21.85
2018-10-02 22:00:00,2018-10-02 22:15:00,2018-10-02 23:00:00,13.83,3.67,3.78,62.53,3.56,3.46,19.189999999999998,70.676875,43.3495744960014,33.2678125,128.66,-0.4422886902190014,0.8968727415326883,0.7818314824680298,0.6234898018587336,0,0.0,16.09,100.0,22.24
2018-10-02 22:15:00,2018-10-02 22:30:00,2018-10-02 23:15:00,13.75,3.46,3.67,7.74,3.2,2.88,14.91,67.968125,46.02823565741332,33.270520833333336,128.66,-0.38268343236508956,0.9238795325112868,0.7818314824680298,0.6234898018587336,0,7.31,0.07,42.78,99.98
2018-10-02 22:30:00,2018-10-02 22:45:00,2018-10-02 23:30:00,14.29,3.53,3.46,4.0,3.28,2.59,14.44,62.144999999999996,47.881224399549346,33.273125,128.66,-0.32143946530316186,0.9469301294951056,0.7818314824680298,0.6234898018587336,0,8.06,0.0,40.12,100.0
2018-10-02 22:45:00,2018-10-02 23:00:00,2018-10-02 23:45:00,15.510000000000002,3.42,3.53,3.78,3.24,2.56,14.08,56.403125,49.05629097255902,33.275,128.66,-0.25881904510252157,0.9659258262890681,0.7818314824680298,0.6234898018587336,0,7.63,0.0,40.9,100.0
2018-10-02 23:00:00,2018-10-02 23:15:00,2018-10-03 00:00:00,14.79,3.42,3.42,3.67,3.2,2.63,13.83,52.164375,50.49995148125763,33.27729166666666,128.66,-0.19509032201612872,0.9807852804032303,0.7818314824680298,0.6234898018587336,0,7.06,0.0,43.6,100.0
2018-10-02 23:15:00,2018-10-02 23:30:00,2018-10-03 00:15:00,14.79,3.38,3.42,3.46,3.28,2.56,13.75,45.03375,48.801561946699,33.278333333333336,128.66,-0.13052619222005168,0.9914448613738104,0.7818314824680298,0.6234898018587336,0,7.09,0.0,43.03,100.0
2018-10-02 23:30:00,2018-10-02 23:45:00,2018-10-03 00:30:00,14.099999999999998,4.07,3.38,3.53,3.17,2.63,14.29,37.280625,44.66430894304058,33.287708333333335,128.66,-0.0654031292301428,0.9978589232386035,0.7818314824680298,0.6234898018587336,0,7.74,0.0,46.54,100.0
2018-10-02 23:45:00,2018-10-03 00:00:00,2018-10-03 00:45:00,12.84,4.64,4.07,3.42,2.52,3.13,15.510000000000002,31.51125,42.493244297623356,33.30979166666666,128.66,0.0,1.0,0.9749279121818236,-0.22252093395631434,0,7.85,0.0,50.88,100.0
2018-10-03 00:00:00,2018-10-03 00:15:00,2018-10-03 01:00:00,13.52,2.7,4.64,3.42,3.35,2.48,14.79,25.406875,39.03776964664317,33.303020833333335,128.66,0.06540312923014306,0.9978589232386035,0.9749279121818236,-0.22252093395631434,0,5.18,0.0,46.22,100.0
2018-10-03 00:15:00,2018-10-03 00:30:00,2018-10-03 01:15:00,13.56,3.38,2.7,3.38,2.52,2.56,14.79,20.521874999999998,36.51677974211821,33.31197916666667,128.66,0.13052619222005157,0.9914448613738104,0.9749279121818236,-0.22252093395631434,0,6.95,0.0,43.74,100.0
2018-10-03 00:30:00,2018-10-03 00:45:00,2018-10-03 01:30:00,13.64,3.38,3.38,4.07,2.56,2.66,14.099999999999998,12.691875,23.657253966476645,33.32052083333333,128.66,0.19509032201612825,0.9807852804032304,0.9749279121818236,-0.22252093395631434,0,7.45,0.0,41.32,100.0
2018-10-03 00:45:00,2018-10-03 01:00:00,2018-10-03 01:45:00,14.69,3.38,3.38,4.64,2.63,2.63,12.84,7.53,14.242012673776133,33.32833333333333,128.66,0.25881904510252074,0.9659258262890683,0.9749279121818236,-0.22252093395631434,0,7.31,0.0,41.97,100.0
2018-10-03 01:00:00,2018-10-03 01:15:00,2018-10-03 02:00:00,14.87,3.38,3.38,2.7,2.56,2.66,13.52,3.8331250000000003,1.0871736220011043,33.336875,128.66,0.3214394653031616,0.9469301294951057,0.9749279121818236,-0.22252093395631434,0,6.62,0.0,45.47,100.0
2018-10-03 01:15:00,2018-10-03 01:30:00,2018-10-03 02:15:00,14.979999999999999,3.42,3.38,3.38,2.59,2.63,13.56,3.5631250000000003,0.4071043900217731,33.34552083333333,128.66,0.3826834323650898,0.9238795325112867,0.9749279121818236,-0.22252093395631434,0,7.49,0.0,41.54,100.0
2018-10-03 01:30:00,2018-10-03 01:45:00,2018-10-03 02:30:00,15.08,3.46,3.42,3.38,2.56,2.59,13.64,3.529375,0.39157484517650004,33.35489583333333,128.66,0.44228869021900125,0.8968727415326884,0.9749279121818236,-0.22252093395631434,0,7.38,0.0,42.45,100.0
2018-10-03 01:45:00,2018-10-03 02:00:00,2018-10-03 02:45:00,14.21,4.43,3.46,3.38,2.52,2.59,14.69,3.5700000000000003,0.4454772721475249,33.37479166666667,128.66,0.49999999999999994,0.8660254037844387,0.9749279121818236,-0.22252093395631434,0,7.6,0.0,50.36,100.0
2018-10-03 02:00:00,2018-10-03 02:15:00,2018-10-03 03:00:00,14.14,3.56,4.43,3.38,3.13,2.66,14.87,3.5631250000000003,0.4447291134780811,33.37927083333333,128.66,0.5555702330196022,0.8314696123025452,0.9749279121818236,-0.22252093395631434,0,7.06,0.0,45.02,100.0
2018-10-03 02:15:00,2018-10-03 02:30:00,2018-10-03 03:15:00,13.739999999999998,3.53,3.56,3.42,3.1,2.59,14.979999999999999,3.5675000000000003,0.4440368790990225,33.38375,128.66,0.6087614290087207,0.7933533402912352,0.9749279121818236,-0.22252093395631434,0,7.13,0.0,44.37,100.0
2018-10-03 02:30:00,2018-10-03 02:45:00,2018-10-03 03:30:00,13.1,3.56,3.53,3.46,2.59,2.56,15.08,3.569375,0.4439379003588227,33.393854166666664,128.66,0.6593458151000688,0.7518398074789774,0.9749279121818236,-0.22252093395631434,0,7.52,0.0,42.79,100.0
2018-10-03 02:45:00,2018-10-03 03:00:00,2018-10-03 03:45:00,12.459999999999999,3.56,3.56,4.43,2.92,2.77,14.21,3.578125,0.4422841104708601,33.40052083333333,128.66,0.7071067811865476,0.7071067811865476,0.9749279121818236,-0.22252093395631434,0,7.09,0.0,44.87,100.0
2018-10-03 03:00:00,2018-10-03 03:15:00,2018-10-03 04:00:00,11.889999999999999,3.49,3.56,3.56,2.95,3.17,14.14,3.5824999999999996,0.44104279837675614,33.40614583333333,128.66,0.7518398074789774,0.6593458151000688,0.9749279121818236,-0.22252093395631434,0,6.98,0.0,44.72,100.0
2018-10-03 03:15:00,2018-10-03 03:30:00,2018-10-03 04:15:00,11.68,3.13,3.49,3.53,2.59,2.81,13.739999999999998,3.566875,0.45222669577878744,33.41177083333333,128.66,0.7933533402912352,0.6087614290087207,0.9749279121818236,-0.22252093395631434,0,6.23,0.0,44.89,100.0
2018-10-03 03:30:00,2018-10-03 03:45:00,2018-10-03 04:30:00,11.68,2.92,3.13,3.56,2.66,2.63,13.1,3.495,0.45790282811967864,33.414479166666666,128.66,0.8314696123025451,0.5555702330196024,0.9749279121818236,-0.22252093395631434,0,5.8,0.0,44.97,100.0
2018-10-03 03:45:00,2018-10-03 04:00:00,2018-10-03 04:45:00,11.68,2.92,2.92,3.56,2.56,3.13,12.459999999999999,3.3874999999999997,0.3699239786767005,33.41822916666667,128.66,0.8660254037844386,0.5000000000000001,0.9749279121818236,-0.22252093395631434,0,5.8,0.0,44.97,100.0
2018-10-03 04:00:00,2018-10-03 04:15:00,2018-10-03 05:00:00,11.68,2.92,2.92,3.49,2.56,2.92,11.889999999999999,3.4012499999999997,0.34752472933591355,33.42197916666667,128.66,0.8968727415326884,0.44228869021900125,0.9749279121818236,-0.22252093395631434,0,5.72,0.0,45.47,100.0
2018-10-03 04:15:00,2018-10-03 04:30:00,2018-10-03 05:15:00,11.75,2.92,2.92,3.13,2.56,2.59,11.68,3.3724999999999996,0.36659753136102813,33.42572916666666,128.66,0.9238795325112867,0.38268343236508984,0.9749279121818236,-0.22252093395631434,0,5.72,0.0,45.47,100.0
2018-10-03 04:30:00,2018-10-03 04:45:00,2018-10-03 05:30:00,11.82,2.92,2.92,2.92,2.59,2.56,11.68,3.34375,0.3825714802491163,33.42916666666667,128.66,0.9469301294951056,0.3214394653031617,0.9749279121818236,-0.22252093395631434,0,5.76,0.0,45.22,100.0
2018-10-03 04:45:00,2018-10-03 05:00:00,2018-10-03 05:45:00,11.82,2.92,2.92,2.92,2.59,2.59,11.68,3.315,0.3958219296602956,33.43260416666667,128.66,0.9659258262890683,0.25881904510252074,0.9749279121818236,-0.22252093395631434,0,5.87,0.0,44.54,100.0
2018-10-03 05:00:00,2018-10-03 05:15:00,2018-10-03 06:00:00,12.43,2.92,2.92,2.92,2.59,2.56,11.68,3.28625,0.40661522044802995,33.43604166666667,128.66,0.9807852804032304,0.19509032201612833,0.9749279121818236,-0.22252093395631434,0,5.8,0.0,44.97,100.0
2018-10-03 05:15:00,2018-10-03 05:30:00,2018-10-03 06:15:00,12.68,2.99,2.92,2.92,2.63,2.63,11.75,3.2593750000000004,0.41107281517390565,33.43979166666667,128.66,0.9914448613738104,0.1305261922200517,0.9749279121818236,-0.22252093395631434,0,5.94,0.0,44.96,100.0
2018-10-03 05:30:00,2018-10-03 05:45:00,2018-10-03 06:30:00,13.18,2.99,2.99,2.92,2.56,2.56,11.82,3.23,0.4124772721011425,33.444270833333334,128.66,0.9978589232386035,0.06540312923014327,0.9749279121818236,-0.22252093395631434,0,5.98,0.0,44.72,100.0
2018-10-03 05:45:00,2018-10-03 06:00:00,2018-10-03 06:45:00,13.32,2.92,2.99,2.92,2.77,2.63,11.82,3.135625,0.2779156515473715,33.44583333333333,128.66,1.0,6.123233995736766e-17,0.9749279121818236,-0.22252093395631434,0,6.05,0.0,43.47,100.0
2018-10-03 06:00:00,2018-10-03 06:15:00,2018-10-03 07:00:00,12.670000000000002,3.53,2.92,2.92,3.13,2.56,12.43,3.13375,0.27513349032787704,33.449999999999996,128.66,0.9978589232386035,-0.06540312923014314,0.9749279121818236,-0.22252093395631434,0,7.92,0.0,40.71,100.0
2018-10-03 06:15:00,2018-10-03 06:30:00,2018-10-03 07:15:00,12.309999999999999,3.24,3.53,2.99,2.84,2.48,12.68,3.115625,0.25741427577933595,33.45416666666667,128.66,0.9914448613738104,-0.1305261922200516,0.9749279121818236,-0.22252093395631434,0,7.16,0.0,41.23,100.0
2018-10-03 06:30:00,2018-10-03 06:45:00,2018-10-03 07:30:00,11.74,3.49,3.24,2.99,2.52,2.52,13.18,3.11125,0.25032166805931927,33.46427083333334,128.66,0.9807852804032304,-0.1950903220161282,0.9749279121818236,-0.22252093395631434,0,7.85,0.0,40.62,100.0
2018-10-03 06:45:00,2018-10-03 07:00:00,2018-10-03 07:45:00,11.67,3.06,3.49,2.92,3.06,2.52,13.32,3.08,0.22195157129428036,33.46427083333334,128.66,0.9659258262890683,-0.25881904510252063,0.9749279121818236,-0.22252093395631434,0,6.44,0.0,42.92,100.0
2018-10-03 07:00:00,2018-10-03 07:15:00,2018-10-03 08:00:00,11.919999999999998,2.88,3.06,3.53,2.84,2.59,12.670000000000002,3.041875,0.19950622640659615,33.464687500000004,128.66,0.9469301294951057,-0.3214394653031616,0.9749279121818236,-0.22252093395631434,0,6.23,0.0,41.96,100.0
2018-10-03 07:15:00,2018-10-03 07:30:00,2018-10-03 08:15:00,51.41,2.88,2.88,3.24,2.63,2.52,12.309999999999999,3.02625,0.2017695157847191,33.467291666666675,128.66,0.9238795325112868,-0.3826834323650895,0.9749279121818236,-0.22252093395631434,0,6.16,0.0,42.35,100.0
2018-10-03 07:30:00,2018-10-03 07:45:00,2018-10-03 08:30:00,121.53,2.92,2.88,3.49,2.88,2.56,11.74,3.02625,0.2017695157847191,33.467708333333334,128.66,0.8968727415326884,-0.44228869021900113,0.9749279121818236,-0.22252093395631434,0,5.94,0.0,44.12,100.0
2018-10-03 07:45:00,2018-10-03 08:00:00,2018-10-03 08:45:00,206.42000000000002,2.99,2.92,3.06,3.17,2.56,11.67,3.030625,0.20017082548413495,33.465833333333336,128.66,0.8660254037844387,-0.4999999999999998,0.9749279121818236,-0.22252093395631434,0,5.98,0.0,44.72,100.0
2018-10-03 08:00:00,2018-10-03 08:15:00,2018-10-03 09:00:00,260.35,3.13,2.99,2.88,2.92,3.13,11.919999999999998,3.04375,0.19937010182070936,33.468020833333334,128.66,0.8314696123025451,-0.5555702330196023,0.9749279121818236,-0.22252093395631434,0,5.94,0.0,46.62,100.0
2018-10-03 08:15:00,2018-10-03 08:30:00,2018-10-03 09:15:00,288.0,42.37,3.13,2.88,19.3,3.02,51.41,5.509375,9.519406801864022,33.708333333333336,128.66,0.7933533402912352,-0.6087614290087207,0.9749279121818236,-0.22252093395631434,0,40.36,0.0,72.41,100.0
2018-10-03 08:30:00,2018-10-03 08:45:00,2018-10-03 09:30:00,284.33,73.04,42.37,2.92,50.72,2.74,121.53,9.891875,18.8684346922148,33.94083333333334,128.66,0.7518398074789774,-0.6593458151000688,0.9749279121818236,-0.22252093395631434,0,56.84,0.0,78.92,100.0
2018-10-03 08:45:00,2018-10-03 09:00:00,2018-10-03 09:45:00,257.4,87.88,73.04,2.99,66.85,2.48,206.42000000000002,15.201875000000001,26.550292187363496,34.15989583333334,128.66,0.7071067811865476,-0.7071067811865475,0.9749279121818236,-0.22252093395631434,0,57.53,0.0,83.67,100.0
2018-10-03 09:00:00,2018-10-03 09:15:00,2018-10-03 10:00:00,257.44,57.06,87.88,3.13,59.0,2.59,260.35,18.585625,28.169964272419215,34.1396875,128.66,0.659345815100069,-0.7518398074789773,0.9749279121818236,-0.22252093395631434,0,37.37,0.0,83.66,100.0
2018-10-03 09:15:00,2018-10-03 09:30:00,2018-10-03 10:15:00,239.04,70.02,57.06,42.37,50.44,2.63,288.0,22.775,30.432515300250813,34.34364583333333,128.66,0.6087614290087209,-0.793353340291235,0.9749279121818236,-0.22252093395631434,0,47.95,0.0,82.51,100.0
2018-10-03 09:30:00,2018-10-03 09:45:00,2018-10-03 10:30:00,224.17000000000002,69.37,70.02,73.04,69.66,2.63,284.33,26.92375,31.939847345244154,34.340625,128.66,0.5555702330196025,-0.831469612302545,0.9749279121818236,-0.22252093395631434,0,46.22,0.0,83.22,100.0
2018-10-03 09:45:00,2018-10-03 10:00:00,2018-10-03 10:45:00,215.6,60.95,69.37,87.88,52.06,2.66,257.4,30.550625000000004,32.30092848293026,34.43322916666667,128.66,0.49999999999999994,-0.8660254037844387,0.9749279121818236,-0.22252093395631434,0,37.15,0.0,85.39,100.0
2018-10-03 10:00:00,2018-10-03 10:15:00,2018-10-03 11:00:00,220.64,57.1,60.95,57.06,39.92,2.63,257.44,33.89875,32.102371188706606,34.612187500000005,128.66,0.4422886902190017,-0.8968727415326881,0.9749279121818236,-0.22252093395631434,0,36.79,0.0,84.06,100.0
2018-10-03 10:15:00,2018-10-03 10:30:00,2018-10-03 11:15:00,231.90999999999997,51.62,57.1,70.02,41.15,2.74,239.04,36.9225,31.34165608658866,34.72125,128.66,0.3826834323650899,-0.9238795325112867,0.9749279121818236,-0.22252093395631434,0,27.9,0.0,87.97,100.0
2018-10-03 10:30:00,2018-10-03 10:45:00,2018-10-03 11:30:00,233.07000000000002,54.5,51.62,69.37,49.97,2.63,224.17000000000002,40.110625,30.35766037360875,34.768437500000005,128.66,0.32143946530316175,-0.9469301294951056,0.9749279121818236,-0.22252093395631434,0,36.83,0.0,82.85,100.0
2018-10-03 10:45:00,2018-10-03 11:00:00,2018-10-03 11:45:00,235.41,52.38,54.5,60.95,66.24,2.63,215.6,43.193125,28.90843361346953,34.6240625,128.66,0.258819045102521,-0.9659258262890682,0.9749279121818236,-0.22252093395631434,0,33.44,0.0,84.29,100.0
2018-10-03 11:00:00,2018-10-03 11:15:00,2018-10-03 12:00:00,206.32,62.14,52.38,57.1,51.55,2.59,220.64,46.896875,27.255174214896794,34.734375,128.66,0.19509032201612816,-0.9807852804032304,0.9749279121818236,-0.22252093395631434,0,39.49,0.0,84.4,100.0
2018-10-03 11:15:00,2018-10-03 11:30:00,2018-10-03 12:15:00,149.01000000000002,62.89,62.14,51.62,59.83,2.59,231.90999999999997,50.64750000000001,24.973400974837208,34.76625,128.66,0.130526192220052,-0.9914448613738104,0.9749279121818236,-0.22252093395631434,0,40.07,0.0,84.34,100.0
2018-10-03 11:30:00,2018-10-03 11:45:00,2018-10-03 12:30:00,99.22,55.66,62.89,54.5,53.17,3.2,233.07000000000002,53.94375,21.72570305968256,34.792187500000004,128.66,0.06540312923014312,-0.9978589232386035,0.9749279121818236,-0.22252093395631434,0,34.74,0.0,84.83,100.0
2018-10-03 11:45:00,2018-10-03 12:00:00,2018-10-03 12:45:00,49.31999999999999,54.72,55.66,52.38,61.06,3.2,235.41,57.176874999999995,17.30095218432717,34.726145833333334,128.66,1.2246467991473532e-16,-1.0,0.9749279121818236,-0.22252093395631434,0,35.96,0.0,83.57,100.0
2018-10-03 12:00:00,2018-10-03 12:15:00,2018-10-03 13:00:00,20.99,33.05,54.72,62.14,55.37,3.24,206.32,59.046875,12.232789296982721,34.49364583333333,128.66,-0.06540312923014287,-0.9978589232386035,0.9749279121818236,-0.22252093395631434,0,22.75,3.6,82.37,99.41
2018-10-03 12:15:00,2018-10-03 12:30:00,2018-10-03 13:15:00,56.81,5.58,33.05,62.89,3.67,2.81,149.01000000000002,56.7475,17.48258544237665,34.51354166666666,128.66,-0.13052619222005177,-0.9914448613738104,0.9749279121818236,-0.22252093395631434,0,0.0,16.34,100.0,32.32
2018-10-03 12:30:00,2018-10-03 12:45:00,2018-10-03 13:30:00,103.64,5.87,5.58,55.66,6.3,2.7,99.22,52.549375,20.81366602401833,34.5090625,128.66,-0.19509032201612792,-0.9807852804032305,0.9749279121818236,-0.22252093395631434,0,0.0,16.27,100.0,33.94
2018-10-03 12:45:00,2018-10-03 13:00:00,2018-10-03 13:45:00,149.82999999999998,4.82,5.87,54.72,7.2,2.74,49.31999999999999,47.358125,21.69388456995139,34.48427083333333,128.66,-0.2588190451025208,-0.9659258262890683,0.9749279121818236,-0.22252093395631434,0,0.0,16.42,100.0,28.17
2018-10-03 13:00:00,2018-10-03 13:15:00,2018-10-03 14:00:00,194.5,4.72,4.82,33.05,6.12,2.81,20.99,44.086875,23.825747815847777,34.4696875,128.66,-0.32143946530316153,-0.9469301294951057,0.9749279121818236,-0.22252093395631434,0,0.0,16.56,100.0,27.41
2018-10-03 13:15:00,2018-10-03 13:30:00,2018-10-03 14:15:00,212.43,41.4,4.72,5.58,40.14,2.74,56.81,42.298125,22.86667668758132,34.4828125,128.66,-0.38268343236508967,-0.9238795325112868,0.9749279121818236,-0.22252093395631434,0,21.67,3.35,88.6,99.67
2018-10-03 13:30:00,2018-10-03 13:45:00,2018-10-03 14:30:00,217.33,52.7,41.4,5.87,63.86,2.7,103.64,41.256249999999994,21.971719002788564,34.3665625,128.66,-0.44228869021900147,-0.8968727415326883,0.9749279121818236,-0.22252093395631434,0,33.59,0.0,84.33,100.0
2018-10-03 13:45:00,2018-10-03 14:00:00,2018-10-03 14:45:00,225.68,51.01,52.7,4.82,57.31,2.7,149.82999999999998,40.63499999999999,21.542428484272612,34.300937499999996,128.66,-0.4999999999999997,-0.8660254037844388,0.9749279121818236,-0.22252093395631434,0,33.23,0.0,83.79,100.0
2018-10-03 14:00:00,2018-10-03 14:15:00,2018-10-03 15:00:00,241.41000000000003,49.39,51.01,4.72,56.63,2.59,194.5,40.153124999999996,21.253026466467663,34.22552083333333,128.66,-0.555570233019602,-0.8314696123025455,0.9749279121818236,-0.22252093395631434,0,28.04,0.0,86.96,100.0
2018-10-03 14:15:00,2018-10-03 14:30:00,2018-10-03 15:15:00,234.46,59.33,49.39,41.4,65.05,2.59,212.43,40.63499999999999,21.592252951000734,34.165937500000005,128.66,-0.6087614290087207,-0.7933533402912352,0.9749279121818236,-0.22252093395631434,0,41.4,0.0,82.01,100.0
2018-10-03 14:30:00,2018-10-03 14:45:00,2018-10-03 15:30:00,243.64000000000001,57.6,59.33,52.7,53.78,2.59,217.33,40.82875,21.729269682561814,34.205729166666664,128.66,-0.6593458151000688,-0.7518398074789774,0.9749279121818236,-0.22252093395631434,0,35.39,0.0,85.2,100.0
2018-10-03 14:45:00,2018-10-03 15:00:00,2018-10-03 15:45:00,242.28,59.36,57.6,51.01,53.75,2.59,225.68,41.265,22.024857264009682,34.26416666666666,128.66,-0.7071067811865471,-0.7071067811865479,0.9749279121818236,-0.22252093395631434,0,38.41,0.0,83.96,100.0
2018-10-03 15:00:00,2018-10-03 15:15:00,2018-10-03 16:00:00,236.06,65.12,59.36,49.39,52.27,2.66,241.41000000000003,41.451249999999995,22.21239768547061,34.398020833333334,128.66,-0.7518398074789773,-0.6593458151000691,0.9749279121818236,-0.22252093395631434,0,42.34,0.0,83.84,100.0
2018-10-03 15:15:00,2018-10-03 15:30:00,2018-10-03 16:15:00,252.8,52.38,65.12,59.33,48.49,3.24,234.46,40.794374999999995,21.718603191949867,34.438541666666666,128.66,-0.7933533402912349,-0.6087614290087209,0.9749279121818236,-0.22252093395631434,0,32.87,0.0,84.7,100.0
2018-10-03 15:30:00,2018-10-03 15:45:00,2018-10-03 16:30:00,250.03000000000003,66.78,52.38,57.6,62.46,2.77,243.64000000000001,41.489374999999995,22.35187505242849,34.48354166666667,128.66,-0.8314696123025452,-0.5555702330196022,0.9749279121818236,-0.22252093395631434,0,45.61,0.0,82.58,100.0
2018-10-03 15:45:00,2018-10-03 16:00:00,2018-10-03 16:45:00,237.93000000000004,58.0,66.78,59.36,55.15,2.59,242.28,41.694375,22.486912851909555,34.51322916666666,128.66,-0.8660254037844385,-0.5000000000000004,0.9749279121818236,-0.22252093395631434,0,35.03,0.0,85.6,100.0
2018-10-03 16:00:00,2018-10-03 16:15:00,2018-10-03 17:00:00,195.73,58.9,58.0,65.12,55.37,2.59,236.06,43.309999999999995,22.735056080863316,34.55,128.66,-0.8968727415326883,-0.44228869021900136,0.9749279121818236,-0.22252093395631434,0,37.87,0.0,84.11,100.0
2018-10-03 16:15:00,2018-10-03 16:30:00,2018-10-03 17:15:00,130.5,69.12,58.9,52.38,70.52,2.56,252.8,47.28125,21.3019869598472,34.53541666666666,128.66,-0.9238795325112868,-0.3826834323650895,0.9749279121818236,-0.22252093395631434,0,47.84,0.0,82.23,100.0
2018-10-03 16:30:00,2018-10-03 16:45:00,2018-10-03 17:30:00,70.08999999999999,64.01,69.12,66.78,57.49,2.59,250.03000000000003,50.915,18.731803837324374,34.60333333333333,128.66,-0.9469301294951056,-0.3214394653031618,0.9749279121818236,-0.22252093395631434,0,40.64,0.0,84.42,100.0
2018-10-03 16:45:00,2018-10-03 17:00:00,2018-10-03 17:45:00,27.830000000000002,45.9,64.01,58.0,57.82,2.52,237.93000000000004,53.4825,14.596694617275515,34.479166666666664,128.66,-0.9659258262890683,-0.25881904510252063,0.9749279121818236,-0.22252093395631434,0,20.34,0.0,91.43,100.0
2018-10-03 17:00:00,2018-10-03 17:15:00,2018-10-03 18:00:00,14.690000000000001,16.7,45.9,58.9,69.48,2.66,195.73,54.231249999999996,12.184048934467558,33.929375,128.66,-0.9807852804032303,-0.19509032201612866,0.9749279121818236,-0.22252093395631434,0,4.36,10.84,96.76,83.88
2018-10-03 17:15:00,2018-10-03 17:30:00,2018-10-03 18:15:00,14.290000000000001,3.89,16.7,69.12,54.58,2.59,130.5,51.886875,17.06033364223499,33.401354166666664,128.66,-0.9914448613738104,-0.13052619222005163,0.9749279121818236,-0.22252093395631434,0,0.0,17.75,100.0,21.41
2018-10-03 17:30:00,2018-10-03 17:45:00,2018-10-03 18:30:00,14.180000000000001,3.6,3.89,64.01,45.58,2.59,70.08999999999999,48.818125,20.67178820843458,32.9640625,128.66,-0.9978589232386035,-0.06540312923014273,0.9749279121818236,-0.22252093395631434,0,0.0,17.68,100.0,19.95
2018-10-03 17:45:00,2018-10-03 18:00:00,2018-10-03 18:45:00,14.280000000000001,3.64,3.6,45.9,31.03,3.17,27.830000000000002,45.8575,23.362869981019028,32.67875,128.66,-1.0,-1.8369701987210297e-16,0.9749279121818236,-0.22252093395631434,0,0.0,17.57,100.0,20.29
2018-10-03 18:00:00,2018-10-03 18:15:00,2018-10-03 19:00:00,14.360000000000001,3.56,3.64,16.7,30.02,3.02,14.690000000000001,42.993125,25.468736648769507,32.403124999999996,128.66,-0.9978589232386036,0.06540312923014237,0.9749279121818236,-0.22252093395631434,0,0.0,11.95,100.0,28.55
2018-10-03 18:15:00,2018-10-03 18:30:00,2018-10-03 19:15:00,15.080000000000002,3.49,3.56,3.89,46.8,2.52,14.290000000000001,39.503125,26.782954635072937,31.951979166666664,128.66,-0.9914448613738105,0.13052619222005127,0.9749279121818236,-0.22252093395631434,0,0.0,6.19,100.0,49.11
2018-10-03 18:30:00,2018-10-03 18:45:00,2018-10-03 19:30:00,15.69,3.49,3.49,3.6,96.7,2.59,14.180000000000001,36.12125,27.68537697842491,30.981041666666666,128.66,-0.9807852804032304,0.1950903220161283,0.9749279121818236,-0.22252093395631434,0,0.0,9.65,100.0,34.01
2018-10-03 18:45:00,2018-10-03 19:00:00,2018-10-03 19:45:00,15.549999999999999,3.74,3.49,3.64,95.29,3.31,14.280000000000001,32.644999999999996,28.03885518347709,30.027395833333333,128.66,-0.9659258262890684,0.2588190451025203,0.9749279121818236,-0.22252093395631434,0,0.0,17.53,100.0,20.87
2018-10-03 19:00:00,2018-10-03 19:15:00,2018-10-03 20:00:00,15.549999999999999,3.64,3.74,3.56,71.24,2.7,14.360000000000001,28.802500000000002,27.533236619583974,29.323229166666664,128.66,-0.9469301294951057,0.3214394653031615,0.9749279121818236,-0.22252093395631434,0,0.0,17.39,100.0,20.49
2018-10-03 19:15:00,2018-10-03 19:30:00,2018-10-03 20:15:00,14.9,4.21,3.64,3.49,117.47,2.66,15.080000000000002,25.791874999999997,27.423913656412626,28.1434375,128.66,-0.923879532511287,0.38268343236508917,0.9749279121818236,-0.22252093395631434,0,0.0,17.5,100.0,23.39
2018-10-03 19:30:00,2018-10-03 19:45:00,2018-10-03 20:30:00,14.33,4.1,4.21,3.49,128.12,2.66,15.69,21.874375,25.712471188304228,26.8515625,128.66,-0.8968727415326884,0.442288690219001,0.9749279121818236,-0.22252093395631434,0,0.0,17.57,100.0,22.72
2018-10-03 19:45:00,2018-10-03 20:00:00,2018-10-03 20:45:00,14.33,3.6,4.1,3.74,96.95,2.74,15.549999999999999,18.474375,24.26678644998911,25.879166666666666,128.66,-0.8660254037844386,0.5000000000000001,0.9749279121818236,-0.22252093395631434,0,0.0,17.42,100.0,20.24
2018-10-03 20:00:00,2018-10-03 20:15:00,2018-10-03 21:00:00,13.61,3.64,3.6,3.64,100.37,2.74,15.549999999999999,15.020625000000003,22.103455744733107,24.8715625,128.66,-0.8314696123025455,0.5555702330196018,0.9749279121818236,-0.22252093395631434,0,0.0,17.39,100.0,20.49
2018-10-03 20:15:00,2018-10-03 20:30:00,2018-10-03 21:15:00,12.97,3.56,3.64,4.21,81.54,2.66,14.9,10.923124999999999,17.23545681101534,24.059270833333333,128.66,-0.7933533402912357,0.6087614290087199,0.9749279121818236,-0.22252093395631434,0,0.0,17.46,100.0,19.98
2018-10-03 20:30:00,2018-10-03 20:45:00,2018-10-03 21:30:00,12.39,3.53,3.56,4.1,128.66,2.63,14.33,7.143125,10.490481232258842,22.75583333333333,87.88,-0.7518398074789772,0.6593458151000691,0.9749279121818236,-0.22252093395631434,0,0.0,17.39,100.0,19.89
2018-10-03 20:45:00,2018-10-03 21:00:00,2018-10-03 21:45:00,11.669999999999998,3.6,3.53,3.6,85.97,2.66,14.33,4.499375,3.1566486753161174,21.8978125,87.88,-0.7071067811865477,0.7071067811865474,0.9749279121818236,-0.22252093395631434,0,0.0,17.35,100.0,20.32
2018-10-03 21:00:00,2018-10-03 21:15:00,2018-10-03 22:00:00,11.67,2.92,3.6,3.64,62.53,2.7,13.61,3.638125,0.27409438953579474,21.276875,87.88,-0.6593458151000687,0.7518398074789775,0.9749279121818236,-0.22252093395631434,0,0.0,11.66,100.0,24.29
2018-10-03 21:15:00,2018-10-03 21:30:00,2018-10-03 22:15:00,11.49,2.92,2.92,3.56,7.74,2.63,12.97,3.5774999999999997,0.3157827576040212,21.22666666666667,87.88,-0.608761429008721,0.7933533402912349,0.9749279121818236,-0.22252093395631434,0,0.0,11.38,100.0,24.85
2018-10-03 21:30:00,2018-10-03 21:45:00,2018-10-03 22:30:00,11.309999999999999,2.95,2.92,3.53,4.0,2.92,12.39,3.536875,0.350209200871422,21.215729166666666,87.88,-0.555570233019603,0.8314696123025447,0.9749279121818236,-0.22252093395631434,0,0.0,11.34,100.0,25.18
2018-10-03 21:45:00,2018-10-03 22:00:00,2018-10-03 22:45:00,11.2,2.88,2.95,3.6,3.78,3.28,11.669999999999998,3.489375,0.38300569104779625,21.206354166666667,87.88,-0.5000000000000004,0.8660254037844384,0.9749279121818236,-0.22252093395631434,0,0.0,11.41,100.0,24.47
2018-10-03 22:00:00,2018-10-03 22:15:00,2018-10-03 23:00:00,11.049999999999999,2.92,2.88,2.92,3.67,2.74,11.67,3.449375,0.406255288427117,21.198541666666664,87.88,-0.4422886902190014,0.8968727415326883,0.9749279121818236,-0.22252093395631434,0,0.0,10.91,100.0,25.85
2018-10-03 22:15:00,2018-10-03 22:30:00,2018-10-03 23:15:00,11.260000000000002,2.74,2.92,2.92,3.46,2.56,11.49,3.4025,0.4406741993809032,21.191041666666667,87.88,-0.38268343236508956,0.9238795325112868,0.9749279121818236,-0.22252093395631434,0,5.18,0.11,46.76,99.92
2018-10-03 22:30:00,2018-10-03 22:45:00,2018-10-03 23:30:00,11.8,2.77,2.74,2.95,3.53,2.63,11.309999999999999,3.3575,0.46550375938331584,21.183125,87.88,-0.32143946530316186,0.9469301294951056,0.9749279121818236,-0.22252093395631434,0,5.51,0.0,44.92,100.0
2018-10-03 22:45:00,2018-10-03 23:00:00,2018-10-03 23:45:00,12.05,2.77,2.77,2.88,3.42,3.17,11.2,3.296875,0.4748120516320115,21.176354166666666,87.88,-0.25881904510252157,0.9659258262890681,0.9749279121818236,-0.22252093395631434,0,5.47,0.0,45.18,100.0
2018-10-03 23:00:00,2018-10-03 23:15:00,2018-10-04 00:00:00,13.739999999999998,2.77,2.77,2.92,3.42,2.7,11.049999999999999,3.2424999999999997,0.48216309481336284,21.169583333333332,87.88,-0.19509032201612872,0.9807852804032303,0.9749279121818236,-0.22252093395631434,0,5.33,0.0,46.11,100.0
2018-10-03 23:15:00,2018-10-03 23:30:00,2018-10-04 00:15:00,13.809999999999999,2.95,2.77,2.74,3.38,2.45,11.260000000000002,3.16375,0.41608104679256896,21.165104166666666,87.88,-0.13052619222005168,0.9914448613738104,0.9749279121818236,-0.22252093395631434,0,5.72,0.0,45.84,100.0
2018-10-03 23:30:00,2018-10-03 23:45:00,2018-10-04 00:30:00,13.78,3.31,2.95,2.77,4.07,2.45,11.8,3.114375,0.34239904990376363,21.157187499999996,87.88,-0.0654031292301428,0.9978589232386035,0.9749279121818236,-0.22252093395631434,0,6.88,0.0,43.35,100.0
2018-10-03 23:45:00,2018-10-04 00:00:00,2018-10-04 00:45:00,13.5,3.02,3.31,2.77,4.64,2.45,12.05,3.078125,0.3189674503378048,21.140312499999997,87.88,0.0,1.0,0.43388373911755823,-0.900968867902419,0,5.9,0.0,45.56,100.0
2018-10-04 00:00:00,2018-10-04 00:15:00,2018-10-04 01:00:00,11.809999999999999,4.46,3.02,2.77,2.7,2.84,13.739999999999998,3.129375,0.44579239492728,21.158645833333335,87.88,0.06540312923014306,0.9978589232386035,0.43388373911755823,-0.900968867902419,0,7.16,0.0,52.87,100.0
2018-10-04 00:15:00,2018-10-04 00:30:00,2018-10-04 01:15:00,11.53,3.02,4.46,2.95,3.38,2.48,13.809999999999999,3.095625,0.43214535676667865,21.15489583333333,87.88,0.13052619222005157,0.9914448613738104,0.43388373911755823,-0.900968867902419,0,5.98,0.0,45.08,100.0
2018-10-04 00:30:00,2018-10-04 00:45:00,2018-10-04 01:30:00,11.02,3.28,3.02,3.31,3.38,2.48,13.78,3.08,0.4205205107958469,21.153854166666665,87.88,0.19509032201612825,0.9807852804032304,0.43388373911755823,-0.900968867902419,0,7.02,0.0,42.33,100.0
2018-10-04 00:45:00,2018-10-04 01:00:00,2018-10-04 01:45:00,11.09,2.74,3.28,3.02,3.38,2.59,13.5,3.02625,0.4053065969115232,21.147187499999998,87.88,0.25881904510252074,0.9659258262890683,0.43388373911755823,-0.900968867902419,0,5.26,0.0,46.2,100.0
2018-10-04 01:00:00,2018-10-04 01:15:00,2018-10-04 02:00:00,11.06,2.77,2.74,4.46,3.38,3.1,11.809999999999999,3.0168749999999998,0.4093702289798319,21.140833333333333,87.88,0.3214394653031616,0.9469301294951057,0.43388373911755823,-0.900968867902419,0,5.44,0.0,45.38,100.0
2018-10-04 01:15:00,2018-10-04 01:30:00,2018-10-04 02:15:00,11.06,2.74,2.77,3.02,3.42,2.74,11.53,3.005625,0.41432126348402637,21.13375,87.88,0.3826834323650898,0.9238795325112867,0.43388373911755823,-0.900968867902419,0,5.36,0.0,45.52,100.0
2018-10-04 01:30:00,2018-10-04 01:45:00,2018-10-04 02:30:00,11.100000000000001,2.77,2.74,3.28,3.46,2.56,11.02,2.994375,0.41810538070563025,21.126562500000002,87.88,0.44228869021900125,0.8968727415326884,0.43388373911755823,-0.900968867902419,0,5.4,0.0,45.64,100.0
2018-10-04 01:45:00,2018-10-04 02:00:00,2018-10-04 02:45:00,11.030000000000001,2.81,2.77,2.74,4.43,2.52,11.09,2.99,0.4196427051671457,21.1096875,87.88,0.49999999999999994,0.8660254037844387,0.43388373911755823,-0.900968867902419,0,5.29,0.0,46.91,100.0
2018-10-04 02:00:00,2018-10-04 02:15:00,2018-10-04 03:00:00,11.030000000000001,2.74,2.81,2.77,3.56,2.52,11.06,2.97875,0.42376106180252093,21.101145833333334,87.88,0.5555702330196022,0.8314696123025452,0.43388373911755823,-0.900968867902419,0,5.51,0.0,44.53,100.0
2018-10-04 02:15:00,2018-10-04 02:30:00,2018-10-04 03:15:00,11.100000000000001,2.74,2.74,2.74,3.53,2.56,11.06,2.97875,0.42376106180252093,21.092916666666667,87.88,0.6087614290087207,0.7933533402912352,0.43388373911755823,-0.900968867902419,0,5.54,0.0,44.33,100.0
2018-10-04 02:30:00,2018-10-04 02:45:00,2018-10-04 03:30:00,11.06,2.81,2.74,2.77,3.56,2.52,11.100000000000001,2.98125,0.4226386606783624,21.085104166666667,87.88,0.6593458151000688,0.7518398074789774,0.43388373911755823,-0.900968867902419,0,5.62,0.0,44.72,100.0
2018-10-04 02:45:00,2018-10-04 03:00:00,2018-10-04 03:45:00,11.09,2.74,2.81,2.81,3.56,2.52,11.030000000000001,2.979375,0.42363706090827313,21.076562499999998,87.88,0.7071067811865476,0.7071067811865476,0.43388373911755823,-0.900968867902419,0,5.47,0.0,44.79,100.0
2018-10-04 03:00:00,2018-10-04 03:15:00,2018-10-04 04:00:00,11.73,2.74,2.74,2.74,3.49,2.7,11.030000000000001,2.9775,0.4246248344126847,21.068749999999998,87.88,0.7518398074789774,0.6593458151000688,0.43388373911755823,-0.900968867902419,0,5.51,0.0,44.53,100.0
2018-10-04 03:15:00,2018-10-04 03:30:00,2018-10-04 04:15:00,11.84,2.81,2.74,2.74,3.13,3.2,11.100000000000001,2.96875,0.42653949113769046,21.065416666666668,87.88,0.7933533402912352,0.6087614290087207,0.43388373911755823,-0.900968867902419,0,5.54,0.0,45.24,100.0
2018-10-04 03:30:00,2018-10-04 03:45:00,2018-10-04 04:30:00,11.88,2.77,2.81,2.81,2.92,2.81,11.06,2.935,0.4195086411505726,21.063854166666665,87.88,0.8314696123025451,0.5555702330196024,0.43388373911755823,-0.900968867902419,0,5.47,0.0,45.18,100.0
2018-10-04 03:45:00,2018-10-04 04:00:00,2018-10-04 04:45:00,11.879999999999999,2.77,2.77,2.74,2.92,2.52,11.09,2.919375,0.42070578718981266,21.062291666666667,87.88,0.8660254037844386,0.5000000000000001,0.43388373911755823,-0.900968867902419,0,5.47,0.0,45.18,100.0
2018-10-04 04:00:00,2018-10-04 04:15:00,2018-10-04 05:00:00,11.85,3.38,2.77,2.74,2.92,2.56,11.73,2.8518749999999997,0.193268555060051,21.067083333333333,87.88,0.8968727415326884,0.44228869021900125,0.43388373911755823,-0.900968867902419,0,6.7,0.0,45.04,100.0
2018-10-04 04:15:00,2018-10-04 04:30:00,2018-10-04 05:15:00,11.95,2.92,3.38,2.81,2.92,2.52,11.84,2.845625,0.18930691845519002,21.067083333333333,87.88,0.9238795325112867,0.38268343236508984,0.43388373911755823,-0.900968867902419,0,5.9,0.0,44.36,100.0
2018-10-04 04:30:00,2018-10-04 04:45:00,2018-10-04 05:30:00,11.88,2.81,2.92,2.77,2.92,2.52,11.88,2.81625,0.15251536807810542,21.0659375,87.88,0.9469301294951056,0.3214394653031617,0.43388373911755823,-0.900968867902419,0,5.62,0.0,44.72,100.0
2018-10-04 04:45:00,2018-10-04 05:00:00,2018-10-04 05:45:00,11.809999999999999,2.77,2.81,2.77,2.92,2.52,11.879999999999999,2.818125,0.15174891885941058,21.064375,87.88,0.9659258262890683,0.25881904510252074,0.43388373911755823,-0.900968867902419,0,5.62,0.0,44.21,100.0
2018-10-04 05:00:00,2018-10-04 05:15:00,2018-10-04 06:00:00,11.23,3.35,2.77,3.38,2.92,3.17,11.85,2.854375,0.19811514171057187,21.068854166666668,87.88,0.9807852804032304,0.19509032201612833,0.43388373911755823,-0.900968867902419,0,7.34,0.0,41.52,100.0
2018-10-04 05:15:00,2018-10-04 05:30:00,2018-10-04 06:15:00,10.91,3.02,3.35,2.92,2.99,2.66,11.95,2.871875,0.19960018631003323,21.069166666666664,87.88,0.9914448613738104,0.1305261922200517,0.43388373911755823,-0.900968867902419,0,6.44,0.0,42.46,100.0
2018-10-04 05:30:00,2018-10-04 05:45:00,2018-10-04 06:30:00,10.870000000000001,2.74,3.02,2.81,2.99,2.56,11.88,2.87,0.20068632240389472,21.0665625,87.88,0.9978589232386035,0.06540312923014327,0.43388373911755823,-0.900968867902419,0,5.44,0.0,44.98,100.0
2018-10-04 05:45:00,2018-10-04 06:00:00,2018-10-04 06:45:00,10.940000000000001,2.7,2.74,2.77,2.92,2.52,11.809999999999999,2.863125,0.20447245382936055,21.064270833333328,87.88,1.0,6.123233995736766e-17,0.43388373911755823,-0.900968867902419,0,5.33,0.0,45.19,100.0
2018-10-04 06:00:00,2018-10-04 06:15:00,2018-10-04 07:00:00,11.16,2.77,2.7,3.35,3.53,2.45,11.23,2.865,0.203469899493758,21.056354166666665,87.88,0.9978589232386035,-0.06540312923014314,0.43388373911755823,-0.900968867902419,0,5.58,0.0,44.46,100.0
2018-10-04 06:15:00,2018-10-04 06:30:00,2018-10-04 07:15:00,11.770000000000001,2.7,2.77,3.02,3.24,2.45,10.91,2.8625,0.2052285311549054,21.050729166666667,87.88,0.9914448613738104,-0.1305261922200516,0.43388373911755823,-0.900968867902419,0,5.47,0.0,44.26,100.0
2018-10-04 06:30:00,2018-10-04 06:45:00,2018-10-04 07:30:00,12.09,2.7,2.7,2.74,3.49,2.48,10.870000000000001,2.855625,0.20868543163095976,21.0425,87.88,0.9807852804032304,-0.1950903220161282,0.43388373911755823,-0.900968867902419,0,5.47,0.0,44.26,100.0
2018-10-04 06:45:00,2018-10-04 07:00:00,2018-10-04 07:45:00,12.56,2.77,2.7,2.7,3.06,2.48,10.940000000000001,2.8575,0.20777090749188148,21.039479166666666,87.88,0.9659258262890683,-0.25881904510252063,0.43388373911755823,-0.900968867902419,0,5.62,0.0,44.21,100.0
2018-10-04 07:00:00,2018-10-04 07:15:00,2018-10-04 08:00:00,12.88,2.99,2.77,2.77,2.88,2.45,11.16,2.873125,0.2077474052184527,21.040625,87.88,0.9469301294951057,-0.3214394653031616,0.43388373911755823,-0.900968867902419,0,6.52,0.0,41.68,100.0
2018-10-04 07:15:00,2018-10-04 07:30:00,2018-10-04 08:15:00,43.3,3.31,2.99,2.7,2.88,2.48,11.770000000000001,2.904375,0.23208211774068244,21.045104166666665,87.88,0.9238795325112868,-0.3826834323650895,0.43388373911755823,-0.900968867902419,0,7.13,0.0,42.11,100.0
2018-10-04 07:30:00,2018-10-04 07:45:00,2018-10-04 08:30:00,84.24000000000001,3.02,3.31,2.7,2.92,2.84,12.09,2.92,0.23092206477510974,21.04614583333333,87.88,0.8968727415326884,-0.44228869021900113,0.43388373911755823,-0.900968867902419,0,5.58,0.0,47.6,100.0
2018-10-04 07:45:00,2018-10-04 08:00:00,2018-10-04 08:45:00,137.77,3.24,3.02,2.77,2.99,7.99,12.56,2.949375,0.23969951892942962,21.04875,87.88,0.8660254037844387,-0.4999999999999998,0.43388373911755823,-0.900968867902419,0,5.08,0.0,53.77,100.0
2018-10-04 08:00:00,2018-10-04 08:15:00,2018-10-04 09:00:00,199.26,3.31,3.24,2.99,3.13,9.04,12.88,2.945,0.23232520310977886,21.050625,87.88,0.8314696123025451,-0.5555702330196023,0.43388373911755823,-0.900968867902419,0,5.0,0.0,55.2,100.0
2018-10-04 08:15:00,2018-10-04 08:30:00,2018-10-04 09:15:00,234.51,33.73,3.31,3.31,42.37,28.04,43.3,4.8706249999999995,7.455076683668317,20.960624999999997,87.88,0.7933533402912352,-0.6087614290087207,0.43388373911755823,-0.900968867902419,0,34.6,0.0,69.8,100.0
2018-10-04 08:30:00,2018-10-04 08:45:00,2018-10-04 09:30:00,260.82,43.96,33.73,3.02,73.04,49.46,84.24000000000001,7.4425,12.00820318573932,20.657708333333332,87.88,0.7518398074789774,-0.6593458151000688,0.43388373911755823,-0.900968867902419,0,50.15,0.0,65.92,100.0
2018-10-04 08:45:00,2018-10-04 09:00:00,2018-10-04 09:45:00,266.83000000000004,56.77,43.96,3.24,87.88,56.41,137.77,10.8175,16.837961389372527,20.333645833333335,70.02,0.7071067811865476,-0.7071067811865475,0.43388373911755823,-0.900968867902419,0,53.64,0.0,72.69,100.0
2018-10-04 09:00:00,2018-10-04 09:15:00,2018-10-04 10:00:00,266.11,64.8,56.77,3.31,57.06,40.75,199.26,14.658125000000002,21.15214445947207,20.414270833333333,70.02,0.659345815100069,-0.7518398074789773,0.43388373911755823,-0.900968867902419,0,44.32,0.0,82.54,100.0
2018-10-04 09:15:00,2018-10-04 09:30:00,2018-10-04 10:15:00,256.85,68.98,64.8,33.73,70.02,47.16,234.51,18.780625,24.624824230019897,20.4034375,69.37,0.6087614290087209,-0.793353340291235,0.43388373911755823,-0.900968867902419,0,46.58,0.0,82.87,100.0
2018-10-04 09:30:00,2018-10-04 09:45:00,2018-10-04 10:30:00,239.25,70.27,68.98,43.96,69.37,46.91,260.82,23.00125,27.169544961914617,20.4128125,70.27,0.5555702330196025,-0.831469612302545,0.43388373911755823,-0.900968867902419,0,46.55,0.0,83.37,100.0
2018-10-04 09:45:00,2018-10-04 10:00:00,2018-10-04 10:45:00,238.5,62.78,70.27,56.77,60.95,54.72,266.83000000000004,26.75625,28.23512282490551,20.431875,70.27,0.49999999999999994,-0.8660254037844387,0.43388373911755823,-0.900968867902419,0,40.25,0.0,84.18,100.0
2018-10-04 10:00:00,2018-10-04 10:15:00,2018-10-04 11:00:00,230.4,64.08,62.78,64.8,57.1,57.78,266.11,30.588125,28.87293763603515,20.504583333333333,70.27,0.4422886902190017,-0.8968727415326881,0.43388373911755823,-0.900968867902419,0,39.64,0.0,85.04,100.0
2018-10-04 10:15:00,2018-10-04 10:30:00,2018-10-04 11:15:00,233.07,59.72,64.08,68.98,51.62,48.38,256.85,34.151875,28.729403539481552,20.588958333333334,70.27,0.3826834323650899,-0.9238795325112867,0.43388373911755823,-0.900968867902419,0,31.5,0.0,88.45,100.0
2018-10-04 10:30:00,2018-10-04 10:45:00,2018-10-04 11:30:00,250.89,52.67,59.72,70.27,54.5,57.82,239.25,37.275,27.84297038751433,20.569895833333334,70.27,0.32143946530316175,-0.9469301294951056,0.43388373911755823,-0.900968867902419,0,26.1,0.0,89.6,100.0
2018-10-04 10:45:00,2018-10-04 11:00:00,2018-10-04 11:45:00,255.06,62.03,52.67,62.78,52.38,62.06,238.5,40.97875,26.933281891323606,20.670416666666668,70.27,0.258819045102521,-0.9659258262890682,0.43388373911755823,-0.900968867902419,0,36.29,0.0,86.31,100.0
2018-10-04 11:00:00,2018-10-04 11:15:00,2018-10-04 12:00:00,259.84999999999997,55.98,62.03,64.08,62.14,57.49,230.4,44.290625,25.264628057016296,20.60625,70.27,0.19509032201612816,-0.9807852804032304,0.43388373911755823,-0.900968867902419,0,33.08,0.0,86.09,100.0
2018-10-04 11:15:00,2018-10-04 11:30:00,2018-10-04 12:15:00,209.74,62.39,55.98,59.72,62.89,51.8,233.07,47.983125,23.24172667820476,20.601041666666667,70.27,0.130526192220052,-0.9914448613738104,0.43388373911755823,-0.900968867902419,0,39.42,0.0,84.54,100.0
2018-10-04 11:30:00,2018-10-04 11:45:00,2018-10-04 12:30:00,143.39,70.49,62.39,52.67,55.66,44.28,250.89,52.2,20.680924181476996,20.755520833333332,70.49,0.06540312923014312,-0.9978589232386035,0.43388373911755823,-0.900968867902419,0,49.28,0.0,81.96,100.0
2018-10-04 11:45:00,2018-10-04 12:00:00,2018-10-04 12:45:00,81.62,66.2,70.49,62.03,54.72,48.96,255.06,56.135,16.572531490390958,20.87510416666667,70.49,1.2246467991473532e-16,-1.0,0.43388373911755823,-0.900968867902419,0,46.08,0.0,82.07,100.0
2018-10-04 12:00:00,2018-10-04 12:15:00,2018-10-04 13:00:00,25.889999999999997,60.77,66.2,55.98,33.05,54.0,259.84999999999997,59.72625,9.41750423081933,21.163854166666667,70.49,-0.06540312923014287,-0.9978589232386035,0.43388373911755823,-0.900968867902419,0,48.02,0.0,78.46,100.0
2018-10-04 12:15:00,2018-10-04 12:30:00,2018-10-04 13:15:00,57.82,12.28,60.77,62.39,5.58,3.89,209.74,58.385625000000005,13.614366019369943,21.233645833333334,70.49,-0.13052619222005177,-0.9914448613738104,0.43388373911755823,-0.900968867902419,0,1.3,12.89,99.44,68.98
2018-10-04 12:30:00,2018-10-04 12:45:00,2018-10-04 13:30:00,121.94,4.14,12.28,70.49,5.87,3.67,143.39,55.896875,18.709961490723998,21.215625,70.49,-0.19509032201612792,-0.9807852804032305,0.43388373911755823,-0.900968867902419,0,0.0,17.75,100.0,22.71
2018-10-04 12:45:00,2018-10-04 13:00:00,2018-10-04 13:45:00,178.53,4.43,4.14,66.2,4.82,3.49,81.62,52.625625,22.469232009781173,21.2115625,70.49,-0.2588190451025208,-0.9659258262890683,0.43388373911755823,-0.900968867902419,0,0.0,17.03,100.0,25.18
2018-10-04 13:00:00,2018-10-04 13:15:00,2018-10-04 14:00:00,232.17000000000002,5.04,4.43,60.77,4.72,4.07,25.889999999999997,48.890625,24.96351699699734,21.214895833333333,70.49,-0.32143946530316153,-0.9469301294951057,0.43388373911755823,-0.900968867902419,0,0.0,17.17,100.0,28.17
2018-10-04 13:15:00,2018-10-04 13:30:00,2018-10-04 14:15:00,259.38,44.21,5.04,12.28,41.4,25.85,57.82,47.3425,24.4320653803562,21.24416666666667,70.49,-0.38268343236508967,-0.9238795325112868,0.43388373911755823,-0.900968867902419,0,24.66,1.73,87.33,99.92
2018-10-04 13:30:00,2018-10-04 13:45:00,2018-10-04 14:30:00,258.15,68.26,44.21,4.14,52.7,61.02,121.94,47.216875,24.318758376701204,21.40625,70.49,-0.44228869021900147,-0.8968727415326883,0.43388373911755823,-0.900968867902419,0,46.12,0.0,82.86,100.0
2018-10-04 13:45:00,2018-10-04 14:00:00,2018-10-04 14:45:00,256.35,61.02,68.26,4.43,51.01,52.85,178.53,47.106875,24.252002422158363,21.51052083333333,70.49,-0.4999999999999997,-0.8660254037844388,0.43388373911755823,-0.900968867902419,0,38.12,0.0,84.81,100.0
2018-10-04 14:00:00,2018-10-04 14:15:00,2018-10-04 15:00:00,253.25,58.68,61.02,5.04,49.39,60.62,232.17000000000002,46.769375,24.05018411279579,21.607291666666665,70.49,-0.555570233019602,-0.8314696123025455,0.43388373911755823,-0.900968867902419,0,37.94,0.0,83.98,100.0
2018-10-04 14:15:00,2018-10-04 14:30:00,2018-10-04 15:15:00,232.63,71.42,58.68,44.21,59.33,121.46,259.38,47.500625,24.604319607730975,21.733229166666664,71.42,-0.6087614290087207,-0.7933533402912352,0.43388373911755823,-0.900968867902419,0,49.75,0.0,82.05,100.0
2018-10-04 14:30:00,2018-10-04 14:45:00,2018-10-04 15:30:00,214.99,67.03,71.42,68.26,57.6,127.62,258.15,48.398125,25.034659279374566,21.83145833333333,71.42,-0.6593458151000688,-0.7518398074789774,0.43388373911755823,-0.900968867902419,0,47.2,0.0,81.76,100.0
2018-10-04 14:45:00,2018-10-04 15:00:00,2018-10-04 15:45:00,219.95999999999998,59.22,67.03,61.02,59.36,71.14,256.35,48.222500000000004,24.948118791804724,21.83,71.42,-0.7071067811865471,-0.7071067811865479,0.43388373911755823,-0.900968867902419,0,39.31,0.0,83.32,100.0
2018-10-04 15:00:00,2018-10-04 15:15:00,2018-10-04 16:00:00,228.24,55.58,59.22,58.68,65.12,112.46,253.25,48.1975,24.940531895891876,21.730625,71.42,-0.7518398074789773,-0.6593458151000691,0.43388373911755823,-0.900968867902419,0,35.1,0.0,84.55,100.0
2018-10-04 15:15:00,2018-10-04 15:30:00,2018-10-04 16:15:00,239.94,50.8,55.58,71.42,52.38,110.05,232.63,47.473124999999996,24.684803705607525,21.714166666666667,71.42,-0.7933533402912349,-0.6087614290087209,0.43388373911755823,-0.900968867902419,0,28.87,0.0,86.94,100.0
2018-10-04 15:30:00,2018-10-04 15:45:00,2018-10-04 16:30:00,249.81,49.39,50.8,67.03,66.78,96.01,214.99,46.154375,23.973298680185316,21.533020833333328,71.42,-0.8314696123025452,-0.5555702330196022,0.43388373911755823,-0.900968867902419,0,25.09,0.0,89.16,100.0
2018-10-04 15:45:00,2018-10-04 16:00:00,2018-10-04 16:45:00,260.82,64.19,49.39,59.22,58.0,115.24,219.95999999999998,46.02875,23.87298286635962,21.597499999999997,71.42,-0.8660254037844385,-0.5000000000000004,0.43388373911755823,-0.900968867902419,0,39.2,0.0,85.34,100.0
2018-10-04 16:00:00,2018-10-04 16:15:00,2018-10-04 17:00:00,248.90999999999997,63.86,64.19,55.58,58.9,82.19,228.24,46.221875,24.003595100200613,21.64916666666667,71.42,-0.8968727415326883,-0.44228869021900136,0.43388373911755823,-0.900968867902419,0,45.58,0.0,81.39,100.0
2018-10-04 16:15:00,2018-10-04 16:30:00,2018-10-04 17:15:00,254.45000000000005,62.5,63.86,50.8,69.12,61.63,239.94,49.360625,22.602626636286654,21.58020833333333,71.42,-0.9238795325112868,-0.3826834323650895,0.43388373911755823,-0.900968867902419,0,38.02,0.0,85.43,100.0
2018-10-04 16:30:00,2018-10-04 16:45:00,2018-10-04 17:30:00,245.26999999999998,59.26,62.5,49.39,64.01,60.73,249.81,52.805625000000006,19.424958162358422,21.530729166666664,71.42,-0.9469301294951056,-0.3214394653031618,0.43388373911755823,-0.900968867902419,0,37.66,0.0,84.4,100.0
2018-10-04 16:45:00,2018-10-04 17:00:00,2018-10-04 17:45:00,199.81,75.2,59.26,64.19,45.9,48.53,260.82,57.228750000000005,15.583537738187053,21.8359375,75.2,-0.9659258262890683,-0.25881904510252063,0.43388373911755823,-0.900968867902419,0,51.84,0.0,82.33,100.0
2018-10-04 17:00:00,2018-10-04 17:15:00,2018-10-04 18:00:00,199.41000000000003,51.95,75.2,63.86,16.7,49.07,248.90999999999997,60.160625,8.10945317881391,22.203125,75.2,-0.9807852804032303,-0.19509032201612866,0.43388373911755823,-0.900968867902419,0,32.72,0.0,84.62,100.0
2018-10-04 17:15:00,2018-10-04 17:30:00,2018-10-04 18:15:00,180.04000000000002,68.04,51.95,62.5,3.89,54.32,254.45000000000005,61.650000000000006,7.178013304529327,22.871354166666663,75.2,-0.9914448613738104,-0.13052619222005163,0.43388373911755823,-0.900968867902419,0,46.08,0.0,82.8,100.0
2018-10-04 17:30:00,2018-10-04 17:45:00,2018-10-04 18:30:00,180.35999999999999,50.08,68.04,59.26,3.6,59.62,245.26999999999998,60.51375,7.47453081721522,23.355520833333333,75.2,-0.9978589232386035,-0.06540312923014273,0.43388373911755823,-0.900968867902419,0,30.6,0.04,85.33,100.0
2018-10-04 17:45:00,2018-10-04 18:00:00,2018-10-04 18:45:00,208.72,29.74,50.08,75.2,3.64,34.81,199.81,58.55875,10.546067913563805,23.627395833333335,75.2,-1.0,-1.8369701987210297e-16,0.43388373911755823,-0.900968867902419,0,1.58,1.51,99.86,99.87
2018-10-04 18:00:00,2018-10-04 18:15:00,2018-10-04 19:00:00,210.26999999999998,51.55,29.74,51.95,3.56,27.32,199.41000000000003,58.113125000000004,10.681301839400243,24.127291666666668,75.2,-0.9978589232386036,0.06540312923014237,0.43388373911755823,-0.900968867902419,0,25.63,0.18,89.54,100.0
2018-10-04 18:15:00,2018-10-04 18:30:00,2018-10-04 19:15:00,236.66,48.67,51.55,68.04,3.49,32.22,180.04000000000002,56.69125,10.323502842422238,24.597916666666666,75.2,-0.9914448613738105,0.13052619222005127,0.43388373911755823,-0.900968867902419,0,36.43,0.0,80.06,100.0
2018-10-04 18:30:00,2018-10-04 18:45:00,2018-10-04 19:30:00,250.83999999999997,50.4,48.67,50.08,3.49,40.86,180.35999999999999,55.651875,10.064171115117977,25.0865625,75.2,-0.9807852804032304,0.1950903220161283,0.43388373911755823,-0.900968867902419,0,40.75,0.0,77.76,100.0
2018-10-04 18:45:00,2018-10-04 19:00:00,2018-10-04 19:45:00,254.59,58.1,50.4,29.74,3.74,36.18,208.72,55.581875,10.042982760832313,25.6528125,75.2,-0.9659258262890684,0.2588190451025203,0.43388373911755823,-0.900968867902419,0,41.29,0.0,81.51,100.0
2018-10-04 19:00:00,2018-10-04 19:15:00,2018-10-04 20:00:00,268.38,53.1,58.1,51.55,3.64,31.75,210.26999999999998,55.426874999999995,10.060937281604286,26.168020833333333,75.2,-0.9469301294951057,0.3214394653031615,0.43388373911755823,-0.900968867902419,0,32.69,0.0,85.16,100.0
2018-10-04 19:15:00,2018-10-04 19:30:00,2018-10-04 20:15:00,250.2,75.06,53.1,48.67,4.21,37.76,236.66,56.943124999999995,11.030714912659787,26.90604166666667,75.2,-0.923879532511287,0.38268343236508917,0.43388373911755823,-0.900968867902419,0,54.5,0.0,80.92,100.0
2018-10-04 19:30:00,2018-10-04 19:45:00,2018-10-04 20:30:00,253.55,64.58,75.06,50.4,4.1,31.79,250.83999999999997,57.8925,10.993401145687352,27.536041666666666,75.2,-0.8968727415326884,0.442288690219001,0.43388373911755823,-0.900968867902419,0,37.62,0.0,86.41,100.0
2018-10-04 19:45:00,2018-10-04 20:00:00,2018-10-04 20:45:00,244.84000000000003,61.85,64.58,58.1,3.6,36.4,254.59,57.74625,10.923995877768355,28.1428125,75.2,-0.8660254037844386,0.5000000000000001,0.43388373911755823,-0.900968867902419,0,39.1,0.0,84.53,100.0
2018-10-04 20:00:00,2018-10-04 20:15:00,2018-10-04 21:00:00,202.67999999999998,66.89,61.85,53.1,3.64,40.32,268.38,57.935625,11.053832462516112,28.801666666666666,75.2,-0.8314696123025455,0.5555702330196018,0.43388373911755823,-0.900968867902419,0,38.12,0.0,86.88,100.0
2018-10-04 20:15:00,2018-10-04 20:30:00,2018-10-04 21:15:00,156.67000000000002,56.88,66.89,75.06,3.56,34.34,250.2,57.584375,10.992333105823123,29.357083333333332,75.2,-0.7933533402912357,0.6087614290087199,0.43388373911755823,-0.900968867902419,0,33.62,0.0,86.09,100.0
2018-10-04 20:30:00,2018-10-04 20:45:00,2018-10-04 21:30:00,92.63000000000001,67.93,56.88,64.58,3.53,34.92,253.55,58.12625,11.271724510362203,30.02791666666667,75.2,-0.7518398074789772,0.6593458151000691,0.43388373911755823,-0.900968867902419,0,40.97,0.0,85.63,100.0
2018-10-04 20:45:00,2018-10-04 21:00:00,2018-10-04 21:45:00,43.27,53.14,67.93,61.85,3.6,39.64,244.84000000000003,56.7475,10.415621980947659,30.543958333333336,75.2,-0.7071067811865477,0.7071067811865474,0.43388373911755823,-0.900968867902419,0,30.89,0.0,86.45,100.0
2018-10-04 21:00:00,2018-10-04 21:15:00,2018-10-04 22:00:00,22.25,24.73,53.14,66.89,2.92,19.04,202.67999999999998,55.04625,12.970059692904272,30.771145833333332,75.2,-0.6593458151000687,0.7518398074789775,0.43388373911755823,-0.900968867902419,0,5.87,4.79,97.3,98.18
2018-10-04 21:15:00,2018-10-04 21:30:00,2018-10-04 22:15:00,14.799999999999999,10.87,24.73,56.88,2.92,7.49,156.67000000000002,51.473125,16.33628465974975,30.853958333333335,75.2,-0.608761429008721,0.7933533402912349,0.43388373911755823,-0.900968867902419,0,0.5,12.49,99.89,65.65
2018-10-04 21:30:00,2018-10-04 21:45:00,2018-10-04 22:30:00,14.4,3.89,10.87,67.93,2.95,5.26,92.63000000000001,48.58625000000001,19.99821144346414,30.86375,75.2,-0.555570233019603,0.8314696123025447,0.43388373911755823,-0.900968867902419,0,0.0,17.06,100.0,22.23
2018-10-04 21:45:00,2018-10-04 22:00:00,2018-10-04 22:45:00,14.080000000000002,3.78,3.89,53.14,2.88,3.78,43.27,46.963750000000005,22.373469465809276,30.873125,75.2,-0.5000000000000004,0.8660254037844384,0.43388373911755823,-0.900968867902419,0,0.0,17.14,100.0,21.54
2018-10-04 22:00:00,2018-10-04 22:15:00,2018-10-04 23:00:00,13.860000000000001,3.71,3.78,24.73,2.92,3.78,22.25,43.97375,24.64239965866758,30.881354166666664,75.2,-0.4422886902190014,0.8968727415326883,0.43388373911755823,-0.900968867902419,0,0.0,16.52,100.0,21.91
2018-10-04 22:15:00,2018-10-04 22:30:00,2018-10-04 23:15:00,13.82,3.42,3.71,10.87,2.74,3.49,14.799999999999999,41.145625,26.469965283493952,30.8884375,75.2,-0.38268343236508956,0.9238795325112868,0.43388373911755823,-0.900968867902419,0,5.87,0.04,50.34,99.99
2018-10-04 22:30:00,2018-10-04 22:45:00,2018-10-04 23:30:00,13.75,3.49,3.42,3.89,2.77,3.46,14.4,38.213750000000005,27.84478561485974,30.895937500000002,75.2,-0.32143946530316186,0.9469301294951056,0.43388373911755823,-0.900968867902419,0,7.02,0.0,44.52,100.0
2018-10-04 22:45:00,2018-10-04 23:00:00,2018-10-04 23:45:00,13.889999999999999,3.46,3.49,3.78,2.77,3.46,14.080000000000002,34.79875,28.53843677284199,30.903125000000003,75.2,-0.25881904510252157,0.9659258262890681,0.43388373911755823,-0.900968867902419,0,6.7,0.0,45.88,100.0
2018-10-04 23:00:00,2018-10-04 23:15:00,2018-10-05 00:00:00,13.82,3.49,3.46,3.71,2.77,3.42,13.860000000000001,31.698124999999997,29.07163355806438,30.910625,75.2,-0.19509032201612872,0.9807852804032303,0.43388373911755823,-0.900968867902419,0,6.23,0.0,48.87,100.0
2018-10-04 23:15:00,2018-10-04 23:30:00,2018-10-05 00:15:00,14.0,3.38,3.49,3.42,2.95,3.31,13.82,27.218125,27.526232537969577,30.915104166666666,75.2,-0.13052619222005168,0.9914448613738104,0.43388373911755823,-0.900968867902419,0,6.19,0.0,47.92,100.0
2018-10-04 23:30:00,2018-10-04 23:45:00,2018-10-05 00:30:00,14.07,3.42,3.38,3.49,3.31,2.77,13.75,23.395625,26.29133958377502,30.91625,75.2,-0.0654031292301428,0.9978589232386035,0.43388373911755823,-0.900968867902419,0,6.62,0.0,45.9,100.0
2018-10-04 23:45:00,2018-10-05 00:00:00,2018-10-05 00:45:00,13.89,3.6,3.42,3.46,3.02,2.77,13.889999999999999,19.755000000000003,24.699207983253228,30.92229166666667,75.2,0.0,1.0,-0.433883739117558,-0.9009688679024191,0,6.55,0.0,48.17,100.0
2018-10-05 00:00:00,2018-10-05 00:15:00,2018-10-05 01:00:00,13.89,3.42,3.6,3.49,4.46,3.13,13.82,15.788124999999999,21.72866833780605,30.911458333333332,75.2,0.06540312923014306,0.9978589232386035,-0.433883739117558,-0.9009688679024191,0,6.8,0.0,44.93,100.0
2018-10-05 00:15:00,2018-10-05 00:30:00,2018-10-05 01:15:00,13.75,3.56,3.42,3.38,3.02,2.77,14.0,12.455625000000001,19.100812145282596,30.917083333333334,75.2,0.13052619222005157,0.9914448613738104,-0.433883739117558,-0.9009688679024191,0,6.34,0.0,48.96,100.0
2018-10-05 00:30:00,2018-10-05 00:45:00,2018-10-05 01:30:00,13.79,3.49,3.56,3.42,3.28,2.81,14.07,8.428125,12.700640839515737,30.919270833333332,75.2,0.19509032201612825,0.9807852804032304,-0.433883739117558,-0.9009688679024191,0,6.88,0.0,45.24,100.0
2018-10-05 00:45:00,2018-10-05 01:00:00,2018-10-05 01:45:00,13.829999999999998,3.42,3.49,3.6,2.74,2.84,13.89,5.320625,5.316983953274168,30.92635416666667,75.2,0.25881904510252074,0.9659258262890683,-0.433883739117558,-0.9009688679024191,0,6.48,0.0,46.68,100.0
2018-10-05 01:00:00,2018-10-05 01:15:00,2018-10-05 02:00:00,13.25,3.42,3.42,3.42,2.77,2.95,13.89,3.98875,1.782403135516766,30.933125,75.2,0.3214394653031616,0.9469301294951057,-0.433883739117558,-0.9009688679024191,0,6.12,0.0,48.78,100.0
2018-10-05 01:15:00,2018-10-05 01:30:00,2018-10-05 02:15:00,12.6,3.42,3.42,3.56,2.74,2.88,13.75,3.5231250000000003,0.14455616339333305,30.940208333333334,75.2,0.3826834323650898,0.9238795325112867,-0.433883739117558,-0.9009688679024191,0,6.48,0.0,46.68,100.0
2018-10-05 01:30:00,2018-10-05 01:45:00,2018-10-05 02:30:00,11.88,3.53,3.42,3.49,2.77,2.92,13.79,3.500625,0.10945711203480567,30.948125000000005,75.2,0.44228869021900125,0.8968727415326884,-0.433883739117558,-0.9009688679024191,0,6.84,0.0,45.86,100.0
2018-10-05 01:45:00,2018-10-05 02:00:00,2018-10-05 02:45:00,11.23,3.46,3.53,3.42,2.81,3.02,13.829999999999998,3.480625,0.08249763254178877,30.954895833333335,75.2,0.49999999999999994,0.8660254037844387,-0.433883739117558,-0.9009688679024191,0,6.26,0.0,48.37,100.0
2018-10-05 02:00:00,2018-10-05 02:15:00,2018-10-05 03:00:00,11.16,2.84,3.46,3.42,2.74,2.99,13.25,3.42625,0.1618979230873578,30.9559375,75.2,0.5555702330196022,0.8314696123025452,-0.433883739117558,-0.9009688679024191,0,4.64,0.0,52.2,100.0
2018-10-05 02:15:00,2018-10-05 02:30:00,2018-10-05 03:15:00,11.27,2.77,2.84,3.42,2.74,3.38,12.6,3.385625,0.22688016523045818,30.95625,75.2,0.6087614290087207,0.7933533402912352,-0.433883739117558,-0.9009688679024191,0,4.64,0.0,51.26,100.0
2018-10-05 02:30:00,2018-10-05 02:45:00,2018-10-05 03:30:00,11.270000000000001,2.81,2.77,3.53,2.81,4.1,11.88,3.343125,0.26400091737530007,30.95625,75.2,0.6593458151000688,0.7518398074789774,-0.433883739117558,-0.9009688679024191,0,4.54,0.0,52.63,100.0
2018-10-05 02:45:00,2018-10-05 03:00:00,2018-10-05 03:45:00,11.270000000000001,2.81,2.81,3.46,2.74,3.17,11.23,3.3025,0.291472554454103,30.956979166666667,75.2,0.7071067811865476,0.7071067811865476,-0.433883739117558,-0.9009688679024191,0,4.61,0.0,52.05,100.0
2018-10-05 03:00:00,2018-10-05 03:15:00,2018-10-05 04:00:00,11.34,2.77,2.81,2.84,2.74,2.99,11.16,3.2575000000000003,0.313777389242756,30.957291666666663,75.2,0.7518398074789774,0.6593458151000688,-0.433883739117558,-0.9009688679024191,0,4.68,0.0,50.93,100.0
2018-10-05 03:15:00,2018-10-05 03:30:00,2018-10-05 04:15:00,11.81,2.88,2.77,2.77,2.81,2.95,11.27,3.2262500000000003,0.32472825177369463,30.958020833333332,75.2,0.7933533402912352,0.6087614290087207,-0.433883739117558,-0.9009688679024191,0,4.68,0.0,52.41,100.0
2018-10-05 03:30:00,2018-10-05 03:45:00,2018-10-05 04:30:00,12.379999999999999,2.81,2.88,2.81,2.77,2.95,11.270000000000001,3.1881250000000003,0.3353770033484705,30.9584375,75.2,0.8314696123025451,0.5555702330196024,-0.433883739117558,-0.9009688679024191,0,4.68,0.0,51.48,100.0
2018-10-05 03:45:00,2018-10-05 04:00:00,2018-10-05 04:45:00,12.41,2.81,2.81,2.81,2.77,2.95,11.270000000000001,3.13875,0.3292012112675164,30.958854166666665,75.2,0.8660254037844386,0.5000000000000001,-0.433883739117558,-0.9009688679024191,0,4.79,0.0,50.6,100.0
2018-10-05 04:00:00,2018-10-05 04:15:00,2018-10-05 05:00:00,12.34,2.84,2.81,2.77,3.38,2.88,11.34,3.1025,0.32816725918348405,30.953229166666663,75.2,0.8968727415326884,0.44228869021900125,-0.433883739117558,-0.9009688679024191,0,4.75,0.0,51.32,100.0
2018-10-05 04:15:00,2018-10-05 04:30:00,2018-10-05 05:15:00,11.83,3.35,2.84,2.88,2.92,2.95,11.81,3.089375,0.3134778451103044,30.95770833333333,75.2,0.9238795325112867,0.38268343236508984,-0.433883739117558,-0.9009688679024191,0,6.48,0.0,45.92,100.0
2018-10-05 04:30:00,2018-10-05 04:45:00,2018-10-05 05:30:00,11.29,3.38,3.35,2.81,2.81,3.02,12.379999999999999,3.0825,0.30572659354397025,30.96364583333333,75.2,0.9469301294951056,0.3214394653031617,-0.433883739117558,-0.9009688679024191,0,6.41,0.0,46.64,100.0
2018-10-05 04:45:00,2018-10-05 05:00:00,2018-10-05 05:45:00,11.829999999999998,2.84,3.38,2.81,2.77,2.95,12.41,3.0462499999999997,0.2978438139360963,30.964375,75.2,0.9659258262890683,0.25881904510252074,-0.433883739117558,-0.9009688679024191,0,4.68,0.0,51.88,100.0
2018-10-05 05:00:00,2018-10-05 05:15:00,2018-10-05 06:00:00,12.079999999999998,2.77,2.84,2.84,3.35,2.92,12.34,3.005625,0.2882700285756395,30.958333333333332,75.2,0.9807852804032304,0.19509032201612833,-0.433883739117558,-0.9009688679024191,0,4.61,0.0,51.5,100.0
2018-10-05 05:15:00,2018-10-05 05:30:00,2018-10-05 06:15:00,12.08,2.84,2.77,3.35,3.02,2.95,11.83,2.9693750000000003,0.2697561109131728,30.95645833333333,75.2,0.9914448613738104,0.1305261922200517,-0.433883739117558,-0.9009688679024191,0,4.79,0.0,51.0,100.0
2018-10-05 05:30:00,2018-10-05 05:45:00,2018-10-05 06:30:00,12.01,2.84,2.84,3.38,2.74,2.99,11.29,2.92625,0.22871584444458587,30.957499999999996,75.2,0.9978589232386035,0.06540312923014327,-0.433883739117558,-0.9009688679024191,0,4.9,0.0,50.15,100.0
2018-10-05 05:45:00,2018-10-05 06:00:00,2018-10-05 06:45:00,11.37,3.38,2.84,2.84,2.7,2.95,11.829999999999998,2.92125,0.2175969611460601,30.964583333333334,75.2,1.0,6.123233995736766e-17,-0.433883739117558,-0.9009688679024191,0,6.52,0.0,46.02,100.0
2018-10-05 06:00:00,2018-10-05 06:15:00,2018-10-05 07:00:00,11.16,3.02,3.38,2.77,2.77,3.64,12.079999999999998,2.9325,0.2177584671143696,30.967187499999994,75.2,0.9978589232386035,-0.06540312923014314,-0.433883739117558,-0.9009688679024191,0,5.65,0.0,47.14,100.0
2018-10-05 06:15:00,2018-10-05 06:30:00,2018-10-05 07:15:00,11.24,2.84,3.02,2.84,2.7,3.85,12.08,2.936875,0.2151371292338912,30.96864583333333,75.2,0.9914448613738104,-0.1305261922200516,-0.433883739117558,-0.9009688679024191,0,4.9,0.0,50.15,100.0
2018-10-05 06:30:00,2018-10-05 06:45:00,2018-10-05 07:30:00,11.46,2.77,2.84,2.84,2.7,3.17,12.01,2.934375,0.21682276027898917,30.969374999999996,75.2,0.9807852804032304,-0.1950903220161282,-0.433883739117558,-0.9009688679024191,0,4.68,0.0,50.93,100.0
2018-10-05 06:45:00,2018-10-05 07:00:00,2018-10-05 07:45:00,11.89,2.74,2.77,3.38,2.77,2.88,11.37,2.93,0.21997158907458933,30.969062499999996,75.2,0.9659258262890683,-0.25881904510252063,-0.433883739117558,-0.9009688679024191,0,4.75,0.0,49.97,100.0
2018-10-05 07:00:00,2018-10-05 07:15:00,2018-10-05 08:00:00,12.25,2.81,2.74,3.02,2.99,2.84,11.16,2.9325,0.21836036728307634,30.967187499999998,75.2,0.9469301294951057,-0.3214394653031616,-0.433883739117558,-0.9009688679024191,0,4.79,0.0,50.6,100.0
2018-10-05 07:15:00,2018-10-05 07:30:00,2018-10-05 08:15:00,39.17,2.92,2.81,2.84,3.31,2.92,11.24,2.935,0.21797362225737313,30.963125,75.2,0.9238795325112868,-0.3826834323650895,-0.433883739117558,-0.9009688679024191,0,5.11,0.0,49.61,100.0
2018-10-05 07:30:00,2018-10-05 07:45:00,2018-10-05 08:30:00,83.09,2.99,2.92,2.77,3.02,3.06,11.46,2.94625,0.21586671234815247,30.962812500000002,75.2,0.8968727415326884,-0.44228869021900113,-0.433883739117558,-0.9009688679024191,0,5.29,0.0,49.21,100.0
2018-10-05 07:45:00,2018-10-05 08:00:00,2018-10-05 08:45:00,130.79,3.17,2.99,2.74,3.24,3.2,11.89,2.96875,0.21922804907219332,30.96208333333333,75.2,0.8660254037844387,-0.4999999999999998,-0.433883739117558,-0.9009688679024191,0,5.22,0.0,51.91,100.0
2018-10-05 08:00:00,2018-10-05 08:15:00,2018-10-05 09:00:00,183.56,3.17,3.17,2.81,3.31,3.02,12.25,2.989375,0.22165482032881667,30.960625000000004,75.2,0.8314696123025451,-0.5555702330196023,-0.433883739117558,-0.9009688679024191,0,5.29,0.0,51.4,100.0
2018-10-05 08:15:00,2018-10-05 08:30:00,2018-10-05 09:15:00,204.76999999999998,29.84,3.17,2.92,33.73,28.48,39.17,4.645,6.508430110249321,30.920104166666665,75.2,0.7933533402912352,-0.6087614290087207,-0.433883739117558,-0.9009688679024191,0,26.93,0.0,74.24,100.0
2018-10-05 08:30:00,2018-10-05 08:45:00,2018-10-05 09:30:00,214.02,46.91,29.84,2.99,43.96,38.59,83.09,7.365625,12.103862487213533,30.950833333333332,75.2,0.7518398074789774,-0.6593458151000688,-0.433883739117558,-0.9009688679024191,0,44.6,0.0,72.47,100.0
2018-10-05 08:45:00,2018-10-05 09:00:00,2018-10-05 09:45:00,217.79999999999998,50.87,46.91,3.17,56.77,55.51,130.79,10.3675,15.953105301163154,30.889375,75.2,0.7071067811865476,-0.7071067811865475,-0.433883739117558,-0.9009688679024191,0,40.39,0.0,78.32,100.0
2018-10-05 09:00:00,2018-10-05 09:15:00,2018-10-05 10:00:00,218.33999999999997,55.94,50.87,3.17,64.8,58.03,183.56,13.690625,19.226390219159054,30.79708333333333,75.2,0.659345815100069,-0.7518398074789773,-0.433883739117558,-0.9009688679024191,0,25.38,0.0,91.07,100.0
2018-10-05 09:15:00,2018-10-05 09:30:00,2018-10-05 10:15:00,219.13,51.05,55.94,29.84,68.98,54.36,204.76999999999998,16.70375,20.986884855487723,30.610312500000003,75.2,0.6087614290087209,-0.793353340291235,-0.433883739117558,-0.9009688679024191,0,23.11,0.0,91.1,100.0
2018-10-05 09:30:00,2018-10-05 09:45:00,2018-10-05 10:30:00,213.69,56.16,51.05,46.91,70.27,60.3,214.02,20.036250000000003,22.68547521956505,30.463333333333328,75.2,0.5555702330196025,-0.831469612302545,-0.433883739117558,-0.9009688679024191,0,28.58,0.0,89.12,100.0
2018-10-05 09:45:00,2018-10-05 10:00:00,2018-10-05 10:45:00,214.66,54.65,56.16,50.87,62.78,60.12,217.79999999999998,23.240625,23.70454240982886,30.378645833333334,75.2,0.49999999999999994,-0.8660254037844387,-0.433883739117558,-0.9009688679024191,0,27.32,0.0,89.45,100.0
2018-10-05 10:00:00,2018-10-05 10:15:00,2018-10-05 11:00:00,216.18,56.48,54.65,55.94,64.08,47.2,218.33999999999997,26.581875,24.37704407294648,30.299479166666668,75.2,0.4422886902190017,-0.8968727415326881,-0.433883739117558,-0.9009688679024191,0,28.15,0.0,89.5,100.0
2018-10-05 10:15:00,2018-10-05 10:30:00,2018-10-05 11:15:00,221.58,51.84,56.48,51.05,59.72,49.32,219.13,29.644375,24.27972172635788,30.21739583333333,75.2,0.3826834323650899,-0.9238795325112867,-0.433883739117558,-0.9009688679024191,0,25.27,0.0,89.89,100.0
2018-10-05 10:30:00,2018-10-05 10:45:00,2018-10-05 11:30:00,222.34,50.72,51.84,56.16,52.67,53.14,213.69,32.64125,23.730686851363995,30.197083333333328,75.2,0.32143946530316175,-0.9469301294951056,-0.433883739117558,-0.9009688679024191,0,20.95,0.0,92.43,100.0
2018-10-05 10:45:00,2018-10-05 11:00:00,2018-10-05 11:45:00,226.23,55.62,50.72,54.65,62.03,52.6,214.66,35.946250000000006,23.007468590383862,30.130312500000002,75.2,0.258819045102521,-0.9659258262890682,-0.433883739117558,-0.9009688679024191,0,26.17,0.0,90.48,100.0
2018-10-05 11:00:00,2018-10-05 11:15:00,2018-10-05 12:00:00,215.5,58.0,55.62,56.48,55.98,59.69,216.18,39.395625,21.891042108802747,30.151354166666664,75.2,0.19509032201612816,-0.9807852804032304,-0.433883739117558,-0.9009688679024191,0,27.11,0.0,90.59,100.0
2018-10-05 11:15:00,2018-10-05 11:30:00,2018-10-05 12:15:00,163.01,57.24,58.0,51.84,62.39,50.26,221.58,42.790625000000006,20.11065901106612,30.097708333333333,75.2,0.130526192220052,-0.9914448613738104,-0.433883739117558,-0.9009688679024191,0,25.74,0.0,91.2,100.0
2018-10-05 11:30:00,2018-10-05 11:45:00,2018-10-05 12:30:00,117.07000000000001,51.48,57.24,50.72,70.49,56.77,222.34,45.82125,17.348411625780038,29.8996875,75.2,0.06540312923014312,-0.9978589232386035,-0.433883739117558,-0.9009688679024191,0,24.19,0.0,90.51,100.0
2018-10-05 11:45:00,2018-10-05 12:00:00,2018-10-05 12:45:00,62.74,59.51,51.48,55.62,66.2,50.72,226.23,49.3425,13.659574709704545,29.830000000000002,75.2,1.2246467991473532e-16,-1.0,-0.433883739117558,-0.9009688679024191,0,30.56,0.0,88.96,100.0
2018-10-05 12:00:00,2018-10-05 12:15:00,2018-10-05 13:00:00,19.93,47.27,59.51,58.0,60.77,46.12,215.5,52.098749999999995,6.783198798317796,29.689375000000002,75.2,-0.06540312923014287,-0.9978589232386035,-0.433883739117558,-0.9009688679024191,0,28.48,0.07,85.65,100.0
2018-10-05 12:15:00,2018-10-05 12:30:00,2018-10-05 13:15:00,49.02,4.75,47.27,57.24,12.28,6.12,163.01,50.530625,12.357428165252468,29.610937500000002,75.2,-0.13052619222005177,-0.9914448613738104,-0.433883739117558,-0.9009688679024191,0,0.0,18.11,100.0,25.37
2018-10-05 12:30:00,2018-10-05 12:45:00,2018-10-05 13:30:00,103.13,5.54,4.75,51.48,4.14,5.26,117.07000000000001,47.945,16.483659711969306,29.625520833333336,75.2,-0.19509032201612792,-0.9807852804032305,-0.433883739117558,-0.9009688679024191,0,0.0,17.93,100.0,29.52
2018-10-05 12:45:00,2018-10-05 13:00:00,2018-10-05 13:45:00,152.74,5.18,5.54,59.51,4.43,4.0,62.74,45.089375,19.424843457783,29.633333333333336,75.2,-0.2588190451025208,-0.9659258262890683,-0.433883739117558,-0.9009688679024191,0,0.0,17.06,100.0,29.05
2018-10-05 13:00:00,2018-10-05 13:15:00,2018-10-05 14:00:00,202.5,4.46,5.18,47.27,5.04,3.64,19.93,41.871874999999996,21.512446751459375,29.627291666666668,75.2,-0.32143946530316153,-0.9469301294951057,-0.433883739117558,-0.9009688679024191,0,0.0,17.24,100.0,25.05
2018-10-05 13:15:00,2018-10-05 13:30:00,2018-10-05 14:15:00,222.01,33.84,4.46,4.75,44.21,26.57,49.02,40.79625,21.456827839582903,29.519270833333334,75.2,-0.38268343236508967,-0.9238795325112868,-0.433883739117558,-0.9009688679024191,0,15.37,5.0,91.05,98.93
2018-10-05 13:30:00,2018-10-05 13:45:00,2018-10-05 14:30:00,218.58999999999997,59.65,33.84,5.54,68.26,43.67,103.13,41.014375,21.62895223096521,29.429583333333337,75.2,-0.44228869021900147,-0.8968727415326883,-0.433883739117558,-0.9009688679024191,0,34.06,0.0,86.84,100.0
2018-10-05 13:45:00,2018-10-05 14:00:00,2018-10-05 14:45:00,220.0,54.79,59.65,5.18,61.02,55.58,152.74,41.023125,21.634494366274776,29.364687500000002,75.2,-0.4999999999999997,-0.8660254037844388,-0.433883739117558,-0.9009688679024191,0,28.19,0.0,88.92,100.0
2018-10-05 14:00:00,2018-10-05 14:15:00,2018-10-05 15:00:00,207.76,54.22,54.79,4.46,58.68,64.87,202.5,40.881875,21.540289058746982,29.31822916666667,75.2,-0.555570233019602,-0.8314696123025455,-0.433883739117558,-0.9009688679024191,0,28.62,0.0,88.44,100.0
2018-10-05 14:15:00,2018-10-05 14:30:00,2018-10-05 15:15:00,197.68,53.35,54.22,33.84,71.42,41.72,222.01,40.97625,21.591340820743394,29.13,75.2,-0.6087614290087207,-0.7933533402912352,-0.433883739117558,-0.9009688679024191,0,25.7,0.0,90.09,100.0
2018-10-05 14:30:00,2018-10-05 14:45:00,2018-10-05 15:30:00,186.31,56.23,53.35,59.65,67.03,39.1,218.58999999999997,41.32062500000001,21.7870585063559,29.017500000000002,75.2,-0.6593458151000688,-0.7518398074789774,-0.433883739117558,-0.9009688679024191,0,30.38,0.0,87.98,100.0
2018-10-05 14:45:00,2018-10-05 15:00:00,2018-10-05 15:45:00,180.33,56.2,56.23,54.79,59.22,53.68,220.0,41.356875,21.811289140818225,28.986041666666665,75.2,-0.7071067811865471,-0.7071067811865479,-0.433883739117558,-0.9009688679024191,0,28.66,0.0,89.08,100.0
2018-10-05 15:00:00,2018-10-05 15:15:00,2018-10-05 16:00:00,190.07999999999998,41.98,56.2,54.22,55.58,55.04,207.76,40.355625,21.387893762812993,28.844375000000003,75.2,-0.7518398074789773,-0.6593458151000691,-0.433883739117558,-0.9009688679024191,0,22.03,0.0,88.55,100.0
2018-10-05 15:15:00,2018-10-05 15:30:00,2018-10-05 16:15:00,197.21,43.27,41.98,53.35,50.8,38.52,197.68,39.4825,20.96170004436663,28.765937499999996,75.2,-0.7933533402912349,-0.6087614290087209,-0.433883739117558,-0.9009688679024191,0,29.05,0.0,83.02,100.0
2018-10-05 15:30:00,2018-10-05 15:45:00,2018-10-05 16:30:00,200.76999999999998,44.86,43.27,56.23,49.39,56.81,186.31,39.06875,20.785398082247546,28.71875,75.2,-0.8314696123025452,-0.5555702330196022,-0.433883739117558,-0.9009688679024191,0,26.42,0.0,86.17,100.0
2018-10-05 15:45:00,2018-10-05 16:00:00,2018-10-05 16:45:00,196.59,50.22,44.86,56.2,64.19,56.66,180.33,38.488125,20.331066197678247,28.573229166666664,75.2,-0.8660254037844385,-0.5000000000000004,-0.433883739117558,-0.9009688679024191,0,22.39,0.0,91.33,100.0
2018-10-05 16:00:00,2018-10-05 16:15:00,2018-10-05 17:00:00,191.83999999999997,51.73,50.22,41.98,63.86,44.71,190.07999999999998,38.766875,20.479591584901662,28.446874999999995,75.2,-0.8968727415326883,-0.44228869021900136,-0.433883739117558,-0.9009688679024191,0,22.97,0.0,91.39,100.0
2018-10-05 16:15:00,2018-10-05 16:30:00,2018-10-05 17:15:00,185.4,50.4,51.73,43.27,62.5,38.74,197.21,41.62,18.638930025621107,28.320833333333336,75.2,-0.9238795325112868,-0.3826834323650895,-0.433883739117558,-0.9009688679024191,0,22.1,0.0,91.58,100.0
2018-10-05 16:30:00,2018-10-05 16:45:00,2018-10-05 17:30:00,178.92,48.42,50.4,44.86,59.26,45.36,200.76999999999998,44.3,16.17890331573806,28.207916666666666,75.2,-0.9469301294951056,-0.3214394653031618,-0.433883739117558,-0.9009688679024191,0,21.1,0.0,91.67,100.0
2018-10-05 16:45:00,2018-10-05 17:00:00,2018-10-05 17:45:00,164.95999999999998,46.04,48.42,50.22,75.2,50.18,196.59,46.853750000000005,12.640257055831578,27.90416666666667,75.06,-0.9659258262890683,-0.25881904510252063,-0.433883739117558,-0.9009688679024191,0,19.98,0.0,91.73,100.0
2018-10-05 17:00:00,2018-10-05 17:15:00,2018-10-05 18:00:00,148.65,46.98,46.04,51.73,51.95,58.25,191.83999999999997,49.511250000000004,6.355148380447147,27.852395833333333,75.06,-0.9807852804032303,-0.19509032201612866,-0.433883739117558,-0.9009688679024191,0,23.4,0.0,89.51,100.0
2018-10-05 17:15:00,2018-10-05 17:30:00,2018-10-05 18:15:00,144.4,43.96,46.98,50.4,68.04,46.76,185.4,50.14375,5.15408803160171,27.6015625,75.06,-0.9914448613738104,-0.13052619222005163,-0.433883739117558,-0.9009688679024191,0,21.89,0.0,89.52,100.0
2018-10-05 17:30:00,2018-10-05 17:45:00,2018-10-05 18:30:00,144.65,41.94,43.96,48.42,50.08,51.48,178.92,49.036875,4.8885321400574835,27.516770833333336,75.06,-0.9978589232386035,-0.06540312923014273,-0.433883739117558,-0.9009688679024191,0,18.0,0.0,91.89,100.0
2018-10-05 17:45:00,2018-10-05 18:00:00,2018-10-05 18:45:00,160.01999999999998,32.08,41.94,46.04,29.74,33.41,164.95999999999998,47.6175,6.146986558469117,27.54114583333333,75.06,-1.0,-1.8369701987210297e-16,-0.433883739117558,-0.9009688679024191,0,1.58,0.72,99.88,99.97
2018-10-05 18:00:00,2018-10-05 18:15:00,2018-10-05 19:00:00,179.64000000000001,30.67,32.08,46.98,51.55,27.25,148.65,46.145625,7.130608291679961,27.323645833333334,75.06,-0.9978589232386036,0.06540312923014237,-0.433883739117558,-0.9009688679024191,0,7.16,0.4,97.38,99.99
2018-10-05 18:15:00,2018-10-05 18:30:00,2018-10-05 19:15:00,189.75,39.71,30.67,43.96,48.67,29.52,144.4,45.293125,7.033026303404175,27.2303125,75.06,-0.9914448613738105,0.13052619222005127,-0.433883739117558,-0.9009688679024191,0,27.79,0.0,81.93,100.0
2018-10-05 18:30:00,2018-10-05 18:45:00,2018-10-05 19:30:00,193.35,42.19,39.71,41.94,50.4,37.87,144.65,44.415625,6.466787232418815,27.144791666666663,75.06,-0.9807852804032304,0.1950903220161283,-0.433883739117558,-0.9009688679024191,0,34.96,0.0,77.0,100.0
2018-10-05 18:45:00,2018-10-05 19:00:00,2018-10-05 19:45:00,195.36,47.45,42.19,32.08,58.1,38.12,160.01999999999998,43.86875,5.7806799718977695,27.033854166666668,75.06,-0.9659258262890684,0.2588190451025203,-0.433883739117558,-0.9009688679024191,0,23.94,0.0,89.28,100.0
2018-10-05 19:00:00,2018-10-05 19:15:00,2018-10-05 20:00:00,195.64999999999998,50.29,47.45,30.67,53.1,38.63,179.64000000000001,44.388125,5.958236126100996,27.004583333333333,75.06,-0.9469301294951057,0.3214394653031615,-0.433883739117558,-0.9009688679024191,0,27.14,0.0,88.0,100.0
2018-10-05 19:15:00,2018-10-05 19:30:00,2018-10-05 20:15:00,200.14999999999998,49.82,50.29,39.71,75.06,38.38,189.75,44.7975,6.090889200272814,26.741666666666664,67.93,-0.923879532511287,0.38268343236508917,-0.433883739117558,-0.9009688679024191,0,28.48,0.0,86.82,100.0
2018-10-05 19:30:00,2018-10-05 19:45:00,2018-10-05 20:30:00,213.26,45.79,49.82,42.19,64.58,29.45,193.35,44.855624999999996,6.095643904410345,26.545937499999997,67.93,-0.8968727415326884,0.442288690219001,-0.433883739117558,-0.9009688679024191,0,30.28,0.0,83.41,100.0
2018-10-05 19:45:00,2018-10-05 20:00:00,2018-10-05 20:45:00,218.88,49.46,45.79,47.45,61.85,36.58,195.36,44.808125000000004,6.056492609949673,26.416875,67.93,-0.8660254037844386,0.5000000000000001,-0.433883739117558,-0.9009688679024191,0,28.84,0.0,86.39,100.0
2018-10-05 20:00:00,2018-10-05 20:15:00,2018-10-05 21:00:00,199.22000000000003,50.58,49.46,50.29,66.89,35.32,195.64999999999998,44.73625,5.9802653316972485,26.246979166666666,67.93,-0.8314696123025455,0.5555702330196018,-0.433883739117558,-0.9009688679024191,0,34.88,0.0,82.32,100.0
2018-10-05 20:15:00,2018-10-05 20:30:00,2018-10-05 21:15:00,149.89999999999998,54.32,50.58,49.82,56.88,35.24,200.14999999999998,44.98125,6.280062574329973,26.220312499999995,67.93,-0.7933533402912357,0.6087614290087199,-0.433883739117558,-0.9009688679024191,0,34.38,0.0,84.5,100.0
2018-10-05 20:30:00,2018-10-05 20:45:00,2018-10-05 21:30:00,94.82,58.9,54.32,45.79,67.93,33.16,213.26,45.63625,7.097839349936008,26.12625,59.65,-0.7518398074789772,0.6593458151000691,-0.433883739117558,-0.9009688679024191,0,39.53,0.0,83.03,100.0
2018-10-05 20:45:00,2018-10-05 21:00:00,2018-10-05 21:45:00,43.59,55.08,58.9,49.46,53.14,21.67,218.88,46.20125,7.458145609834927,26.14645833333333,59.65,-0.7071067811865477,0.7071067811865474,-0.433883739117558,-0.9009688679024191,0,37.73,0.0,82.5,100.0
2018-10-05 21:00:00,2018-10-05 21:15:00,2018-10-05 22:00:00,16.56,30.92,55.08,50.58,24.73,7.85,199.22000000000003,45.1975,8.317049131152226,26.2109375,59.65,-0.6593458151000687,0.7518398074789775,-0.433883739117558,-0.9009688679024191,0,13.28,4.25,91.88,99.07
2018-10-05 21:15:00,2018-10-05 21:30:00,2018-10-05 22:15:00,15.120000000000001,5.0,30.92,54.32,10.87,6.19,149.89999999999998,42.762499999999996,12.81164728869789,26.14979166666667,59.65,-0.608761429008721,0.7933533402912349,-0.433883739117558,-0.9009688679024191,0,0.0,16.02,100.0,29.79
2018-10-05 21:30:00,2018-10-05 21:45:00,2018-10-05 22:30:00,14.83,3.82,5.0,58.9,3.89,3.56,94.82,40.379999999999995,15.912325804231134,26.1490625,59.65,-0.555570233019603,0.8314696123025447,-0.433883739117558,-0.9009688679024191,0,0.0,15.7,100.0,23.64
2018-10-05 21:45:00,2018-10-05 22:00:00,2018-10-05 22:45:00,14.58,3.85,3.82,55.08,3.78,3.6,43.59,38.615624999999994,18.143484356908267,26.14979166666667,59.65,-0.5000000000000004,0.8660254037844384,-0.433883739117558,-0.9009688679024191,0,0.0,16.27,100.0,23.03
2018-10-05 22:00:00,2018-10-05 22:15:00,2018-10-05 23:00:00,14.219999999999999,3.89,3.85,30.92,3.71,3.53,16.56,36.941875,19.945064307601893,26.151666666666667,59.65,-0.4422886902190014,0.8968727415326883,-0.433883739117558,-0.9009688679024191,0,0.04,15.48,99.99,24.37
2018-10-05 22:15:00,2018-10-05 22:30:00,2018-10-05 23:15:00,14.08,3.56,3.89,5.0,3.42,3.24,15.120000000000001,34.6825,21.49113203742418,26.153125,59.65,-0.38268343236508956,0.9238795325112868,-0.433883739117558,-0.9009688679024191,0,6.34,0.04,48.96,99.99
2018-10-05 22:30:00,2018-10-05 22:45:00,2018-10-05 23:30:00,14.010000000000002,3.53,3.56,3.82,3.49,3.17,14.83,32.26625,22.653095228632665,26.153541666666666,59.65,-0.32143946530316186,0.9469301294951056,-0.433883739117558,-0.9009688679024191,0,6.37,0.0,48.47,100.0
2018-10-05 22:45:00,2018-10-05 23:00:00,2018-10-05 23:45:00,13.83,3.6,3.53,3.85,3.46,3.2,14.58,29.525624999999998,23.293822670600353,26.155,59.65,-0.25881904510252157,0.9659258262890681,-0.433883739117558,-0.9009688679024191,0,7.06,0.0,45.43,100.0
2018-10-05 23:00:00,2018-10-05 23:15:00,2018-10-06 00:00:00,13.47,3.53,3.6,3.89,3.49,3.17,14.219999999999999,26.603125,23.438205914369277,26.155416666666667,59.65,-0.19509032201612872,0.9807852804032303,-0.433883739117558,-0.9009688679024191,0,7.02,0.0,44.92,100.0
2018-10-05 23:15:00,2018-10-05 23:30:00,2018-10-06 00:15:00,13.47,3.42,3.53,3.56,3.38,3.1,14.08,23.703125,23.256001837899287,26.155833333333334,59.65,-0.13052619222005168,0.9914448613738104,-0.433883739117558,-0.9009688679024191,0,6.26,0.0,47.94,100.0
2018-10-05 23:30:00,2018-10-05 23:45:00,2018-10-06 00:30:00,13.43,3.46,3.42,3.53,3.42,3.1,14.010000000000002,21.0575,22.99922648155803,26.15625,59.65,-0.0654031292301428,0.9978589232386035,-0.433883739117558,-0.9009688679024191,0,6.3,0.0,48.14,100.0
2018-10-05 23:45:00,2018-10-06 00:00:00,2018-10-06 00:45:00,13.29,3.42,3.46,3.6,3.6,3.13,13.83,18.18,22.129349854887288,26.154374999999998,59.65,0.0,1.0,-0.9749279121818236,-0.2225209339563146,1,6.88,0.0,44.51,100.0
2018-10-06 00:00:00,2018-10-06 00:15:00,2018-10-06 01:00:00,13.0,3.17,3.42,3.53,3.42,2.56,13.47,15.216875,20.721951440064107,26.151770833333334,59.65,0.06540312923014306,0.9978589232386035,-0.9749279121818236,-0.2225209339563146,1,6.16,0.0,45.76,100.0
2018-10-06 00:15:00,2018-10-06 00:30:00,2018-10-06 01:15:00,12.419999999999998,3.42,3.17,3.42,3.56,2.7,13.47,12.035625000000001,18.232139537349283,26.1503125,59.65,0.13052619222005157,0.9914448613738104,-0.9749279121818236,-0.2225209339563146,1,6.16,0.0,48.54,100.0
2018-10-06 00:30:00,2018-10-06 00:45:00,2018-10-06 01:30:00,12.06,3.42,3.42,3.46,3.49,2.48,13.43,8.568125,13.702547764352984,26.149583333333336,59.65,0.19509032201612825,0.9807852804032304,-0.9749279121818236,-0.2225209339563146,1,6.44,0.0,46.9,100.0
2018-10-06 00:45:00,2018-10-06 01:00:00,2018-10-06 01:45:00,12.27,3.28,3.42,3.42,3.42,2.45,13.29,5.3306249999999995,6.61940468315505,26.148124999999997,59.65,0.25881904510252074,0.9659258262890683,-0.9749279121818236,-0.2225209339563146,1,6.66,0.0,44.18,100.0
2018-10-06 01:00:00,2018-10-06 01:15:00,2018-10-06 02:00:00,12.450000000000001,2.88,3.28,3.17,3.42,2.56,13.0,3.578125,0.4411379992417339,26.142500000000002,59.65,0.3214394653031616,0.9469301294951057,-0.9749279121818236,-0.2225209339563146,1,6.16,0.0,42.35,100.0
2018-10-06 01:15:00,2018-10-06 01:30:00,2018-10-06 02:15:00,12.530000000000001,2.84,2.88,3.42,3.42,2.59,12.419999999999998,3.443125,0.2899508309610442,26.136458333333334,59.65,0.3826834323650898,0.9238795325112867,-0.9749279121818236,-0.2225209339563146,1,5.94,0.0,43.13,100.0
2018-10-06 01:30:00,2018-10-06 01:45:00,2018-10-06 02:30:00,12.39,3.06,2.84,3.42,3.53,3.17,12.06,3.395625,0.28655210586383767,26.1315625,59.65,0.44228869021900125,0.8968727415326884,-0.9749279121818236,-0.2225209339563146,1,6.44,0.0,42.92,100.0
2018-10-06 01:45:00,2018-10-06 02:00:00,2018-10-06 02:45:00,11.74,3.49,3.06,3.28,3.46,2.95,12.27,3.373125,0.26317101735373527,26.131874999999997,59.65,0.49999999999999994,0.8660254037844387,-0.9749279121818236,-0.2225209339563146,1,7.63,0.0,41.6,100.0
2018-10-06 02:00:00,2018-10-06 02:15:00,2018-10-06 03:00:00,11.52,3.06,3.49,2.88,2.84,2.52,12.450000000000001,3.32125,0.23663988991714816,26.13416666666667,59.65,0.5555702330196022,0.8314696123025452,-0.9749279121818236,-0.2225209339563146,1,6.55,0.0,42.33,100.0
2018-10-06 02:15:00,2018-10-06 02:30:00,2018-10-06 03:15:00,11.44,2.92,3.06,2.84,2.77,2.52,12.530000000000001,3.28125,0.24677608777999543,26.135729166666668,59.65,0.6087614290087207,0.7933533402912352,-0.9749279121818236,-0.2225209339563146,1,5.87,0.0,44.54,100.0
2018-10-06 02:30:00,2018-10-06 02:45:00,2018-10-06 03:30:00,11.58,2.92,2.92,3.06,2.81,2.59,12.39,3.243125,0.25245590580336996,26.136875,59.65,0.6593458151000688,0.7518398074789774,-0.9749279121818236,-0.2225209339563146,1,6.08,0.0,43.29,100.0
2018-10-06 02:45:00,2018-10-06 03:00:00,2018-10-06 03:45:00,12.3,2.84,2.92,3.49,2.81,2.48,11.74,3.195625,0.2523382836095229,26.1371875,59.65,0.7071067811865476,0.7071067811865476,-0.9749279121818236,-0.2225209339563146,1,5.72,0.0,44.47,100.0
2018-10-06 03:00:00,2018-10-06 03:15:00,2018-10-06 04:00:00,12.920000000000002,2.84,2.84,3.06,2.77,2.52,11.52,3.1525,0.25046207297712764,26.137916666666666,59.65,0.7518398074789774,0.6593458151000688,-0.9749279121818236,-0.2225209339563146,1,5.83,0.0,43.79,100.0
2018-10-06 03:15:00,2018-10-06 03:30:00,2018-10-06 04:15:00,13.36,2.84,2.84,2.92,2.88,2.59,11.44,3.11625,0.2510944792304284,26.1375,59.65,0.7933533402912352,0.6087614290087207,-0.9749279121818236,-0.2225209339563146,1,5.76,0.0,44.22,100.0
2018-10-06 03:30:00,2018-10-06 03:45:00,2018-10-06 04:30:00,13.219999999999999,3.06,2.84,2.92,2.81,2.59,11.58,3.09125,0.2350232701244709,26.140104166666664,59.65,0.8314696123025451,0.5555702330196024,-0.9749279121818236,-0.2225209339563146,1,5.94,0.0,45.8,100.0
2018-10-06 03:45:00,2018-10-06 04:00:00,2018-10-06 04:45:00,12.61,3.56,3.06,2.84,2.81,2.59,12.3,3.1,0.24927394569027872,26.147916666666664,59.65,0.8660254037844386,0.5000000000000001,-0.9749279121818236,-0.2225209339563146,1,6.8,0.0,46.38,100.0
2018-10-06 04:00:00,2018-10-06 04:15:00,2018-10-06 05:00:00,12.069999999999999,3.46,3.56,2.84,2.84,2.59,12.920000000000002,3.118125,0.2638233014254049,26.154374999999998,59.65,0.8968727415326884,0.44228869021900125,-0.9749279121818236,-0.2225209339563146,1,6.55,0.0,46.71,100.0
2018-10-06 04:15:00,2018-10-06 04:30:00,2018-10-06 05:15:00,11.709999999999999,3.28,3.46,2.84,3.35,2.52,13.36,3.109375,0.25586785529839423,26.153645833333332,59.65,0.9238795325112867,0.38268343236508984,-0.9749279121818236,-0.2225209339563146,1,6.08,0.0,47.48,100.0
2018-10-06 04:30:00,2018-10-06 04:45:00,2018-10-06 05:30:00,11.709999999999999,2.92,3.28,3.06,3.38,2.77,13.219999999999999,3.078125,0.2463792490754853,26.148854166666666,59.65,0.9469301294951056,0.3214394653031617,-0.9749279121818236,-0.2225209339563146,1,5.62,0.0,46.11,100.0
2018-10-06 04:45:00,2018-10-06 05:00:00,2018-10-06 05:45:00,11.86,2.95,2.92,3.56,2.84,3.17,12.61,3.0575,0.24239688529352027,26.149999999999995,59.65,0.9659258262890683,0.25881904510252074,-0.9749279121818236,-0.2225209339563146,1,5.76,0.0,45.58,100.0
2018-10-06 05:00:00,2018-10-06 05:15:00,2018-10-06 06:00:00,12.219999999999999,2.92,2.95,3.46,2.77,2.56,12.069999999999999,3.06,0.24075402385006991,26.151562499999997,59.65,0.9807852804032304,0.19509032201612833,-0.9749279121818236,-0.2225209339563146,1,5.76,0.0,45.22,100.0
2018-10-06 05:15:00,2018-10-06 05:30:00,2018-10-06 06:15:00,12.18,2.92,2.92,3.28,2.84,2.59,11.709999999999999,3.065,0.23693353498396977,26.152395833333333,59.65,0.9914448613738104,0.1305261922200517,-0.9749279121818236,-0.2225209339563146,1,5.51,0.0,46.83,100.0
2018-10-06 05:30:00,2018-10-06 05:45:00,2018-10-06 06:30:00,12.14,2.92,2.92,2.92,2.84,2.59,11.709999999999999,3.05625,0.23952752973301425,26.153229166666666,59.65,0.9978589232386035,0.06540312923014327,-0.9749279121818236,-0.2225209339563146,1,5.65,0.0,45.91,100.0
2018-10-06 05:45:00,2018-10-06 06:00:00,2018-10-06 06:45:00,11.959999999999999,3.1,2.92,2.95,3.38,2.56,11.86,3.031875,0.21246231283453546,26.1503125,59.65,1.0,6.123233995736766e-17,-0.9749279121818236,-0.2225209339563146,1,6.23,0.0,44.55,100.0
2018-10-06 06:00:00,2018-10-06 06:15:00,2018-10-06 07:00:00,11.6,3.28,3.1,2.92,3.02,2.56,12.219999999999999,3.0456250000000002,0.22079313706499124,26.15302083333333,59.65,0.9978589232386035,-0.06540312923014314,-0.9749279121818236,-0.2225209339563146,1,6.62,0.0,44.4,100.0
2018-10-06 06:15:00,2018-10-06 06:30:00,2018-10-06 07:15:00,11.599999999999998,2.88,3.28,2.92,2.84,2.52,12.18,3.043125,0.22242186127941652,26.153437499999995,59.65,0.9914448613738104,-0.1305261922200516,-0.9749279121818236,-0.2225209339563146,1,5.83,0.0,44.29,100.0
2018-10-06 06:30:00,2018-10-06 06:45:00,2018-10-06 07:30:00,12.069999999999999,2.88,2.88,2.92,2.77,2.56,12.14,3.040625,0.22401084655658976,26.154583333333335,59.65,0.9807852804032304,-0.1950903220161282,-0.9749279121818236,-0.2225209339563146,1,5.83,0.0,44.29,100.0
2018-10-06 06:45:00,2018-10-06 07:00:00,2018-10-06 07:45:00,12.71,2.92,2.88,3.1,2.74,2.59,11.959999999999999,3.0456250000000002,0.22033975895194224,26.15645833333333,59.65,0.9659258262890683,-0.25881904510252063,-0.9749279121818236,-0.2225209339563146,1,5.83,0.0,44.78,100.0
2018-10-06 07:00:00,2018-10-06 07:15:00,2018-10-06 08:00:00,19.51,2.92,2.92,3.28,2.81,2.74,11.6,3.050625,0.21649101453640057,26.15760416666667,59.65,0.9469301294951057,-0.3214394653031616,-0.9749279121818236,-0.2225209339563146,1,6.08,0.0,43.29,100.0
2018-10-06 07:15:00,2018-10-06 07:30:00,2018-10-06 08:15:00,54.11,2.88,2.92,2.88,2.92,3.13,11.599999999999998,3.053125,0.2142638195659734,26.157187500000003,59.65,0.9238795325112868,-0.3826834323650895,-0.9749279121818236,-0.2225209339563146,1,5.76,0.0,44.72,100.0
2018-10-06 07:30:00,2018-10-06 07:45:00,2018-10-06 08:30:00,101.77,3.35,2.88,2.88,2.99,3.02,12.069999999999999,3.07125,0.22602198455017602,26.1609375,59.65,0.8968727415326884,-0.44228869021900113,-0.9749279121818236,-0.2225209339563146,1,7.13,0.0,42.52,100.0
2018-10-06 07:45:00,2018-10-06 08:00:00,2018-10-06 08:45:00,146.56,3.56,3.35,2.92,3.17,2.66,12.71,3.07125,0.22602198455017602,26.165000000000003,59.65,0.8660254037844387,-0.4999999999999998,-0.9749279121818236,-0.2225209339563146,1,7.45,0.0,43.12,100.0
2018-10-06 08:00:00,2018-10-06 08:15:00,2018-10-06 09:00:00,187.74,9.72,3.56,2.92,3.17,3.06,19.51,3.4625000000000004,1.6283216052119436,26.233229166666664,59.65,0.8314696123025451,-0.5555702330196023,-0.9749279121818236,-0.2225209339563146,1,12.82,0.0,60.42,100.0
2018-10-06 08:15:00,2018-10-06 08:30:00,2018-10-06 09:15:00,214.66,37.48,9.72,2.88,29.84,21.85,54.11,5.6,8.390759053863958,26.312812499999996,59.65,0.7933533402912352,-0.6087614290087207,-0.9749279121818236,-0.2225209339563146,1,39.49,0.0,68.84,100.0
2018-10-06 08:30:00,2018-10-06 08:45:00,2018-10-06 09:30:00,224.74,51.01,37.48,3.35,46.91,47.3,101.77,8.605625,13.776843328911562,26.355520833333333,59.65,0.7518398074789774,-0.6593458151000688,-0.9749279121818236,-0.2225209339563146,1,55.73,0.0,67.52,100.0
2018-10-06 08:45:00,2018-10-06 09:00:00,2018-10-06 09:45:00,218.08,48.35,51.01,3.56,50.87,45.65,146.56,11.443124999999998,16.687625175092318,26.329270833333336,59.65,0.7071067811865476,-0.7071067811865475,-0.9749279121818236,-0.2225209339563146,1,49.64,0.0,69.77,100.0
2018-10-06 09:00:00,2018-10-06 09:15:00,2018-10-06 10:00:00,214.52,50.9,48.35,9.72,55.94,41.9,187.74,14.441875,19.032785272638762,26.27677083333333,59.65,0.659345815100069,-0.7518398074789773,-0.9749279121818236,-0.2225209339563146,1,31.68,0.0,84.9,100.0
2018-10-06 09:15:00,2018-10-06 09:30:00,2018-10-06 10:15:00,195.73000000000002,64.4,50.9,37.48,51.05,44.46,214.66,18.284374999999997,22.252491986502882,26.415833333333335,64.4,0.6087614290087209,-0.793353340291235,-0.9749279121818236,-0.2225209339563146,1,45.29,0.0,81.8,100.0
2018-10-06 09:30:00,2018-10-06 09:45:00,2018-10-06 10:30:00,195.58999999999997,61.09,64.4,51.01,56.16,47.41,224.74,21.92,24.1189080391298,26.467187499999998,64.4,0.5555702330196025,-0.831469612302545,-0.9749279121818236,-0.2225209339563146,1,44.6,0.0,80.77,100.0
2018-10-06 09:45:00,2018-10-06 10:00:00,2018-10-06 10:45:00,205.99,41.69,61.09,48.35,54.65,47.23,218.08,24.331874999999997,24.045703675176053,26.332187500000003,64.4,0.49999999999999994,-0.8660254037844387,-0.9749279121818236,-0.2225209339563146,1,22.28,0.0,88.2,100.0
2018-10-06 10:00:00,2018-10-06 10:15:00,2018-10-06 11:00:00,201.56,47.34,41.69,50.9,56.48,37.87,214.52,27.085625,23.99999478352808,26.236979166666668,64.4,0.4422886902190017,-0.8968727415326881,-0.9749279121818236,-0.2225209339563146,1,30.46,0.0,84.1,100.0
2018-10-06 10:15:00,2018-10-06 10:30:00,2018-10-06 11:15:00,197.6,45.61,47.34,64.4,51.84,47.74,195.73000000000002,29.75625,23.53072509374711,26.172083333333333,64.4,0.3826834323650899,-0.9238795325112867,-0.9749279121818236,-0.2225209339563146,1,23.8,0.0,88.66,100.0
2018-10-06 10:30:00,2018-10-06 10:45:00,2018-10-06 11:30:00,178.19,60.95,45.61,61.09,50.72,44.5,195.58999999999997,33.385625000000005,23.583733527780858,26.278645833333332,64.4,0.32143946530316175,-0.9469301294951056,-0.9749279121818236,-0.2225209339563146,1,39.56,0.0,83.88,100.0
2018-10-06 10:45:00,2018-10-06 11:00:00,2018-10-06 11:45:00,171.20999999999998,52.09,60.95,41.69,55.62,42.3,205.99,36.45875,22.596561650779968,26.241875000000004,64.4,0.258819045102521,-0.9659258262890682,-0.9749279121818236,-0.2225209339563146,1,34.52,0.0,83.36,100.0
2018-10-06 11:00:00,2018-10-06 11:15:00,2018-10-06 12:00:00,168.84,42.91,52.09,47.34,58.0,44.14,201.56,38.958125,20.896313137354518,26.0846875,64.4,0.19509032201612816,-0.9807852804032304,-0.9749279121818236,-0.2225209339563146,1,23.44,0.0,87.76,100.0
2018-10-06 11:15:00,2018-10-06 11:30:00,2018-10-06 12:15:00,154.91,41.65,42.91,45.61,57.24,48.02,197.6,41.38125,18.705221488597775,25.922291666666666,64.4,0.130526192220052,-0.9914448613738104,-0.9749279121818236,-0.2225209339563146,1,23.58,0.0,87.02,100.0
2018-10-06 11:30:00,2018-10-06 11:45:00,2018-10-06 12:30:00,137.49,41.54,41.65,60.95,51.48,49.14,178.19,43.768125,15.930825943257776,25.818749999999994,64.4,0.06540312923014312,-0.9978589232386035,-0.9749279121818236,-0.2225209339563146,1,21.71,0.0,88.63,100.0
2018-10-06 11:45:00,2018-10-06 12:00:00,2018-10-06 12:45:00,116.5,45.11,41.54,52.09,59.51,44.5,171.20999999999998,46.365,12.087872538209526,25.66875,64.4,1.2246467991473532e-16,-1.0,-0.9749279121818236,-0.2225209339563146,1,26.96,0.0,85.84,100.0
2018-10-06 12:00:00,2018-10-06 12:15:00,2018-10-06 13:00:00,100.19000000000001,40.54,45.11,42.91,47.27,32.47,168.84,48.291250000000005,7.784496511496426,25.598645833333332,64.4,-0.06540312923014287,-0.9978589232386035,-0.9749279121818236,-0.2225209339563146,1,26.96,0.4,83.27,100.0
2018-10-06 12:15:00,2018-10-06 12:30:00,2018-10-06 13:15:00,112.61,27.72,40.54,41.65,4.75,3.42,154.91,47.68125,8.908962393988428,25.83791666666666,64.4,-0.13052619222005177,-0.9914448613738104,-0.9749279121818236,-0.2225209339563146,1,3.64,1.08,99.15,99.92
2018-10-06 12:30:00,2018-10-06 12:45:00,2018-10-06 13:30:00,164.34,24.12,27.72,41.54,5.54,3.28,137.49,46.000625,10.514197822914264,26.03145833333333,64.4,-0.19509032201612792,-0.9807852804032305,-0.9749279121818236,-0.2225209339563146,1,0.79,1.94,99.95,99.68
2018-10-06 12:45:00,2018-10-06 13:00:00,2018-10-06 13:45:00,237.6,24.12,24.12,45.11,5.18,3.38,116.5,44.48625,11.740215540504359,26.228749999999994,64.4,-0.2588190451025208,-0.9659258262890683,-0.9749279121818236,-0.2225209339563146,1,0.79,2.02,99.95,99.65
2018-10-06 13:00:00,2018-10-06 13:15:00,2018-10-06 14:00:00,318.49,24.23,24.12,40.54,4.46,4.5,100.19000000000001,42.819375,12.574891882611755,26.434687499999995,64.4,-0.32143946530316153,-0.9469301294951057,-0.9749279121818236,-0.2225209339563146,1,0.76,2.09,99.95,99.63
2018-10-06 13:15:00,2018-10-06 13:30:00,2018-10-06 14:15:00,339.84000000000003,40.14,24.23,27.72,33.84,19.51,112.61,41.303125,11.276961979379687,26.500312499999996,64.4,-0.38268343236508967,-0.9238795325112868,-0.9749279121818236,-0.2225209339563146,1,14.9,0.97,93.75,99.97
2018-10-06 13:30:00,2018-10-06 13:45:00,2018-10-06 14:30:00,376.09000000000003,75.85,40.14,24.12,59.65,47.59,164.34,42.225625,13.283137792305514,26.669062499999995,75.85,-0.44228869021900147,-0.8968727415326883,-0.9749279121818236,-0.2225209339563146,1,47.66,0.0,84.67,100.0
2018-10-06 13:45:00,2018-10-06 14:00:00,2018-10-06 14:45:00,383.97,97.38,75.85,24.12,54.79,47.48,237.6,45.70625,18.826427859195697,27.11270833333333,97.38,-0.4999999999999997,-0.8660254037844388,-0.9749279121818236,-0.2225209339563146,1,45.22,0.0,90.7,100.0
2018-10-06 14:00:00,2018-10-06 14:15:00,2018-10-06 15:00:00,387.14000000000004,105.12,97.38,24.23,54.22,35.03,318.49,49.317499999999995,23.703397303973116,27.642916666666668,105.12,-0.555570233019602,-0.8314696123025455,-0.9749279121818236,-0.2225209339563146,1,47.63,0.0,91.09,100.0
2018-10-06 14:15:00,2018-10-06 14:30:00,2018-10-06 15:15:00,430.12,61.49,105.12,40.14,53.35,34.6,339.84000000000003,50.31,23.859327316586274,27.72770833333333,105.12,-0.6087614290087207,-0.7933533402912352,-0.9749279121818236,-0.2225209339563146,1,28.3,0.0,90.84,100.0
2018-10-06 14:30:00,2018-10-06 14:45:00,2018-10-06 15:30:00,417.24,112.1,61.49,75.85,56.23,46.58,376.09000000000003,53.506874999999994,28.117559397721116,28.309687499999995,112.1,-0.6593458151000688,-0.7518398074789774,-0.9749279121818236,-0.2225209339563146,1,50.54,0.0,91.16,100.0
2018-10-06 14:45:00,2018-10-06 15:00:00,2018-10-06 15:45:00,420.41,105.26,112.1,97.38,56.2,47.88,383.97,56.83,30.770564465085783,28.820729166666666,112.1,-0.7071067811865471,-0.7071067811865479,-0.9749279121818236,-0.2225209339563146,1,43.6,0.0,92.39,100.0
2018-10-06 15:00:00,2018-10-06 15:15:00,2018-10-06 16:00:00,390.56,108.29,105.26,105.12,41.98,34.49,387.14000000000004,60.91624999999999,32.91698685234571,29.511458333333334,112.1,-0.7518398074789773,-0.6593458151000691,-0.9749279121818236,-0.2225209339563146,1,53.71,0.0,89.59,100.0
2018-10-06 15:15:00,2018-10-06 15:30:00,2018-10-06 16:15:00,389.41,104.47,108.29,61.49,43.27,34.92,430.12,64.8425,34.1096962937227,30.14895833333333,112.1,-0.7933533402912349,-0.6087614290087209,-0.9749279121818236,-0.2225209339563146,1,41.83,0.0,92.83,100.0
2018-10-06 15:30:00,2018-10-06 15:45:00,2018-10-06 16:30:00,393.15,99.22,104.47,112.1,44.86,50.62,417.24,68.44749999999999,34.50218444171325,30.715208333333333,112.1,-0.8314696123025452,-0.5555702330196022,-0.9749279121818236,-0.2225209339563146,1,46.8,0.0,90.44,100.0
2018-10-06 15:45:00,2018-10-06 16:00:00,2018-10-06 16:45:00,387.75,108.43,99.22,105.26,50.22,36.14,420.41,72.405,35.22231554710735,31.3215625,112.1,-0.8660254037844385,-0.5000000000000004,-0.9749279121818236,-0.2225209339563146,1,43.2,0.0,92.9,100.0
2018-10-06 16:00:00,2018-10-06 16:15:00,2018-10-06 17:00:00,393.86999999999995,78.44,108.43,108.29,51.73,35.93,390.56,74.77374999999999,34.260994198030794,31.599791666666665,112.1,-0.8968727415326883,-0.44228869021900136,-0.9749279121818236,-0.2225209339563146,1,42.37,0.0,87.98,100.0
2018-10-06 16:15:00,2018-10-06 16:30:00,2018-10-06 17:15:00,325.47,103.32,78.44,104.47,50.4,51.59,389.41,79.49875,32.61965911743254,32.151041666666664,112.1,-0.9238795325112868,-0.3826834323650895,-0.9749279121818236,-0.2225209339563146,1,41.04,0.0,92.94,100.0
2018-10-06 16:30:00,2018-10-06 16:45:00,2018-10-06 17:30:00,248.97,102.96,103.32,99.22,48.42,35.32,393.15,84.42625,29.706706708039853,32.719166666666666,112.1,-0.9469301294951056,-0.3214394653031618,-0.9749279121818236,-0.2225209339563146,1,49.14,0.0,90.25,100.0
2018-10-06 16:45:00,2018-10-06 17:00:00,2018-10-06 17:45:00,172.47,103.03,102.96,108.43,46.04,24.12,387.75,89.358125,25.54395261572443,33.3128125,112.1,-0.9659258262890683,-0.25881904510252063,-0.9749279121818236,-0.2225209339563146,1,40.03,0.0,93.21,100.0
2018-10-06 17:00:00,2018-10-06 17:15:00,2018-10-06 18:00:00,114.22999999999999,84.56,103.03,78.44,46.98,4.97,393.86999999999995,93.12875,19.354850449887234,33.70427083333333,112.1,-0.9807852804032303,-0.19509032201612866,-0.9749279121818236,-0.2225209339563146,1,33.62,0.0,92.92,100.0
2018-10-06 17:15:00,2018-10-06 17:30:00,2018-10-06 18:15:00,116.07,34.92,84.56,103.32,43.96,3.6,325.47,92.80250000000001,20.267757183516878,33.610104166666666,112.1,-0.9914448613738104,-0.13052619222005163,-0.9749279121818236,-0.2225209339563146,1,11.59,0.14,94.91,100.0
2018-10-06 17:30:00,2018-10-06 17:45:00,2018-10-06 18:30:00,154.09,26.46,34.92,102.96,41.94,3.46,248.97,89.715625,25.658808177882598,33.44885416666667,112.1,-0.9978589232386035,-0.06540312923014273,-0.9749279121818236,-0.2225209339563146,1,1.4,0.94,99.86,99.94
2018-10-06 17:45:00,2018-10-06 18:00:00,2018-10-06 18:45:00,167.99,26.53,26.46,103.03,32.08,3.49,172.47,85.2875,29.74258195332073,33.391041666666666,112.1,-1.0,-1.8369701987210297e-16,-0.9749279121818236,-0.2225209339563146,1,1.19,1.37,99.9,99.87
2018-10-06 18:00:00,2018-10-06 18:15:00,2018-10-06 19:00:00,202.58,26.32,26.53,84.56,30.67,3.38,114.22999999999999,80.3625,32.45158595893273,33.345729166666665,112.1,-0.9978589232386036,0.06540312923014237,-0.9749279121818236,-0.2225209339563146,1,5.44,0.9,97.93,99.94
2018-10-06 18:15:00,2018-10-06 18:30:00,2018-10-06 19:15:00,215.60999999999999,36.76,26.32,34.92,39.71,3.35,116.07,78.816875,33.871513052776,33.315000000000005,112.1,-0.9914448613738105,0.13052619222005127,-0.9749279121818236,-0.2225209339563146,1,20.81,0.0,87.02,100.0
2018-10-06 18:30:00,2018-10-06 18:45:00,2018-10-06 19:30:00,187.85,64.48,36.76,26.46,42.19,3.42,154.09,75.840625,32.89426326670617,33.5471875,112.1,-0.9807852804032304,0.1950903220161283,-0.9749279121818236,-0.2225209339563146,1,42.44,0.0,83.53,100.0
2018-10-06 18:45:00,2018-10-06 19:00:00,2018-10-06 19:45:00,184.25,40.43,64.48,26.53,47.45,3.46,167.99,71.78875,33.01349210455477,33.4740625,112.1,-0.9659258262890684,0.2588190451025203,-0.9749279121818236,-0.2225209339563146,1,14.51,0.0,94.12,100.0
2018-10-06 19:00:00,2018-10-06 19:15:00,2018-10-06 20:00:00,173.33999999999997,60.91,40.43,26.32,50.29,3.49,202.58,68.8275,31.705630907616396,33.5846875,112.1,-0.9469301294951057,0.3214394653031615,-0.9749279121818236,-0.2225209339563146,1,30.78,0.0,89.25,100.0
2018-10-06 19:15:00,2018-10-06 19:30:00,2018-10-06 20:15:00,176.65,49.79,60.91,36.76,49.82,3.49,215.60999999999999,65.41,30.60751766314936,33.584375,112.1,-0.923879532511287,0.38268343236508917,-0.9749279121818236,-0.2225209339563146,1,25.52,0.0,88.99,100.0
2018-10-06 19:30:00,2018-10-06 19:45:00,2018-10-06 20:30:00,175.68,36.72,49.79,64.48,45.79,3.46,187.85,61.503750000000004,30.026011197585003,33.48989583333333,112.1,-0.8968727415326884,0.442288690219001,-0.9749279121818236,-0.2225209339563146,1,11.16,0.0,95.68,100.0
2018-10-06 19:45:00,2018-10-06 20:00:00,2018-10-06 20:45:00,164.59,36.83,36.72,40.43,49.46,3.42,184.25,57.02875,27.963472351220975,33.35833333333333,112.1,-0.8660254037844386,0.5000000000000001,-0.9749279121818236,-0.2225209339563146,1,11.02,0.0,95.8,100.0
2018-10-06 20:00:00,2018-10-06 20:15:00,2018-10-06 21:00:00,121.24999999999999,50.0,36.83,60.91,50.58,3.42,173.33999999999997,55.251250000000006,27.445061230347072,33.352291666666666,112.1,-0.8314696123025455,0.5555702330196018,-0.9749279121818236,-0.2225209339563146,1,24.7,0.0,89.66,100.0
2018-10-06 20:15:00,2018-10-06 20:30:00,2018-10-06 21:15:00,72.22,53.1,50.0,49.79,54.32,3.46,176.65,52.1125,24.479707540123922,33.33958333333333,112.1,-0.7933533402912357,0.6087614290087199,-0.9749279121818236,-0.2225209339563146,1,28.4,0.0,88.18,100.0
2018-10-06 20:30:00,2018-10-06 20:45:00,2018-10-06 21:30:00,39.96,35.75,53.1,36.72,58.9,3.53,175.68,47.911875,20.898619038931137,33.098437499999996,112.1,-0.7518398074789772,0.6593458151000691,-0.9749279121818236,-0.2225209339563146,1,10.44,0.0,95.99,100.0
2018-10-06 20:45:00,2018-10-06 21:00:00,2018-10-06 21:45:00,17.78,25.74,35.75,36.83,55.08,3.38,164.59,43.081250000000004,15.945731746693221,32.7928125,112.1,-0.7071067811865477,0.7071067811865474,-0.9749279121818236,-0.2225209339563146,1,7.42,5.15,96.09,98.06
2018-10-06 21:00:00,2018-10-06 21:15:00,2018-10-06 22:00:00,14.580000000000002,6.66,25.74,50.0,30.92,2.81,121.24999999999999,38.212500000000006,14.350537664143458,32.54010416666667,112.1,-0.6593458151000687,0.7518398074789775,-0.9749279121818236,-0.2225209339563146,1,0.0,15.23,100.0,40.07
2018-10-06 21:15:00,2018-10-06 21:30:00,2018-10-06 22:15:00,13.71,4.07,6.66,53.1,5.0,2.81,72.22,36.284375,16.565012061854194,32.53041666666667,112.1,-0.608761429008721,0.7933533402912349,-0.9749279121818236,-0.2225209339563146,1,0.0,17.39,100.0,22.79
2018-10-06 21:30:00,2018-10-06 21:45:00,2018-10-06 22:30:00,13.389999999999999,3.49,4.07,35.75,3.82,2.81,39.96,34.848749999999995,18.262616144394535,32.52697916666667,112.1,-0.555570233019603,0.8314696123025447,-0.9749279121818236,-0.2225209339563146,1,0.0,17.82,100.0,19.22
2018-10-06 21:45:00,2018-10-06 22:00:00,2018-10-06 22:45:00,13.07,3.56,3.49,25.74,3.85,2.81,17.78,33.413125,19.705929221540785,32.52395833333333,112.1,-0.5000000000000004,0.8660254037844384,-0.9749279121818236,-0.2225209339563146,1,0.0,17.78,100.0,19.63
2018-10-06 22:00:00,2018-10-06 22:15:00,2018-10-06 23:00:00,12.85,3.46,3.56,6.66,3.89,2.81,14.580000000000002,31.984375,20.957388902470054,32.51947916666666,112.1,-0.4422886902190014,0.8968727415326883,-0.9749279121818236,-0.2225209339563146,1,0.0,16.96,100.0,19.99
2018-10-06 22:15:00,2018-10-06 22:30:00,2018-10-06 23:15:00,13.21,3.2,3.46,4.07,3.56,3.13,13.71,29.886875,22.026597478602433,32.51572916666667,112.1,-0.38268343236508956,0.9238795325112868,-0.9749279121818236,-0.2225209339563146,1,6.34,0.07,45.06,99.98
2018-10-06 22:30:00,2018-10-06 22:45:00,2018-10-06 23:30:00,14.290000000000001,3.17,3.2,3.49,3.53,3.28,13.389999999999999,26.055,20.983491725639944,32.51197916666666,112.1,-0.32143946530316186,0.9469301294951056,-0.9749279121818236,-0.2225209339563146,1,6.91,0.0,41.7,100.0
2018-10-06 22:45:00,2018-10-06 23:00:00,2018-10-06 23:45:00,14.360000000000001,3.24,3.17,3.56,3.6,2.59,13.07,23.730625,21.31951994908363,32.508229166666666,112.1,-0.25881904510252157,0.9659258262890681,-0.9749279121818236,-0.2225209339563146,1,7.13,0.0,41.37,100.0
2018-10-06 23:00:00,2018-10-06 23:15:00,2018-10-07 00:00:00,13.71,3.24,3.24,3.46,3.53,2.59,12.85,20.12625,19.528899058510696,32.505208333333336,112.1,-0.19509032201612872,0.9807852804032303,-0.9749279121818236,-0.2225209339563146,1,6.77,0.0,43.17,100.0
2018-10-06 23:15:00,2018-10-06 23:30:00,2018-10-07 00:15:00,13.030000000000001,3.56,3.24,3.2,3.42,2.59,13.21,17.236875,18.30808077009644,32.50666666666667,112.1,-0.13052619222005168,0.9914448613738104,-0.9749279121818236,-0.2225209339563146,1,6.34,0.0,48.96,100.0
2018-10-06 23:30:00,2018-10-06 23:45:00,2018-10-07 00:30:00,11.370000000000001,4.25,3.56,3.17,3.46,2.56,14.290000000000001,15.2075,17.82930540570776,32.514895833333334,112.1,-0.0654031292301428,0.9978589232386035,-0.9749279121818236,-0.2225209339563146,1,6.23,0.0,56.35,100.0
2018-10-06 23:45:00,2018-10-07 00:00:00,2018-10-07 00:45:00,10.579999999999998,3.31,4.25,3.24,3.42,2.52,14.360000000000001,13.1125,17.12078360502229,32.513749999999995,112.1,0.0,1.0,-0.7818314824680299,0.6234898018587334,1,6.08,0.0,47.81,100.0
2018-10-07 00:00:00,2018-10-07 00:15:00,2018-10-07 01:00:00,10.55,2.59,3.31,3.24,3.17,2.74,13.71,10.149375,14.360303996064117,32.50770833333333,112.1,0.06540312923014306,0.9978589232386035,-0.7818314824680299,0.6234898018587334,1,4.57,0.0,49.31,100.0
2018-10-07 00:15:00,2018-10-07 00:30:00,2018-10-07 01:15:00,10.19,2.88,2.59,3.56,3.42,3.02,13.030000000000001,7.010625,9.185426275321955,32.50208333333333,112.1,0.13052619222005157,0.9914448613738104,-0.7818314824680299,0.6234898018587334,1,5.36,0.0,47.33,100.0
2018-10-07 00:30:00,2018-10-07 00:45:00,2018-10-07 01:30:00,10.16,2.59,2.88,4.25,3.42,2.81,11.370000000000001,4.938124999999999,5.447585725289231,32.4934375,112.1,0.19509032201612825,0.9807852804032304,-0.7818314824680299,0.6234898018587334,1,4.57,0.0,49.31,100.0
2018-10-07 00:45:00,2018-10-07 01:00:00,2018-10-07 01:45:00,10.200000000000001,2.52,2.59,3.31,3.28,2.63,10.579999999999998,3.486875,0.9437406870401425,32.48552083333333,112.1,0.25881904510252074,0.9659258262890683,-0.7818314824680299,0.6234898018587334,1,4.64,0.0,47.73,100.0
2018-10-07 01:00:00,2018-10-07 01:15:00,2018-10-07 02:00:00,10.200000000000001,2.56,2.52,2.59,2.88,2.56,10.55,3.230625,0.49938047556447385,32.4821875,112.1,0.3214394653031616,0.9469301294951057,-0.7818314824680299,0.6234898018587334,1,4.82,0.0,46.91,100.0
2018-10-07 01:15:00,2018-10-07 01:30:00,2018-10-07 02:15:00,10.2,2.52,2.56,2.88,2.84,2.56,10.19,3.13375,0.4769941692515749,32.47885416666667,112.1,0.3826834323650898,0.9238795325112867,-0.7818314824680299,0.6234898018587334,1,4.64,0.0,47.73,100.0
2018-10-07 01:30:00,2018-10-07 01:45:00,2018-10-07 02:30:00,10.200000000000001,2.56,2.52,2.59,3.06,2.59,10.16,3.075625,0.48660775720800015,32.47364583333333,112.1,0.44228869021900125,0.8968727415326884,-0.7818314824680299,0.6234898018587334,1,4.64,0.0,48.31,100.0
2018-10-07 01:45:00,2018-10-07 02:00:00,2018-10-07 02:45:00,10.200000000000001,2.56,2.56,2.52,3.49,2.56,10.200000000000001,3.013125,0.48459672344641375,32.46395833333333,112.1,0.49999999999999994,0.8660254037844387,-0.7818314824680299,0.6234898018587334,1,4.61,0.0,48.55,100.0
2018-10-07 02:00:00,2018-10-07 02:15:00,2018-10-07 03:00:00,10.16,2.56,2.56,2.56,3.06,2.56,10.200000000000001,2.956875,0.48168608488828074,32.45875,112.1,0.5555702330196022,0.8314696123025452,-0.7818314824680299,0.6234898018587334,1,4.61,0.0,48.55,100.0
2018-10-07 02:15:00,2018-10-07 02:30:00,2018-10-07 03:15:00,10.23,2.52,2.56,2.52,2.92,2.63,10.2,2.9143749999999997,0.4883130239661851,32.45458333333333,112.1,0.6087614290087207,0.7933533402912352,-0.7818314824680299,0.6234898018587334,1,4.72,0.0,47.1,100.0
2018-10-07 02:30:00,2018-10-07 02:45:00,2018-10-07 03:30:00,10.370000000000001,2.56,2.52,2.56,2.92,2.56,10.200000000000001,2.87625,0.4906739625250152,32.45083333333333,112.1,0.6593458151000688,0.7518398074789774,-0.7818314824680299,0.6234898018587334,1,4.5,0.0,49.45,100.0
2018-10-07 02:45:00,2018-10-07 03:00:00,2018-10-07 03:45:00,10.87,2.56,2.56,2.56,2.84,2.56,10.200000000000001,2.83375,0.48676065730500445,32.447916666666664,112.1,0.7071067811865476,0.7071067811865476,-0.7818314824680299,0.6234898018587334,1,4.61,0.0,48.55,100.0
2018-10-07 03:00:00,2018-10-07 03:15:00,2018-10-07 04:00:00,11.09,2.52,2.56,2.56,2.84,2.63,10.16,2.7887500000000003,0.4803628186069359,32.444583333333334,112.1,0.7518398074789774,0.6593458151000688,-0.7818314824680299,0.6234898018587334,1,4.57,0.0,48.29,100.0
2018-10-07 03:15:00,2018-10-07 03:30:00,2018-10-07 04:15:00,11.67,2.59,2.52,2.52,2.84,2.59,10.23,2.7281250000000004,0.4385946127975126,32.44197916666666,112.1,0.7933533402912352,0.6087614290087207,-0.7818314824680299,0.6234898018587334,1,4.46,0.0,50.22,100.0
2018-10-07 03:30:00,2018-10-07 03:45:00,2018-10-07 04:30:00,11.63,2.7,2.59,2.56,3.06,2.56,10.370000000000001,2.63125,0.19563598211985442,32.438229166666666,112.1,0.8314696123025451,0.5555702330196024,-0.7818314824680299,0.6234898018587334,1,5.08,0.0,46.93,100.0
2018-10-07 03:45:00,2018-10-07 04:00:00,2018-10-07 04:45:00,11.16,3.06,2.7,2.56,3.56,3.13,10.87,2.615625,0.14396044378578443,32.43302083333333,112.1,0.8660254037844386,0.5000000000000001,-0.7818314824680299,0.6234898018587334,1,5.87,0.0,46.23,100.0
2018-10-07 04:00:00,2018-10-07 04:15:00,2018-10-07 05:00:00,10.98,2.74,3.06,2.52,3.46,2.88,11.09,2.625,0.14684175155588414,32.42552083333333,112.1,0.8968727415326884,0.44228869021900125,-0.7818314824680299,0.6234898018587334,1,5.18,0.0,46.76,100.0
2018-10-07 04:15:00,2018-10-07 04:30:00,2018-10-07 05:15:00,10.4,3.17,2.74,2.59,3.28,3.1,11.67,2.643125,0.18903434707745573,32.424375,112.1,0.9238795325112867,0.38268343236508984,-0.7818314824680299,0.6234898018587334,1,6.16,0.0,45.76,100.0
2018-10-07 04:30:00,2018-10-07 04:45:00,2018-10-07 05:30:00,10.3,2.66,3.17,2.7,2.92,3.02,11.63,2.6475,0.18856364973133077,32.42166666666666,112.1,0.9469301294951056,0.3214394653031617,-0.7818314824680299,0.6234898018587334,1,4.82,0.0,48.32,100.0
2018-10-07 04:45:00,2018-10-07 05:00:00,2018-10-07 05:45:00,10.23,2.59,2.66,3.06,2.95,2.52,11.16,2.651875,0.18635378819600099,32.41791666666666,112.1,0.9659258262890683,0.25881904510252074,-0.7818314824680299,0.6234898018587334,1,4.61,0.0,48.98,100.0
2018-10-07 05:00:00,2018-10-07 05:15:00,2018-10-07 06:00:00,10.23,2.56,2.59,2.74,2.92,2.63,10.98,2.651875,0.18635378819600099,32.41416666666667,112.1,0.9807852804032304,0.19509032201612833,-0.7818314824680299,0.6234898018587334,1,4.64,0.0,48.31,100.0
2018-10-07 05:15:00,2018-10-07 05:30:00,2018-10-07 06:15:00,10.200000000000001,2.59,2.56,3.17,2.92,2.66,10.4,2.65625,0.18401341663041856,32.41072916666666,112.1,0.9914448613738104,0.1305261922200517,-0.7818314824680299,0.6234898018587334,1,4.64,0.0,48.74,100.0
2018-10-07 05:30:00,2018-10-07 05:45:00,2018-10-07 06:30:00,10.16,2.56,2.59,2.66,2.92,2.52,10.3,2.65625,0.18401341663041856,32.406979166666666,112.1,0.9978589232386035,0.06540312923014327,-0.7818314824680299,0.6234898018587334,1,4.54,0.0,49.12,100.0
2018-10-07 05:45:00,2018-10-07 06:00:00,2018-10-07 06:45:00,10.63,2.52,2.56,2.59,3.1,2.59,10.23,2.65375,0.18556922562752692,32.4009375,112.1,1.0,6.123233995736766e-17,-0.7818314824680299,0.6234898018587334,1,4.64,0.0,47.73,100.0
2018-10-07 06:00:00,2018-10-07 06:15:00,2018-10-07 07:00:00,10.88,2.56,2.52,2.56,3.28,2.52,10.23,2.65375,0.18556922562752692,32.3934375,112.1,0.9978589232386035,-0.06540312923014314,-0.7818314824680299,0.6234898018587334,1,4.93,0.0,46.08,100.0
2018-10-07 06:15:00,2018-10-07 06:30:00,2018-10-07 07:15:00,10.8,2.56,2.56,2.59,2.88,2.52,10.200000000000001,2.65625,0.18401341663041856,32.39010416666667,112.1,0.9914448613738104,-0.1305261922200516,-0.7818314824680299,0.6234898018587334,1,4.82,0.0,46.91,100.0
2018-10-07 06:30:00,2018-10-07 06:45:00,2018-10-07 07:30:00,10.870000000000001,2.52,2.56,2.56,2.88,2.56,10.16,2.65375,0.18556922562752692,32.38635416666667,112.1,0.9807852804032304,-0.1950903220161282,-0.7818314824680299,0.6234898018587334,1,4.86,0.0,46.03,100.0
2018-10-07 06:45:00,2018-10-07 07:00:00,2018-10-07 07:45:00,10.4,2.99,2.52,2.52,2.92,2.56,10.63,2.680625,0.20057631808117332,32.38708333333333,112.1,0.9659258262890683,-0.25881904510252063,-0.7818314824680299,0.6234898018587334,1,6.3,0.0,42.88,100.0
2018-10-07 07:00:00,2018-10-07 07:15:00,2018-10-07 08:00:00,10.11,2.81,2.99,2.56,2.92,2.59,10.88,2.69875,0.1983328956577804,32.3859375,112.1,0.9469301294951057,-0.3214394653031616,-0.7818314824680299,0.6234898018587334,1,5.54,0.0,45.24,100.0
2018-10-07 07:15:00,2018-10-07 07:30:00,2018-10-07 08:15:00,10.149999999999999,2.48,2.81,2.56,2.88,2.52,10.8,2.6918750000000005,0.20381421534083438,32.38177083333333,112.1,0.9238795325112868,-0.3826834323650895,-0.7818314824680299,0.6234898018587334,1,4.86,0.0,45.45,100.0
2018-10-07 07:30:00,2018-10-07 07:45:00,2018-10-07 08:30:00,10.040000000000001,2.59,2.48,2.52,3.35,2.95,10.870000000000001,2.685,0.20527420685512343,32.37385416666667,112.1,0.8968727415326884,-0.44228869021900113,-0.7818314824680299,0.6234898018587334,1,4.72,0.0,48.11,100.0
2018-10-07 07:45:00,2018-10-07 08:00:00,2018-10-07 08:45:00,10.11,2.52,2.59,2.99,3.56,2.95,10.4,2.65125,0.18414922617268856,32.36302083333333,112.1,0.8660254037844387,-0.4999999999999998,-0.7818314824680299,0.6234898018587334,1,4.82,0.0,46.33,100.0
2018-10-07 08:00:00,2018-10-07 08:15:00,2018-10-07 09:00:00,10.33,2.52,2.52,2.81,9.72,2.59,10.11,2.6375,0.1852194644199146,32.28802083333333,112.1,0.8314696123025451,-0.5555702330196023,-0.7818314824680299,0.6234898018587334,1,4.82,0.0,46.33,100.0
2018-10-07 08:15:00,2018-10-07 08:30:00,2018-10-07 09:15:00,11.09,2.52,2.52,2.48,37.48,2.56,10.149999999999999,2.5968750000000003,0.12568406571638274,31.92385416666666,112.1,0.7933533402912352,-0.6087614290087207,-0.7818314824680299,0.6234898018587334,1,4.61,0.0,47.97,100.0
2018-10-07 08:30:00,2018-10-07 08:45:00,2018-10-07 09:30:00,11.78,2.48,2.52,2.59,51.01,2.52,10.040000000000001,2.5856250000000003,0.12757197723246283,31.418333333333333,112.1,0.7518398074789774,-0.6593458151000688,-0.7818314824680299,0.6234898018587334,1,4.9,0.0,45.16,100.0
2018-10-07 08:45:00,2018-10-07 09:00:00,2018-10-07 09:45:00,11.82,2.59,2.48,2.52,48.35,2.63,10.11,2.5856250000000003,0.12757197723246283,30.941666666666663,112.1,0.7071067811865476,-0.7071067811865475,-0.7818314824680299,0.6234898018587334,1,2.12,2.3,77.38,74.77
2018-10-07 09:00:00,2018-10-07 09:15:00,2018-10-07 10:00:00,11.709999999999997,2.74,2.59,2.52,50.9,2.74,10.33,2.5968750000000003,0.1326517409422131,30.439999999999998,112.1,0.659345815100069,-0.7518398074789773,-0.7818314824680299,0.6234898018587334,1,0.0,11.77,100.0,22.67
2018-10-07 09:15:00,2018-10-07 09:30:00,2018-10-07 10:15:00,11.17,3.28,2.74,2.52,64.4,3.02,11.09,2.64,0.2118962010041709,29.80333333333333,112.1,0.6087614290087209,-0.793353340291235,-0.7818314824680299,0.6234898018587334,1,0.0,17.6,100.0,18.32
2018-10-07 09:30:00,2018-10-07 09:45:00,2018-10-07 10:30:00,11.02,3.17,3.28,2.48,61.09,3.46,11.78,2.678125,0.24617622625875146,29.2,112.1,0.5555702330196025,-0.831469612302545,-0.7818314824680299,0.6234898018587334,1,0.0,16.56,100.0,18.8
2018-10-07 09:45:00,2018-10-07 10:00:00,2018-10-07 10:45:00,11.49,2.63,3.17,2.59,41.69,2.81,11.82,2.685,0.24318203058614343,28.793125,112.1,0.49999999999999994,-0.8660254037844387,-0.7818314824680299,0.6234898018587334,1,0.0,11.95,100.0,21.49
2018-10-07 10:00:00,2018-10-07 10:15:00,2018-10-07 11:00:00,11.489999999999998,2.63,2.63,2.74,47.34,2.77,11.709999999999997,2.689375,0.24151782413519712,28.32739583333333,112.1,0.4422886902190017,-0.8968727415326881,-0.7818314824680299,0.6234898018587334,1,0.0,11.88,100.0,21.61
2018-10-07 10:15:00,2018-10-07 10:30:00,2018-10-07 11:15:00,11.379999999999999,2.74,2.63,3.28,45.61,2.74,11.17,2.700625,0.23941252969508509,27.880833333333328,112.1,0.3826834323650899,-0.9238795325112867,-0.7818314824680299,0.6234898018587334,1,0.0,11.84,100.0,22.55
2018-10-07 10:30:00,2018-10-07 10:45:00,2018-10-07 11:30:00,11.02,3.02,2.74,3.17,60.95,2.74,11.02,2.731875,0.24632850905853346,27.27739583333333,112.1,0.32143946530316175,-0.9469301294951056,-0.7818314824680299,0.6234898018587334,1,0.0,14.9,100.0,19.86
2018-10-07 10:45:00,2018-10-07 11:00:00,2018-10-07 11:45:00,10.55,3.1,3.02,2.63,52.09,2.74,11.49,2.73875,0.25482530780909496,26.76708333333333,112.1,0.258819045102521,-0.9659258262890682,-0.7818314824680299,0.6234898018587334,1,0.0,16.27,100.0,18.72
2018-10-07 11:00:00,2018-10-07 11:15:00,2018-10-07 12:00:00,10.620000000000001,2.63,3.1,2.63,42.91,2.74,11.489999999999998,2.7275,0.2554040915882124,26.347499999999997,112.1,0.19509032201612816,-0.9807852804032304,-0.7818314824680299,0.6234898018587334,1,0.0,12.02,100.0,21.37
2018-10-07 11:15:00,2018-10-07 11:30:00,2018-10-07 12:15:00,10.76,2.63,2.63,2.74,41.65,2.7,11.379999999999999,2.736875,0.24881516106338858,25.941041666666663,112.1,0.130526192220052,-0.9914448613738104,-0.7818314824680299,0.6234898018587334,1,0.0,11.99,100.0,21.43
2018-10-07 11:30:00,2018-10-07 11:45:00,2018-10-07 12:30:00,10.84,2.66,2.63,3.02,41.54,2.7,11.02,2.74125,0.24680141308347486,25.536041666666666,112.1,0.06540312923014312,-0.9978589232386035,-0.7818314824680299,0.6234898018587334,1,0.0,11.84,100.0,21.92
2018-10-07 11:45:00,2018-10-07 12:00:00,2018-10-07 12:45:00,10.98,2.63,2.66,3.1,45.11,2.74,10.55,2.748125,0.24202837514432063,25.093541666666663,112.1,1.2246467991473532e-16,-1.0,-0.7818314824680299,0.6234898018587334,1,0.0,10.58,100.0,24.12
2018-10-07 12:00:00,2018-10-07 12:15:00,2018-10-07 13:00:00,11.02,2.7,2.63,2.63,40.54,3.02,10.620000000000001,2.759375,0.23525169367084267,24.699375,112.1,-0.06540312923014287,-0.9978589232386035,-0.7818314824680299,0.6234898018587334,1,0.0,6.34,100.0,39.18
2018-10-07 12:15:00,2018-10-07 12:30:00,2018-10-07 13:15:00,10.95,2.77,2.7,2.63,27.72,3.31,10.76,2.775,0.22699118925632333,24.43947916666666,112.1,-0.13052619222005177,-0.9914448613738104,-0.7818314824680299,0.6234898018587334,1,0.0,11.45,100.0,23.51
2018-10-07 12:30:00,2018-10-07 12:45:00,2018-10-07 13:30:00,10.950000000000001,2.74,2.77,2.66,24.12,2.77,10.84,2.79125,0.21423920626253262,24.21677083333333,112.1,-0.19509032201612792,-0.9807852804032305,-0.7818314824680299,0.6234898018587334,1,0.0,11.45,100.0,23.27
2018-10-07 12:45:00,2018-10-07 13:00:00,2018-10-07 13:45:00,10.84,2.77,2.74,2.63,24.12,2.81,10.98,2.8025,0.208011417955842,23.994375,112.1,-0.2588190451025208,-0.9659258262890683,-0.7818314824680299,0.6234898018587334,1,0.0,11.41,100.0,23.59
2018-10-07 13:00:00,2018-10-07 13:15:00,2018-10-07 14:00:00,11.120000000000001,2.74,2.77,2.7,24.23,2.77,11.02,2.8024999999999998,0.20801141795584202,23.770520833333332,112.1,-0.32143946530316153,-0.9469301294951057,-0.7818314824680299,0.6234898018587334,1,0.0,11.41,100.0,23.35
2018-10-07 13:15:00,2018-10-07 13:30:00,2018-10-07 14:15:00,11.55,2.7,2.74,2.77,40.14,2.7,10.95,2.76625,0.16840705893756355,23.380520833333332,112.1,-0.38268343236508967,-0.9238795325112868,-0.7818314824680299,0.6234898018587334,1,0.0,11.7,100.0,22.49
2018-10-07 13:30:00,2018-10-07 13:45:00,2018-10-07 14:30:00,11.509999999999998,2.74,2.7,2.74,75.85,2.66,10.950000000000001,2.739375,0.1322624639684291,22.618958333333335,112.1,-0.44228869021900147,-0.8968727415326883,-0.7818314824680299,0.6234898018587334,1,0.0,11.84,100.0,22.55
2018-10-07 13:45:00,2018-10-07 14:00:00,2018-10-07 14:45:00,11.55,2.66,2.74,2.77,97.38,2.74,10.84,2.74125,0.130904306651844,21.632291666666664,112.1,-0.4999999999999997,-0.8660254037844388,-0.7818314824680299,0.6234898018587334,1,0.0,11.77,100.0,22.04
2018-10-07 14:00:00,2018-10-07 14:15:00,2018-10-07 15:00:00,11.520000000000001,3.02,2.66,2.74,105.12,2.74,11.120000000000001,2.765625,0.14361270617532418,20.568749999999998,112.1,-0.555570233019602,-0.8314696123025455,-0.7818314824680299,0.6234898018587334,1,0.0,15.23,100.0,19.45
2018-10-07 14:15:00,2018-10-07 14:30:00,2018-10-07 15:15:00,11.81,3.13,3.02,2.7,61.49,2.74,11.55,2.79,0.1681888819155416,19.960833333333337,112.1,-0.6087614290087207,-0.7933533402912352,-0.7818314824680299,0.6234898018587334,1,0.0,15.59,100.0,19.68
2018-10-07 14:30:00,2018-10-07 14:45:00,2018-10-07 15:30:00,11.989999999999998,2.7,3.13,2.74,112.1,2.95,11.509999999999998,2.77,0.15839034061457155,18.821250000000003,108.43,-0.6593458151000688,-0.7518398074789774,-0.7818314824680299,0.6234898018587334,1,0.0,11.59,100.0,22.69
2018-10-07 14:45:00,2018-10-07 15:00:00,2018-10-07 15:45:00,11.95,2.7,2.7,2.66,105.26,3.38,11.55,2.745,0.13402425153680206,17.752916666666668,108.43,-0.7071067811865471,-0.7071067811865479,-0.7818314824680299,0.6234898018587334,1,0.0,11.7,100.0,22.49
2018-10-07 15:00:00,2018-10-07 15:15:00,2018-10-07 16:00:00,11.620000000000001,2.99,2.7,3.02,108.29,2.95,11.520000000000001,2.7675,0.1427629153526923,16.656041666666667,108.43,-0.7518398074789773,-0.6593458151000691,-0.7818314824680299,0.6234898018587334,1,0.0,13.5,100.0,21.62
2018-10-07 15:15:00,2018-10-07 15:30:00,2018-10-07 16:15:00,10.86,3.42,2.99,3.13,104.47,2.7,11.81,2.8168750000000005,0.2082582156242581,15.603437500000004,108.43,-0.7933533402912349,-0.6087614290087209,-0.7818314824680299,0.6234898018587334,1,0.0,17.82,100.0,18.85
2018-10-07 15:30:00,2018-10-07 15:45:00,2018-10-07 16:30:00,10.72,2.88,3.42,2.7,99.22,2.7,11.989999999999998,2.8306250000000004,0.20467867347381352,14.599895833333335,108.43,-0.8314696123025452,-0.5555702330196022,-0.7818314824680299,0.6234898018587334,1,0.0,13.21,100.0,21.3
2018-10-07 15:45:00,2018-10-07 16:00:00,2018-10-07 16:45:00,10.72,2.66,2.88,2.7,108.43,2.7,11.95,2.8325000000000005,0.20296243494794786,13.498125000000002,103.32,-0.8660254037844385,-0.5000000000000004,-0.7818314824680299,0.6234898018587334,1,0.0,11.77,100.0,22.04
2018-10-07 16:00:00,2018-10-07 16:15:00,2018-10-07 17:00:00,10.690000000000001,2.66,2.66,2.99,78.44,2.74,11.620000000000001,2.83,0.20481699148264035,12.70875,103.32,-0.8968727415326883,-0.44228869021900136,-0.7818314824680299,0.6234898018587334,1,0.0,11.81,100.0,21.97
2018-10-07 16:15:00,2018-10-07 16:30:00,2018-10-07 17:15:00,10.870000000000001,2.66,2.66,3.42,103.32,2.95,10.86,2.823125,0.2085281380893235,11.660208333333335,103.03,-0.9238795325112868,-0.3826834323650895,-0.7818314824680299,0.6234898018587334,1,0.0,11.95,100.0,21.73
2018-10-07 16:30:00,2018-10-07 16:45:00,2018-10-07 17:30:00,11.509999999999998,2.74,2.66,2.88,102.96,3.31,10.72,2.823125,0.2085281380893235,10.61625,103.03,-0.9469301294951056,-0.3214394653031618,-0.7818314824680299,0.6234898018587334,1,0.0,11.88,100.0,22.47
2018-10-07 16:45:00,2018-10-07 17:00:00,2018-10-07 17:45:00,11.66,2.66,2.74,2.66,103.03,2.66,10.72,2.81625,0.21195149798951637,9.570729166666666,84.56,-0.9659258262890683,-0.25881904510252063,-0.7818314824680299,0.6234898018587334,1,0.0,12.02,100.0,21.61
2018-10-07 17:00:00,2018-10-07 17:15:00,2018-10-07 18:00:00,11.62,2.63,2.66,2.66,84.56,2.7,10.690000000000001,2.809375,0.21605753718627818,8.717291666666666,64.48,-0.9807852804032303,-0.19509032201612866,-0.7818314824680299,0.6234898018587334,1,0.0,12.13,100.0,21.19
2018-10-07 17:15:00,2018-10-07 17:30:00,2018-10-07 18:15:00,11.37,2.84,2.63,2.66,34.92,2.7,10.870000000000001,2.818125,0.21427840389315947,8.383125,64.48,-0.9914448613738104,-0.13052619222005163,-0.7818314824680299,0.6234898018587334,1,0.0,13.64,100.0,20.38
2018-10-07 17:30:00,2018-10-07 17:45:00,2018-10-07 18:30:00,10.58,3.38,2.84,2.74,26.46,2.7,11.509999999999998,2.8581250000000002,0.2523197066719125,8.142708333333331,64.48,-0.9978589232386035,-0.06540312923014273,-0.7818314824680299,0.6234898018587334,1,0.0,18.29,100.0,18.17
2018-10-07 17:45:00,2018-10-07 18:00:00,2018-10-07 18:45:00,10.94,2.81,3.38,2.66,26.53,2.7,11.66,2.8674999999999997,0.24752525123712119,7.895624999999999,64.48,-1.0,-1.8369701987210297e-16,-0.7818314824680299,0.6234898018587334,1,0.0,13.72,100.0,20.06
2018-10-07 18:00:00,2018-10-07 18:15:00,2018-10-07 19:00:00,11.809999999999999,2.59,2.81,2.63,26.32,2.74,11.62,2.840625,0.2527960825942522,7.6484375,64.48,-0.9978589232386036,0.06540312923014237,-0.7818314824680299,0.6234898018587334,1,0.0,8.21,100.0,30.09
2018-10-07 18:15:00,2018-10-07 18:30:00,2018-10-07 19:15:00,12.639999999999999,2.59,2.59,2.84,36.76,2.63,11.37,2.806875,0.24790922607882102,7.2925,64.48,-0.9914448613738105,0.13052619222005127,-0.7818314824680299,0.6234898018587334,1,0.0,4.86,100.0,47.03
2018-10-07 18:30:00,2018-10-07 18:45:00,2018-10-07 19:30:00,12.790000000000001,2.59,2.59,3.38,64.48,2.66,10.58,2.8,0.2522647418883582,6.647812500000001,60.91,-0.9807852804032304,0.1950903220161283,-0.7818314824680299,0.6234898018587334,1,0.0,7.09,100.0,34.31
2018-10-07 18:45:00,2018-10-07 19:00:00,2018-10-07 19:45:00,12.46,3.17,2.59,2.81,40.43,2.77,10.94,2.8293749999999998,0.26590573400173223,6.259687499999999,60.91,-0.9659258262890684,0.2588190451025203,-0.7818314824680299,0.6234898018587334,1,0.0,11.48,100.0,26.62
2018-10-07 19:00:00,2018-10-07 19:15:00,2018-10-07 20:00:00,12.06,3.46,3.17,2.59,60.91,2.77,11.809999999999999,2.85875,0.3050998811864731,5.66125,53.1,-0.9469301294951057,0.3214394653031615,-0.7818314824680299,0.6234898018587334,1,0.0,11.16,100.0,29.61
2018-10-07 19:15:00,2018-10-07 19:30:00,2018-10-07 20:15:00,12.13,3.42,3.46,2.59,49.79,2.95,12.639999999999999,2.8587499999999997,0.3050998811864731,5.178229166666667,53.1,-0.923879532511287,0.38268343236508917,-0.7818314824680299,0.6234898018587334,1,0.0,11.16,100.0,29.3
2018-10-07 19:30:00,2018-10-07 19:45:00,2018-10-07 20:30:00,12.13,2.74,3.42,2.59,36.72,3.35,12.790000000000001,2.8499999999999996,0.3063698744981301,4.824270833333333,53.1,-0.8968727415326884,0.442288690219001,-0.7818314824680299,0.6234898018587334,1,0.0,11.84,100.0,22.55
2018-10-07 19:45:00,2018-10-07 20:00:00,2018-10-07 20:45:00,12.06,2.84,2.74,3.17,36.83,2.99,12.46,2.86125,0.30246642375642285,4.470208333333333,53.1,-0.8660254037844386,0.5000000000000001,-0.7818314824680299,0.6234898018587334,1,0.0,11.74,100.0,23.51
2018-10-07 20:00:00,2018-10-07 20:15:00,2018-10-07 21:00:00,11.77,3.06,2.84,3.46,50.0,3.46,12.06,2.88625,0.3013277907860475,3.9812499999999997,53.1,-0.8314696123025455,0.5555702330196018,-0.7818314824680299,0.6234898018587334,1,0.0,14.4,100.0,20.79
2018-10-07 20:15:00,2018-10-07 20:30:00,2018-10-07 21:15:00,11.27,3.49,3.06,3.42,53.1,2.74,12.13,2.938125,0.3281619026867683,3.4644791666666666,35.75,-0.7933533402912357,0.6087614290087199,-0.7818314824680299,0.6234898018587334,1,0.0,17.82,100.0,19.22
2018-10-07 20:30:00,2018-10-07 20:45:00,2018-10-07 21:30:00,11.950000000000001,2.74,3.49,2.74,35.75,2.7,12.13,2.938125,0.3281619026867683,3.120625,25.74,-0.7518398074789772,0.6593458151000691,-0.7818314824680299,0.6234898018587334,1,0.0,11.66,100.0,22.88
2018-10-07 20:45:00,2018-10-07 21:00:00,2018-10-07 21:45:00,11.99,2.77,2.74,2.84,25.74,2.77,12.06,2.945,0.3233805807404026,2.8813541666666667,6.66,-0.7071067811865477,0.7071067811865474,-0.7818314824680299,0.6234898018587334,1,0.0,11.77,100.0,22.91
2018-10-07 21:00:00,2018-10-07 21:15:00,2018-10-07 22:00:00,12.030000000000001,2.77,2.77,3.06,6.66,2.77,11.77,2.95375,0.31656111179359986,2.8408333333333338,4.25,-0.6593458151000687,0.7518398074789775,-0.7818314824680299,0.6234898018587334,1,0.0,11.63,100.0,23.17
2018-10-07 21:15:00,2018-10-07 21:30:00,2018-10-07 22:15:00,11.63,2.99,2.77,3.49,4.07,2.77,11.27,2.963125,0.31527207991669676,2.8295833333333333,4.25,-0.608761429008721,0.7933533402912349,-0.7818314824680299,0.6234898018587334,1,0.0,12.67,100.0,22.97
2018-10-07 21:30:00,2018-10-07 21:45:00,2018-10-07 22:30:00,10.8,3.42,2.99,2.74,3.49,2.77,11.950000000000001,2.965625,0.3187077177838654,2.8288541666666673,4.25,-0.555570233019603,0.8314696123025447,-0.7818314824680299,0.6234898018587334,1,0.0,17.78,100.0,18.89
2018-10-07 21:45:00,2018-10-07 22:00:00,2018-10-07 22:45:00,10.65,2.81,3.42,2.77,3.56,2.74,11.99,2.965625,0.3187077177838654,2.8210416666666664,4.25,-0.5000000000000004,0.8660254037844384,-0.7818314824680299,0.6234898018587334,1,0.0,12.35,100.0,22.19
2018-10-07 22:00:00,2018-10-07 22:15:00,2018-10-07 23:00:00,10.43,2.81,2.81,2.77,3.46,2.77,12.030000000000001,2.979375,0.3067260330897917,2.8142708333333335,4.25,-0.4422886902190014,0.8968727415326883,-0.7818314824680299,0.6234898018587334,1,0.0,11.02,100.0,24.71
2018-10-07 22:15:00,2018-10-07 22:30:00,2018-10-07 23:15:00,10.4,2.59,2.81,2.99,3.2,2.59,11.63,2.979375,0.3067260330897917,2.807916666666666,4.25,-0.38268343236508956,0.9238795325112868,-0.7818314824680299,0.6234898018587334,1,4.97,0.04,46.21,99.99
2018-10-07 22:30:00,2018-10-07 22:45:00,2018-10-07 23:30:00,10.290000000000001,2.59,2.59,3.42,3.17,3.17,10.8,2.979375,0.3067260330897917,2.8018750000000003,4.25,-0.32143946530316186,0.9469301294951056,-0.7818314824680299,0.6234898018587334,1,5.0,0.0,46.0,100.0
2018-10-07 22:45:00,2018-10-07 23:00:00,2018-10-07 23:45:00,10.190000000000001,2.66,2.59,2.81,3.24,2.81,10.65,2.9475000000000002,0.3117190241226865,2.795833333333333,4.25,-0.25881904510252157,0.9659258262890681,-0.7818314824680299,0.6234898018587334,1,5.0,0.0,46.97,100.0
2018-10-07 23:00:00,2018-10-07 23:15:00,2018-10-08 00:00:00,10.84,2.59,2.66,2.81,3.24,2.59,10.43,2.893125,0.2928890308205482,2.7890625,4.25,-0.19509032201612872,0.9807852804032303,-0.7818314824680299,0.6234898018587334,1,4.93,0.0,46.51,100.0
2018-10-07 23:15:00,2018-10-07 23:30:00,2018-10-08 00:15:00,10.91,2.56,2.59,2.59,3.56,2.56,10.4,2.839375,0.2692226947621616,2.7786458333333335,4.25,-0.13052619222005168,0.9914448613738104,-0.7818314824680299,0.6234898018587334,1,4.64,0.0,48.31,100.0
2018-10-07 23:30:00,2018-10-07 23:45:00,2018-10-08 00:30:00,11.6,2.48,2.56,2.59,4.25,2.52,10.290000000000001,2.823125,0.2822613759886394,2.7602083333333334,3.49,-0.0654031292301428,0.9978589232386035,-0.7818314824680299,0.6234898018587334,1,4.5,0.0,48.27,100.0
2018-10-07 23:45:00,2018-10-08 00:00:00,2018-10-08 00:45:00,12.319999999999999,2.56,2.48,2.66,3.31,2.59,10.190000000000001,2.805625,0.2892656380820232,2.7523958333333334,3.49,0.0,1.0,0.0,1.0,0,4.54,0.0,49.12,100.0
2018-10-08 00:00:00,2018-10-08 00:15:00,2018-10-08 01:00:00,12.14,3.24,2.56,2.59,2.59,2.56,10.84,2.8168750000000005,0.30215308102847477,2.7591666666666668,3.49,0.06540312923014306,0.9978589232386035,0.0,1.0,0,6.23,0.0,46.14,100.0
2018-10-08 00:15:00,2018-10-08 00:30:00,2018-10-08 01:15:00,12.1,2.63,3.24,2.56,2.88,3.13,10.91,2.763125,0.24954255022941482,2.7565625,3.49,0.13052619222005157,0.9914448613738104,0.0,1.0,0,4.75,0.0,48.44,100.0
2018-10-08 00:30:00,2018-10-08 00:45:00,2018-10-08 01:30:00,11.49,3.17,2.63,2.48,2.59,2.77,11.6,2.79,0.2680718187352039,2.762604166666667,3.49,0.19509032201612825,0.9807852804032304,0.0,1.0,0,6.55,0.0,43.56,100.0
2018-10-08 00:45:00,2018-10-08 01:00:00,2018-10-08 01:45:00,10.870000000000001,3.28,3.17,2.56,2.52,2.66,12.319999999999999,2.821875,0.29296370828995183,2.7705208333333338,3.49,0.25881904510252074,0.9659258262890683,0.0,1.0,0,6.34,0.0,45.95,100.0
2018-10-08 01:00:00,2018-10-08 01:15:00,2018-10-08 02:00:00,10.440000000000001,3.06,3.28,3.24,2.56,2.56,12.14,2.8400000000000003,0.2981191037152769,2.775729166666667,3.49,0.3214394653031616,0.9469301294951057,0.0,1.0,0,6.19,0.0,44.32,100.0
2018-10-08 01:15:00,2018-10-08 01:30:00,2018-10-08 02:15:00,10.41,2.59,3.06,2.63,2.52,2.56,12.1,2.815,0.3012474066278414,2.776458333333333,3.49,0.3826834323650898,0.9238795325112867,0.0,1.0,0,4.82,0.0,47.33,100.0
2018-10-08 01:30:00,2018-10-08 01:45:00,2018-10-08 02:30:00,10.51,2.56,2.59,3.17,2.56,2.63,11.49,2.7612500000000004,0.26277069376169027,2.776458333333333,3.49,0.44228869021900125,0.8968727415326884,0.0,1.0,0,4.93,0.0,46.08,100.0
2018-10-08 01:45:00,2018-10-08 02:00:00,2018-10-08 02:45:00,10.48,2.66,2.56,3.28,2.56,2.66,10.870000000000001,2.751875,0.2635388669152996,2.7775,3.49,0.49999999999999994,0.8660254037844387,0.0,1.0,0,5.04,0.0,46.68,100.0
2018-10-08 02:00:00,2018-10-08 02:15:00,2018-10-08 03:00:00,10.48,2.63,2.66,3.06,2.56,3.2,10.440000000000001,2.740625,0.26465705993795063,2.778229166666667,3.49,0.5555702330196022,0.8314696123025452,0.0,1.0,0,5.04,0.0,46.26,100.0
2018-10-08 02:15:00,2018-10-08 02:30:00,2018-10-08 03:15:00,10.58,2.56,2.63,2.59,2.52,2.81,10.41,2.73875,0.26582125103159077,2.7786458333333335,3.49,0.6087614290087207,0.7933533402912352,0.0,1.0,0,5.04,0.0,45.29,100.0
2018-10-08 02:30:00,2018-10-08 02:45:00,2018-10-08 03:30:00,10.55,2.66,2.56,2.56,2.56,2.63,10.51,2.743125,0.2639062037448154,2.7796875,3.49,0.6593458151000688,0.7518398074789774,0.0,1.0,0,5.18,0.0,45.68,100.0
2018-10-08 02:45:00,2018-10-08 03:00:00,2018-10-08 03:45:00,10.55,2.63,2.66,2.66,2.56,2.63,10.48,2.74125,0.2645958002312206,2.780416666666667,3.49,0.7071067811865476,0.7071067811865476,0.0,1.0,0,5.11,0.0,45.76,100.0
2018-10-08 03:00:00,2018-10-08 03:15:00,2018-10-08 04:00:00,11.02,2.63,2.63,2.63,2.52,2.63,10.48,2.74375,0.2633409149752465,2.7815625,3.49,0.7518398074789774,0.6593458151000688,0.0,1.0,0,5.11,0.0,45.76,100.0
2018-10-08 03:15:00,2018-10-08 03:30:00,2018-10-08 04:15:00,11.35,2.66,2.63,2.56,2.59,2.59,10.58,2.75,0.2600721053861794,2.782291666666667,3.49,0.7933533402912352,0.6087614290087207,0.0,1.0,0,5.18,0.0,45.68,100.0
2018-10-08 03:30:00,2018-10-08 03:45:00,2018-10-08 04:30:00,11.420000000000002,2.63,2.66,2.66,2.7,2.63,10.55,2.759375,0.25277135790077165,2.7815625,3.49,0.8314696123025451,0.5555702330196024,0.0,1.0,0,5.22,0.0,44.99,100.0
2018-10-08 03:45:00,2018-10-08 04:00:00,2018-10-08 04:45:00,11.379999999999999,2.63,2.63,2.63,3.06,2.63,10.55,2.76375,0.24987184215113156,2.7770833333333336,3.49,0.8660254037844386,0.5000000000000001,0.0,1.0,0,5.26,0.0,44.72,100.0
2018-10-08 04:00:00,2018-10-08 04:15:00,2018-10-08 05:00:00,10.91,3.1,2.63,2.63,2.74,2.7,11.02,2.755,0.23505318547086315,2.7808333333333337,3.49,0.8968727415326884,0.44228869021900125,0.0,1.0,0,6.16,0.0,44.95,100.0
2018-10-08 04:15:00,2018-10-08 04:30:00,2018-10-08 05:15:00,10.58,2.99,3.1,2.66,3.17,2.63,11.35,2.7775,0.23920441049445557,2.7789583333333336,3.49,0.9238795325112867,0.38268343236508984,0.0,1.0,0,5.65,0.0,46.77,100.0
2018-10-08 04:30:00,2018-10-08 04:45:00,2018-10-08 05:30:00,11.120000000000001,2.7,2.99,2.63,2.66,2.63,11.420000000000002,2.748125,0.2170316437181454,2.779375,3.49,0.9469301294951056,0.3214394653031617,0.0,1.0,0,5.18,0.0,46.22,100.0
2018-10-08 04:45:00,2018-10-08 05:00:00,2018-10-08 05:45:00,11.41,2.59,2.7,2.63,2.59,2.59,11.379999999999999,2.705,0.1706604816587602,2.779375,3.49,0.9659258262890683,0.25881904510252074,0.0,1.0,0,5.22,0.0,44.45,100.0
2018-10-08 05:00:00,2018-10-08 05:15:00,2018-10-08 06:00:00,11.340000000000002,2.63,2.59,3.1,2.56,2.92,10.91,2.678125,0.14449129515302997,2.7801041666666664,3.49,0.9807852804032304,0.19509032201612833,0.0,1.0,0,5.18,0.0,45.27,100.0
2018-10-08 05:15:00,2018-10-08 05:30:00,2018-10-08 06:15:00,11.27,2.66,2.63,2.99,2.59,3.71,10.58,2.6825,0.14280668751847728,2.7808333333333337,3.49,0.9914448613738104,0.1305261922200517,0.0,1.0,0,5.33,0.0,44.65,100.0
2018-10-08 05:30:00,2018-10-08 05:45:00,2018-10-08 06:30:00,10.549999999999999,3.24,2.66,2.7,2.56,3.46,11.120000000000001,2.725,0.19254869513969713,2.7879166666666664,3.49,0.9978589232386035,0.06540312923014327,0.0,1.0,0,6.77,0.0,43.17,100.0
2018-10-08 05:45:00,2018-10-08 06:00:00,2018-10-08 06:45:00,10.19,2.88,3.24,2.59,2.52,2.52,11.41,2.73875,0.19525224070417227,2.7916666666666665,3.49,1.0,6.123233995736766e-17,0.0,1.0,0,5.83,0.0,44.29,100.0
2018-10-08 06:00:00,2018-10-08 06:15:00,2018-10-08 07:00:00,10.149999999999999,2.56,2.88,2.63,2.56,2.52,11.340000000000002,2.734375,0.19839886434906834,2.7916666666666665,3.49,0.9978589232386035,-0.06540312923014314,0.0,1.0,0,5.15,0.0,44.51,100.0
2018-10-08 06:15:00,2018-10-08 06:30:00,2018-10-08 07:15:00,10.22,2.59,2.56,2.66,2.56,2.52,11.27,2.73625,0.19687797616798083,2.7919791666666662,3.49,0.9914448613738104,-0.1305261922200516,0.0,1.0,0,5.0,0.0,46.0,100.0
2018-10-08 06:30:00,2018-10-08 06:45:00,2018-10-08 07:30:00,10.58,2.52,2.59,3.24,2.52,2.48,10.549999999999999,2.7275,0.20308557309666297,2.7919791666666662,3.49,0.9807852804032304,-0.1950903220161282,0.0,1.0,0,4.97,0.0,45.22,100.0
2018-10-08 06:45:00,2018-10-08 07:00:00,2018-10-08 07:45:00,11.52,2.52,2.52,2.88,2.99,2.45,10.19,2.720625,0.20807056345144073,2.7870833333333334,3.49,0.9659258262890683,-0.25881904510252063,0.0,1.0,0,4.97,0.0,45.22,100.0
2018-10-08 07:00:00,2018-10-08 07:15:00,2018-10-08 08:00:00,12.6,2.52,2.52,2.56,2.81,2.48,10.149999999999999,2.71375,0.21271680117000638,2.7840624999999997,3.49,0.9469301294951057,-0.3214394653031616,0.0,1.0,0,4.86,0.0,46.03,100.0
2018-10-08 07:15:00,2018-10-08 07:30:00,2018-10-08 08:15:00,26.39,2.66,2.52,2.59,2.48,2.81,10.22,2.71375,0.21271680117000638,2.7859374999999997,3.49,0.9238795325112868,-0.3826834323650895,0.0,1.0,0,4.86,0.0,48.01,100.0
2018-10-08 07:30:00,2018-10-08 07:45:00,2018-10-08 08:30:00,119.34,2.88,2.66,2.52,2.59,2.92,10.58,2.729375,0.21515891655936553,2.7889583333333334,3.49,0.8968727415326884,-0.44228869021900113,0.0,1.0,0,4.46,0.0,54.25,100.0
2018-10-08 07:45:00,2018-10-08 08:00:00,2018-10-08 08:45:00,204.98,3.46,2.88,2.52,2.52,2.92,11.52,2.78125,0.2763122101898503,2.79875,3.49,0.8660254037844387,-0.4999999999999998,0.0,1.0,0,5.29,0.0,54.74,100.0
2018-10-08 08:00:00,2018-10-08 08:15:00,2018-10-08 09:00:00,311.47,3.6,3.46,2.52,2.52,2.88,12.6,2.8125,0.3330446666740064,2.81,3.6,0.8314696123025451,-0.5555702330196023,0.0,1.0,0,5.8,0.0,52.74,100.0
2018-10-08 08:15:00,2018-10-08 08:30:00,2018-10-08 09:15:00,382.46,16.45,3.6,2.66,2.52,24.88,26.39,3.6537499999999996,3.320404484019982,2.955104166666666,16.45,0.7933533402912352,-0.6087614290087207,0.0,1.0,0,16.06,0.0,71.55,100.0
2018-10-08 08:30:00,2018-10-08 08:45:00,2018-10-08 09:30:00,375.01,95.83,16.45,2.88,2.48,38.12,119.34,9.474374999999998,22.54145901687322,3.9274999999999998,95.83,0.7518398074789774,-0.6593458151000688,0.0,1.0,0,67.61,0.0,81.71,100.0
2018-10-08 08:45:00,2018-10-08 09:00:00,2018-10-08 09:45:00,389.95,89.1,95.83,3.46,2.59,46.12,204.98,14.881249999999998,29.532794033709376,4.828645833333334,95.83,0.7071067811865476,-0.7071067811865475,0.0,1.0,0,62.46,0.0,81.88,100.0
2018-10-08 09:00:00,2018-10-08 09:15:00,2018-10-08 10:00:00,377.31,110.09,89.1,3.6,2.74,42.95,311.47,21.5975,37.2053923343109,5.9468749999999995,110.09,0.659345815100069,-0.7518398074789773,0.0,1.0,0,58.9,0.0,88.17,100.0
2018-10-08 09:15:00,2018-10-08 09:30:00,2018-10-08 10:15:00,362.41,87.44,110.09,16.45,3.28,44.96,382.46,26.896249999999995,40.05873607513722,6.823541666666666,110.09,0.6087614290087209,-0.793353340291235,0.0,1.0,0,55.12,0.0,84.59,100.0
2018-10-08 09:30:00,2018-10-08 09:45:00,2018-10-08 10:30:00,379.91,88.38,87.44,95.83,3.17,55.01,375.01,32.2175,42.162497776460064,7.711145833333333,110.09,0.5555702330196025,-0.831469612302545,0.0,1.0,0,45.61,0.0,88.86,100.0
2018-10-08 09:45:00,2018-10-08 10:00:00,2018-10-08 10:45:00,379.12,104.04,88.38,89.1,2.63,46.3,389.95,38.53999999999999,44.79189240253196,8.7675,110.09,0.49999999999999994,-0.8660254037844387,0.0,1.0,0,56.92,0.0,87.73,100.0
2018-10-08 10:00:00,2018-10-08 10:15:00,2018-10-08 11:00:00,367.49,97.45,104.04,110.09,2.63,44.78,377.31,44.470625,45.90349162492299,9.755208333333334,110.09,0.4422886902190017,-0.8968727415326881,0.0,1.0,0,50.76,0.0,88.69,100.0
2018-10-08 10:15:00,2018-10-08 10:30:00,2018-10-08 11:15:00,407.88,72.54,97.45,87.44,2.74,41.69,362.41,48.8425,45.02928151492093,10.482291666666667,110.09,0.3826834323650899,-0.9238795325112867,0.0,1.0,0,47.41,0.0,83.71,100.0
2018-10-08 10:30:00,2018-10-08 10:45:00,2018-10-08 11:30:00,389.7,105.88,72.54,88.38,3.02,47.38,379.91,55.302499999999995,45.33346990635065,11.55375,110.09,0.32143946530316175,-0.9469301294951056,0.0,1.0,0,60.73,0.0,86.74,100.0
2018-10-08 10:45:00,2018-10-08 11:00:00,2018-10-08 11:45:00,397.65,103.25,105.88,104.04,3.1,55.66,379.12,61.598124999999996,44.55389155544524,12.596979166666669,110.09,0.258819045102521,-0.9659258262890682,0.0,1.0,0,49.64,0.0,90.13,100.0
2018-10-08 11:00:00,2018-10-08 11:15:00,2018-10-08 12:00:00,404.09999999999997,85.82,103.25,97.45,2.63,55.84,367.49,66.804375,42.14823676157017,13.463541666666666,110.09,0.19509032201612816,-0.9807852804032304,0.0,1.0,0,44.82,0.0,88.64,100.0
2018-10-08 11:15:00,2018-10-08 11:30:00,2018-10-08 12:15:00,304.06,112.93,85.82,72.54,2.63,54.04,407.88,73.69624999999999,40.05986705466582,14.612499999999999,112.93,0.130526192220052,-0.9914448613738104,0.0,1.0,0,52.81,0.0,90.58,100.0
2018-10-08 11:30:00,2018-10-08 11:45:00,2018-10-08 12:30:00,219.85000000000002,87.7,112.93,105.88,2.66,52.2,389.7,78.9975,35.71431689462925,15.498333333333335,112.93,0.06540312923014312,-0.9978589232386035,0.0,1.0,0,43.45,0.0,89.61,100.0
2018-10-08 11:45:00,2018-10-08 12:00:00,2018-10-08 12:45:00,112.32,111.2,87.7,103.25,2.63,48.13,397.65,85.73124999999999,30.63269472210207,16.629270833333333,112.93,1.2246467991473532e-16,-1.0,0.0,1.0,0,53.71,0.0,90.05,100.0
2018-10-08 12:00:00,2018-10-08 12:15:00,2018-10-08 13:00:00,24.440000000000005,92.27,111.2,85.82,2.7,48.13,404.09999999999997,91.27312500000001,22.10713508088226,17.562291666666667,112.93,-0.06540312923014287,-0.9978589232386035,0.0,1.0,0,51.73,0.0,87.23,100.0
2018-10-08 12:15:00,2018-10-08 12:30:00,2018-10-08 13:15:00,74.08,12.89,92.27,112.93,2.77,4.5,304.06,91.050625,22.864039578765933,17.667708333333334,112.93,-0.13052619222005177,-0.9914448613738104,0.0,1.0,0,3.35,14.65,96.78,66.06
2018-10-08 12:30:00,2018-10-08 12:45:00,2018-10-08 13:30:00,169.01,3.49,12.89,87.7,2.74,5.18,219.85000000000002,85.279375,31.099972160106113,17.675520833333334,112.93,-0.19509032201612792,-0.9807852804032305,0.0,1.0,0,0.0,11.3,100.0,29.51
2018-10-08 12:45:00,2018-10-08 13:00:00,2018-10-08 13:45:00,260.49,3.67,3.49,111.2,2.77,5.36,112.32,79.94,36.7973185164354,17.684895833333332,112.93,-0.2588190451025208,-0.9659258262890683,0.0,1.0,0,0.0,10.62,100.0,32.66
2018-10-08 13:00:00,2018-10-08 13:15:00,2018-10-08 14:00:00,358.74,4.39,3.67,92.27,2.74,5.62,24.440000000000005,73.33375000000001,40.12884076244292,17.70208333333333,112.93,-0.32143946530316153,-0.9469301294951057,0.0,1.0,0,0.0,16.13,100.0,26.26
2018-10-08 13:15:00,2018-10-08 13:30:00,2018-10-08 14:15:00,405.53999999999996,62.53,4.39,12.89,2.7,32.9,74.08,71.776875,40.03446542023978,18.3253125,112.93,-0.38268343236508967,-0.9238795325112868,0.0,1.0,0,26.53,1.44,92.06,99.97
2018-10-08 13:30:00,2018-10-08 13:45:00,2018-10-08 14:30:00,413.82,98.42,62.53,3.49,2.74,45.58,169.01,72.404375,40.36708668097532,19.32197916666667,112.93,-0.44228869021900147,-0.8968727415326883,0.0,1.0,0,49.82,0.0,89.22,100.0
2018-10-08 13:45:00,2018-10-08 14:00:00,2018-10-08 14:45:00,430.59000000000003,95.15,98.42,3.67,2.66,38.2,260.49,71.84875,39.98721528110579,20.285416666666666,112.93,-0.4999999999999997,-0.8660254037844388,0.0,1.0,0,51.23,0.0,88.05,100.0
2018-10-08 14:00:00,2018-10-08 14:15:00,2018-10-08 15:00:00,401.14,102.64,95.15,4.39,3.02,45.47,358.74,72.173125,40.213983687075505,21.323125,112.93,-0.555570233019602,-0.8314696123025455,0.0,1.0,0,50.04,0.0,89.89,100.0
2018-10-08 14:15:00,2018-10-08 14:30:00,2018-10-08 15:15:00,403.99,109.33,102.64,62.53,3.13,49.68,405.53999999999996,74.4725,41.20871911683255,22.429375000000004,112.93,-0.6087614290087207,-0.7933533402912352,0.0,1.0,0,61.7,0.0,87.09,100.0
2018-10-08 14:30:00,2018-10-08 14:45:00,2018-10-08 15:30:00,392.22,106.7,109.33,98.42,2.7,52.09,413.82,74.52375,41.24823873133858,23.512708333333336,112.93,-0.6593458151000688,-0.7518398074789774,0.0,1.0,0,50.54,0.0,90.37,100.0
2018-10-08 14:45:00,2018-10-08 15:00:00,2018-10-08 15:45:00,383.62,111.92,106.7,95.15,2.7,50.58,430.59000000000003,75.06562500000001,41.676776502140555,24.65041666666667,112.93,-0.7071067811865471,-0.7071067811865479,0.0,1.0,0,54.22,0.0,90.0,100.0
2018-10-08 15:00:00,2018-10-08 15:15:00,2018-10-08 16:00:00,417.89,73.19,111.92,102.64,2.99,43.88,401.14,74.27625,41.58511660964172,25.38166666666667,112.93,-0.7518398074789773,-0.6593458151000691,0.0,1.0,0,46.04,0.0,84.65,100.0
2018-10-08 15:15:00,2018-10-08 15:30:00,2018-10-08 16:15:00,393.54999999999995,112.18,73.19,109.33,3.42,48.13,403.99,74.229375,41.54191971201349,26.514583333333334,112.93,-0.7933533402912349,-0.6087614290087209,0.0,1.0,0,54.61,0.0,89.91,100.0
2018-10-08 15:30:00,2018-10-08 15:45:00,2018-10-08 16:30:00,410.18,94.93,112.18,106.7,2.88,39.13,392.22,74.68125,41.724909058468896,27.4734375,112.93,-0.8314696123025452,-0.5555702330196022,0.0,1.0,0,42.37,0.0,91.32,100.0
2018-10-08 15:45:00,2018-10-08 16:00:00,2018-10-08 16:45:00,401.54,103.32,94.93,111.92,2.66,48.6,383.62,74.18875,41.33564334732798,28.521979166666668,112.93,-0.8660254037844385,-0.5000000000000004,0.0,1.0,0,54.11,0.0,88.59,100.0
2018-10-08 16:00:00,2018-10-08 16:15:00,2018-10-08 17:00:00,401.76000000000005,107.46,103.32,73.19,2.66,45.54,417.89,75.138125,41.910462628493796,29.613645833333333,112.93,-0.8968727415326883,-0.44228869021900136,0.0,1.0,0,49.5,0.0,90.83,100.0
2018-10-08 16:15:00,2018-10-08 16:30:00,2018-10-08 17:15:00,424.91,87.84,107.46,112.18,2.66,51.98,393.54999999999995,79.8225,38.76145371048408,30.500937500000003,112.93,-0.9238795325112868,-0.3826834323650895,0.0,1.0,0,43.78,0.0,89.5,100.0
2018-10-08 16:30:00,2018-10-08 16:45:00,2018-10-08 17:30:00,371.56,111.56,87.84,94.93,2.74,52.56,410.18,86.576875,33.99437246051727,31.634479166666665,112.93,-0.9469301294951056,-0.3214394653031618,0.0,1.0,0,49.14,0.0,91.52,100.0
2018-10-08 16:45:00,2018-10-08 17:00:00,2018-10-08 17:45:00,308.45,94.68,111.56,103.32,2.66,51.37,401.54,92.26500000000001,26.41532722682042,32.593020833333334,112.93,-0.9659258262890683,-0.25881904510252063,0.0,1.0,0,48.42,0.0,89.03,100.0
2018-10-08 17:00:00,2018-10-08 17:15:00,2018-10-08 18:00:00,229.14,107.68,94.68,107.46,2.63,49.0,401.76000000000005,98.72062500000001,13.722967276044018,33.68729166666667,112.93,-0.9807852804032303,-0.19509032201612866,0.0,1.0,0,48.64,0.0,91.13,100.0
2018-10-08 17:15:00,2018-10-08 17:30:00,2018-10-08 18:15:00,161.06,110.99,107.68,87.84,2.84,50.69,424.91,101.74937500000001,10.32932806911345,34.813854166666665,112.93,-0.9914448613738104,-0.13052619222005163,0.0,1.0,0,53.93,0.0,89.94,100.0
2018-10-08 17:30:00,2018-10-08 17:45:00,2018-10-08 18:30:00,156.67,58.21,110.99,111.56,3.38,47.95,371.56,99.23625000000001,14.770451869780423,35.385,112.93,-0.9978589232386035,-0.06540312923014273,0.0,1.0,0,43.27,0.0,80.26,100.0
2018-10-08 17:45:00,2018-10-08 18:00:00,2018-10-08 18:45:00,178.45,31.57,58.21,94.68,2.81,36.0,308.45,95.26249999999999,22.079448730663543,35.684583333333336,112.93,-1.0,-1.8369701987210297e-16,0.0,1.0,0,10.44,0.83,94.94,99.97
2018-10-08 18:00:00,2018-10-08 18:15:00,2018-10-08 19:00:00,203.39999999999998,28.37,31.57,107.68,2.59,26.75,229.14,90.620625,27.243645926332526,35.953125,112.93,-0.9978589232386036,0.06540312923014237,0.0,1.0,0,7.27,0.4,96.87,99.99
2018-10-08 18:15:00,2018-10-08 18:30:00,2018-10-08 19:15:00,224.46,42.91,28.37,110.99,2.59,33.55,161.06,86.469375,29.07532984953696,36.373125,112.93,-0.9914448613738105,0.13052619222005127,0.0,1.0,0,31.57,0.0,80.55,100.0
2018-10-08 18:30:00,2018-10-08 18:45:00,2018-10-08 19:30:00,229.54,53.82,42.91,58.21,2.59,37.08,156.67,83.164375,29.588777426743658,36.90677083333333,112.93,-0.9807852804032304,0.1950903220161283,0.0,1.0,0,37.33,0.0,82.17,100.0
2018-10-08 18:45:00,2018-10-08 19:00:00,2018-10-08 19:45:00,231.05,53.35,53.82,31.57,3.17,32.9,178.45,79.50375,29.427389638523834,37.42947916666667,112.93,-0.9659258262890684,0.2588190451025203,0.0,1.0,0,35.24,0.0,83.44,100.0
2018-10-08 19:00:00,2018-10-08 19:15:00,2018-10-08 20:00:00,236.63000000000002,53.32,53.35,28.37,3.46,39.13,203.39999999999998,78.261875,30.079674869159987,37.94885416666667,112.93,-0.9469301294951057,0.3214394653031615,0.0,1.0,0,30.31,0.0,86.94,100.0
2018-10-08 19:15:00,2018-10-08 19:30:00,2018-10-08 20:15:00,225.22,63.97,53.32,42.91,3.42,35.71,224.46,75.24874999999999,28.923547041078834,38.57958333333333,112.93,-0.923879532511287,0.38268343236508917,0.0,1.0,0,46.73,0.0,80.75,100.0
2018-10-08 19:30:00,2018-10-08 19:45:00,2018-10-08 20:30:00,226.32999999999998,58.9,63.97,53.82,2.74,32.04,229.54,72.99687499999999,28.705335026513364,39.16458333333333,112.93,-0.8968727415326884,0.442288690219001,0.0,1.0,0,38.12,0.0,83.95,100.0
2018-10-08 19:45:00,2018-10-08 20:00:00,2018-10-08 20:45:00,220.93,54.86,58.9,53.35,2.84,39.2,231.05,69.968125,27.891106606486144,39.70645833333333,112.93,-0.8660254037844386,0.5000000000000001,0.0,1.0,0,36.43,0.0,83.31,100.0
2018-10-08 20:00:00,2018-10-08 20:15:00,2018-10-08 21:00:00,189.35,58.9,54.86,53.32,3.06,39.6,236.63000000000002,66.93312499999999,26.23940779599218,40.288125,112.93,-0.8314696123025455,0.5555702330196018,0.0,1.0,0,36.68,0.0,84.89,100.0
2018-10-08 20:15:00,2018-10-08 20:30:00,2018-10-08 21:15:00,144.23999999999998,52.56,58.9,63.97,3.49,30.46,225.22,64.72812499999999,25.86962654802684,40.79927083333333,112.93,-0.7933533402912357,0.6087614290087199,0.0,1.0,0,35.1,0.0,83.16,100.0
2018-10-08 20:30:00,2018-10-08 20:45:00,2018-10-08 21:30:00,88.05,60.01,52.56,58.9,2.74,37.04,226.32999999999998,61.506249999999994,22.872950420474837,41.395833333333336,112.93,-0.7518398074789772,0.6593458151000691,0.0,1.0,0,38.77,0.0,84.0,100.0
2018-10-08 20:45:00,2018-10-08 21:00:00,2018-10-08 21:45:00,42.330000000000005,49.46,60.01,54.86,2.77,29.23,220.93,58.68,21.341803461750835,41.88218749999999,112.93,-0.7071067811865477,0.7071067811865474,0.0,1.0,0,29.88,0.0,85.59,100.0
2018-10-08 21:00:00,2018-10-08 21:15:00,2018-10-08 22:00:00,18.79,27.32,49.46,58.9,2.77,10.58,189.35,53.6575,18.483781235180206,42.13791666666666,112.93,-0.6593458151000687,0.7518398074789775,0.0,1.0,0,9.07,5.47,94.91,98.05
2018-10-08 21:15:00,2018-10-08 21:30:00,2018-10-08 22:15:00,14.83,7.45,27.32,52.56,2.99,6.95,144.23999999999998,47.18625,15.092396626695841,42.184374999999996,112.93,-0.608761429008721,0.7933533402912349,0.0,1.0,0,0.0,13.82,100.0,47.45
2018-10-08 21:30:00,2018-10-08 21:45:00,2018-10-08 22:30:00,14.5,3.82,7.45,60.01,3.42,4.28,88.05,43.786874999999995,18.060148711579732,42.188541666666666,112.93,-0.555570233019603,0.8314696123025447,0.0,1.0,0,0.0,16.06,100.0,23.14
2018-10-08 21:45:00,2018-10-08 22:00:00,2018-10-08 22:45:00,14.18,3.74,3.82,49.46,2.81,3.46,42.330000000000005,42.0475,20.34821383438851,42.198229166666664,112.93,-0.5000000000000004,0.8660254037844384,0.0,1.0,0,0.0,16.09,100.0,22.64
2018-10-08 22:00:00,2018-10-08 22:15:00,2018-10-08 23:00:00,13.68,3.78,3.74,27.32,2.81,3.56,18.79,40.510625,22.170268229305996,42.208333333333336,112.93,-0.4422886902190014,0.8968727415326883,0.0,1.0,0,0.0,15.62,100.0,23.52
2018-10-08 22:15:00,2018-10-08 22:30:00,2018-10-08 23:15:00,13.469999999999999,3.49,3.78,7.45,2.59,3.2,14.83,38.046875,23.890350227327666,42.21770833333333,112.93,-0.38268343236508956,0.9238795325112868,0.0,1.0,0,7.34,0.07,42.94,99.98
2018-10-08 22:30:00,2018-10-08 22:45:00,2018-10-08 23:30:00,13.259999999999998,3.49,3.49,3.82,2.59,3.28,14.5,34.90125,24.898604598199874,42.22708333333333,112.93,-0.32143946530316186,0.9469301294951056,0.0,1.0,0,8.78,0.0,36.94,100.0
2018-10-08 22:45:00,2018-10-08 23:00:00,2018-10-08 23:45:00,13.08,3.42,3.49,3.74,2.66,3.24,14.18,31.780625,25.51218837848637,42.235,112.93,-0.25881904510252157,0.9659258262890681,0.0,1.0,0,8.24,0.0,38.33,100.0
2018-10-08 23:00:00,2018-10-08 23:15:00,2018-10-09 00:00:00,13.260000000000002,3.28,3.42,3.78,2.59,3.2,13.68,28.653125000000003,25.746102792158172,42.2421875,112.93,-0.19509032201612872,0.9807852804032303,0.0,1.0,0,7.02,0.0,42.33,100.0
2018-10-08 23:15:00,2018-10-08 23:30:00,2018-10-09 00:15:00,13.18,3.28,3.28,3.49,2.56,3.28,13.469999999999999,24.86,24.71348063304722,42.2496875,112.93,-0.13052619222005168,0.9914448613738104,0.0,1.0,0,6.44,0.0,45.38,100.0
2018-10-08 23:30:00,2018-10-08 23:45:00,2018-10-09 00:30:00,13.100000000000001,3.28,3.28,3.49,2.48,3.17,13.259999999999998,21.38375,23.56602927812617,42.25802083333334,112.93,-0.0654031292301428,0.9978589232386035,0.0,1.0,0,6.05,0.0,47.66,100.0
2018-10-08 23:45:00,2018-10-09 00:00:00,2018-10-09 00:45:00,13.75,3.24,3.28,3.42,2.56,2.52,13.08,18.1575,22.259437745594564,42.26510416666667,112.93,0.0,1.0,0.7818314824680298,0.6234898018587336,0,6.01,0.0,47.45,100.0
2018-10-09 00:00:00,2018-10-09 00:15:00,2018-10-09 01:00:00,14.540000000000001,3.46,3.24,3.28,3.24,3.35,13.260000000000002,14.692500000000003,19.83003829421416,42.26739583333333,112.93,0.06540312923014306,0.9978589232386035,0.7818314824680298,0.6234898018587336,0,6.59,0.0,46.49,100.0
2018-10-09 00:15:00,2018-10-09 00:30:00,2018-10-09 01:15:00,14.58,3.2,3.46,3.28,2.63,2.52,13.18,11.607499999999998,17.388108544347197,42.27333333333333,112.93,0.13052619222005157,0.9914448613738104,0.7818314824680298,0.6234898018587336,0,6.23,0.0,45.69,100.0
2018-10-09 00:30:00,2018-10-09 00:45:00,2018-10-09 01:30:00,14.620000000000001,3.2,3.2,3.28,3.17,2.56,13.100000000000001,8.056875,12.15451084924338,42.27364583333333,112.93,0.19509032201612825,0.9807852804032304,0.7818314824680298,0.6234898018587336,0,6.16,0.0,46.1,100.0
2018-10-09 00:45:00,2018-10-09 01:00:00,2018-10-09 01:45:00,13.32,3.89,3.2,3.24,3.28,2.63,13.75,5.20875,5.793688241310538,42.279999999999994,112.93,0.25881904510252074,0.9659258262890683,0.7818314824680298,0.6234898018587336,0,6.26,0.0,52.78,100.0
2018-10-09 01:00:00,2018-10-09 01:15:00,2018-10-09 02:00:00,11.7,4.25,3.89,3.46,3.06,2.56,14.540000000000001,3.7668749999999998,0.9942630358084323,42.29239583333333,112.93,0.3214394653031616,0.9469301294951057,0.7818314824680298,0.6234898018587336,0,6.44,0.0,55.08,100.0
2018-10-09 01:15:00,2018-10-09 01:30:00,2018-10-09 02:15:00,11.120000000000001,3.24,4.25,3.2,2.59,2.59,14.58,3.5037499999999997,0.2980535815923036,42.299166666666665,112.93,0.3826834323650898,0.9238795325112867,0.7818314824680298,0.6234898018587336,0,5.98,0.0,47.64,100.0
2018-10-09 01:30:00,2018-10-09 01:45:00,2018-10-09 02:30:00,10.469999999999999,3.24,3.24,3.2,2.56,2.56,14.620000000000001,3.4675000000000002,0.2926068181023812,42.30625,112.93,0.44228869021900125,0.8968727415326884,0.7818314824680298,0.6234898018587336,0,6.05,0.0,47.21,100.0
2018-10-09 01:45:00,2018-10-09 02:00:00,2018-10-09 02:45:00,10.51,2.59,3.24,3.89,2.66,2.52,13.32,3.395625,0.35204702722079617,42.30552083333333,112.93,0.49999999999999994,0.8660254037844387,0.7818314824680298,0.6234898018587336,0,4.36,0.0,51.07,100.0
2018-10-09 02:00:00,2018-10-09 02:15:00,2018-10-09 03:00:00,10.51,2.63,2.59,4.25,2.63,3.13,11.7,3.32375,0.38232634947123384,42.30552083333333,112.93,0.5555702330196022,0.8314696123025452,0.7818314824680298,0.6234898018587336,0,4.43,0.0,51.05,100.0
2018-10-09 02:15:00,2018-10-09 02:30:00,2018-10-09 03:15:00,10.44,2.66,2.63,3.24,2.56,3.1,11.120000000000001,3.2718749999999996,0.41144894504057244,42.30656249999999,112.93,0.6087614290087207,0.7933533402912352,0.7818314824680298,0.6234898018587336,0,4.57,0.0,50.3,100.0
2018-10-09 02:30:00,2018-10-09 02:45:00,2018-10-09 03:30:00,10.44,2.59,2.66,3.24,2.66,2.59,10.469999999999999,3.215625,0.4384200147974543,42.30583333333333,112.93,0.6593458151000688,0.7518398074789774,0.7818314824680298,0.6234898018587336,0,4.54,0.0,49.55,100.0
2018-10-09 02:45:00,2018-10-09 03:00:00,2018-10-09 03:45:00,10.469999999999999,2.63,2.59,2.59,2.63,2.92,10.51,3.16625,0.4567257793249688,42.30583333333333,112.93,0.7071067811865476,0.7071067811865476,0.7818314824680298,0.6234898018587336,0,4.57,0.0,49.88,100.0
2018-10-09 03:00:00,2018-10-09 03:15:00,2018-10-09 04:00:00,10.43,2.63,2.63,2.63,2.63,2.95,10.51,3.125625,0.47340480497667115,42.30583333333333,112.93,0.7518398074789774,0.6593458151000688,0.7818314824680298,0.6234898018587336,0,4.61,0.0,49.55,100.0
2018-10-09 03:15:00,2018-10-09 03:30:00,2018-10-09 04:15:00,10.469999999999999,2.59,2.63,2.66,2.66,2.59,10.44,3.0824999999999996,0.4885629437442018,42.305104166666666,112.93,0.7933533402912352,0.6087614290087207,0.7818314824680298,0.6234898018587336,0,4.5,0.0,49.88,100.0
2018-10-09 03:30:00,2018-10-09 03:45:00,2018-10-09 04:30:00,10.54,2.59,2.59,2.59,2.63,2.66,10.44,3.0393749999999997,0.49955566193868733,42.3046875,112.93,0.8314696123025451,0.5555702330196024,0.7818314824680298,0.6234898018587336,0,4.46,0.0,50.22,100.0
2018-10-09 03:45:00,2018-10-09 04:00:00,2018-10-09 04:45:00,10.54,2.66,2.59,2.63,2.63,2.56,10.469999999999999,3.003125,0.5046994000145038,42.305,112.93,0.8660254037844386,0.5000000000000001,0.7818314824680298,0.6234898018587336,0,4.64,0.0,49.73,100.0
2018-10-09 04:00:00,2018-10-09 04:15:00,2018-10-09 05:00:00,10.940000000000001,2.59,2.66,2.63,3.1,2.56,10.43,2.9487499999999995,0.4993855599634416,42.2996875,112.93,0.8968727415326884,0.44228869021900125,0.7818314824680298,0.6234898018587336,0,4.57,0.0,49.31,100.0
2018-10-09 04:15:00,2018-10-09 04:30:00,2018-10-09 05:15:00,12.45,2.63,2.59,2.59,2.99,2.56,10.469999999999999,2.913125,0.5005212127123085,42.2959375,112.93,0.9238795325112867,0.38268343236508984,0.7818314824680298,0.6234898018587336,0,4.57,0.0,49.88,100.0
2018-10-09 04:30:00,2018-10-09 04:45:00,2018-10-09 05:30:00,13.139999999999999,2.66,2.63,2.59,2.7,2.59,10.54,2.8793749999999996,0.49824026269963373,42.295520833333335,112.93,0.9469301294951056,0.3214394653031617,0.7818314824680298,0.6234898018587336,0,4.61,0.0,49.98,100.0
2018-10-09 04:45:00,2018-10-09 05:00:00,2018-10-09 05:45:00,13.11,2.66,2.66,2.66,2.59,2.59,10.54,2.8024999999999998,0.4260355032154011,42.29625,112.93,0.9659258262890683,0.25881904510252074,0.7818314824680298,0.6234898018587336,0,4.75,0.0,48.86,100.0
2018-10-09 05:00:00,2018-10-09 05:15:00,2018-10-09 06:00:00,12.680000000000001,2.99,2.66,2.59,2.63,2.59,10.940000000000001,2.72375,0.21575086905966345,42.300000000000004,112.93,0.9807852804032304,0.19509032201612833,0.7818314824680298,0.6234898018587336,0,5.62,0.0,46.97,100.0
2018-10-09 05:15:00,2018-10-09 05:30:00,2018-10-09 06:15:00,11.13,4.14,2.99,2.63,2.66,2.63,12.45,2.7800000000000002,0.3899839740297029,42.31541666666667,112.93,0.9914448613738104,0.1305261922200517,0.7818314824680298,0.6234898018587336,0,6.48,0.0,53.84,100.0
2018-10-09 05:30:00,2018-10-09 05:45:00,2018-10-09 06:30:00,10.52,3.35,4.14,2.66,3.24,2.56,13.139999999999999,2.7868749999999998,0.39890034391436663,42.3165625,112.93,0.9978589232386035,0.06540312923014327,0.7818314824680298,0.6234898018587336,0,5.51,0.0,51.95,100.0
2018-10-09 05:45:00,2018-10-09 06:00:00,2018-10-09 06:45:00,10.66,2.63,3.35,2.66,2.88,2.77,13.11,2.7893749999999997,0.39778242718224743,42.31395833333333,112.93,1.0,6.123233995736766e-17,0.7818314824680298,0.6234898018587336,0,4.54,0.0,50.13,100.0
2018-10-09 06:00:00,2018-10-09 06:15:00,2018-10-09 07:00:00,11.05,2.56,2.63,2.99,2.56,3.13,12.680000000000001,2.785,0.3998906100422964,42.313958333333325,112.93,0.9978589232386035,-0.06540312923014314,0.7818314824680298,0.6234898018587336,0,4.64,0.0,48.31,100.0
2018-10-09 06:15:00,2018-10-09 06:30:00,2018-10-09 07:15:00,11.38,2.59,2.56,4.14,2.59,2.84,11.13,2.780625,0.4016134452119351,42.31395833333334,112.93,0.9914448613738104,-0.1305261922200516,0.7818314824680298,0.6234898018587336,0,4.75,0.0,47.87,100.0
2018-10-09 06:30:00,2018-10-09 06:45:00,2018-10-09 07:30:00,11.74,2.74,2.59,3.35,2.52,2.52,10.52,2.79,0.39879506014994714,42.316250000000004,112.93,0.9807852804032304,-0.1950903220161282,0.7818314824680298,0.6234898018587336,0,4.68,0.0,50.52,100.0
2018-10-09 06:45:00,2018-10-09 07:00:00,2018-10-09 07:45:00,12.25,2.77,2.74,2.63,2.52,3.06,10.66,2.79875,0.3967189653898588,42.31885416666666,112.93,0.9659258262890683,-0.25881904510252063,0.7818314824680298,0.6234898018587336,0,4.64,0.0,51.26,100.0
2018-10-09 07:00:00,2018-10-09 07:15:00,2018-10-09 08:00:00,12.61,2.95,2.77,2.56,2.52,2.84,11.05,2.81875,0.3957725830574927,42.32333333333333,112.93,0.9469301294951057,-0.3214394653031616,0.7818314824680298,0.6234898018587336,0,4.75,0.0,52.76,100.0
2018-10-09 07:15:00,2018-10-09 07:30:00,2018-10-09 08:15:00,38.24,2.92,2.95,2.59,2.66,2.63,11.38,2.839375,0.3918939389362892,42.32604166666667,112.93,0.9238795325112868,-0.3826834323650895,0.7818314824680298,0.6234898018587336,0,4.72,0.0,52.61,100.0
2018-10-09 07:30:00,2018-10-09 07:45:00,2018-10-09 08:30:00,89.1,3.1,2.92,2.74,2.88,2.88,11.74,2.8712500000000003,0.39105426413734445,42.32833333333333,112.93,0.8968727415326884,-0.44228869021900113,0.7818314824680298,0.6234898018587336,0,4.82,0.0,54.09,100.0
2018-10-09 07:45:00,2018-10-09 08:00:00,2018-10-09 08:45:00,141.87,3.28,3.1,2.77,3.46,3.17,12.25,2.91,0.39884207400924987,42.32645833333333,112.93,0.8660254037844387,-0.4999999999999998,0.7818314824680298,0.6234898018587336,0,4.64,0.0,57.72,100.0
2018-10-09 08:00:00,2018-10-09 08:15:00,2018-10-09 09:00:00,196.45,3.31,3.28,2.95,3.6,2.92,12.61,2.955,0.4008116764766216,42.3234375,112.93,0.8314696123025451,-0.5555702330196023,0.7818314824680298,0.6234898018587336,0,4.32,0.0,60.82,100.0
2018-10-09 08:15:00,2018-10-09 08:30:00,2018-10-09 09:15:00,218.97999999999996,28.55,3.31,2.92,16.45,19.3,38.24,4.574999999999999,6.202713116048493,42.44947916666666,112.93,0.7933533402912352,-0.6087614290087207,0.7818314824680298,0.6234898018587336,0,28.58,0.0,70.67,100.0
2018-10-09 08:30:00,2018-10-09 08:45:00,2018-10-09 09:30:00,228.55999999999997,53.96,28.55,3.1,95.83,50.72,89.1,7.78125,13.431094461640123,42.01333333333333,112.93,0.7518398074789774,-0.6593458151000688,0.7818314824680298,0.6234898018587336,0,51.73,0.0,72.19,100.0
2018-10-09 08:45:00,2018-10-09 09:00:00,2018-10-09 09:45:00,223.31,56.05,53.96,3.28,89.1,66.85,141.87,11.118125,17.69851343289529,41.669062499999995,112.93,0.7071067811865476,-0.7071067811865475,0.7818314824680298,0.6234898018587336,0,48.85,0.0,75.39,100.0
2018-10-09 09:00:00,2018-10-09 09:15:00,2018-10-09 10:00:00,225.43,57.89,56.05,3.31,110.09,59.0,196.45,14.549375,20.834113092699077,41.1253125,112.93,0.659345815100069,-0.7518398074789773,0.7818314824680298,0.6234898018587336,0,30.71,0.0,88.34,100.0
2018-10-09 09:15:00,2018-10-09 09:30:00,2018-10-09 10:15:00,231.16,51.08,57.89,28.55,87.44,50.44,218.97999999999996,17.483125,22.407288914198766,40.74656249999999,112.93,0.6087614290087209,-0.793353340291235,0.7818314824680298,0.6234898018587336,0,24.26,0.0,90.33,100.0
2018-10-09 09:30:00,2018-10-09 09:45:00,2018-10-09 10:30:00,223.02,63.54,51.08,53.96,88.38,69.66,228.55999999999997,21.245,24.65822479417365,40.4878125,112.93,0.5555702330196025,-0.831469612302545,0.7818314824680298,0.6234898018587336,0,37.48,0.0,86.13,100.0
2018-10-09 09:45:00,2018-10-09 10:00:00,2018-10-09 10:45:00,221.94,50.8,63.54,56.05,104.04,52.06,223.31,24.255625000000002,25.137629653755642,39.93322916666666,112.93,0.49999999999999994,-0.8660254037844387,0.7818314824680298,0.6234898018587336,0,29.34,0.0,86.59,100.0
2018-10-09 10:00:00,2018-10-09 10:15:00,2018-10-09 11:00:00,229.03,60.01,50.8,57.89,97.45,39.92,225.43,27.84625,25.874457210490426,39.54322916666666,112.93,0.4422886902190017,-0.8968727415326881,0.7818314824680298,0.6234898018587336,0,38.48,0.0,84.18,100.0
2018-10-09 10:15:00,2018-10-09 10:30:00,2018-10-09 11:15:00,219.88,56.81,60.01,51.08,72.54,41.15,231.16,31.235,25.895321971352278,39.379374999999996,112.93,0.3826834323650899,-0.9238795325112867,0.7818314824680298,0.6234898018587336,0,39.46,0.0,82.13,100.0
2018-10-09 10:30:00,2018-10-09 10:45:00,2018-10-09 11:30:00,225.64,55.4,56.81,63.54,105.88,49.97,223.02,34.526250000000005,25.406382287478475,38.853541666666665,112.93,0.32143946530316175,-0.9469301294951056,0.7818314824680298,0.6234898018587336,0,33.7,0.0,85.43,100.0
2018-10-09 10:45:00,2018-10-09 11:00:00,2018-10-09 11:45:00,241.57999999999998,49.72,55.4,50.8,103.25,66.24,221.94,37.460625,24.254342257817978,38.2959375,112.93,0.258819045102521,-0.9659258262890682,0.7818314824680298,0.6234898018587336,0,27.86,0.0,87.24,100.0
2018-10-09 11:00:00,2018-10-09 11:15:00,2018-10-09 12:00:00,229.23999999999998,67.1,49.72,60.01,85.82,51.55,229.03,41.47,23.508878376051882,38.10093749999999,112.93,0.19509032201612816,-0.9807852804032304,0.7818314824680298,0.6234898018587336,0,44.21,0.0,83.5,100.0
2018-10-09 11:15:00,2018-10-09 11:30:00,2018-10-09 12:15:00,188.77999999999997,47.66,67.1,56.81,112.93,59.83,219.88,44.26625,21.31576173720986,37.42104166666666,112.18,0.130526192220052,-0.9914448613738104,0.7818314824680298,0.6234898018587336,0,24.73,0.0,88.76,100.0
2018-10-09 11:30:00,2018-10-09 11:45:00,2018-10-09 12:30:00,132.37,61.16,47.66,55.4,87.7,53.17,225.64,47.894999999999996,18.791355392839545,37.14458333333333,112.18,0.06540312923014312,-0.9978589232386035,0.7818314824680298,0.6234898018587336,0,37.76,0.0,85.09,100.0
2018-10-09 11:45:00,2018-10-09 12:00:00,2018-10-09 12:45:00,70.74000000000001,65.66,61.16,49.72,111.2,61.06,241.57999999999998,51.79375,15.271979191889306,36.67020833333333,112.18,1.2246467991473532e-16,-1.0,0.7818314824680298,0.6234898018587336,0,44.96,0.0,82.51,100.0
2018-10-09 12:00:00,2018-10-09 12:15:00,2018-10-09 13:00:00,19.87,54.76,65.66,67.1,92.27,55.37,229.23999999999998,55.009375,8.747907941866728,36.27947916666667,112.18,-0.06540312923014287,-0.9978589232386035,0.7818314824680298,0.6234898018587336,0,41.62,0.0,79.61,100.0
2018-10-09 12:15:00,2018-10-09 12:30:00,2018-10-09 13:15:00,44.96,7.2,54.76,47.66,12.89,3.67,188.77999999999997,53.675,13.185131777877686,36.220208333333325,112.18,-0.13052619222005177,-0.9914448613738104,0.7818314824680298,0.6234898018587336,0,0.43,15.3,99.82,42.58
2018-10-09 12:30:00,2018-10-09 12:45:00,2018-10-09 13:30:00,101.91,4.75,7.2,61.16,3.49,6.3,132.37,50.599374999999995,17.719667910527413,36.23333333333333,112.18,-0.19509032201612792,-0.9807852804032305,0.7818314824680298,0.6234898018587336,0,0.0,15.91,100.0,28.61
2018-10-09 12:45:00,2018-10-09 13:00:00,2018-10-09 13:45:00,147.31,4.03,4.75,65.66,3.67,7.2,70.74000000000001,47.348124999999996,20.907016531164246,36.23708333333333,112.18,-0.2588190451025208,-0.9659258262890683,0.7818314824680298,0.6234898018587336,0,0.0,11.88,100.0,32.12
2018-10-09 13:00:00,2018-10-09 13:15:00,2018-10-09 14:00:00,216.5,3.89,4.03,54.76,4.39,6.12,19.87,43.973124999999996,23.169053907839544,36.231874999999995,112.18,-0.32143946530316153,-0.9469301294951057,0.7818314824680298,0.6234898018587336,0,0.0,14.72,100.0,25.55
2018-10-09 13:15:00,2018-10-09 13:30:00,2018-10-09 14:15:00,242.20999999999998,32.29,3.89,7.2,62.53,40.14,44.96,42.79875,23.255109888742727,35.916875,112.18,-0.38268343236508967,-0.9238795325112868,0.7818314824680298,0.6234898018587336,0,14.9,4.18,90.8,99.17
2018-10-09 13:30:00,2018-10-09 13:45:00,2018-10-09 14:30:00,246.68,61.7,32.29,4.75,98.42,63.86,101.91,42.68375,23.156597838143238,35.534375,112.18,-0.44228869021900147,-0.8968727415326883,0.7818314824680298,0.6234898018587336,0,38.05,0.0,85.12,100.0
2018-10-09 13:45:00,2018-10-09 14:00:00,2018-10-09 14:45:00,253.41,49.43,61.7,4.03,95.15,57.31,147.31,42.598124999999996,23.12894485778318,35.058125,112.18,-0.4999999999999997,-0.8660254037844388,0.7818314824680298,0.6234898018587336,0,24.59,0.0,89.53,100.0
2018-10-09 14:00:00,2018-10-09 14:15:00,2018-10-09 15:00:00,251.07,73.08,49.43,3.89,102.64,56.63,216.5,43.415,23.94585585231816,34.750208333333326,112.18,-0.555570233019602,-0.8314696123025455,0.7818314824680298,0.6234898018587336,0,48.89,0.0,83.12,100.0
2018-10-09 14:15:00,2018-10-09 14:30:00,2018-10-09 15:15:00,274.65,58.0,73.08,32.29,109.33,65.05,242.20999999999998,43.489375,23.989153660756248,34.21552083333333,112.18,-0.6087614290087207,-0.7933533402912352,0.7818314824680298,0.6234898018587336,0,32.36,0.0,87.33,100.0
2018-10-09 14:30:00,2018-10-09 14:45:00,2018-10-09 15:30:00,301.68,66.17,58.0,61.7,106.7,53.78,246.68,44.1625,24.460389024911276,33.79333333333333,112.18,-0.6593458151000688,-0.7518398074789774,0.7818314824680298,0.6234898018587336,0,49.57,0.0,80.03,100.0
2018-10-09 14:45:00,2018-10-09 15:00:00,2018-10-09 15:45:00,332.32,56.16,66.17,49.43,111.92,53.75,253.41,44.565,24.601107952691887,33.2125,112.18,-0.7071067811865471,-0.7071067811865479,0.7818314824680298,0.6234898018587336,0,32.11,0.0,86.81,100.0
2018-10-09 15:00:00,2018-10-09 15:15:00,2018-10-09 16:00:00,346.67999999999995,70.74,56.16,73.08,73.19,52.27,251.07,44.792500000000004,24.824267990214732,33.18697916666667,112.18,-0.7518398074789773,-0.6593458151000691,0.7818314824680298,0.6234898018587336,0,32.26,0.0,90.99,100.0
2018-10-09 15:15:00,2018-10-09 15:30:00,2018-10-09 16:15:00,358.16,81.58,70.74,58.0,112.18,48.49,274.65,46.9125,26.37837146698029,32.86822916666666,111.56,-0.7933533402912349,-0.6087614290087209,0.7818314824680298,0.6234898018587336,0,42.7,0.0,88.6,100.0
2018-10-09 15:30:00,2018-10-09 15:45:00,2018-10-09 16:30:00,382.36,93.2,81.58,66.17,94.93,62.46,301.68,48.915,28.51367763898582,32.850208333333335,111.56,-0.8314696123025452,-0.5555702330196022,0.7818314824680298,0.6234898018587336,0,45.58,0.0,89.83,100.0
2018-10-09 15:45:00,2018-10-09 16:00:00,2018-10-09 16:45:00,389.34000000000003,86.8,93.2,56.16,103.32,55.15,332.32,50.23625,29.72312228615123,32.678124999999994,111.56,-0.8660254037844385,-0.5000000000000004,0.7818314824680298,0.6234898018587336,0,56.34,0.0,83.88,100.0
2018-10-09 16:00:00,2018-10-09 16:15:00,2018-10-09 17:00:00,372.96000000000004,85.1,86.8,70.74,107.46,55.37,346.67999999999995,52.13249999999999,30.8959023375269,32.44520833333333,111.56,-0.8968727415326883,-0.44228869021900136,0.7818314824680298,0.6234898018587336,0,38.3,0.0,91.19,100.0
2018-10-09 16:15:00,2018-10-09 16:30:00,2018-10-09 17:15:00,397.4,93.06,85.1,81.58,87.84,70.52,358.16,57.49875,30.071054370232847,32.49958333333333,111.56,-0.9238795325112868,-0.3826834323650895,0.7818314824680298,0.6234898018587336,0,44.6,0.0,90.18,100.0
2018-10-09 16:30:00,2018-10-09 16:45:00,2018-10-09 17:30:00,384.51,117.4,93.06,93.2,111.56,57.49,382.36,64.53937499999999,30.084148331960055,32.56041666666667,117.4,-0.9469301294951056,-0.3214394653031618,0.7818314824680298,0.6234898018587336,0,62.35,0.0,88.32,100.0
2018-10-09 16:45:00,2018-10-09 17:00:00,2018-10-09 17:45:00,344.8,93.78,117.4,86.8,94.68,57.82,389.34000000000003,70.14875,26.423337193426196,32.55104166666667,117.4,-0.9659258262890683,-0.25881904510252063,0.7818314824680298,0.6234898018587336,0,51.16,0.0,87.79,100.0
2018-10-09 17:00:00,2018-10-09 17:15:00,2018-10-09 18:00:00,302.46999999999997,68.72,93.78,85.1,107.68,69.48,372.96000000000004,74.200625,20.18697026201245,32.14520833333333,117.4,-0.9807852804032303,-0.19509032201612866,0.7818314824680298,0.6234898018587336,0,43.13,0.0,84.7,100.0
2018-10-09 17:15:00,2018-10-09 17:30:00,2018-10-09 18:15:00,189.04000000000002,117.5,68.72,93.06,110.99,54.58,397.4,79.52625,19.660809963923157,32.21302083333333,117.5,-0.9914448613738104,-0.13052619222005163,0.7818314824680298,0.6234898018587336,0,59.47,0.0,89.22,100.0
2018-10-09 17:30:00,2018-10-09 17:45:00,2018-10-09 18:30:00,88.2,104.51,117.5,117.4,58.21,45.58,384.51,82.201875,19.963448230062237,32.6953125,117.5,-0.9978589232386035,-0.06540312923014273,0.7818314824680298,0.6234898018587336,0,46.73,0.0,91.29,100.0
2018-10-09 17:45:00,2018-10-09 18:00:00,2018-10-09 18:45:00,37.800000000000004,54.07,104.51,93.78,31.57,31.03,344.8,82.491875,19.513920101670372,32.9296875,117.5,-1.0,-1.8369701987210297e-16,0.7818314824680298,0.6234898018587336,0,24.62,0.0,91.01,100.0
2018-10-09 18:00:00,2018-10-09 18:15:00,2018-10-09 19:00:00,15.33,26.39,54.07,68.72,28.37,30.02,302.46999999999997,79.57374999999999,23.737205731456683,32.9090625,117.5,-0.9978589232386036,0.06540312923014237,0.7818314824680298,0.6234898018587336,0,11.05,1.8,92.24,99.77
2018-10-09 18:15:00,2018-10-09 18:30:00,2018-10-09 19:15:00,16.12,4.07,26.39,117.5,42.91,46.8,189.04000000000002,76.203125,29.65308873430178,32.50447916666666,117.5,-0.9914448613738105,0.13052619222005127,0.7818314824680298,0.6234898018587336,0,0.0,6.19,100.0,54.94
2018-10-09 18:30:00,2018-10-09 18:45:00,2018-10-09 19:30:00,16.59,3.67,4.07,104.51,53.82,96.7,88.2,72.296875,34.44664419772084,31.982083333333332,117.5,-0.9807852804032304,0.1950903220161283,0.7818314824680298,0.6234898018587336,0,0.0,10.69,100.0,32.47
2018-10-09 18:45:00,2018-10-09 19:00:00,2018-10-09 19:45:00,16.630000000000003,3.67,3.67,54.07,53.35,95.29,37.800000000000004,69.01625,38.12986852111478,31.464583333333326,117.5,-0.9659258262890684,0.2588190451025203,0.7818314824680298,0.6234898018587336,0,0.0,18.14,100.0,19.83
2018-10-09 19:00:00,2018-10-09 19:15:00,2018-10-09 20:00:00,16.35,3.92,3.67,26.39,53.32,71.24,15.33,64.84,41.244456748755944,30.95,117.5,-0.9469301294951057,0.3214394653031615,0.7818314824680298,0.6234898018587336,0,0.0,18.07,100.0,21.2
2018-10-09 19:15:00,2018-10-09 19:30:00,2018-10-09 20:15:00,15.16,4.86,3.92,4.07,63.97,117.47,16.12,60.045,43.4217570752267,30.334270833333335,117.5,-0.923879532511287,0.38268343236508917,0.7818314824680298,0.6234898018587336,0,0.0,18.14,100.0,25.88
2018-10-09 19:30:00,2018-10-09 19:45:00,2018-10-09 20:30:00,14.73,4.14,4.86,3.67,58.9,128.12,16.59,54.478750000000005,44.50952747376116,29.763854166666665,117.5,-0.8968727415326884,0.442288690219001,0.7818314824680298,0.6234898018587336,0,0.0,18.22,100.0,22.16
2018-10-09 19:45:00,2018-10-09 20:00:00,2018-10-09 20:45:00,14.69,3.71,4.14,3.67,54.86,96.95,16.630000000000003,49.285624999999996,45.27614893196389,29.23104166666666,117.5,-0.8660254037844386,0.5000000000000001,0.7818314824680298,0.6234898018587336,0,0.0,18.29,100.0,19.88
2018-10-09 20:00:00,2018-10-09 20:15:00,2018-10-09 21:00:00,14.790000000000001,3.64,3.71,3.92,58.9,100.37,16.35,44.194374999999994,45.54187289856858,28.655416666666667,117.5,-0.8314696123025455,0.5555702330196018,0.7818314824680298,0.6234898018587336,0,0.0,18.22,100.0,19.59
2018-10-09 20:15:00,2018-10-09 20:30:00,2018-10-09 21:15:00,14.790000000000001,3.67,3.64,4.86,52.56,81.54,15.16,38.6075,44.67938555698814,28.146145833333332,117.5,-0.7933533402912357,0.6087614290087199,0.7818314824680298,0.6234898018587336,0,0.0,17.93,100.0,20.05
2018-10-09 20:30:00,2018-10-09 20:45:00,2018-10-09 21:30:00,14.72,3.71,3.67,4.14,60.01,128.66,14.73,31.501875000000002,40.42098684760647,27.5596875,117.5,-0.7518398074789772,0.6593458151000691,0.7818314824680298,0.6234898018587336,0,0.0,17.93,100.0,20.26
2018-10-09 20:45:00,2018-10-09 21:00:00,2018-10-09 21:45:00,14.760000000000002,3.67,3.71,3.71,49.46,85.97,14.69,25.87,37.52520736118589,27.08270833333333,117.5,-0.7071067811865477,0.7071067811865474,0.7818314824680298,0.6234898018587336,0,0.0,17.96,100.0,20.02
2018-10-09 21:00:00,2018-10-09 21:15:00,2018-10-09 22:00:00,14.66,3.74,3.67,3.64,27.32,62.53,14.790000000000001,21.80875,36.15934645340676,26.83708333333333,117.5,-0.6593458151000687,0.7518398074789775,0.7818314824680298,0.6234898018587336,0,0.0,18.11,100.0,20.22
2018-10-09 21:15:00,2018-10-09 21:30:00,2018-10-09 22:15:00,14.45,3.67,3.74,3.67,7.45,7.74,14.790000000000001,14.694375,26.55459352182547,26.797708333333333,117.5,-0.608761429008721,0.7933533402912349,0.7818314824680298,0.6234898018587336,0,0.0,18.11,100.0,19.86
2018-10-09 21:30:00,2018-10-09 21:45:00,2018-10-09 22:30:00,14.339999999999998,3.64,3.67,3.71,3.82,4.0,14.72,8.39,12.994646493845071,26.79583333333333,117.5,-0.555570233019603,0.8314696123025447,0.7818314824680298,0.6234898018587336,0,0.0,18.07,100.0,19.75
2018-10-09 21:45:00,2018-10-09 22:00:00,2018-10-09 22:45:00,14.049999999999999,3.71,3.64,3.67,3.74,3.78,14.760000000000002,5.2425,5.468690999681734,26.79552083333333,117.5,-0.5000000000000004,0.8660254037844384,0.7818314824680298,0.6234898018587336,0,0.0,18.0,100.0,20.19
2018-10-09 22:00:00,2018-10-09 22:15:00,2018-10-09 23:00:00,13.79,3.64,3.71,3.74,3.78,3.67,14.66,3.820625,0.3070925908826197,26.7940625,117.5,-0.4422886902190014,0.8968727415326883,0.7818314824680298,0.6234898018587336,0,0.0,17.35,100.0,20.53
2018-10-09 22:15:00,2018-10-09 22:30:00,2018-10-09 23:15:00,13.069999999999999,3.46,3.64,3.67,3.49,3.46,14.45,3.7824999999999998,0.3115987002540287,26.79375,117.5,-0.38268343236508956,0.9238795325112868,0.7818314824680298,0.6234898018587336,0,6.8,0.07,45.35,99.98
2018-10-09 22:30:00,2018-10-09 22:45:00,2018-10-09 23:30:00,12.35,3.53,3.46,3.64,3.49,3.53,14.339999999999998,3.77375,0.31656111179359986,26.794166666666666,117.5,-0.32143946530316186,0.9469301294951056,0.7818314824680298,0.6234898018587336,0,6.98,0.0,45.13,100.0
2018-10-09 22:45:00,2018-10-09 23:00:00,2018-10-09 23:45:00,11.85,3.42,3.53,3.71,3.42,3.42,14.049999999999999,3.758125,0.3272846381592024,26.794166666666666,117.5,-0.25881904510252157,0.9659258262890681,0.7818314824680298,0.6234898018587336,0,6.88,0.0,44.51,100.0
2018-10-09 23:00:00,2018-10-09 23:15:00,2018-10-10 00:00:00,12.030000000000001,3.38,3.42,3.64,3.28,3.42,13.79,3.724375,0.33656293523648745,26.795208333333335,117.5,-0.19509032201612872,0.9807852804032303,0.7818314824680298,0.6234898018587336,0,6.62,0.0,45.47,100.0
2018-10-09 23:15:00,2018-10-09 23:30:00,2018-10-10 00:15:00,12.350000000000001,2.74,3.38,3.46,3.28,3.38,13.069999999999999,3.591875,0.27509586397290664,26.789583333333336,117.5,-0.13052619222005168,0.9914448613738104,0.7818314824680298,0.6234898018587336,0,4.5,0.0,52.01,100.0
2018-10-09 23:30:00,2018-10-09 23:45:00,2018-10-10 00:30:00,12.350000000000001,2.81,2.74,3.53,3.28,4.07,12.35,3.50875,0.2969822174811145,26.7846875,117.5,-0.0654031292301428,0.9978589232386035,0.7818314824680298,0.6234898018587336,0,4.64,0.0,51.8,100.0
2018-10-09 23:45:00,2018-10-10 00:00:00,2018-10-10 00:45:00,12.27,2.92,2.81,3.42,3.24,4.64,11.85,3.459375,0.32387244306207963,26.78135416666667,117.5,0.0,1.0,0.9749279121818236,-0.22252093395631434,0,4.75,0.0,52.37,100.0
2018-10-10 00:00:00,2018-10-10 00:15:00,2018-10-10 01:00:00,11.55,3.56,2.92,3.38,3.46,2.7,12.030000000000001,3.4543749999999998,0.3216552648022413,26.78239583333333,117.5,0.06540312923014306,0.9978589232386035,0.9749279121818236,-0.22252093395631434,0,7.38,0.0,43.45,100.0
2018-10-10 00:15:00,2018-10-10 00:30:00,2018-10-10 01:15:00,11.370000000000001,3.06,3.56,2.74,3.2,3.38,12.350000000000001,3.41625,0.3298839758157404,26.780937500000004,117.5,0.13052619222005157,0.9914448613738104,0.9749279121818236,-0.22252093395631434,0,5.65,0.0,47.62,100.0
2018-10-10 00:30:00,2018-10-10 00:45:00,2018-10-10 01:30:00,11.37,2.81,3.06,2.81,3.2,3.38,12.350000000000001,3.36,0.3510519904515569,26.776875,117.5,0.19509032201612825,0.9807852804032304,0.9749279121818236,-0.22252093395631434,0,4.75,0.0,50.92,100.0
2018-10-10 00:45:00,2018-10-10 01:00:00,2018-10-10 01:45:00,11.34,2.84,2.81,2.92,3.89,3.38,12.27,3.308125,0.3625468719696806,26.765937499999996,117.5,0.25881904510252074,0.9659258262890683,0.9749279121818236,-0.22252093395631434,0,5.0,0.0,49.39,100.0
2018-10-10 01:00:00,2018-10-10 01:15:00,2018-10-10 02:00:00,11.31,2.84,2.84,3.56,4.25,3.38,11.55,3.251875,0.3609920142814796,26.751249999999995,117.5,0.3214394653031616,0.9469301294951057,0.9749279121818236,-0.22252093395631434,0,4.86,0.0,50.45,100.0
2018-10-10 01:15:00,2018-10-10 01:30:00,2018-10-10 02:15:00,11.379999999999999,2.88,2.84,3.06,3.24,3.42,11.370000000000001,3.2024999999999997,0.35439208512606485,26.747500000000002,117.5,0.3826834323650898,0.9238795325112867,0.9749279121818236,-0.22252093395631434,0,4.9,0.0,50.67,100.0
2018-10-10 01:30:00,2018-10-10 01:45:00,2018-10-10 02:30:00,12.030000000000001,2.81,2.88,2.81,3.24,3.46,11.37,3.150625,0.3472295485338193,26.743020833333333,117.5,0.44228869021900125,0.8968727415326884,0.9749279121818236,-0.22252093395631434,0,4.82,0.0,50.36,100.0
2018-10-10 01:45:00,2018-10-10 02:00:00,2018-10-10 02:45:00,12.139999999999999,2.81,2.81,2.84,2.59,4.43,11.34,3.0943750000000003,0.32419069908774373,26.7453125,117.5,0.49999999999999994,0.8660254037844387,0.9749279121818236,-0.22252093395631434,0,4.82,0.0,50.36,100.0
2018-10-10 02:00:00,2018-10-10 02:15:00,2018-10-10 03:00:00,12.17,2.81,2.81,2.84,2.63,3.56,11.31,3.0425000000000004,0.2980876548936571,26.747187499999995,117.5,0.5555702330196022,0.8314696123025452,0.9749279121818236,-0.22252093395631434,0,4.86,0.0,50.05,100.0
2018-10-10 02:15:00,2018-10-10 02:30:00,2018-10-10 03:15:00,12.059999999999999,2.95,2.81,2.88,2.66,3.53,11.379999999999999,3.010625,0.27835383844129036,26.750208333333333,117.5,0.6087614290087207,0.7933533402912352,0.9749279121818236,-0.22252093395631434,0,5.4,0.0,47.94,100.0
2018-10-10 02:30:00,2018-10-10 02:45:00,2018-10-10 03:30:00,11.44,3.46,2.95,2.81,2.59,3.56,12.030000000000001,3.00625,0.2705982954491768,26.759270833333332,117.5,0.6593458151000688,0.7518398074789774,0.9749279121818236,-0.22252093395631434,0,6.84,0.0,45.14,100.0
2018-10-10 02:45:00,2018-10-10 03:00:00,2018-10-10 03:45:00,11.33,2.92,3.46,2.81,2.63,3.56,12.139999999999999,2.9749999999999996,0.24902309129877895,26.76229166666667,117.5,0.7071067811865476,0.7071067811865476,0.9749279121818236,-0.22252093395631434,0,5.18,0.0,49.11,100.0
2018-10-10 03:00:00,2018-10-10 03:15:00,2018-10-10 04:00:00,11.370000000000001,2.84,2.92,2.81,2.63,3.49,12.17,2.94125,0.2275103019645484,26.764479166666664,117.5,0.7518398074789774,0.6593458151000688,0.9749279121818236,-0.22252093395631434,0,5.08,0.0,48.8,100.0
2018-10-10 03:15:00,2018-10-10 03:30:00,2018-10-10 04:15:00,11.340000000000002,2.84,2.84,2.95,2.59,3.13,12.059999999999999,2.9475,0.22322914236273006,26.767083333333336,117.5,0.7933533402912352,0.6087614290087207,0.9749279121818236,-0.22252093395631434,0,5.0,0.0,49.39,100.0
2018-10-10 03:30:00,2018-10-10 03:45:00,2018-10-10 04:30:00,11.49,2.84,2.84,3.46,2.59,2.92,11.44,2.9493750000000003,0.2221899173567514,26.769687499999993,117.5,0.8314696123025451,0.5555702330196024,0.9749279121818236,-0.22252093395631434,0,5.08,0.0,48.8,100.0
2018-10-10 03:45:00,2018-10-10 04:00:00,2018-10-10 04:45:00,12.14,2.81,2.84,2.92,2.66,2.92,11.33,2.9425,0.2246803284669132,26.77125,117.5,0.8660254037844386,0.5000000000000001,0.9749279121818236,-0.22252093395631434,0,4.9,0.0,49.75,100.0
2018-10-10 04:00:00,2018-10-10 04:15:00,2018-10-10 05:00:00,12.21,2.88,2.81,2.84,2.59,2.92,11.370000000000001,2.9,0.15839034061457158,26.774270833333333,117.5,0.8968727415326884,0.44228869021900125,0.9749279121818236,-0.22252093395631434,0,4.93,0.0,50.44,100.0
2018-10-10 04:15:00,2018-10-10 04:30:00,2018-10-10 05:15:00,12.21,2.81,2.88,2.84,2.63,2.92,11.340000000000002,2.884375,0.15410908271416063,26.77614583333333,117.5,0.9238795325112867,0.38268343236508984,0.9749279121818236,-0.22252093395631434,0,4.82,0.0,50.36,100.0
2018-10-10 04:30:00,2018-10-10 04:45:00,2018-10-10 05:30:00,12.14,2.99,2.81,2.84,2.66,2.92,11.49,2.895625,0.15483736427296868,26.77958333333333,117.5,0.9469301294951056,0.3214394653031617,0.9749279121818236,-0.22252093395631434,0,5.26,0.0,49.42,100.0
2018-10-10 04:45:00,2018-10-10 05:00:00,2018-10-10 05:45:00,11.99,3.46,2.99,2.81,2.66,2.92,12.14,2.934375,0.2053950081550182,26.78791666666666,117.5,0.9659258262890683,0.25881904510252074,0.9749279121818236,-0.22252093395631434,0,6.91,0.0,44.77,100.0
2018-10-10 05:00:00,2018-10-10 05:15:00,2018-10-10 06:00:00,12.14,2.95,3.46,2.88,2.99,2.92,12.21,2.94125,0.20395695011447884,26.787499999999998,117.5,0.9807852804032304,0.19509032201612833,0.9749279121818236,-0.22252093395631434,0,5.0,0.0,50.81,100.0
2018-10-10 05:15:00,2018-10-10 05:30:00,2018-10-10 06:15:00,12.07,2.81,2.95,2.81,4.14,2.99,12.21,2.936875,0.20596476488710394,26.77364583333333,117.5,0.9914448613738104,0.1305261922200517,0.9749279121818236,-0.22252093395631434,0,4.79,0.0,50.6,100.0
2018-10-10 05:30:00,2018-10-10 05:45:00,2018-10-10 06:30:00,11.96,2.92,2.81,2.99,3.35,2.99,12.14,2.9437499999999996,0.20343533985028264,26.769166666666663,117.5,0.9978589232386035,0.06540312923014327,0.9749279121818236,-0.22252093395631434,0,4.72,0.0,52.61,100.0
2018-10-10 05:45:00,2018-10-10 06:00:00,2018-10-10 06:45:00,11.39,3.31,2.92,3.46,2.63,2.92,11.99,2.975,0.2183460556089805,26.776249999999994,117.5,1.0,6.123233995736766e-17,0.9749279121818236,-0.22252093395631434,0,6.05,0.0,48.0,100.0
2018-10-10 06:00:00,2018-10-10 06:15:00,2018-10-10 07:00:00,11.06,3.1,3.31,2.95,2.56,3.53,12.14,2.993125,0.2159200879376442,26.781875,117.5,0.9978589232386035,-0.06540312923014314,0.9749279121818236,-0.22252093395631434,0,5.65,0.0,48.1,100.0
2018-10-10 06:15:00,2018-10-10 06:30:00,2018-10-10 07:15:00,11.06,2.74,3.1,2.81,2.59,3.24,12.07,2.9800000000000004,0.22436020146184574,26.783437499999994,117.5,0.9914448613738104,-0.1305261922200516,0.9749279121818236,-0.22252093395631434,0,4.68,0.0,50.52,100.0
2018-10-10 06:30:00,2018-10-10 06:45:00,2018-10-10 07:30:00,11.31,2.81,2.74,2.92,2.74,3.49,11.96,2.939375,0.1899825238673284,26.784166666666664,117.5,0.9807852804032304,-0.1950903220161282,0.9749279121818236,-0.22252093395631434,0,4.82,0.0,50.36,100.0
2018-10-10 06:45:00,2018-10-10 07:00:00,2018-10-10 07:45:00,12.89,2.74,2.81,3.31,2.77,3.06,11.39,2.928125,0.19602993234452742,26.783854166666668,117.5,0.9659258262890683,-0.25881904510252063,0.9749279121818236,-0.22252093395631434,0,4.64,0.0,50.85,100.0
2018-10-10 07:00:00,2018-10-10 07:15:00,2018-10-10 08:00:00,18.29,2.77,2.74,3.1,2.95,2.88,11.06,2.92375,0.19871068793600408,26.781979166666662,117.5,0.9469301294951057,-0.3214394653031616,0.9749279121818236,-0.22252093395631434,0,4.46,0.0,52.76,100.0
2018-10-10 07:15:00,2018-10-10 07:30:00,2018-10-10 08:15:00,59.150000000000006,2.74,2.77,2.74,2.92,2.88,11.06,2.9175000000000004,0.2027775875189366,26.780104166666664,117.5,0.9238795325112868,-0.3826834323650895,0.9749279121818236,-0.22252093395631434,0,4.54,0.0,51.67,100.0
2018-10-10 07:30:00,2018-10-10 07:45:00,2018-10-10 08:30:00,117.65,3.06,2.74,2.81,3.1,2.92,11.31,2.9312500000000004,0.20450779325003726,26.779687499999998,117.5,0.8968727415326884,-0.44228869021900113,0.9749279121818236,-0.22252093395631434,0,4.36,0.0,57.45,100.0
2018-10-10 07:45:00,2018-10-10 08:00:00,2018-10-10 08:45:00,175.07000000000002,4.32,3.06,2.74,3.28,2.99,12.89,3.0256250000000002,0.39055999459109997,26.790520833333332,117.5,0.8660254037844387,-0.4999999999999998,0.9749279121818236,-0.22252093395631434,0,6.8,0.0,53.62,100.0
2018-10-10 08:00:00,2018-10-10 08:15:00,2018-10-10 09:00:00,225.54000000000002,8.17,4.32,2.77,3.31,3.13,18.29,3.35625,1.3022810516551335,26.841145833333332,117.5,0.8314696123025451,-0.5555702330196023,0.9749279121818236,-0.22252093395631434,0,9.65,0.0,64.62,100.0
2018-10-10 08:15:00,2018-10-10 08:30:00,2018-10-10 09:15:00,248.11,43.6,8.17,2.74,28.55,42.37,59.150000000000006,5.905625000000001,9.8183724266996,26.99791666666667,117.5,0.7933533402912352,-0.6087614290087207,0.9749279121818236,-0.22252093395631434,0,40.46,0.0,73.3,100.0
2018-10-10 08:30:00,2018-10-10 08:45:00,2018-10-10 09:30:00,266.0,61.56,43.6,3.06,53.96,73.04,117.65,9.56625,16.614964593326704,27.077083333333334,117.5,0.7518398074789774,-0.6593458151000688,0.9749279121818236,-0.22252093395631434,0,56.74,0.0,73.53,100.0
2018-10-10 08:45:00,2018-10-10 09:00:00,2018-10-10 09:45:00,318.31,61.74,61.56,4.32,56.05,87.88,175.07000000000002,13.208750000000002,20.75066531312912,27.136354166666667,117.5,0.7071067811865476,-0.7071067811865475,0.9749279121818236,-0.22252093395631434,0,54.79,0.0,74.8,100.0
2018-10-10 09:00:00,2018-10-10 09:15:00,2018-10-10 10:00:00,347.19,58.64,61.74,8.17,57.89,57.06,225.54000000000002,16.689375000000002,23.257206267292187,27.144166666666667,117.5,0.659345815100069,-0.7518398074789773,0.9749279121818236,-0.22252093395631434,0,37.12,0.0,84.49,100.0
2018-10-10 09:15:00,2018-10-10 09:30:00,2018-10-10 10:15:00,380.41999999999996,66.17,58.64,43.6,51.08,70.02,248.11,20.649375,25.810792187753073,27.30135416666666,117.5,0.6087614290087209,-0.793353340291235,0.9749279121818236,-0.22252093395631434,0,41.65,0.0,84.63,100.0
2018-10-10 09:30:00,2018-10-10 09:45:00,2018-10-10 10:30:00,420.56000000000006,79.45,66.17,61.56,63.54,69.37,266.0,25.432500000000005,28.97874447332044,27.467083333333335,117.5,0.5555702330196025,-0.831469612302545,0.9749279121818236,-0.22252093395631434,0,47.12,0.0,86.01,100.0
2018-10-10 09:45:00,2018-10-10 10:00:00,2018-10-10 10:45:00,388.01,114.05,79.45,61.74,50.8,60.95,318.31,32.353750000000005,35.3849183754534,28.125937500000003,117.5,0.49999999999999994,-0.8660254037844387,0.9749279121818236,-0.22252093395631434,0,53.03,0.0,90.68,100.0
2018-10-10 10:00:00,2018-10-10 10:15:00,2018-10-10 11:00:00,421.31,87.52,114.05,58.64,60.01,57.1,347.19,37.63,36.89138737564636,28.412499999999998,117.5,0.4422886902190017,-0.8968727415326881,0.9749279121818236,-0.22252093395631434,0,42.26,0.0,90.05,100.0
2018-10-10 10:15:00,2018-10-10 10:30:00,2018-10-10 11:15:00,412.40999999999997,99.4,87.52,66.17,56.81,51.62,380.41999999999996,43.67125,38.5599087257413,28.85614583333333,117.5,0.3826834323650899,-0.9238795325112867,0.9749279121818236,-0.22252093395631434,0,44.06,0.0,91.42,100.0
2018-10-10 10:30:00,2018-10-10 10:45:00,2018-10-10 11:30:00,413.56,119.59,99.4,79.45,55.4,54.5,420.56000000000006,50.970000000000006,41.10317186665769,29.52479166666667,119.59,0.32143946530316175,-0.9469301294951056,0.9749279121818236,-0.22252093395631434,0,57.2,0.0,90.21,100.0
2018-10-10 10:45:00,2018-10-10 11:00:00,2018-10-10 11:45:00,425.8,81.5,119.59,114.05,49.72,52.38,388.01,55.8925,39.72545130328918,29.855833333333333,119.59,0.258819045102521,-0.9659258262890682,0.9749279121818236,-0.22252093395631434,0,43.85,0.0,88.06,100.0
2018-10-10 11:00:00,2018-10-10 11:15:00,2018-10-10 12:00:00,344.76,120.82,81.5,87.52,67.1,62.14,421.31,63.270624999999995,40.13444304284507,30.41541666666667,120.82,0.19509032201612816,-0.9807852804032304,0.9749279121818236,-0.22252093395631434,0,59.15,0.0,89.81,100.0
2018-10-10 11:15:00,2018-10-10 11:30:00,2018-10-10 12:15:00,258.18,90.5,120.82,99.4,47.66,62.89,412.40999999999997,68.755625,37.39025189951754,30.861666666666665,120.82,0.130526192220052,-0.9914448613738104,0.9749279121818236,-0.22252093395631434,0,48.89,0.0,87.98,100.0
2018-10-10 11:30:00,2018-10-10 11:45:00,2018-10-10 12:30:00,141.10999999999996,120.74,90.5,119.59,61.16,55.66,413.56,76.110625,35.2574625910512,31.48229166666667,120.82,0.06540312923014312,-0.9978589232386035,0.9749279121818236,-0.22252093395631434,0,58.32,0.0,90.05,100.0
2018-10-10 11:45:00,2018-10-10 12:00:00,2018-10-10 12:45:00,51.260000000000005,93.74,120.74,81.5,65.66,54.72,425.8,81.699375,30.15229437139693,31.77479166666667,120.82,1.2246467991473532e-16,-1.0,0.9749279121818236,-0.22252093395631434,0,36.18,0.0,93.29,100.0
2018-10-10 12:00:00,2018-10-10 12:15:00,2018-10-10 13:00:00,15.870000000000001,39.78,93.74,120.82,54.76,33.05,344.76,83.675,26.02257337389982,31.618750000000002,120.82,-0.06540312923014287,-0.9978589232386035,0.9749279121818236,-0.22252093395631434,0,21.96,3.82,87.55,99.54
2018-10-10 12:15:00,2018-10-10 12:30:00,2018-10-10 13:15:00,75.09,3.92,39.78,90.5,7.2,5.58,258.18,81.195,31.1159496882226,31.58458333333333,120.82,-0.13052619222005177,-0.9914448613738104,0.9749279121818236,-0.22252093395631434,0,0.0,15.98,100.0,23.82
2018-10-10 12:30:00,2018-10-10 12:45:00,2018-10-10 13:30:00,168.73000000000002,3.67,3.92,120.74,4.75,5.87,141.10999999999996,77.576875,36.14759357805682,31.573333333333334,120.82,-0.19509032201612792,-0.9807852804032305,0.9749279121818236,-0.22252093395631434,0,0.0,16.06,100.0,22.28
2018-10-10 12:45:00,2018-10-10 13:00:00,2018-10-10 13:45:00,252.28,3.89,3.67,93.74,4.03,4.82,51.260000000000005,73.96125,40.21517233504663,31.571875000000002,120.82,-0.2588190451025208,-0.9659258262890683,0.9749279121818236,-0.22252093395631434,0,0.0,14.94,100.0,25.2
2018-10-10 13:00:00,2018-10-10 13:15:00,2018-10-10 14:00:00,332.02,4.39,3.89,39.78,3.89,4.72,15.870000000000001,70.570625,43.515541831159304,31.577083333333334,120.82,-0.32143946530316153,-0.9469301294951057,0.9749279121818236,-0.22252093395631434,0,0.0,16.85,100.0,25.21
2018-10-10 13:15:00,2018-10-10 13:30:00,2018-10-10 14:15:00,382.03,63.14,4.39,3.92,32.29,41.4,75.09,70.38125,43.54086656162805,31.8984375,120.82,-0.38268343236508967,-0.9238795325112868,0.9749279121818236,-0.22252093395631434,0,23.9,1.62,93.52,99.97
2018-10-10 13:30:00,2018-10-10 13:45:00,2018-10-10 14:30:00,343.22,97.31,63.14,3.67,61.7,52.7,168.73000000000002,71.4975,43.98571650263299,32.269375000000004,120.82,-0.44228869021900147,-0.8968727415326883,0.9749279121818236,-0.22252093395631434,0,39.56,0.0,92.64,100.0
2018-10-10 13:45:00,2018-10-10 14:00:00,2018-10-10 14:45:00,304.45,87.44,97.31,3.89,49.43,51.01,252.28,69.834375,42.83331384109073,32.665312500000006,120.82,-0.4999999999999997,-0.8660254037844388,0.9749279121818236,-0.22252093395631434,0,34.34,0.0,93.08,100.0
2018-10-10 14:00:00,2018-10-10 14:15:00,2018-10-10 15:00:00,280.48,84.13,87.44,4.39,73.08,49.39,332.02,69.6225,42.75361804865174,32.78041666666667,120.82,-0.555570233019602,-0.8314696123025455,0.9749279121818236,-0.22252093395631434,0,33.8,0.0,92.79,100.0
2018-10-10 14:15:00,2018-10-10 14:30:00,2018-10-10 15:15:00,229.89999999999998,113.15,84.13,63.14,58.0,59.33,382.03,70.481875,43.47562322997078,33.35489583333334,120.82,-0.6087614290087207,-0.7933533402912352,0.9749279121818236,-0.22252093395631434,0,43.67,0.0,93.29,100.0
2018-10-10 14:30:00,2018-10-10 14:45:00,2018-10-10 15:30:00,221.69,58.5,113.15,97.31,66.17,57.6,343.22,66.66375,41.6389129713721,33.275,120.82,-0.6593458151000688,-0.7518398074789774,0.9749279121818236,-0.22252093395631434,0,23.8,0.0,92.63,100.0
2018-10-10 14:45:00,2018-10-10 15:00:00,2018-10-10 15:45:00,284.72999999999996,48.67,58.5,87.44,56.16,59.36,304.45,64.611875,41.66614546288599,33.19697916666667,120.82,-0.7071067811865471,-0.7071067811865479,0.9749279121818236,-0.22252093395631434,0,21.38,0.0,91.56,100.0
2018-10-10 15:00:00,2018-10-10 15:15:00,2018-10-10 16:00:00,330.09,60.16,48.67,84.13,70.74,65.12,280.48,60.820625,39.05730684979925,33.08677083333333,120.82,-0.7518398074789773,-0.6593458151000691,0.9749279121818236,-0.22252093395631434,0,29.12,0.0,90.01,100.0
2018-10-10 15:15:00,2018-10-10 15:30:00,2018-10-10 16:15:00,353.66999999999996,62.57,60.16,113.15,81.58,52.38,229.89999999999998,59.075,38.308787503652475,32.888749999999995,120.82,-0.7933533402912349,-0.6087614290087209,0.9749279121818236,-0.22252093395631434,0,37.37,0.0,85.85,100.0
2018-10-10 15:30:00,2018-10-10 15:45:00,2018-10-10 16:30:00,404.9,50.29,62.57,58.5,93.2,66.78,221.69,54.671875,34.861704494106064,32.44177083333333,120.82,-0.8314696123025452,-0.5555702330196022,0.9749279121818236,-0.22252093395631434,0,23.22,0.0,90.79,100.0
2018-10-10 15:45:00,2018-10-10 16:00:00,2018-10-10 16:45:00,372.64,111.71,50.29,48.67,86.8,58.0,284.72999999999996,55.795,36.3595429357961,32.70125,120.82,-0.8660254037844385,-0.5000000000000004,0.9749279121818236,-0.22252093395631434,0,57.42,0.0,88.94,100.0
2018-10-10 16:00:00,2018-10-10 16:15:00,2018-10-10 17:00:00,381.28,105.52,111.71,60.16,85.1,58.9,330.09,59.903749999999995,37.995269421830656,32.91395833333333,120.82,-0.8968727415326883,-0.44228869021900136,0.9749279121818236,-0.22252093395631434,0,38.3,0.0,94.0,100.0
2018-10-10 16:15:00,2018-10-10 16:30:00,2018-10-10 17:15:00,399.96,86.15,105.52,62.57,93.06,69.12,353.66999999999996,65.043125,35.558334592390224,32.84197916666667,120.82,-0.9238795325112868,-0.3826834323650895,0.9749279121818236,-0.22252093395631434,0,32.94,0.0,93.41,100.0
2018-10-10 16:30:00,2018-10-10 16:45:00,2018-10-10 17:30:00,379.84000000000003,101.52,86.15,50.29,117.4,64.01,404.9,71.15875,32.783199370066065,32.676562499999996,120.82,-0.9469301294951056,-0.3214394653031618,0.9749279121818236,-0.22252093395631434,0,37.62,0.0,93.77,100.0
2018-10-10 16:45:00,2018-10-10 17:00:00,2018-10-10 17:45:00,332.93,79.45,101.52,111.71,93.78,45.9,372.64,75.88125,27.819326212859647,32.52729166666666,120.82,-0.9659258262890683,-0.25881904510252063,0.9749279121818236,-0.22252093395631434,0,35.96,0.0,91.1,100.0
2018-10-10 17:00:00,2018-10-10 17:15:00,2018-10-10 18:00:00,250.49,114.16,79.45,105.52,68.72,16.7,381.28,82.741875,22.338044402641316,33.000625,120.82,-0.9807852804032303,-0.19509032201612866,0.9749279121818236,-0.22252093395631434,0,54.76,0.0,90.16,100.0
2018-10-10 17:15:00,2018-10-10 17:30:00,2018-10-10 18:15:00,209.09,104.83,114.16,86.15,117.5,3.89,399.96,85.3475,22.331081058694853,32.86864583333333,120.82,-0.9914448613738104,-0.13052619222005163,0.9749279121818236,-0.22252093395631434,0,37.44,0.0,94.17,100.0
2018-10-10 17:30:00,2018-10-10 17:45:00,2018-10-10 18:30:00,247.57,81.4,104.83,101.52,104.51,3.6,379.84000000000003,84.35312499999999,22.129583908975217,32.627916666666664,120.82,-0.9978589232386035,-0.06540312923014273,0.9749279121818236,-0.22252093395631434,0,27.04,0.04,94.9,100.0
2018-10-10 17:45:00,2018-10-10 18:00:00,2018-10-10 18:45:00,297.65,32.54,81.4,79.45,54.07,3.64,332.93,80.921875,25.39954630961693,32.403645833333336,120.82,-1.0,-1.8369701987210297e-16,0.9749279121818236,-0.22252093395631434,0,1.12,0.97,99.94,99.96
2018-10-10 18:00:00,2018-10-10 18:15:00,2018-10-10 19:00:00,366.3,31.72,32.54,114.16,26.39,3.56,250.49,77.64625000000001,28.019020520665958,32.45916666666667,120.82,-0.9978589232386036,0.06540312923014237,0.9749279121818236,-0.22252093395631434,0,6.55,0.36,97.93,99.99
2018-10-10 18:15:00,2018-10-10 18:30:00,2018-10-10 19:15:00,388.19,63.43,31.72,104.83,4.07,3.49,209.09,74.53875,26.631899076812,33.07749999999999,120.82,-0.9914448613738105,0.13052619222005127,0.9749279121818236,-0.22252093395631434,0,28.48,0.0,91.23,100.0
2018-10-10 18:30:00,2018-10-10 18:45:00,2018-10-10 19:30:00,355.9,119.88,63.43,81.4,3.67,3.49,247.57,78.375,28.406917291392247,34.28802083333333,120.82,-0.9807852804032304,0.1950903220161283,0.9749279121818236,-0.22252093395631434,0,55.33,0.0,90.8,100.0
2018-10-10 18:45:00,2018-10-10 19:00:00,2018-10-10 19:45:00,325.37,82.62,119.88,32.54,3.67,3.74,297.65,80.496875,27.357405925715526,35.11041666666666,120.82,-0.9659258262890684,0.2588190451025203,0.9749279121818236,-0.22252093395631434,0,27.54,0.0,94.87,100.0
2018-10-10 19:00:00,2018-10-10 19:15:00,2018-10-10 20:00:00,295.42,100.37,82.62,31.72,3.92,3.64,366.3,83.01,27.220330637227754,36.11510416666667,120.82,-0.9469301294951057,0.3214394653031615,0.9749279121818236,-0.22252093395631434,0,34.88,0.0,94.46,100.0
2018-10-10 19:15:00,2018-10-10 19:30:00,2018-10-10 20:15:00,310.83000000000004,85.32,100.37,63.43,4.86,4.21,388.19,84.43187499999999,26.704795032622417,36.95322916666667,120.82,-0.923879532511287,0.38268343236508917,0.9749279121818236,-0.22252093395631434,0,30.17,0.0,94.28,100.0
2018-10-10 19:30:00,2018-10-10 19:45:00,2018-10-10 20:30:00,304.42,87.59,85.32,119.88,4.14,4.1,355.9,86.763125,25.208738246575827,37.8225,120.82,-0.8968727415326884,0.442288690219001,0.9749279121818236,-0.22252093395631434,0,32.51,0.0,93.75,100.0
2018-10-10 19:45:00,2018-10-10 20:00:00,2018-10-10 20:45:00,351.73,52.09,87.59,82.62,3.71,3.6,325.37,83.036875,25.648352461403345,38.32645833333333,120.82,-0.8660254037844386,0.5000000000000001,0.9749279121818236,-0.22252093395631434,0,21.35,0.0,92.53,100.0
2018-10-10 20:00:00,2018-10-10 20:15:00,2018-10-10 21:00:00,375.8500000000001,70.42,52.09,100.37,3.64,3.64,295.42,80.843125,25.127303058314375,39.022083333333335,120.82,-0.8314696123025455,0.5555702330196018,0.9749279121818236,-0.22252093395631434,0,27.29,0.0,93.24,100.0
2018-10-10 20:15:00,2018-10-10 20:30:00,2018-10-10 21:15:00,315.01,100.73,70.42,85.32,3.67,3.56,310.83000000000004,81.754375,25.563817929045243,40.03312499999999,120.82,-0.7933533402912357,0.6087614290087199,0.9749279121818236,-0.22252093395631434,0,36.83,0.0,93.92,100.0
2018-10-10 20:30:00,2018-10-10 20:45:00,2018-10-10 21:30:00,267.74,81.18,100.73,87.59,3.71,3.53,304.42,80.483125,25.049866945442542,40.84010416666666,120.82,-0.7518398074789772,0.6593458151000691,0.9749279121818236,-0.22252093395631434,0,31.03,0.0,93.41,100.0
2018-10-10 20:45:00,2018-10-10 21:00:00,2018-10-10 21:45:00,179.72,99.4,81.18,52.09,3.67,3.6,351.73,81.73,25.46055650413007,41.837291666666665,120.82,-0.7071067811865477,0.7071067811865474,0.9749279121818236,-0.22252093395631434,0,41.0,0.0,92.44,100.0
2018-10-10 21:00:00,2018-10-10 21:15:00,2018-10-10 22:00:00,93.88999999999999,94.54,99.4,70.42,3.74,2.92,375.8500000000001,80.50375,24.315852821513374,42.783125000000005,120.82,-0.6593458151000687,0.7518398074789775,0.9749279121818236,-0.22252093395631434,0,46.4,0.0,89.77,100.0
2018-10-10 21:15:00,2018-10-10 21:30:00,2018-10-10 22:15:00,64.58,39.89,94.54,100.73,3.67,2.92,315.01,76.44500000000001,25.315887057340102,43.16041666666666,120.82,-0.608761429008721,0.7933533402912349,0.9749279121818236,-0.22252093395631434,0,12.38,0.0,95.51,100.0
2018-10-10 21:30:00,2018-10-10 21:45:00,2018-10-10 22:30:00,35.17,33.91,39.89,81.18,3.64,2.95,267.74,73.476875,27.26951611203204,43.47572916666667,120.82,-0.555570233019603,0.8314696123025447,0.9749279121818236,-0.22252093395631434,0,6.26,0.4,98.34,99.99
2018-10-10 21:45:00,2018-10-10 22:00:00,2018-10-10 22:45:00,28.61,11.38,33.91,99.4,3.71,2.88,179.72,72.15437500000002,29.633420948472608,43.555625,120.82,-0.5000000000000004,0.8660254037844384,0.9749279121818236,-0.22252093395631434,0,0.18,11.92,99.99,69.05
2018-10-10 22:00:00,2018-10-10 22:15:00,2018-10-10 23:00:00,24.689999999999998,8.71,11.38,94.54,3.64,2.92,93.88999999999999,70.71625,32.02283655358313,43.6084375,120.82,-0.4422886902190014,0.8968727415326883,0.9749279121818236,-0.22252093395631434,0,0.07,12.85,100.0,56.11
2018-10-10 22:15:00,2018-10-10 22:30:00,2018-10-10 23:15:00,18.5,10.58,8.71,39.89,3.46,2.74,64.58,67.41312500000001,35.17465524329094,43.68260416666667,120.82,-0.38268343236508956,0.9238795325112868,0.9749279121818236,-0.22252093395631434,0,18.0,0.0,50.67,100.0
2018-10-10 22:30:00,2018-10-10 22:45:00,2018-10-10 23:30:00,17.490000000000002,4.5,10.58,33.91,3.53,2.77,35.17,60.20187500000001,35.50471469022635,43.692708333333336,120.82,-0.32143946530316186,0.9469301294951056,0.9749279121818236,-0.22252093395631434,0,8.71,0.0,45.9,100.0
2018-10-10 22:45:00,2018-10-10 23:00:00,2018-10-10 23:45:00,16.23,4.82,4.5,11.38,3.42,2.77,28.61,55.339375000000004,37.379500977934086,43.70729166666666,120.82,-0.25881904510252157,0.9659258262890681,0.9749279121818236,-0.22252093395631434,0,8.86,0.0,47.79,100.0
2018-10-10 23:00:00,2018-10-10 23:15:00,2018-10-11 00:00:00,15.0,4.79,4.82,8.71,3.38,2.77,24.689999999999998,49.365624999999994,37.343125700848546,43.721979166666664,120.82,-0.19509032201612872,0.9807852804032303,0.9749279121818236,-0.22252093395631434,0,8.64,0.0,48.49,100.0
2018-10-10 23:15:00,2018-10-10 23:30:00,2018-10-11 00:15:00,14.14,4.39,4.79,10.58,2.74,2.95,18.5,44.3075,37.61057057198149,43.73916666666667,120.82,-0.13052619222005168,0.9914448613738104,0.9749279121818236,-0.22252093395631434,0,7.85,0.0,48.81,100.0
2018-10-10 23:30:00,2018-10-10 23:45:00,2018-10-11 00:30:00,14.14,3.49,4.39,4.5,2.81,3.31,17.490000000000002,39.05125,37.06710399312981,43.746249999999996,120.82,-0.0654031292301428,0.9978589232386035,0.9749279121818236,-0.22252093395631434,0,6.59,0.0,46.8,100.0
2018-10-10 23:45:00,2018-10-11 00:00:00,2018-10-11 00:45:00,14.11,3.56,3.49,4.82,2.92,3.02,16.23,36.018125000000005,37.85329034885046,43.752916666666664,120.82,0.0,1.0,0.43388373911755823,-0.900968867902419,0,7.31,0.0,43.78,100.0
2018-10-11 00:00:00,2018-10-11 00:15:00,2018-10-11 01:00:00,14.19,3.56,3.56,4.79,3.56,4.46,15.0,31.839375000000004,37.51382669575813,43.752916666666664,120.82,0.06540312923014306,0.9978589232386035,0.43388373911755823,-0.900968867902419,0,6.91,0.0,45.8,100.0
2018-10-11 00:15:00,2018-10-11 00:30:00,2018-10-11 01:15:00,14.22,3.53,3.56,4.39,3.06,3.02,14.14,25.764375,33.52387917006884,43.7578125,120.82,0.13052619222005157,0.9914448613738104,0.43388373911755823,-0.900968867902419,0,6.26,0.0,49.12,100.0
2018-10-11 00:30:00,2018-10-11 00:45:00,2018-10-11 01:30:00,14.26,3.49,3.53,3.49,2.81,3.28,14.14,20.90875,30.648848239982854,43.764895833333334,120.82,0.19509032201612825,0.9807852804032304,0.43388373911755823,-0.900968867902419,0,6.26,0.0,48.69,100.0
2018-10-11 00:45:00,2018-10-11 01:00:00,2018-10-11 01:45:00,14.26,3.53,3.49,3.56,2.84,2.74,14.11,14.916875000000001,23.179104199351084,43.772083333333335,120.82,0.25881904510252074,0.9659258262890683,0.43388373911755823,-0.900968867902419,0,7.13,0.0,44.37,100.0
2018-10-11 01:00:00,2018-10-11 01:15:00,2018-10-11 02:00:00,14.219999999999999,3.64,3.53,3.56,2.84,2.77,14.19,9.235625,10.802876335003331,43.78041666666667,120.82,0.3214394653031616,0.9469301294951057,0.43388373911755823,-0.900968867902419,0,7.09,0.0,45.67,100.0
2018-10-11 01:15:00,2018-10-11 01:30:00,2018-10-11 02:15:00,14.33,3.56,3.64,3.53,2.88,2.74,14.22,6.965,7.404662382580314,43.7875,120.82,0.3826834323650898,0.9238795325112867,0.43388373911755823,-0.900968867902419,0,6.3,0.0,49.2,100.0
2018-10-11 01:30:00,2018-10-11 01:45:00,2018-10-11 02:30:00,14.440000000000001,3.53,3.56,3.49,2.81,2.77,14.26,5.06625,2.565961990657695,43.794999999999995,120.82,0.44228869021900125,0.8968727415326884,0.43388373911755823,-0.900968867902419,0,6.44,0.0,48.07,100.0
2018-10-11 01:45:00,2018-10-11 02:00:00,2018-10-11 02:45:00,14.51,3.53,3.53,3.53,2.81,2.81,14.26,4.575625,1.9998717732332243,43.8025,120.82,0.49999999999999994,0.8660254037844387,0.43388373911755823,-0.900968867902419,0,6.8,0.0,46.07,100.0
2018-10-11 02:00:00,2018-10-11 02:15:00,2018-10-11 03:00:00,14.55,3.6,3.53,3.64,2.81,2.74,14.219999999999999,4.25625,1.699606112456648,43.81072916666667,120.82,0.5555702330196022,0.8314696123025452,0.43388373911755823,-0.900968867902419,0,6.95,0.0,45.99,100.0
2018-10-11 02:15:00,2018-10-11 02:30:00,2018-10-11 03:15:00,14.520000000000001,3.67,3.6,3.56,2.95,2.74,14.33,3.824375,0.47356320525881235,43.81822916666667,120.82,0.6087614290087207,0.7933533402912352,0.43388373911755823,-0.900968867902419,0,6.23,0.0,50.76,100.0
2018-10-11 02:30:00,2018-10-11 02:45:00,2018-10-11 03:30:00,14.370000000000001,3.64,3.67,3.53,3.46,2.81,14.440000000000001,3.770625,0.4415522159099646,43.82010416666666,120.82,0.6593458151000688,0.7518398074789774,0.43388373911755823,-0.900968867902419,0,6.23,0.0,50.45,100.0
2018-10-11 02:45:00,2018-10-11 03:00:00,2018-10-11 03:45:00,13.83,3.6,3.64,3.53,2.92,2.74,14.51,3.694375,0.34949908351095854,43.8271875,120.82,0.7071067811865476,0.7071067811865476,0.43388373911755823,-0.900968867902419,0,6.55,0.0,48.17,100.0
2018-10-11 03:00:00,2018-10-11 03:15:00,2018-10-11 04:00:00,13.540000000000001,3.64,3.6,3.6,2.84,2.74,14.55,3.6225,0.20528942983017895,43.835520833333334,120.82,0.7518398074789774,0.6593458151000688,0.43388373911755823,-0.900968867902419,0,6.88,0.0,46.77,100.0
2018-10-11 03:15:00,2018-10-11 03:30:00,2018-10-11 04:15:00,13.46,3.64,3.64,3.67,2.84,2.81,14.520000000000001,3.575625,0.05612138072962927,43.84385416666667,120.82,0.7933533402912352,0.6087614290087207,0.43388373911755823,-0.900968867902419,0,6.55,0.0,48.58,100.0
2018-10-11 03:30:00,2018-10-11 03:45:00,2018-10-11 04:30:00,13.030000000000001,3.49,3.64,3.64,2.84,2.77,14.370000000000001,3.5756249999999996,0.05612138072962927,43.850625,120.82,0.8314696123025451,0.5555702330196024,0.43388373911755823,-0.900968867902419,0,6.48,0.0,47.42,100.0
2018-10-11 03:45:00,2018-10-11 04:00:00,2018-10-11 04:45:00,12.920000000000002,3.06,3.49,3.6,2.81,2.77,13.83,3.544375,0.13702047064216355,43.853229166666665,120.82,0.8660254037844386,0.5000000000000001,0.43388373911755823,-0.900968867902419,0,6.16,0.0,44.49,100.0
2018-10-11 04:00:00,2018-10-11 04:15:00,2018-10-11 05:00:00,12.63,3.35,3.06,3.64,2.88,3.38,13.540000000000001,3.53125,0.1447357505939704,43.858125,120.82,0.8968727415326884,0.44228869021900125,0.43388373911755823,-0.900968867902419,0,6.98,0.0,43.27,100.0
2018-10-11 04:15:00,2018-10-11 04:30:00,2018-10-11 05:15:00,12.09,3.56,3.35,3.64,2.81,2.92,13.46,3.533125,0.14490163689551613,43.865937499999994,120.82,0.9238795325112867,0.38268343236508984,0.43388373911755823,-0.900968867902419,0,7.6,0.0,42.42,100.0
2018-10-11 04:30:00,2018-10-11 04:45:00,2018-10-11 05:30:00,12.02,3.06,3.56,3.49,2.99,2.81,13.030000000000001,3.5062499999999996,0.18479295846974259,43.86666666666667,120.82,0.9469301294951056,0.3214394653031617,0.43388373911755823,-0.900968867902419,0,6.01,0.0,45.37,100.0
2018-10-11 04:45:00,2018-10-11 05:00:00,2018-10-11 05:45:00,12.06,2.95,3.06,3.06,3.46,2.77,12.920000000000002,3.4699999999999998,0.22833637467560877,43.861354166666665,120.82,0.9659258262890683,0.25881904510252074,0.43388373911755823,-0.900968867902419,0,6.01,0.0,44.06,100.0
2018-10-11 05:00:00,2018-10-11 05:15:00,2018-10-11 06:00:00,11.99,3.06,2.95,3.35,2.95,3.35,12.63,3.43375,0.24397425581401,43.862500000000004,120.82,0.9807852804032304,0.19509032201612833,0.43388373911755823,-0.900968867902419,0,6.16,0.0,44.49,100.0
2018-10-11 05:15:00,2018-10-11 05:30:00,2018-10-11 06:15:00,12.280000000000001,3.02,3.06,3.56,2.81,3.02,12.09,3.4,0.2609358158628286,43.864687499999995,120.82,0.9914448613738104,0.1305261922200517,0.43388373911755823,-0.900968867902419,0,6.08,0.0,44.49,100.0
2018-10-11 05:30:00,2018-10-11 05:45:00,2018-10-11 06:30:00,12.600000000000001,2.99,3.02,3.06,2.92,2.74,12.02,3.36625,0.2764026727439516,43.86541666666667,120.82,0.9978589232386035,0.06540312923014327,0.43388373911755823,-0.900968867902419,0,6.05,0.0,44.31,100.0
2018-10-11 05:45:00,2018-10-11 06:00:00,2018-10-11 06:45:00,12.530000000000001,2.99,2.99,2.95,3.31,2.7,12.06,3.3325,0.2871084289950401,43.862083333333324,120.82,1.0,6.123233995736766e-17,0.43388373911755823,-0.900968867902419,0,5.9,0.0,45.2,100.0
2018-10-11 06:00:00,2018-10-11 06:15:00,2018-10-11 07:00:00,12.419999999999998,2.99,2.99,3.06,3.1,2.77,11.99,3.294375,0.289546385532612,43.8609375,120.82,0.9978589232386035,-0.06540312923014314,0.43388373911755823,-0.900968867902419,0,6.05,0.0,44.31,100.0
2018-10-11 06:15:00,2018-10-11 06:30:00,2018-10-11 07:15:00,11.989999999999998,3.31,2.99,3.02,2.74,2.7,12.280000000000001,3.271875,0.27299768199565355,43.86687499999999,120.82,0.9914448613738104,-0.1305261922200516,0.43388373911755823,-0.900968867902419,0,6.52,0.0,45.27,100.0
2018-10-11 06:30:00,2018-10-11 06:45:00,2018-10-11 07:30:00,12.1,3.31,3.31,2.99,2.81,2.7,12.600000000000001,3.25125,0.25636582748096515,43.87208333333333,120.82,0.9807852804032304,-0.1950903220161282,0.43388373911755823,-0.900968867902419,0,6.19,0.0,47.15,100.0
2018-10-11 06:45:00,2018-10-11 07:00:00,2018-10-11 07:45:00,13.75,2.92,3.31,2.99,2.74,2.77,12.530000000000001,3.20875,0.251343266271448,43.87395833333333,120.82,0.9659258262890683,-0.25881904510252063,0.43388373911755823,-0.900968867902419,0,5.8,0.0,44.97,100.0
2018-10-11 07:00:00,2018-10-11 07:15:00,2018-10-11 08:00:00,15.05,2.88,2.92,2.99,2.77,2.99,12.419999999999998,3.16125,0.23674551210107447,43.87510416666667,120.82,0.9469301294951057,-0.3214394653031616,0.43388373911755823,-0.900968867902419,0,5.69,0.0,45.16,100.0
2018-10-11 07:15:00,2018-10-11 07:30:00,2018-10-11 08:15:00,59.33,2.88,2.88,3.31,2.74,3.31,11.989999999999998,3.11375,0.21073902699784872,43.8765625,120.82,0.9238795325112868,-0.3826834323650895,0.43388373911755823,-0.900968867902419,0,5.62,0.0,45.61,100.0
2018-10-11 07:30:00,2018-10-11 07:45:00,2018-10-11 08:30:00,162.39999999999998,3.42,2.88,3.31,3.06,3.02,12.1,3.109375,0.2034842976128625,43.8803125,120.82,0.8968727415326884,-0.44228869021900113,0.43388373911755823,-0.900968867902419,0,6.12,0.0,48.78,100.0
2018-10-11 07:45:00,2018-10-11 08:00:00,2018-10-11 08:45:00,293.84,4.57,3.42,2.92,4.32,3.24,13.75,3.2037500000000003,0.40704537523475204,43.88291666666666,120.82,0.8660254037844387,-0.4999999999999998,0.43388373911755823,-0.900968867902419,0,7.67,0.0,51.19,100.0
2018-10-11 08:00:00,2018-10-11 08:15:00,2018-10-11 09:00:00,403.48999999999995,4.18,4.57,2.88,8.17,3.31,15.05,3.2556249999999998,0.47034520235142185,43.84135416666666,120.82,0.8314696123025451,-0.5555702330196023,0.43388373911755823,-0.900968867902419,0,6.3,0.0,55.29,100.0
2018-10-11 08:15:00,2018-10-11 08:30:00,2018-10-11 09:15:00,494.35,47.16,4.18,2.88,43.6,33.73,59.33,5.980625,10.64257691348176,43.8784375,120.82,0.7933533402912352,-0.6087614290087207,0.43388373911755823,-0.900968867902419,0,34.88,0.0,80.4,100.0
2018-10-11 08:30:00,2018-10-11 08:45:00,2018-10-11 09:30:00,483.8,106.49,47.16,3.42,61.56,43.96,162.39999999999998,12.444999999999999,26.50144477193649,44.34645833333334,120.82,0.7518398074789774,-0.6593458151000688,0.43388373911755823,-0.900968867902419,0,74.59,0.0,81.91,100.0
2018-10-11 08:45:00,2018-10-11 09:00:00,2018-10-11 09:45:00,450.79,136.01,106.49,4.57,61.74,56.77,293.84,20.761249999999997,39.77186440736089,45.12010416666666,136.01,0.7071067811865476,-0.7071067811865475,0.43388373911755823,-0.900968867902419,0,93.2,0.0,82.49,100.0
2018-10-11 09:00:00,2018-10-11 09:15:00,2018-10-11 10:00:00,412.09000000000003,113.83,136.01,4.18,58.64,64.8,403.48999999999995,27.684375,45.339278358939225,45.69499999999999,136.01,0.659345815100069,-0.7518398074789773,0.43388373911755823,-0.900968867902419,0,56.02,0.0,89.72,100.0
2018-10-11 09:15:00,2018-10-11 09:30:00,2018-10-11 10:15:00,374.03999999999996,138.02,113.83,47.16,66.17,68.98,494.35,36.121874999999996,52.031816494663865,46.443437499999995,138.02,0.6087614290087209,-0.793353340291235,0.43388373911755823,-0.900968867902419,0,73.91,0.0,88.16,100.0
2018-10-11 09:30:00,2018-10-11 09:45:00,2018-10-11 10:30:00,379.58000000000004,95.94,138.02,106.49,79.45,70.27,483.8,41.93125,53.184504542559196,46.615208333333335,138.02,0.5555702330196025,-0.831469612302545,0.43388373911755823,-0.900968867902419,0,48.13,0.0,89.38,100.0
2018-10-11 09:45:00,2018-10-11 10:00:00,2018-10-11 10:45:00,396.34999999999997,103.0,95.94,136.01,114.05,62.78,450.79,48.181875,54.10944386365817,46.50010416666667,138.02,0.49999999999999994,-0.8660254037844387,0.43388373911755823,-0.900968867902419,0,44.82,0.0,91.69,100.0
2018-10-11 10:00:00,2018-10-11 10:15:00,2018-10-11 11:00:00,423.31999999999994,75.13,103.0,113.83,87.52,64.08,412.09000000000003,52.690625,53.15304865065949,46.37104166666666,138.02,0.4422886902190017,-0.8968727415326881,0.43388373911755823,-0.900968867902419,0,38.88,0.0,88.81,100.0
2018-10-11 10:15:00,2018-10-11 10:30:00,2018-10-11 11:15:00,460.51,99.97,75.13,138.02,99.4,59.72,374.03999999999996,58.731875,52.688288098346625,46.376979166666665,138.02,0.3826834323650899,-0.9238795325112867,0.43388373911755823,-0.900968867902419,0,52.49,0.0,88.54,100.0
2018-10-11 10:30:00,2018-10-11 10:45:00,2018-10-11 11:30:00,444.71,101.48,99.97,95.94,119.59,52.67,379.58000000000004,64.8675,51.58147372119179,46.18833333333333,138.02,0.32143946530316175,-0.9469301294951056,0.43388373911755823,-0.900968867902419,0,50.36,0.0,89.58,100.0
2018-10-11 10:45:00,2018-10-11 11:00:00,2018-10-11 11:45:00,424.40999999999997,119.77,101.48,103.0,81.5,62.03,396.34999999999997,72.170625,50.55553659946035,46.58697916666667,138.02,0.258819045102521,-0.9659258262890682,0.43388373911755823,-0.900968867902419,0,55.84,0.0,90.63,100.0
2018-10-11 11:00:00,2018-10-11 11:15:00,2018-10-11 12:00:00,432.83,102.1,119.77,75.13,120.82,55.98,423.31999999999994,78.37187499999999,47.67932285314437,46.391979166666665,138.02,0.19509032201612816,-0.9807852804032304,0.43388373911755823,-0.900968867902419,0,54.29,0.0,88.29,100.0
2018-10-11 11:15:00,2018-10-11 11:30:00,2018-10-11 12:15:00,307.69,137.16,102.1,99.97,90.5,62.39,460.51,86.764375,45.416930209002174,46.87802083333333,138.02,0.130526192220052,-0.9914448613738104,0.43388373911755823,-0.900968867902419,0,73.48,0.0,88.15,100.0
2018-10-11 11:30:00,2018-10-11 11:45:00,2018-10-11 12:30:00,230.04000000000002,85.68,137.16,101.48,120.74,70.49,444.71,91.905625,40.02743792836827,46.512812499999995,138.02,0.06540312923014312,-0.9978589232386035,0.43388373911755823,-0.900968867902419,0,41.62,0.0,89.95,100.0
2018-10-11 11:45:00,2018-10-11 12:00:00,2018-10-11 12:45:00,138.63,99.47,85.68,119.77,93.74,66.2,424.40999999999997,97.836875,33.07374841145731,46.57249999999999,138.02,1.2246467991473532e-16,-1.0,0.43388373911755823,-0.900968867902419,0,50.65,0.0,89.11,100.0
2018-10-11 12:00:00,2018-10-11 12:15:00,2018-10-11 13:00:00,35.99,110.52,99.47,102.1,39.78,60.77,432.83,104.483125,22.616993809619682,47.30937500000001,138.02,-0.06540312923014287,-0.9978589232386035,0.43388373911755823,-0.900968867902419,0,60.98,0.0,87.56,100.0
2018-10-11 12:15:00,2018-10-11 12:30:00,2018-10-11 13:15:00,60.94,12.02,110.52,137.16,3.92,12.28,307.69,102.28687500000001,28.90800834516925,47.39374999999999,138.02,-0.13052619222005177,-0.9914448613738104,0.43388373911755823,-0.900968867902419,0,1.22,12.35,99.49,69.75
2018-10-11 12:30:00,2018-10-11 12:45:00,2018-10-11 13:30:00,117.92999999999999,8.03,12.02,85.68,3.67,4.14,230.04000000000002,96.133125,36.769179641166524,47.439166666666665,138.02,-0.19509032201612792,-0.9807852804032305,0.43388373911755823,-0.900968867902419,0,0.0,14.58,100.0,48.24
2018-10-11 12:45:00,2018-10-11 13:00:00,2018-10-11 13:45:00,161.06,8.06,8.03,99.47,3.89,4.43,138.63,88.13625,40.9077248015274,47.48260416666667,138.02,-0.2588190451025208,-0.9659258262890683,0.43388373911755823,-0.900968867902419,0,0.0,14.36,100.0,48.95
2018-10-11 13:00:00,2018-10-11 13:15:00,2018-10-11 14:00:00,210.17000000000002,7.88,8.06,110.52,4.39,5.04,35.99,81.514375,44.6194887309276,47.51895833333333,138.02,-0.32143946530316153,-0.9469301294951057,0.43388373911755823,-0.900968867902419,0,0.0,14.62,100.0,47.45
2018-10-11 13:15:00,2018-10-11 13:30:00,2018-10-11 14:15:00,223.92,36.97,7.88,12.02,63.14,44.21,60.94,75.19875,43.30668407922153,47.24635416666666,138.02,-0.38268343236508967,-0.9238795325112868,0.43388373911755823,-0.900968867902419,0,17.21,3.35,90.66,99.59
2018-10-11 13:30:00,2018-10-11 13:45:00,2018-10-11 14:30:00,195.94,65.02,36.97,8.03,97.31,68.26,117.92999999999999,73.26625,43.02699499660068,46.91,138.02,-0.44228869021900147,-0.8968727415326883,0.43388373911755823,-0.900968867902419,0,37.62,0.0,86.56,100.0
2018-10-11 13:45:00,2018-10-11 14:00:00,2018-10-11 14:45:00,180.43,51.19,65.02,8.06,87.44,61.02,161.06,70.028125,42.61503141773305,46.53239583333333,138.02,-0.4999999999999997,-0.8660254037844388,0.43388373911755823,-0.900968867902419,0,27.25,0.0,88.27,100.0
2018-10-11 14:00:00,2018-10-11 14:15:00,2018-10-11 15:00:00,165.24,56.99,51.19,7.88,84.13,58.68,210.17000000000002,68.894375,42.705423977632805,46.24968749999999,138.02,-0.555570233019602,-0.8314696123025455,0.43388373911755823,-0.900968867902419,0,31.0,0.0,87.84,100.0
2018-10-11 14:15:00,2018-10-11 14:30:00,2018-10-11 15:15:00,160.31,50.72,56.99,36.97,113.15,71.42,223.92,65.81625,42.12560650527776,45.599375,138.02,-0.6087614290087207,-0.7933533402912352,0.43388373911755823,-0.900968867902419,0,29.88,0.0,86.16,100.0
2018-10-11 14:30:00,2018-10-11 14:45:00,2018-10-11 15:30:00,172.63,37.04,50.72,65.02,58.5,67.03,195.94,61.78874999999999,41.60055962288848,45.37583333333333,138.02,-0.6593458151000688,-0.7518398074789774,0.43388373911755823,-0.900968867902419,0,15.01,0.0,92.68,100.0
2018-10-11 14:45:00,2018-10-11 15:00:00,2018-10-11 15:45:00,202.21999999999997,35.68,37.04,51.19,48.67,59.22,180.43,56.533125,39.18513824123088,45.240520833333335,138.02,-0.7071067811865471,-0.7071067811865479,0.43388373911755823,-0.900968867902419,0,11.77,0.0,94.97,100.0
2018-10-11 15:00:00,2018-10-11 15:15:00,2018-10-11 16:00:00,223.24,41.8,35.68,56.99,60.16,55.58,165.24,52.764375,37.48422184212145,45.04927083333333,138.02,-0.7518398074789773,-0.6593458151000691,0.43388373911755823,-0.900968867902419,0,19.4,0.0,90.71,100.0
2018-10-11 15:15:00,2018-10-11 15:30:00,2018-10-11 16:15:00,237.20999999999998,45.79,41.8,50.72,62.57,50.8,160.31,47.05375,30.501342977605102,44.87447916666667,138.02,-0.7933533402912349,-0.6087614290087209,0.43388373911755823,-0.900968867902419,0,24.8,0.0,87.93,100.0
2018-10-11 15:30:00,2018-10-11 15:45:00,2018-10-11 16:30:00,232.09,49.36,45.79,37.04,50.29,49.39,172.63,44.78375,28.84895575991443,44.86479166666666,138.02,-0.8314696123025452,-0.5555702330196022,0.43388373911755823,-0.900968867902419,0,29.84,0.0,85.58,100.0
2018-10-11 15:45:00,2018-10-11 16:00:00,2018-10-11 16:45:00,223.88,65.27,49.36,35.68,111.71,64.19,202.21999999999997,42.646249999999995,25.826577849910738,44.38104166666667,138.02,-0.8660254037844385,-0.5000000000000004,0.43388373911755823,-0.900968867902419,0,49.28,0.0,79.81,100.0
2018-10-11 16:00:00,2018-10-11 16:15:00,2018-10-11 17:00:00,221.58,62.82,65.27,41.8,105.52,63.86,223.24,39.665,19.89051689876359,43.936249999999994,138.02,-0.8968727415326883,-0.44228869021900136,0.43388373911755823,-0.900968867902419,0,35.64,0.0,86.98,100.0
2018-10-11 16:15:00,2018-10-11 16:30:00,2018-10-11 17:15:00,260.46000000000004,59.76,62.82,45.79,86.15,62.5,237.20999999999998,42.64875,19.08409248399043,43.66135416666666,138.02,-0.9238795325112868,-0.3826834323650895,0.43388373911755823,-0.900968867902419,0,41.69,0.0,82.01,100.0
2018-10-11 16:30:00,2018-10-11 16:45:00,2018-10-11 17:30:00,269.97,44.24,59.76,49.36,101.52,59.26,232.09,44.911874999999995,16.862250449876935,43.0646875,138.02,-0.9469301294951056,-0.3214394653031618,0.43388373911755823,-0.900968867902419,0,21.02,0.0,90.32,100.0
2018-10-11 16:45:00,2018-10-11 17:00:00,2018-10-11 17:45:00,244.09,57.06,44.24,65.27,79.45,75.2,223.88,47.974374999999995,14.117412992803427,42.83145833333333,138.02,-0.9659258262890683,-0.25881904510252063,0.43388373911755823,-0.900968867902419,0,32.15,0.0,87.12,100.0
2018-10-11 17:00:00,2018-10-11 17:15:00,2018-10-11 18:00:00,214.82,60.52,57.06,62.82,114.16,51.95,221.58,51.264375,9.891504542251143,42.272708333333334,138.02,-0.9807852804032303,-0.19509032201612866,0.43388373911755823,-0.900968867902419,0,35.68,0.0,86.14,100.0
2018-10-11 17:15:00,2018-10-11 17:30:00,2018-10-11 18:15:00,161.58,98.64,60.52,59.76,104.83,68.04,260.46000000000004,55.11875,14.508383729330433,42.20822916666666,138.02,-0.9914448613738104,-0.13052619222005163,0.43388373911755823,-0.900968867902419,0,45.72,0.0,90.73,100.0
2018-10-11 17:30:00,2018-10-11 17:45:00,2018-10-11 18:30:00,197.32999999999998,53.75,98.64,44.24,81.4,50.08,269.97,54.414375,14.282400869929923,41.920208333333335,138.02,-0.9978589232386035,-0.06540312923014273,0.43388373911755823,-0.900968867902419,0,19.73,0.11,93.88,100.0
2018-10-11 17:45:00,2018-10-11 18:00:00,2018-10-11 18:45:00,261.3,31.18,53.75,57.06,32.54,29.74,244.09,53.16375,15.346429094010762,41.90604166666666,138.02,-1.0,-1.8369701987210297e-16,0.43388373911755823,-0.900968867902419,0,0.68,1.51,99.98,99.88
2018-10-11 18:00:00,2018-10-11 18:15:00,2018-10-11 19:00:00,339.56,31.25,31.18,60.52,31.72,51.55,214.82,51.555,16.18712682967549,41.90114583333334,138.02,-0.9978589232386036,0.06540312923014237,0.43388373911755823,-0.900968867902419,0,5.76,0.68,98.34,99.98
2018-10-11 18:15:00,2018-10-11 18:30:00,2018-10-11 19:15:00,358.92,45.4,31.25,98.64,63.43,48.67,161.58,51.2225,16.255358924059475,41.71333333333333,138.02,-0.9914448613738105,0.13052619222005127,0.43388373911755823,-0.900968867902419,0,17.93,0.0,93.01,100.0
2018-10-11 18:30:00,2018-10-11 18:45:00,2018-10-11 19:30:00,348.8,89.5,45.4,53.75,119.88,50.4,197.32999999999998,54.50125,18.23425275237513,41.396875,138.02,-0.9807852804032304,0.1950903220161283,0.43388373911755823,-0.900968867902419,0,43.34,0.0,90.0,100.0
2018-10-11 18:45:00,2018-10-11 19:00:00,2018-10-11 19:45:00,368.63,95.15,89.5,31.18,82.62,58.1,261.3,58.218125,19.99507196122022,41.52739583333334,138.02,-0.9659258262890684,0.2588190451025203,0.43388373911755823,-0.900968867902419,0,43.34,0.0,91.0,100.0
2018-10-11 19:00:00,2018-10-11 19:15:00,2018-10-11 20:00:00,357.98,109.51,95.15,31.25,100.37,53.1,339.56,62.45,23.010334363063915,41.62260416666667,138.02,-0.9469301294951057,0.3214394653031615,0.43388373911755823,-0.900968867902419,0,50.47,0.0,90.82,100.0
2018-10-11 19:15:00,2018-10-11 19:30:00,2018-10-11 20:15:00,359.32000000000005,64.76,109.51,45.4,85.32,75.06,358.92,63.635625000000005,22.60654909775871,41.408437500000005,138.02,-0.923879532511287,0.38268343236508917,0.43388373911755823,-0.900968867902419,0,27.9,0.0,91.84,100.0
2018-10-11 19:30:00,2018-10-11 19:45:00,2018-10-11 20:30:00,375.09000000000003,79.38,64.76,89.5,87.59,64.58,348.8,65.511875,22.589632361647123,41.32291666666667,138.02,-0.8968727415326884,0.442288690219001,0.43388373911755823,-0.900968867902419,0,35.96,0.0,91.09,100.0
2018-10-11 19:45:00,2018-10-11 20:00:00,2018-10-11 20:45:00,374.48,114.98,79.38,95.15,52.09,61.85,368.63,68.61875,25.565183813880548,41.97802083333334,138.02,-0.8660254037844386,0.5000000000000001,0.43388373911755823,-0.900968867902419,0,56.09,0.0,89.88,100.0
2018-10-11 20:00:00,2018-10-11 20:15:00,2018-10-11 21:00:00,354.39,98.86,114.98,109.51,70.42,66.89,357.98,70.87125,26.524735595996052,42.27427083333334,138.02,-0.8314696123025455,0.5555702330196018,0.43388373911755823,-0.900968867902419,0,48.24,0.0,89.87,100.0
2018-10-11 20:15:00,2018-10-11 20:30:00,2018-10-11 21:15:00,294.59000000000003,66.1,98.86,64.76,100.73,56.88,359.32000000000005,71.26750000000001,26.402862415844236,41.913541666666674,138.02,-0.7933533402912357,0.6087614290087199,0.43388373911755823,-0.900968867902419,0,28.62,0.0,91.77,100.0
2018-10-11 20:30:00,2018-10-11 20:45:00,2018-10-11 21:30:00,203.69,95.15,66.1,79.38,81.18,67.93,375.09000000000003,74.449375,26.01883583789588,42.0590625,138.02,-0.7518398074789772,0.6593458151000691,0.43388373911755823,-0.900968867902419,0,48.74,0.0,89.0,100.0
2018-10-11 20:45:00,2018-10-11 21:00:00,2018-10-11 21:45:00,93.41999999999999,114.37,95.15,114.98,99.4,53.14,374.48,78.03125,27.292015516218292,42.215,138.02,-0.7071067811865477,0.7071067811865474,0.43388373911755823,-0.900968867902419,0,56.84,0.0,89.55,100.0
2018-10-11 21:00:00,2018-10-11 21:15:00,2018-10-11 22:00:00,18.57,78.77,114.37,98.86,94.54,24.73,354.39,79.171875,26.915087826986095,42.05072916666666,138.02,-0.6593458151000687,0.7518398074789775,0.43388373911755823,-0.900968867902419,0,35.17,0.0,91.31,100.0
2018-10-11 21:15:00,2018-10-11 21:30:00,2018-10-11 22:15:00,16.05,6.3,78.77,66.1,39.89,10.87,294.59000000000003,73.40062499999999,31.612039136369788,41.70083333333333,138.02,-0.608761429008721,0.7933533402912349,0.43388373911755823,-0.900968867902419,0,0.22,15.62,99.94,37.41
2018-10-11 21:30:00,2018-10-11 21:45:00,2018-10-11 22:30:00,15.509999999999998,4.25,6.3,95.15,33.91,3.89,203.69,70.30687499999999,35.55950782117738,41.391875,138.02,-0.555570233019603,0.8314696123025447,0.43388373911755823,-0.900968867902419,0,0.0,16.81,100.0,24.51
2018-10-11 21:45:00,2018-10-11 22:00:00,2018-10-11 22:45:00,15.08,4.1,4.25,114.37,11.38,3.78,93.41999999999999,68.614375,37.94590112396035,41.31604166666667,138.02,-0.5000000000000004,0.8660254037844384,0.43388373911755823,-0.900968867902419,0,0.0,16.38,100.0,24.28
2018-10-11 22:00:00,2018-10-11 22:15:00,2018-10-11 23:00:00,14.94,3.92,4.1,78.77,8.71,3.71,18.57,66.90625,40.14103665125628,41.26614583333333,138.02,-0.4422886902190014,0.8968727415326883,0.43388373911755823,-0.900968867902419,0,0.04,15.98,99.99,23.82
2018-10-11 22:15:00,2018-10-11 22:30:00,2018-10-11 23:15:00,15.84,3.78,3.92,6.3,10.58,3.42,16.05,64.305,42.71635064585925,41.19531249999999,138.02,-0.38268343236508956,0.9238795325112868,0.43388373911755823,-0.900968867902419,0,6.48,0.11,50.39,99.96
2018-10-11 22:30:00,2018-10-11 22:45:00,2018-10-11 23:30:00,15.95,3.71,3.78,4.25,4.5,3.49,15.509999999999998,58.943125,44.56172442785821,41.187083333333334,138.02,-0.32143946530316186,0.9469301294951056,0.43388373911755823,-0.900968867902419,0,7.06,0.0,46.52,100.0
2018-10-11 22:45:00,2018-10-11 23:00:00,2018-10-11 23:45:00,15.84,3.67,3.71,4.1,4.82,3.46,15.08,53.225625,45.41000729034708,41.175104166666664,138.02,-0.25881904510252157,0.9659258262890681,0.43388373911755823,-0.900968867902419,0,7.02,0.0,46.33,100.0
2018-10-11 23:00:00,2018-10-11 23:15:00,2018-10-12 00:00:00,15.66,3.78,3.67,3.92,4.79,3.49,14.94,46.61750000000001,44.42082992527267,41.16458333333333,138.02,-0.19509032201612872,0.9807852804032303,0.43388373911755823,-0.900968867902419,0,6.91,0.0,47.99,100.0
2018-10-11 23:15:00,2018-10-11 23:30:00,2018-10-12 00:15:00,14.47,4.68,3.78,3.78,4.39,3.38,15.84,42.8625,45.25991969999505,41.16760416666666,138.02,-0.13052619222005168,0.9914448613738104,0.43388373911755823,-0.900968867902419,0,7.34,0.0,53.76,100.0
2018-10-11 23:30:00,2018-10-11 23:45:00,2018-10-12 00:30:00,14.21,3.82,4.68,3.71,3.49,3.42,15.95,38.14,45.14512861317376,41.17104166666666,138.02,-0.0654031292301428,0.9978589232386035,0.43388373911755823,-0.900968867902419,0,6.34,0.0,51.61,100.0
2018-10-11 23:45:00,2018-10-12 00:00:00,2018-10-12 00:45:00,14.21,3.56,3.82,3.67,3.56,3.6,15.84,31.17625,41.174030024245866,41.17104166666667,138.02,0.0,1.0,-0.433883739117558,-0.9009688679024191,0,6.66,0.0,47.14,100.0
2018-10-12 00:00:00,2018-10-12 00:15:00,2018-10-12 01:00:00,14.250000000000002,3.6,3.56,3.78,3.56,3.42,15.66,25.222500000000004,37.696996979202474,41.171458333333334,138.02,0.06540312923014306,0.9978589232386035,-0.433883739117558,-0.9009688679024191,0,6.91,0.0,46.2,100.0
2018-10-12 00:15:00,2018-10-12 00:30:00,2018-10-12 01:15:00,14.36,3.49,3.6,4.68,3.53,3.56,14.47,21.309375,36.48060108961165,41.17104166666666,138.02,0.13052619222005157,0.9914448613738104,-0.433883739117558,-0.9009688679024191,0,6.44,0.0,47.65,100.0
2018-10-12 00:30:00,2018-10-12 00:45:00,2018-10-12 01:30:00,14.4,3.56,3.49,3.82,3.49,3.49,14.21,15.585,31.256654291526466,41.17177083333333,138.02,0.19509032201612825,0.9807852804032304,-0.433883739117558,-0.9009688679024191,0,6.12,0.0,50.28,100.0
2018-10-12 00:45:00,2018-10-12 01:00:00,2018-10-12 01:45:00,14.4,3.56,3.56,3.56,3.53,3.42,14.21,8.659375,18.11482627185188,41.172083333333326,138.02,0.25881904510252074,0.9659258262890683,-0.433883739117558,-0.9009688679024191,0,6.12,0.0,50.28,100.0
2018-10-12 01:00:00,2018-10-12 01:15:00,2018-10-12 02:00:00,14.32,3.64,3.56,3.6,3.64,3.42,14.250000000000002,3.96375,0.6737476808865467,41.17208333333334,138.02,0.3214394653031616,0.9469301294951057,-0.433883739117558,-0.9009688679024191,0,6.59,0.0,48.35,100.0
2018-10-12 01:15:00,2018-10-12 01:30:00,2018-10-12 02:15:00,14.39,3.6,3.64,3.49,3.56,3.42,14.36,3.795,0.30430248109405866,41.1725,138.02,0.3826834323650898,0.9238795325112867,-0.433883739117558,-0.9009688679024191,0,6.88,0.0,46.36,100.0
2018-10-12 01:30:00,2018-10-12 01:45:00,2018-10-12 02:30:00,14.389999999999999,3.6,3.6,3.56,3.53,3.53,14.4,3.754375,0.2835262057993933,41.173229166666665,138.02,0.44228869021900125,0.8968727415326884,-0.433883739117558,-0.9009688679024191,0,6.48,0.0,48.56,100.0
2018-10-12 01:45:00,2018-10-12 02:00:00,2018-10-12 02:45:00,14.43,3.56,3.6,3.56,3.53,3.46,14.4,3.720625,0.27229278245116956,41.173541666666665,138.02,0.49999999999999994,0.8660254037844387,-0.433883739117558,-0.9009688679024191,0,6.08,0.0,50.53,100.0
2018-10-12 02:00:00,2018-10-12 02:15:00,2018-10-12 03:00:00,14.76,3.56,3.56,3.64,3.6,2.84,14.32,3.698125,0.2697503185818322,41.173125000000006,138.02,0.5555702330196022,0.8314696123025452,-0.433883739117558,-0.9009688679024191,0,6.05,0.0,50.71,100.0
2018-10-12 02:15:00,2018-10-12 02:30:00,2018-10-12 03:15:00,15.629999999999999,3.67,3.56,3.6,3.67,2.77,14.39,3.69125,0.2689766486147077,41.173125000000006,138.02,0.6087614290087207,0.7933533402912352,-0.433883739117558,-0.9009688679024191,0,6.91,0.0,46.91,100.0
2018-10-12 02:30:00,2018-10-12 02:45:00,2018-10-12 03:30:00,15.41,3.6,3.67,3.6,3.64,2.81,14.389999999999999,3.684375,0.2698140273873839,41.17270833333333,138.02,0.6593458151000688,0.7518398074789774,-0.433883739117558,-0.9009688679024191,0,6.8,0.0,46.79,100.0
2018-10-12 02:45:00,2018-10-12 03:00:00,2018-10-12 03:45:00,14.87,3.6,3.6,3.56,3.6,2.81,14.43,3.6799999999999997,0.2705780848479787,41.17270833333333,138.02,0.7071067811865476,0.7071067811865476,-0.433883739117558,-0.9009688679024191,0,6.55,0.0,48.17,100.0
2018-10-12 03:00:00,2018-10-12 03:15:00,2018-10-12 04:00:00,13.93,3.89,3.6,3.56,3.64,2.77,14.76,3.686875,0.2744020487806167,41.175312500000004,138.02,0.7518398074789774,0.6593458151000688,-0.433883739117558,-0.9009688679024191,0,7.02,0.0,48.47,100.0
2018-10-12 03:15:00,2018-10-12 03:30:00,2018-10-12 04:15:00,12.38,4.54,3.89,3.67,3.64,2.88,15.629999999999999,3.678125,0.24303340176815202,41.1846875,138.02,0.7933533402912352,0.6087614290087207,-0.433883739117558,-0.9009688679024191,0,8.06,0.0,49.08,100.0
2018-10-12 03:30:00,2018-10-12 03:45:00,2018-10-12 04:30:00,11.99,3.38,4.54,3.6,3.49,2.81,15.41,3.6506250000000002,0.25021162917618356,41.18354166666666,138.02,0.8314696123025451,0.5555702330196024,-0.433883739117558,-0.9009688679024191,0,6.66,0.0,45.26,100.0
2018-10-12 03:45:00,2018-10-12 04:00:00,2018-10-12 04:45:00,11.92,3.06,3.38,3.6,3.06,2.81,14.87,3.6193750000000002,0.28795548158526174,41.18354166666666,138.02,0.8660254037844386,0.5000000000000001,-0.433883739117558,-0.9009688679024191,0,5.58,0.0,48.08,100.0
2018-10-12 04:00:00,2018-10-12 04:15:00,2018-10-12 05:00:00,12.030000000000001,2.95,3.06,3.89,3.35,2.84,13.93,3.5787500000000003,0.33052751398332936,41.179375,138.02,0.8968727415326884,0.44228869021900125,-0.433883739117558,-0.9009688679024191,0,5.51,0.0,47.2,100.0
2018-10-12 04:15:00,2018-10-12 04:30:00,2018-10-12 05:15:00,12.030000000000001,2.99,2.95,4.54,3.56,3.35,12.38,3.5475000000000003,0.35978292066189016,41.1734375,138.02,0.9238795325112867,0.38268343236508984,-0.433883739117558,-0.9009688679024191,0,5.72,0.0,46.33,100.0
2018-10-12 04:30:00,2018-10-12 04:45:00,2018-10-12 05:30:00,12.030000000000001,2.99,2.99,3.38,3.06,3.38,11.99,3.511875,0.38417474458246204,41.17270833333333,138.02,0.9469301294951056,0.3214394653031617,-0.433883739117558,-0.9009688679024191,0,5.47,0.0,47.96,100.0
2018-10-12 04:45:00,2018-10-12 05:00:00,2018-10-12 05:45:00,12.21,2.99,2.99,3.06,2.95,2.84,11.92,3.4762500000000003,0.4039782636479344,41.173125,138.02,0.9659258262890683,0.25881904510252074,-0.433883739117558,-0.9009688679024191,0,5.51,0.0,47.7,100.0
2018-10-12 05:00:00,2018-10-12 05:15:00,2018-10-12 06:00:00,12.75,3.06,2.99,2.95,3.06,2.77,12.030000000000001,3.44,0.41356680234274124,41.173125,138.02,0.9807852804032304,0.19509032201612833,-0.433883739117558,-0.9009688679024191,0,5.4,0.0,49.3,100.0
2018-10-12 05:15:00,2018-10-12 05:30:00,2018-10-12 06:15:00,12.78,2.99,3.06,2.99,3.02,2.84,12.030000000000001,3.4018750000000004,0.42501792241621994,41.1728125,138.02,0.9914448613738104,0.1305261922200517,-0.433883739117558,-0.9009688679024191,0,5.4,0.0,48.44,100.0
2018-10-12 05:30:00,2018-10-12 05:45:00,2018-10-12 06:30:00,12.78,2.99,2.99,2.99,2.99,2.84,12.030000000000001,3.3637499999999996,0.4328232173763325,41.1728125,138.02,0.9978589232386035,0.06540312923014327,-0.433883739117558,-0.9009688679024191,0,5.51,0.0,47.7,100.0
2018-10-12 05:45:00,2018-10-12 06:00:00,2018-10-12 06:45:00,12.559999999999999,3.17,2.99,2.99,2.99,3.38,12.21,3.3393750000000004,0.4320658044499703,41.1746875,138.02,1.0,6.123233995736766e-17,-0.433883739117558,-0.9009688679024191,0,5.72,0.0,48.47,100.0
2018-10-12 06:00:00,2018-10-12 06:15:00,2018-10-12 07:00:00,11.88,3.6,3.17,3.06,2.99,3.02,12.75,3.341875,0.43344865252414844,41.181041666666665,138.02,0.9978589232386035,-0.06540312923014314,-0.433883739117558,-0.9009688679024191,0,6.91,0.0,46.2,100.0
2018-10-12 06:15:00,2018-10-12 06:30:00,2018-10-12 07:15:00,11.739999999999998,3.02,3.6,2.99,3.31,2.84,12.78,3.3012500000000005,0.4312463767963738,41.178020833333335,138.02,0.9914448613738104,-0.1305261922200516,-0.433883739117558,-0.9009688679024191,0,5.65,0.0,47.14,100.0
2018-10-12 06:30:00,2018-10-12 06:45:00,2018-10-12 07:30:00,12.06,2.99,3.02,2.99,3.31,2.77,12.78,3.263125,0.43011217650166567,41.1746875,138.02,0.9807852804032304,-0.1950903220161282,-0.433883739117558,-0.9009688679024191,0,5.62,0.0,46.97,100.0
2018-10-12 06:45:00,2018-10-12 07:00:00,2018-10-12 07:45:00,14.399999999999999,2.95,2.99,3.17,2.92,2.74,12.559999999999999,3.2225,0.4270611782871395,41.175000000000004,138.02,0.9659258262890683,-0.25881904510252063,-0.433883739117558,-0.9009688679024191,0,5.62,0.0,46.48,100.0
2018-10-12 07:00:00,2018-10-12 07:15:00,2018-10-12 08:00:00,15.66,2.92,2.95,3.6,2.88,2.81,11.88,3.161875,0.3956990452035486,41.17541666666666,138.02,0.9469301294951057,-0.3214394653031616,-0.433883739117558,-0.9009688679024191,0,5.4,0.0,47.57,100.0
2018-10-12 07:15:00,2018-10-12 07:30:00,2018-10-12 08:15:00,40.1,2.88,2.92,3.02,2.88,2.92,11.739999999999998,3.0581250000000004,0.1791025805927988,41.17541666666667,138.02,0.9238795325112868,-0.3826834323650895,-0.433883739117558,-0.9009688679024191,0,5.29,0.0,47.82,100.0
2018-10-12 07:30:00,2018-10-12 07:45:00,2018-10-12 08:30:00,94.28,3.31,2.88,2.99,3.42,2.99,12.06,3.0537500000000004,0.17189658955313802,41.17427083333333,138.02,0.8968727415326884,-0.44228869021900113,-0.433883739117558,-0.9009688679024191,0,5.72,0.0,50.09,100.0
2018-10-12 07:45:00,2018-10-12 08:00:00,2018-10-12 08:45:00,187.34,5.29,3.31,2.95,4.57,3.17,14.399999999999999,3.193125,0.5680417980879576,41.18177083333333,138.02,0.8660254037844387,-0.4999999999999998,-0.433883739117558,-0.9009688679024191,0,7.24,0.0,59.0,100.0
2018-10-12 08:00:00,2018-10-12 08:15:00,2018-10-12 09:00:00,304.88,4.18,5.29,2.92,4.18,3.17,15.66,3.2700000000000005,0.6115042927077453,41.18177083333333,138.02,0.8314696123025451,-0.5555702330196023,-0.433883739117558,-0.9009688679024191,0,6.7,0.0,52.93,100.0
2018-10-12 08:15:00,2018-10-12 08:30:00,2018-10-12 09:15:00,370.65999999999997,27.32,4.18,2.88,47.16,29.84,40.1,4.790625,5.848665946980987,40.97510416666666,138.02,0.7933533402912352,-0.6087614290087207,-0.433883739117558,-0.9009688679024191,0,27.5,0.0,70.48,100.0
2018-10-12 08:30:00,2018-10-12 08:45:00,2018-10-12 09:30:00,370.80999999999995,57.49,27.32,3.31,106.49,46.91,94.28,8.196875,13.999222174262934,40.4646875,138.02,0.7518398074789774,-0.6593458151000688,-0.433883739117558,-0.9009688679024191,0,54.76,0.0,72.41,100.0
2018-10-12 08:45:00,2018-10-12 09:00:00,2018-10-12 09:45:00,323.76,98.35,57.49,5.29,136.01,50.87,187.34,14.156875000000001,25.821236831034547,40.07239583333333,138.02,0.7071067811865476,-0.7071067811865475,-0.433883739117558,-0.9009688679024191,0,67.97,0.0,82.27,100.0
2018-10-12 09:00:00,2018-10-12 09:15:00,2018-10-12 10:00:00,264.86,121.72,98.35,4.18,113.83,55.94,304.88,21.573125,36.430115755846494,40.154583333333335,138.02,0.659345815100069,-0.7518398074789773,-0.433883739117558,-0.9009688679024191,0,67.39,0.0,87.49,100.0
2018-10-12 09:15:00,2018-10-12 09:30:00,2018-10-12 10:15:00,214.53,93.1,121.72,27.32,138.02,51.05,370.65999999999997,27.205,39.920018787570726,39.68666666666667,137.16,0.6087614290087209,-0.793353340291235,-0.433883739117558,-0.9009688679024191,0,47.45,0.0,89.1,100.0
2018-10-12 09:30:00,2018-10-12 09:45:00,2018-10-12 10:30:00,207.29000000000002,57.64,93.1,57.49,95.94,56.16,370.80999999999995,30.620625,40.03981260394927,39.287708333333335,137.16,0.5555702330196025,-0.831469612302545,-0.433883739117558,-0.9009688679024191,0,32.94,0.0,86.82,100.0
2018-10-12 09:45:00,2018-10-12 10:00:00,2018-10-12 10:45:00,218.77,51.3,57.64,98.35,103.0,54.65,323.76,33.62875,39.67075762999114,38.74916666666667,137.16,0.49999999999999994,-0.8660254037844387,-0.433883739117558,-0.9009688679024191,0,28.62,0.0,87.33,100.0
2018-10-12 10:00:00,2018-10-12 10:15:00,2018-10-12 11:00:00,207.29,62.82,51.3,121.72,75.13,56.48,264.86,37.33,39.45845869392265,38.620937500000004,137.16,0.4422886902190017,-0.8968727415326881,-0.433883739117558,-0.9009688679024191,0,41.4,0.0,83.5,100.0
2018-10-12 10:15:00,2018-10-12 10:30:00,2018-10-12 11:15:00,218.27,42.77,62.82,93.1,99.97,51.84,214.53,39.814375,38.45873031067686,38.02510416666667,137.16,0.3826834323650899,-0.9238795325112867,-0.433883739117558,-0.9009688679024191,0,21.13,0.0,89.66,100.0
2018-10-12 10:30:00,2018-10-12 10:45:00,2018-10-12 11:30:00,216.47,50.4,42.77,57.64,101.48,50.72,207.29000000000002,42.7775,37.31682102283098,37.49302083333333,137.16,0.32143946530316175,-0.9469301294951056,-0.433883739117558,-0.9009688679024191,0,28.37,0.0,87.14,100.0
2018-10-12 10:45:00,2018-10-12 11:00:00,2018-10-12 11:45:00,212.07999999999998,62.78,50.4,51.3,119.77,55.62,218.77,46.516875,36.11688104590947,36.899375,137.16,0.258819045102521,-0.9659258262890682,-0.433883739117558,-0.9009688679024191,0,41.58,0.0,83.37,100.0
2018-10-12 11:00:00,2018-10-12 11:15:00,2018-10-12 12:00:00,208.66000000000003,51.34,62.78,62.82,102.1,58.0,207.29,49.543125,34.3210117345683,36.370625000000004,137.16,0.19509032201612816,-0.9807852804032304,-0.433883739117558,-0.9009688679024191,0,27.43,0.0,88.2,100.0
2018-10-12 11:15:00,2018-10-12 11:30:00,2018-10-12 12:15:00,159.23000000000002,53.75,51.34,42.77,137.16,57.24,218.27,52.7225,32.13781388411477,35.50177083333333,121.72,0.130526192220052,-0.9914448613738104,-0.433883739117558,-0.9009688679024191,0,30.89,0.0,86.7,100.0
2018-10-12 11:30:00,2018-10-12 11:45:00,2018-10-12 12:30:00,114.88,48.6,53.75,50.4,85.68,51.48,216.47,55.553125,29.55146585170311,35.115520833333335,121.72,0.06540312923014312,-0.9978589232386035,-0.433883739117558,-0.9009688679024191,0,25.38,0.0,88.64,100.0
2018-10-12 11:45:00,2018-10-12 12:00:00,2018-10-12 12:45:00,60.99,58.39,48.6,62.78,99.47,59.51,212.07999999999998,58.871874999999996,26.549560546916307,34.68760416666667,121.72,1.2246467991473532e-16,-1.0,-0.433883739117558,-0.9009688679024191,0,38.16,0.0,83.71,100.0
2018-10-12 12:00:00,2018-10-12 12:15:00,2018-10-12 13:00:00,17.71,47.92,58.39,51.34,110.52,47.27,208.66000000000003,61.605625,22.758562665717157,34.03552083333333,121.72,-0.06540312923014287,-0.9978589232386035,-0.433883739117558,-0.9009688679024191,0,33.26,0.54,82.15,99.99
2018-10-12 12:15:00,2018-10-12 12:30:00,2018-10-12 13:15:00,50.25,4.32,47.92,53.75,12.02,4.75,159.23000000000002,60.168124999999996,25.446403286798212,33.9553125,121.72,-0.13052619222005177,-0.9914448613738104,-0.433883739117558,-0.9009688679024191,0,0.0,17.78,100.0,23.61
2018-10-12 12:30:00,2018-10-12 12:45:00,2018-10-12 13:30:00,106.05,4.25,4.32,48.6,8.03,5.54,114.88,56.840625,28.834462121901545,33.915937500000005,121.72,-0.19509032201612792,-0.9807852804032305,-0.433883739117558,-0.9009688679024191,0,0.0,17.53,100.0,23.56
2018-10-12 12:45:00,2018-10-12 13:00:00,2018-10-12 13:45:00,155.15,4.5,4.25,58.39,8.06,5.18,60.99,50.974999999999994,29.335178540448666,33.87885416666666,121.72,-0.2588190451025208,-0.9659258262890683,-0.433883739117558,-0.9009688679024191,0,0.0,16.52,100.0,26.28
2018-10-12 13:00:00,2018-10-12 13:15:00,2018-10-12 14:00:00,200.58999999999997,4.64,4.5,47.92,7.88,4.46,17.71,43.6575,25.06764286385938,33.845104166666665,121.72,-0.32143946530316153,-0.9469301294951057,-0.433883739117558,-0.9009688679024191,0,0.0,16.63,100.0,26.87
2018-10-12 13:15:00,2018-10-12 13:30:00,2018-10-12 14:15:00,202.90000000000003,36.86,4.64,4.32,36.97,33.84,50.25,40.1425,21.590144018741515,33.84395833333333,121.72,-0.38268343236508967,-0.9238795325112868,-0.433883739117558,-0.9009688679024191,0,17.6,4.79,90.24,99.17
2018-10-12 13:30:00,2018-10-12 13:45:00,2018-10-12 14:30:00,198.72000000000003,60.05,36.86,4.25,65.02,59.65,106.05,40.293125,21.719708998611722,33.792187500000004,121.72,-0.44228869021900147,-0.8968727415326883,-0.433883739117558,-0.9009688679024191,0,37.84,0.0,84.6,100.0
2018-10-12 13:45:00,2018-10-12 14:00:00,2018-10-12 14:45:00,199.05,53.6,60.05,4.5,51.19,54.79,155.15,40.436875,21.799545786194148,33.81729166666667,121.72,-0.4999999999999997,-0.8660254037844388,-0.433883739117558,-0.9009688679024191,0,31.72,0.0,86.06,100.0
2018-10-12 14:00:00,2018-10-12 14:15:00,2018-10-12 15:00:00,193.61,50.08,53.6,4.64,56.99,54.22,200.58999999999997,39.640625,21.191632331167295,33.7453125,121.72,-0.555570233019602,-0.8314696123025455,-0.433883739117558,-0.9009688679024191,0,28.62,0.0,86.82,100.0
2018-10-12 14:15:00,2018-10-12 14:30:00,2018-10-12 15:15:00,198.5,39.17,50.08,36.86,50.72,53.35,202.90000000000003,39.415625,21.176317836426968,33.625,121.72,-0.6087614290087207,-0.7933533402912352,-0.433883739117558,-0.9009688679024191,0,11.56,0.0,95.91,100.0
2018-10-12 14:30:00,2018-10-12 14:45:00,2018-10-12 15:30:00,186.95,55.87,39.17,60.05,37.04,56.23,198.72000000000003,39.7575,21.39392860720069,33.82114583333333,121.72,-0.6593458151000688,-0.7518398074789774,-0.433883739117558,-0.9009688679024191,0,27.32,0.0,89.83,100.0
2018-10-12 14:45:00,2018-10-12 15:00:00,2018-10-12 15:45:00,200.09,53.93,55.87,53.6,35.68,56.2,199.05,39.204375,20.900257166106236,34.01125,121.72,-0.7071067811865471,-0.7071067811865479,-0.433883739117558,-0.9009688679024191,0,25.52,0.0,90.39,100.0
2018-10-12 15:00:00,2018-10-12 15:15:00,2018-10-12 16:00:00,200.56,44.64,53.93,50.08,41.8,41.98,193.61,38.785624999999996,20.719252812526204,34.04083333333333,121.72,-0.7518398074789773,-0.6593458151000691,-0.433883739117558,-0.9009688679024191,0,20.84,0.0,90.61,100.0
2018-10-12 15:15:00,2018-10-12 15:30:00,2018-10-12 16:15:00,204.49,44.06,44.64,39.17,45.79,43.27,198.5,38.18,20.412338486807435,34.02281250000001,121.72,-0.7933533402912349,-0.6087614290087209,-0.433883739117558,-0.9009688679024191,0,21.71,0.0,89.7,100.0
2018-10-12 15:30:00,2018-10-12 15:45:00,2018-10-12 16:30:00,207.37,44.32,44.06,55.87,49.36,44.86,186.95,37.9125,20.30177840116476,33.9703125,121.72,-0.8314696123025452,-0.5555702330196022,-0.433883739117558,-0.9009688679024191,0,19.33,0.0,91.66,100.0
2018-10-12 15:45:00,2018-10-12 16:00:00,2018-10-12 16:45:00,186.70000000000002,67.07,44.32,53.93,65.27,50.22,200.09,38.455,20.94743152512976,33.9890625,121.72,-0.8660254037844385,-0.5000000000000004,-0.433883739117558,-0.9009688679024191,0,45.04,0.0,83.02,100.0
2018-10-12 16:00:00,2018-10-12 16:15:00,2018-10-12 17:00:00,192.89,45.11,67.07,44.64,62.82,51.73,200.56,38.279375,20.879007839439474,33.80458333333333,121.72,-0.8968727415326883,-0.44228869021900136,-0.433883739117558,-0.9009688679024191,0,22.54,0.0,89.45,100.0
2018-10-12 16:15:00,2018-10-12 16:30:00,2018-10-12 17:15:00,202.67999999999998,47.99,45.11,44.06,59.76,50.4,204.49,41.00875,19.03416792080757,33.68197916666667,121.72,-0.9238795325112868,-0.3826834323650895,-0.433883739117558,-0.9009688679024191,0,27.29,0.0,86.93,100.0
2018-10-12 16:30:00,2018-10-12 16:45:00,2018-10-12 17:30:00,200.37,47.2,47.99,44.32,44.24,48.42,207.37,43.693124999999995,16.523893199980897,33.712812500000005,121.72,-0.9469301294951056,-0.3214394653031618,-0.433883739117558,-0.9009688679024191,0,26.32,0.0,87.34,100.0
2018-10-12 16:45:00,2018-10-12 17:00:00,2018-10-12 17:45:00,183.17,46.4,47.2,67.07,57.06,46.04,186.70000000000002,46.311875,13.062650103802635,33.60177083333333,121.72,-0.9659258262890683,-0.25881904510252063,-0.433883739117558,-0.9009688679024191,0,23.29,0.0,89.37,100.0
2018-10-12 17:00:00,2018-10-12 17:15:00,2018-10-12 18:00:00,161.43,51.3,46.4,45.11,60.52,46.98,192.89,49.228125,7.426259336595711,33.50572916666667,121.72,-0.9807852804032303,-0.19509032201612866,-0.433883739117558,-0.9009688679024191,0,32.33,0.0,84.6,100.0
2018-10-12 17:15:00,2018-10-12 17:30:00,2018-10-12 18:15:00,154.59,57.78,51.3,47.99,98.64,43.96,202.67999999999998,50.535624999999996,6.960605189879323,33.080104166666665,121.72,-0.9914448613738104,-0.13052619222005163,-0.433883739117558,-0.9009688679024191,0,36.68,0.0,84.43,100.0
2018-10-12 17:30:00,2018-10-12 17:45:00,2018-10-12 18:30:00,181.12,44.89,57.78,47.2,53.75,41.94,200.37,49.588125,6.624698312706397,32.9878125,121.72,-0.9978589232386035,-0.06540312923014273,-0.433883739117558,-0.9009688679024191,0,19.84,0.11,91.46,100.0
2018-10-12 17:45:00,2018-10-12 18:00:00,2018-10-12 18:45:00,199.26000000000002,29.2,44.89,46.4,31.18,32.08,183.17,48.063125,8.156885679251303,32.9671875,121.72,-1.0,-1.8369701987210297e-16,-0.433883739117558,-0.9009688679024191,0,1.15,1.58,99.92,99.85
2018-10-12 18:00:00,2018-10-12 18:15:00,2018-10-12 19:00:00,226.07999999999998,29.56,29.2,51.3,31.25,30.67,161.43,46.780625,9.27542955120543,32.94958333333333,121.72,-0.9978589232386036,0.06540312923014237,-0.433883739117558,-0.9009688679024191,0,6.41,0.58,97.73,99.98
2018-10-12 18:15:00,2018-10-12 18:30:00,2018-10-12 19:15:00,245.56,50.94,29.56,57.78,45.4,39.71,154.59,47.51625,9.107887978971853,33.00729166666667,121.72,-0.9914448613738105,0.13052619222005127,-0.433883739117558,-0.9009688679024191,0,39.17,0.0,79.27,100.0
2018-10-12 18:30:00,2018-10-12 18:45:00,2018-10-12 19:30:00,223.6,71.42,50.94,44.89,89.5,42.19,181.12,48.488125,10.647034339870187,32.818958333333335,121.72,-0.9807852804032304,0.1950903220161283,-0.433883739117558,-0.9009688679024191,0,60.66,0.0,76.22,100.0
2018-10-12 18:45:00,2018-10-12 19:00:00,2018-10-12 19:45:00,221.8,47.34,71.42,29.2,95.15,47.45,199.26000000000002,48.07625,10.555624611433469,32.3209375,121.72,-0.9659258262890684,0.2588190451025203,-0.433883739117558,-0.9009688679024191,0,24.26,0.0,88.99,100.0
2018-10-12 19:00:00,2018-10-12 19:15:00,2018-10-12 20:00:00,215.45999999999998,56.38,47.34,29.56,109.51,50.29,226.07999999999998,48.81,10.69833398244792,31.7675,121.72,-0.9469301294951057,0.3214394653031615,-0.433883739117558,-0.9009688679024191,0,33.73,0.0,85.82,100.0
2018-10-12 19:15:00,2018-10-12 19:30:00,2018-10-12 20:15:00,191.19,70.42,56.38,50.94,64.76,49.82,245.56,50.4575,11.811729075372496,31.826458333333335,121.72,-0.923879532511287,0.38268343236508917,-0.433883739117558,-0.9009688679024191,0,49.82,0.0,81.64,100.0
2018-10-12 19:30:00,2018-10-12 19:45:00,2018-10-12 20:30:00,209.76999999999998,49.46,70.42,71.42,79.38,45.79,223.6,50.77875,11.709894253899137,31.514791666666667,121.72,-0.8968727415326884,0.442288690219001,-0.433883739117558,-0.9009688679024191,0,30.38,0.0,85.21,100.0
2018-10-12 19:45:00,2018-10-12 20:00:00,2018-10-12 20:45:00,227.99,45.54,49.46,47.34,114.98,49.46,221.8,49.433125000000004,10.974442878086112,30.791458333333335,121.72,-0.8660254037844386,0.5000000000000001,-0.433883739117558,-0.9009688679024191,0,24.98,0.0,87.68,100.0
2018-10-12 20:00:00,2018-10-12 20:15:00,2018-10-12 21:00:00,214.35,50.04,45.54,56.38,98.86,50.58,215.45999999999998,49.74125,10.9178013325715,30.282916666666665,121.72,-0.8314696123025455,0.5555702330196018,-0.433883739117558,-0.9009688679024191,0,32.98,0.0,83.5,100.0
2018-10-12 20:15:00,2018-10-12 20:30:00,2018-10-12 21:15:00,172.52,46.15,50.04,70.42,66.1,54.32,191.19,49.62625,10.945298005879055,30.075104166666666,121.72,-0.7933533402912357,0.6087614290087199,-0.433883739117558,-0.9009688679024191,0,26.78,0.0,86.49,100.0
2018-10-12 20:30:00,2018-10-12 20:45:00,2018-10-12 21:30:00,108.68999999999998,68.04,46.15,49.46,95.15,58.9,209.76999999999998,50.92875,11.786719685200799,29.792708333333334,121.72,-0.7518398074789772,0.6593458151000691,-0.433883739117558,-0.9009688679024191,0,53.5,0.0,78.61,100.0
2018-10-12 20:45:00,2018-10-12 21:00:00,2018-10-12 21:45:00,48.78,63.76,68.04,45.54,114.37,55.08,227.99,52.01375,12.114361247606084,29.26552083333333,121.72,-0.7071067811865477,0.7071067811865474,-0.433883739117558,-0.9009688679024191,0,51.55,0.0,77.76,100.0
2018-10-12 21:00:00,2018-10-12 21:15:00,2018-10-12 22:00:00,16.12,36.4,63.76,50.04,78.77,30.92,214.35,51.082499999999996,12.692340455960045,28.824166666666667,121.72,-0.6593458151000687,0.7518398074789775,-0.433883739117558,-0.9009688679024191,0,16.2,1.22,91.36,99.94
2018-10-12 21:15:00,2018-10-12 21:30:00,2018-10-12 22:15:00,15.360000000000001,4.32,36.4,46.15,6.3,5.0,172.52,47.74125,16.846327075582384,28.803541666666664,121.72,-0.608761429008721,0.7933533402912349,-0.433883739117558,-0.9009688679024191,0,0.0,16.45,100.0,25.4
2018-10-12 21:30:00,2018-10-12 21:45:00,2018-10-12 22:30:00,14.71,4.21,4.32,68.04,4.25,3.82,108.68999999999998,45.198750000000004,19.88119553592037,28.803124999999998,121.72,-0.555570233019603,0.8314696123025447,-0.433883739117558,-0.9009688679024191,0,0.0,17.82,100.0,22.99
2018-10-12 21:45:00,2018-10-12 22:00:00,2018-10-12 22:45:00,14.39,3.85,4.21,63.76,4.1,3.85,48.78,43.614375,21.991171799369287,28.800520833333334,121.72,-0.5000000000000004,0.8660254037844384,-0.433883739117558,-0.9009688679024191,0,0.0,18.22,100.0,20.67
2018-10-12 22:00:00,2018-10-12 22:15:00,2018-10-12 23:00:00,15.010000000000002,3.74,3.85,36.4,3.92,3.89,16.12,42.000625,23.833484184218115,28.798645833333335,121.72,-0.4422886902190014,0.8968727415326883,-0.433883739117558,-0.9009688679024191,0,0.0,17.68,100.0,20.7
2018-10-12 22:15:00,2018-10-12 22:30:00,2018-10-12 23:15:00,16.02,3.56,3.74,4.32,3.78,3.56,15.360000000000001,39.03937500000001,25.428852576539413,28.796354166666664,121.72,-0.38268343236508956,0.9238795325112868,-0.433883739117558,-0.9009688679024191,0,6.16,0.14,50.04,99.92
2018-10-12 22:30:00,2018-10-12 22:45:00,2018-10-12 23:30:00,16.1,3.56,3.56,4.21,3.71,3.53,14.71,34.798125,25.333395256743124,28.79479166666667,121.72,-0.32143946530316186,0.9469301294951056,-0.433883739117558,-0.9009688679024191,0,6.23,0.0,49.61,100.0
2018-10-12 22:45:00,2018-10-12 23:00:00,2018-10-12 23:45:00,16.060000000000002,3.53,3.56,3.85,3.67,3.6,14.39,32.06,26.183170167113072,28.793333333333333,121.72,-0.25881904510252157,0.9659258262890681,-0.433883739117558,-0.9009688679024191,0,6.08,0.0,50.21,100.0
2018-10-12 23:00:00,2018-10-12 23:15:00,2018-10-13 00:00:00,14.360000000000001,4.36,3.53,3.74,3.78,3.53,15.010000000000002,28.808750000000003,26.19116260186821,28.799374999999998,121.72,-0.19509032201612872,0.9807852804032303,-0.433883739117558,-0.9009688679024191,0,6.01,0.0,58.72,100.0
2018-10-12 23:15:00,2018-10-12 23:30:00,2018-10-13 00:15:00,13.430000000000001,4.57,4.36,3.56,4.68,3.42,16.02,24.693125000000002,24.44462996210773,28.79822916666667,121.72,-0.13052619222005168,0.9914448613738104,-0.433883739117558,-0.9009688679024191,0,5.54,0.0,63.63,100.0
2018-10-12 23:30:00,2018-10-12 23:45:00,2018-10-13 00:30:00,13.350000000000001,3.64,4.57,3.56,3.82,3.46,16.1,21.829375,24.05625944238578,28.796354166666664,121.72,-0.0654031292301428,0.9978589232386035,-0.433883739117558,-0.9009688679024191,0,5.26,0.0,56.9,100.0
2018-10-12 23:45:00,2018-10-13 00:00:00,2018-10-13 00:45:00,13.420000000000002,3.49,3.64,3.53,3.56,3.42,16.060000000000002,19.20125,23.61525483532837,28.795625,121.72,0.0,1.0,-0.9749279121818236,-0.2225209339563146,1,6.26,0.0,48.69,100.0
2018-10-13 00:00:00,2018-10-13 00:15:00,2018-10-13 01:00:00,14.4,2.66,3.49,4.36,3.6,3.17,14.360000000000001,16.24,22.507171912526015,28.785833333333333,121.72,0.06540312923014306,0.9978589232386035,-0.9749279121818236,-0.2225209339563146,1,4.32,0.0,52.43,100.0
2018-10-13 00:15:00,2018-10-13 00:30:00,2018-10-13 01:15:00,14.36,3.64,2.66,4.57,3.49,3.42,13.430000000000001,13.583124999999999,21.296086412399227,28.787395833333335,121.72,0.13052619222005157,0.9914448613738104,-0.9749279121818236,-0.2225209339563146,1,7.06,0.0,45.83,100.0
2018-10-13 00:30:00,2018-10-13 00:45:00,2018-10-13 01:30:00,14.440000000000001,3.56,3.64,3.64,3.56,3.42,13.350000000000001,9.553125,16.06905050039905,28.787395833333335,121.72,0.19509032201612825,0.9807852804032304,-0.9749279121818236,-0.2225209339563146,1,7.09,0.0,44.87,100.0
2018-10-13 00:45:00,2018-10-13 01:00:00,2018-10-13 01:45:00,14.440000000000001,3.56,3.56,3.49,3.56,3.28,13.420000000000002,5.790625,7.915411761833682,28.787395833333335,121.72,0.25881904510252074,0.9659258262890683,-0.9749279121818236,-0.2225209339563146,1,7.24,0.0,44.13,100.0
2018-10-13 01:00:00,2018-10-13 01:15:00,2018-10-13 02:00:00,14.4,3.64,3.56,2.66,3.64,2.88,14.4,3.743125,0.4384021947652635,28.787395833333335,121.72,0.3214394653031616,0.9469301294951057,-0.9749279121818236,-0.2225209339563146,1,7.49,0.0,43.71,100.0
2018-10-13 01:15:00,2018-10-13 01:30:00,2018-10-13 02:15:00,14.4,3.6,3.64,3.64,3.6,2.84,14.36,3.698125,0.4131013608970564,28.787395833333335,121.72,0.3826834323650898,0.9238795325112867,-0.9749279121818236,-0.2225209339563146,1,7.42,0.0,43.65,100.0
2018-10-13 01:30:00,2018-10-13 01:45:00,2018-10-13 02:30:00,14.25,3.64,3.6,3.56,3.6,3.06,14.440000000000001,3.6625,0.39143166708890587,28.7878125,121.72,0.44228869021900125,0.8968727415326884,-0.9749279121818236,-0.2225209339563146,1,7.42,0.0,44.04,100.0
2018-10-13 01:45:00,2018-10-13 02:00:00,2018-10-13 02:45:00,14.250000000000002,3.56,3.64,3.56,3.56,3.49,14.440000000000001,3.644375,0.38903677123763,28.7878125,121.72,0.49999999999999994,0.8660254037844387,-0.9749279121818236,-0.2225209339563146,1,7.34,0.0,43.64,100.0
2018-10-13 02:00:00,2018-10-13 02:15:00,2018-10-13 03:00:00,13.780000000000001,3.6,3.56,3.64,3.56,3.06,14.4,3.635625,0.38836144166871156,28.788229166666667,121.72,0.5555702330196022,0.8314696123025452,-0.9749279121818236,-0.2225209339563146,1,7.45,0.0,43.51,100.0
2018-10-13 02:15:00,2018-10-13 02:30:00,2018-10-13 03:15:00,12.95,3.6,3.6,3.6,3.67,2.92,14.4,3.6381250000000005,0.3879951473601185,28.787500000000005,121.72,0.6087614290087207,0.7933533402912352,-0.9749279121818236,-0.2225209339563146,1,7.49,0.0,43.32,100.0
2018-10-13 02:30:00,2018-10-13 02:45:00,2018-10-13 03:30:00,12.27,3.49,3.6,3.64,3.6,2.92,14.25,3.63375,0.38924405904265263,28.78635416666667,121.72,0.6593458151000688,0.7518398074789774,-0.9749279121818236,-0.2225209339563146,1,5.9,0.0,50.91,100.0
2018-10-13 02:45:00,2018-10-13 03:00:00,2018-10-13 03:45:00,11.48,3.56,3.49,3.56,3.6,2.84,14.250000000000002,3.635625,0.3888117917129058,28.7859375,121.72,0.7071067811865476,0.7071067811865476,-0.9749279121818236,-0.2225209339563146,1,6.05,0.0,50.71,100.0
2018-10-13 03:00:00,2018-10-13 03:15:00,2018-10-13 04:00:00,11.23,3.13,3.56,3.6,3.89,2.84,13.780000000000001,3.55875,0.35839703891075886,28.778020833333333,121.72,0.7518398074789774,0.6593458151000688,-0.9749279121818236,-0.2225209339563146,1,5.08,0.0,52.46,100.0
2018-10-13 03:15:00,2018-10-13 03:30:00,2018-10-13 04:15:00,11.66,2.77,3.13,3.6,4.54,2.84,12.95,3.44625,0.301265559764139,28.759583333333335,121.72,0.7933533402912352,0.6087614290087207,-0.9749279121818236,-0.2225209339563146,1,4.21,0.0,54.97,100.0
2018-10-13 03:30:00,2018-10-13 03:45:00,2018-10-13 04:30:00,12.38,2.81,2.77,3.49,3.38,3.06,12.27,3.394375,0.33320355546572433,28.753645833333334,121.72,0.8314696123025451,0.5555702330196024,-0.9749279121818236,-0.2225209339563146,1,4.32,0.0,54.53,100.0
2018-10-13 03:45:00,2018-10-13 04:00:00,2018-10-13 04:45:00,12.489999999999998,2.77,2.81,3.56,3.06,3.56,11.48,3.349375,0.3644082317607549,28.750625,121.72,0.8660254037844386,0.5000000000000001,-0.9749279121818236,-0.2225209339563146,1,4.39,0.0,53.36,100.0
2018-10-13 04:00:00,2018-10-13 04:15:00,2018-10-13 05:00:00,12.42,2.88,2.77,3.13,2.95,3.46,11.23,3.363125,0.34157207786205246,28.74989583333333,121.72,0.8968727415326884,0.44228869021900125,-0.9749279121818236,-0.2225209339563146,1,4.46,0.0,54.25,100.0
2018-10-13 04:15:00,2018-10-13 04:30:00,2018-10-13 05:15:00,12.030000000000001,3.2,2.88,2.77,2.99,3.28,11.66,3.3356250000000003,0.3358379212879332,28.75208333333333,121.72,0.9238795325112867,0.38268343236508984,-0.9749279121818236,-0.2225209339563146,1,5.36,0.0,51.26,100.0
2018-10-13 04:30:00,2018-10-13 04:45:00,2018-10-13 05:30:00,11.34,3.53,3.2,2.81,2.99,2.92,12.38,3.33375,0.33466167617461073,28.75770833333333,121.72,0.9469301294951056,0.3214394653031617,-0.9749279121818236,-0.2225209339563146,1,6.19,0.0,49.54,100.0
2018-10-13 04:45:00,2018-10-13 05:00:00,2018-10-13 05:45:00,11.270000000000001,2.88,3.53,2.77,2.99,2.95,12.489999999999998,3.2912500000000002,0.346209383899397,28.7565625,121.72,0.9659258262890683,0.25881904510252074,-0.9749279121818236,-0.2225209339563146,1,4.57,0.0,53.32,100.0
2018-10-13 05:00:00,2018-10-13 05:15:00,2018-10-13 06:00:00,11.66,2.81,2.88,2.88,3.06,2.92,12.42,3.239375,0.3521978980275152,28.753958333333333,121.72,0.9807852804032304,0.19509032201612833,-0.9749279121818236,-0.2225209339563146,1,4.28,0.0,54.88,100.0
2018-10-13 05:15:00,2018-10-13 05:30:00,2018-10-13 06:15:00,12.160000000000002,2.81,2.81,3.2,2.99,2.92,12.030000000000001,3.19,0.3535533905932738,28.75208333333333,121.72,0.9914448613738104,0.1305261922200517,-0.9749279121818236,-0.2225209339563146,1,4.28,0.0,54.88,100.0
2018-10-13 05:30:00,2018-10-13 05:45:00,2018-10-13 06:30:00,12.09,2.84,2.81,3.53,2.99,2.92,11.34,3.14,0.3427827300200522,28.750520833333336,121.72,0.9978589232386035,0.06540312923014327,-0.9749279121818236,-0.2225209339563146,1,4.36,0.0,54.58,100.0
2018-10-13 05:45:00,2018-10-13 06:00:00,2018-10-13 06:45:00,12.12,2.81,2.84,2.88,3.17,3.1,11.270000000000001,3.093125,0.3332926407453366,28.746770833333333,121.72,1.0,6.123233995736766e-17,-0.9749279121818236,-0.2225209339563146,1,4.28,0.0,54.88,100.0
2018-10-13 06:00:00,2018-10-13 06:15:00,2018-10-13 07:00:00,11.69,3.2,2.81,2.81,3.6,3.28,11.66,3.068125,0.30840757833587684,28.742604166666666,121.72,0.9978589232386035,-0.06540312923014314,-0.9749279121818236,-0.2225209339563146,1,5.4,0.0,50.98,100.0
2018-10-13 06:15:00,2018-10-13 06:30:00,2018-10-13 07:15:00,11.12,3.31,3.2,2.81,3.02,2.88,12.160000000000002,3.05,0.28418743814602365,28.745625,121.72,0.9914448613738104,-0.1305261922200516,-0.9749279121818236,-0.2225209339563146,1,5.98,0.0,48.43,100.0
2018-10-13 06:30:00,2018-10-13 06:45:00,2018-10-13 07:30:00,11.3,2.77,3.31,2.84,2.99,2.88,12.09,3.005,0.2674649509748894,28.74333333333333,121.72,0.9807852804032304,-0.1950903220161282,-0.9749279121818236,-0.2225209339563146,1,4.61,0.0,51.5,100.0
2018-10-13 06:45:00,2018-10-13 07:00:00,2018-10-13 07:45:00,11.66,2.84,2.77,2.81,2.95,2.92,12.12,2.96,0.22795284600109733,28.7421875,121.72,0.9659258262890683,-0.25881904510252063,-0.9749279121818236,-0.2225209339563146,1,4.72,0.0,51.56,100.0
2018-10-13 07:00:00,2018-10-13 07:15:00,2018-10-13 08:00:00,12.17,2.77,2.84,3.2,2.92,2.92,11.69,2.9375,0.22782943181248555,28.740624999999994,121.72,0.9469301294951057,-0.3214394653031616,-0.9749279121818236,-0.2225209339563146,1,4.57,0.0,51.83,100.0
2018-10-13 07:15:00,2018-10-13 07:30:00,2018-10-13 08:15:00,37.94,2.74,2.77,3.31,2.88,2.88,11.12,2.935625,0.22931879420361514,28.739166666666662,121.72,0.9238795325112868,-0.3826834323650895,-0.9749279121818236,-0.2225209339563146,1,4.39,0.0,52.95,100.0
2018-10-13 07:30:00,2018-10-13 07:45:00,2018-10-13 08:30:00,86.97,2.95,2.74,2.77,3.31,3.35,11.3,2.944375,0.22701786135676638,28.735416666666666,121.72,0.8968727415326884,-0.44228869021900113,-0.9749279121818236,-0.2225209339563146,1,4.5,0.0,54.83,100.0
2018-10-13 07:45:00,2018-10-13 08:00:00,2018-10-13 08:45:00,156.06,3.2,2.95,2.84,5.29,3.56,11.66,2.97125,0.2302138951062685,28.71364583333333,121.72,0.8660254037844387,-0.4999999999999998,-0.9749279121818236,-0.2225209339563146,1,4.28,0.0,59.88,100.0
2018-10-13 08:00:00,2018-10-13 08:15:00,2018-10-13 09:00:00,212.04,3.28,3.2,2.77,4.18,9.72,12.17,2.99625,0.2404390515286566,28.70427083333333,121.72,0.8314696123025451,-0.5555702330196023,-0.9749279121818236,-0.2225209339563146,1,4.36,0.0,60.12,100.0
2018-10-13 08:15:00,2018-10-13 08:30:00,2018-10-13 09:15:00,235.37,28.51,3.28,2.74,27.32,37.48,37.94,4.578125,6.183635883068715,28.716666666666658,121.72,0.7933533402912352,-0.6087614290087207,-0.9749279121818236,-0.2225209339563146,1,28.69,0.0,70.49,100.0
2018-10-13 08:30:00,2018-10-13 08:45:00,2018-10-13 09:30:00,226.70000000000002,51.98,28.51,2.95,57.49,51.01,86.97,7.606249999999999,13.016634009508758,28.659270833333334,121.72,0.7518398074789774,-0.6593458151000688,-0.9749279121818236,-0.2225209339563146,1,53.89,0.0,69.42,100.0
2018-10-13 08:45:00,2018-10-13 09:00:00,2018-10-13 09:45:00,195.63,72.29,51.98,3.2,98.35,48.35,156.06,11.944375,20.266143247035806,28.387812499999995,121.72,0.7071067811865476,-0.7071067811865475,-0.9749279121818236,-0.2225209339563146,1,71.32,0.0,71.19,100.0
2018-10-13 09:00:00,2018-10-13 09:15:00,2018-10-13 10:00:00,173.59,59.26,72.29,3.28,121.72,50.9,212.04,15.4725,23.086297207434544,27.7371875,93.1,0.659345815100069,-0.7518398074789773,-0.9749279121818236,-0.2225209339563146,1,38.27,0.0,84.01,100.0
2018-10-13 09:15:00,2018-10-13 09:30:00,2018-10-13 10:15:00,165.67000000000002,51.84,59.26,28.51,93.1,64.4,235.37,18.536875000000002,24.417774959737322,27.307395833333334,72.29,0.6087614290087209,-0.793353340291235,-0.9749279121818236,-0.2225209339563146,1,30.85,0.0,85.93,100.0
2018-10-13 09:30:00,2018-10-13 09:45:00,2018-10-13 10:30:00,167.5,43.31,51.84,51.98,57.64,61.09,226.70000000000002,21.06625,24.754539703607904,27.158125000000002,72.29,0.5555702330196025,-0.831469612302545,-0.9749279121818236,-0.2225209339563146,1,18.0,0.0,92.34,100.0
2018-10-13 09:45:00,2018-10-13 10:00:00,2018-10-13 10:45:00,169.41,41.22,43.31,72.29,51.3,41.69,195.63,23.466875,24.73013185335604,27.053124999999994,72.29,0.49999999999999994,-0.8660254037844387,-0.9749279121818236,-0.2225209339563146,1,16.09,0.0,93.15,100.0
2018-10-13 10:00:00,2018-10-13 10:15:00,2018-10-13 11:00:00,170.85,37.22,41.22,59.26,62.82,47.34,173.59,25.593125,24.355874475870806,26.786458333333332,72.29,0.4422886902190017,-0.8968727415326881,-0.9749279121818236,-0.2225209339563146,1,10.19,0.0,96.45,100.0
2018-10-13 10:15:00,2018-10-13 10:30:00,2018-10-13 11:15:00,167.32,43.92,37.22,51.84,42.77,45.61,165.67000000000002,28.13125,24.01510120606407,26.798437499999995,72.29,0.3826834323650899,-0.9238795325112867,-0.9749279121818236,-0.2225209339563146,1,14.29,0.0,95.09,100.0
2018-10-13 10:30:00,2018-10-13 10:45:00,2018-10-13 11:30:00,165.31,45.14,43.92,43.31,50.4,60.95,167.5,30.779375,23.400727677988456,26.743645833333332,72.29,0.32143946530316175,-0.9469301294951056,-0.9749279121818236,-0.2225209339563146,1,14.65,0.0,95.12,100.0
2018-10-13 10:45:00,2018-10-13 11:00:00,2018-10-13 11:45:00,165.16,43.13,45.14,41.22,62.78,52.09,169.41,33.2975,22.40532707304225,26.53895833333333,72.29,0.258819045102521,-0.9659258262890682,-0.9749279121818236,-0.2225209339563146,1,13.18,0.0,95.63,100.0
2018-10-13 11:00:00,2018-10-13 11:15:00,2018-10-13 12:00:00,167.72,38.66,43.13,37.22,51.34,42.91,170.85,35.540625,20.988540465200888,26.406875,72.29,0.19509032201612816,-0.9807852804032304,-0.9749279121818236,-0.2225209339563146,1,10.44,0.07,96.54,100.0
2018-10-13 11:15:00,2018-10-13 11:30:00,2018-10-13 12:15:00,131.0,40.39,38.66,43.92,53.75,41.65,167.32,37.89375,19.21480805101888,26.26770833333333,72.29,0.130526192220052,-0.9914448613738104,-0.9749279121818236,-0.2225209339563146,1,11.52,0.0,96.16,100.0
2018-10-13 11:30:00,2018-10-13 11:45:00,2018-10-13 12:30:00,91.53999999999999,43.13,40.39,45.14,48.6,41.54,165.31,40.405,16.979384927022533,26.210729166666663,72.29,0.06540312923014312,-0.9978589232386035,-0.9749279121818236,-0.2225209339563146,1,13.64,0.0,95.35,100.0
2018-10-13 11:45:00,2018-10-13 12:00:00,2018-10-13 12:45:00,53.13,42.98,43.13,43.13,58.39,45.11,165.16,42.89125,14.000686980912759,26.05020833333333,72.29,1.2246467991473532e-16,-1.0,-0.9749279121818236,-0.2225209339563146,1,15.44,0.0,94.11,100.0
2018-10-13 12:00:00,2018-10-13 12:15:00,2018-10-13 13:00:00,16.16,41.22,42.98,38.66,47.92,40.54,167.72,45.2625,9.617966586030542,25.980416666666667,72.29,-0.06540312923014287,-0.9978589232386035,-0.9749279121818236,-0.2225209339563146,1,21.49,0.47,88.67,99.99
2018-10-13 12:15:00,2018-10-13 12:30:00,2018-10-13 13:15:00,38.910000000000004,3.67,41.22,40.39,4.32,27.72,131.0,43.709999999999994,13.441563804111485,25.973645833333332,72.29,-0.13052619222005177,-0.9914448613738104,-0.9749279121818236,-0.2225209339563146,1,0.0,11.77,100.0,29.77
2018-10-13 12:30:00,2018-10-13 12:45:00,2018-10-13 13:30:00,79.77000000000001,3.67,3.67,43.13,4.25,24.12,91.53999999999999,40.690625,16.354955085825672,25.967604166666664,72.29,-0.19509032201612792,-0.9807852804032305,-0.9749279121818236,-0.2225209339563146,1,0.0,13.46,100.0,26.31
2018-10-13 12:45:00,2018-10-13 13:00:00,2018-10-13 13:45:00,118.51,4.57,3.67,42.98,4.5,24.12,53.13,36.458124999999995,16.392275322064812,25.968333333333334,72.29,-0.2588190451025208,-0.9659258262890683,-0.9749279121818236,-0.2225209339563146,1,0.0,17.46,100.0,25.32
2018-10-13 13:00:00,2018-10-13 13:15:00,2018-10-13 14:00:00,153.97,4.25,4.57,41.22,4.64,24.23,16.16,33.019999999999996,17.006641349778622,25.964270833333334,72.29,-0.32143946530316153,-0.9469301294951057,-0.9749279121818236,-0.2225209339563146,1,0.0,16.2,100.0,25.38
2018-10-13 13:15:00,2018-10-13 13:30:00,2018-10-13 14:15:00,171.43,26.42,4.25,3.67,36.86,40.14,38.910000000000004,31.43125,16.348920405870842,25.855520833333333,72.29,-0.38268343236508967,-0.9238795325112868,-0.9749279121818236,-0.2225209339563146,1,6.37,6.52,97.21,97.09
2018-10-13 13:30:00,2018-10-13 13:45:00,2018-10-13 14:30:00,193.72,44.53,26.42,3.67,60.05,75.85,79.77000000000001,31.507499999999997,16.40688632099339,25.693854166666668,72.29,-0.44228869021900147,-0.8968727415326883,-0.9749279121818236,-0.2225209339563146,1,17.71,0.0,92.92,100.0
2018-10-13 13:45:00,2018-10-13 14:00:00,2018-10-13 14:45:00,206.14,43.31,44.53,4.57,53.6,97.38,118.51,31.638125,16.49179349659627,25.58666666666667,72.29,-0.4999999999999997,-0.8660254037844388,-0.9749279121818236,-0.2225209339563146,1,18.94,0.0,91.62,100.0
2018-10-13 14:00:00,2018-10-13 14:15:00,2018-10-13 15:00:00,222.95,39.71,43.31,4.25,50.08,105.12,153.97,31.79375,16.555358601899872,25.478645833333335,72.29,-0.555570233019602,-0.8314696123025455,-0.9749279121818236,-0.2225209339563146,1,16.27,0.0,92.53,100.0
2018-10-13 14:15:00,2018-10-13 14:30:00,2018-10-13 15:15:00,243.91,43.88,39.71,26.42,39.17,61.49,171.43,31.79125,16.55353016542091,25.527708333333333,72.29,-0.6087614290087207,-0.7933533402912352,-0.9749279121818236,-0.2225209339563146,1,20.66,0.0,90.47,100.0
2018-10-13 14:30:00,2018-10-13 14:45:00,2018-10-13 15:30:00,283.76,66.82,43.88,44.53,55.87,112.1,193.72,33.146249999999995,18.377563724212738,25.641770833333336,72.29,-0.6593458151000688,-0.7518398074789774,-0.9749279121818236,-0.2225209339563146,1,38.81,0.0,86.47,100.0
2018-10-13 14:45:00,2018-10-13 15:00:00,2018-10-13 15:45:00,311.69000000000005,55.73,66.82,43.31,53.93,105.26,206.14,33.933749999999996,19.04630143722135,25.660520833333337,72.29,-0.7071067811865471,-0.7071067811865479,-0.9749279121818236,-0.2225209339563146,1,25.6,0.0,90.87,100.0
2018-10-13 15:00:00,2018-10-13 15:15:00,2018-10-13 16:00:00,295.89,56.52,55.73,39.71,44.64,108.29,222.95,35.05,19.799069738247805,25.784270833333334,72.29,-0.7518398074789773,-0.6593458151000691,-0.9749279121818236,-0.2225209339563146,1,23.44,0.0,92.37,100.0
2018-10-13 15:15:00,2018-10-13 15:30:00,2018-10-13 16:15:00,274.68,64.84,56.52,43.88,44.06,104.47,243.91,36.578125,21.05590244407432,26.000729166666662,72.29,-0.7933533402912349,-0.6087614290087209,-0.9749279121818236,-0.2225209339563146,1,26.5,0.0,92.57,100.0
2018-10-13 15:30:00,2018-10-13 15:45:00,2018-10-13 16:30:00,217.73,106.67,64.84,66.82,44.32,99.22,283.76,40.549375,27.05460576980147,26.650208333333335,106.67,-0.8314696123025452,-0.5555702330196022,-0.9749279121818236,-0.2225209339563146,1,45.18,0.0,92.08,100.0
2018-10-13 15:45:00,2018-10-13 16:00:00,2018-10-13 16:45:00,158.14999999999998,83.66,106.67,55.73,67.07,108.43,311.69000000000005,43.091874999999995,29.00475849295034,26.823020833333334,106.67,-0.8660254037844385,-0.5000000000000004,-0.9749279121818236,-0.2225209339563146,1,35.82,0.0,91.93,100.0
2018-10-13 16:00:00,2018-10-13 16:15:00,2018-10-13 17:00:00,122.25,40.72,83.66,56.52,45.11,78.44,295.89,43.060625,29.007027697773086,26.777291666666667,106.67,-0.8968727415326883,-0.44228869021900136,-0.9749279121818236,-0.2225209339563146,1,14.33,0.0,94.33,100.0
2018-10-13 16:15:00,2018-10-13 16:30:00,2018-10-13 17:15:00,83.16000000000001,43.63,40.72,64.84,47.99,103.32,274.68,45.558125,27.170095283866324,26.731875,106.67,-0.9238795325112868,-0.3826834323650895,-0.9749279121818236,-0.2225209339563146,1,15.62,0.0,94.15,100.0
2018-10-13 16:30:00,2018-10-13 16:45:00,2018-10-13 17:30:00,37.87,49.72,43.63,106.67,47.2,102.96,217.73,48.43625,24.92688530357333,26.758125000000003,106.67,-0.9469301294951056,-0.3214394653031618,-0.9749279121818236,-0.2225209339563146,1,21.49,0.0,91.79,100.0
2018-10-13 16:45:00,2018-10-13 17:00:00,2018-10-13 17:45:00,17.39,24.08,49.72,83.66,46.4,103.03,158.14999999999998,49.65562499999999,23.166223788295213,26.525625,106.67,-0.9659258262890683,-0.25881904510252063,-0.9749279121818236,-0.2225209339563146,1,3.46,5.4,98.98,97.58
2018-10-13 17:00:00,2018-10-13 17:15:00,2018-10-13 18:00:00,16.13,4.82,24.08,40.72,51.3,84.56,122.25,49.691250000000004,23.0967056295373,26.041458333333335,106.67,-0.9807852804032303,-0.19509032201612866,-0.9749279121818236,-0.2225209339563146,1,0.0,17.35,100.0,26.77
2018-10-13 17:15:00,2018-10-13 17:30:00,2018-10-13 18:15:00,15.19,4.54,4.82,43.63,57.78,34.92,83.16000000000001,48.323750000000004,25.003110275273755,25.486874999999998,106.67,-0.9914448613738104,-0.13052619222005163,-0.9749279121818236,-0.2225209339563146,1,0.0,17.89,100.0,24.6
2018-10-13 17:30:00,2018-10-13 17:45:00,2018-10-13 18:30:00,14.32,4.43,4.54,49.72,44.89,26.46,37.87,45.8175,27.173351490936852,25.065416666666668,106.67,-0.9978589232386035,-0.06540312923014273,-0.9749279121818236,-0.2225209339563146,1,0.0,18.0,100.0,23.9
2018-10-13 17:45:00,2018-10-13 18:00:00,2018-10-13 18:45:00,14.280000000000001,3.6,4.43,24.08,29.2,26.53,17.39,43.335625,29.03847769958637,24.79875,106.67,-1.0,-1.8369701987210297e-16,-0.9749279121818236,-0.2225209339563146,1,0.0,17.93,100.0,19.69
2018-10-13 18:00:00,2018-10-13 18:15:00,2018-10-13 19:00:00,14.280000000000001,3.56,3.6,4.82,29.56,26.32,16.13,41.07625,30.597191226279254,24.52791666666667,106.67,-0.9978589232386036,0.06540312923014237,-0.9749279121818236,-0.2225209339563146,1,0.0,12.1,100.0,28.23
2018-10-13 18:15:00,2018-10-13 18:30:00,2018-10-13 19:15:00,14.28,3.6,3.56,4.54,50.94,36.76,15.19,38.55875,31.89260609353679,24.034791666666667,106.67,-0.9914448613738105,0.13052619222005127,-0.9749279121818236,-0.2225209339563146,1,0.0,7.16,100.0,44.92
2018-10-13 18:30:00,2018-10-13 18:45:00,2018-10-13 19:30:00,14.39,3.56,3.6,4.43,71.42,64.48,14.32,34.605000000000004,32.064693589678974,23.327916666666667,106.67,-0.9807852804032304,0.1950903220161283,-0.9749279121818236,-0.2225209339563146,1,0.0,10.69,100.0,31.6
2018-10-13 18:45:00,2018-10-13 19:00:00,2018-10-13 19:45:00,14.43,3.56,3.56,3.6,47.34,40.43,14.280000000000001,31.344375000000003,32.40151693376986,22.871875,106.67,-0.9659258262890684,0.2588190451025203,-0.9749279121818236,-0.2225209339563146,1,0.0,18.14,100.0,19.26
2018-10-13 19:00:00,2018-10-13 19:15:00,2018-10-13 20:00:00,14.469999999999999,3.56,3.56,3.56,56.38,60.91,14.280000000000001,28.034374999999997,32.36567876793835,22.32166666666667,106.67,-0.9469301294951057,0.3214394653031615,-0.9749279121818236,-0.2225209339563146,1,0.0,18.22,100.0,19.18
2018-10-13 19:15:00,2018-10-13 19:30:00,2018-10-13 20:15:00,14.399999999999999,3.6,3.56,3.6,70.42,49.79,14.28,24.206875,31.393254792779533,21.625625,106.67,-0.923879532511287,0.38268343236508917,-0.9749279121818236,-0.2225209339563146,1,0.0,18.04,100.0,19.57
2018-10-13 19:30:00,2018-10-13 19:45:00,2018-10-13 20:30:00,14.290000000000001,3.67,3.6,3.56,49.46,36.72,14.39,17.769375,23.354759811639575,21.148645833333333,106.67,-0.8968727415326884,0.442288690219001,-0.9749279121818236,-0.2225209339563146,1,0.0,18.04,100.0,19.94
2018-10-13 19:45:00,2018-10-13 20:00:00,2018-10-13 20:45:00,14.36,3.6,3.67,3.56,45.54,36.83,14.43,12.765625,16.17427238268773,20.711770833333333,106.67,-0.8660254037844386,0.5000000000000001,-0.9749279121818236,-0.2225209339563146,1,0.0,18.11,100.0,19.5
2018-10-13 20:00:00,2018-10-13 20:15:00,2018-10-13 21:00:00,14.969999999999999,3.6,3.6,3.56,50.04,50.0,14.469999999999999,10.445625,14.582002163947687,20.228020833333336,106.67,-0.8314696123025455,0.5555702330196018,-0.9749279121818236,-0.2225209339563146,1,0.0,18.11,100.0,19.5
2018-10-13 20:15:00,2018-10-13 20:30:00,2018-10-13 21:15:00,16.01,3.53,3.6,3.6,46.15,53.1,14.399999999999999,7.939375,11.854005371998742,19.7840625,106.67,-0.7933533402912357,0.6087614290087199,-0.9749279121818236,-0.2225209339563146,1,0.0,18.11,100.0,19.13
2018-10-13 20:30:00,2018-10-13 20:45:00,2018-10-13 21:30:00,16.009999999999998,3.56,3.53,3.67,68.04,35.75,14.290000000000001,5.054375,4.928652159503143,19.112395833333334,106.67,-0.7518398074789772,0.6593458151000691,-0.9749279121818236,-0.2225209339563146,1,0.0,18.14,100.0,19.26
2018-10-13 20:45:00,2018-10-13 21:00:00,2018-10-13 21:45:00,15.900000000000002,3.67,3.56,3.6,63.76,25.74,14.36,3.7787500000000005,0.40096563132019186,18.486458333333335,106.67,-0.7071067811865477,0.7071067811865474,-0.9749279121818236,-0.2225209339563146,1,0.0,18.14,100.0,19.83
2018-10-13 21:00:00,2018-10-13 21:15:00,2018-10-13 22:00:00,15.290000000000001,4.21,3.67,3.6,36.4,6.66,14.969999999999999,3.740625,0.3212177756211508,18.151145833333334,106.67,-0.6593458151000687,0.7518398074789775,-0.9749279121818236,-0.2225209339563146,1,0.0,18.14,100.0,22.61
2018-10-13 21:15:00,2018-10-13 21:30:00,2018-10-13 22:15:00,14.21,4.57,4.21,3.53,4.32,4.07,16.01,3.7424999999999997,0.3259313578040628,18.15375,106.67,-0.608761429008721,0.7933533402912349,-0.9749279121818236,-0.2225209339563146,1,0.0,18.14,100.0,24.43
2018-10-13 21:30:00,2018-10-13 21:45:00,2018-10-13 22:30:00,14.030000000000001,3.56,4.57,3.56,4.21,3.49,16.009999999999998,3.688125,0.2753456634396119,18.146979166666664,106.67,-0.555570233019603,0.8314696123025447,-0.9749279121818236,-0.2225209339563146,1,0.0,18.14,100.0,19.26
2018-10-13 21:45:00,2018-10-13 22:00:00,2018-10-13 22:45:00,13.669999999999998,3.56,3.56,3.67,3.85,3.56,15.900000000000002,3.685625,0.2763143307448965,18.143958333333334,106.67,-0.5000000000000004,0.8660254037844384,-0.9749279121818236,-0.2225209339563146,1,0.0,18.14,100.0,19.26
2018-10-13 22:00:00,2018-10-13 22:15:00,2018-10-13 23:00:00,12.77,3.6,3.56,4.21,3.74,3.46,15.290000000000001,3.688125,0.2753456634396119,18.1425,106.67,-0.4422886902190014,0.8968727415326883,-0.9749279121818236,-0.2225209339563146,1,0.0,17.5,100.0,20.15
2018-10-13 22:15:00,2018-10-13 22:30:00,2018-10-13 23:15:00,11.98,3.49,3.6,4.57,3.56,3.2,14.21,3.68125,0.27881165237486044,18.141770833333336,106.67,-0.38268343236508956,0.9238795325112868,-0.9749279121818236,-0.2225209339563146,1,6.59,0.18,46.8,99.87
2018-10-13 22:30:00,2018-10-13 22:45:00,2018-10-13 23:30:00,11.340000000000002,3.38,3.49,3.56,3.56,3.17,14.030000000000001,3.67,0.2869886757347753,18.13989583333333,106.67,-0.32143946530316186,0.9469301294951056,-0.9749279121818236,-0.2225209339563146,1,6.7,0.0,45.04,100.0
2018-10-13 22:45:00,2018-10-13 23:00:00,2018-10-13 23:45:00,10.8,3.2,3.38,3.56,3.53,3.24,13.669999999999998,3.6475,0.3080685800272401,18.136458333333334,106.67,-0.25881904510252157,0.9659258262890681,-0.9749279121818236,-0.2225209339563146,1,6.19,0.0,45.92,100.0
2018-10-13 23:00:00,2018-10-13 23:15:00,2018-10-14 00:00:00,10.870000000000001,2.7,3.2,3.6,4.36,3.24,12.77,3.59375,0.38425048796325556,18.11916666666667,106.67,-0.19509032201612872,0.9807852804032303,-0.9749279121818236,-0.2225209339563146,1,4.57,0.0,50.87,100.0
2018-10-13 23:15:00,2018-10-13 23:30:00,2018-10-14 00:15:00,10.870000000000001,2.7,2.7,3.49,4.57,3.56,11.98,3.5374999999999996,0.44091524128793735,18.099687499999998,106.67,-0.13052619222005168,0.9914448613738104,-0.9749279121818236,-0.2225209339563146,1,4.25,0.0,53.62,100.0
2018-10-13 23:30:00,2018-10-13 23:45:00,2018-10-14 00:30:00,10.87,2.74,2.7,3.38,3.64,4.25,11.340000000000002,3.479375,0.4792503097286427,18.0903125,106.67,-0.0654031292301428,0.9978589232386035,-0.9749279121818236,-0.2225209339563146,1,4.14,0.0,55.19,100.0
2018-10-13 23:45:00,2018-10-14 00:00:00,2018-10-14 00:45:00,10.950000000000001,2.66,2.74,3.2,3.49,3.31,10.8,3.4206250000000002,0.5169921269951796,18.081666666666667,106.67,0.0,1.0,-0.7818314824680299,0.6234898018587334,1,4.18,0.0,53.69,100.0
2018-10-14 00:00:00,2018-10-14 00:15:00,2018-10-14 01:00:00,11.17,2.77,2.66,2.7,2.66,2.59,10.870000000000001,3.3687500000000004,0.5376206259994123,18.0828125,106.67,0.06540312923014306,0.9978589232386035,-0.7818314824680299,0.6234898018587334,1,4.97,0.0,48.68,100.0
2018-10-14 00:15:00,2018-10-14 00:30:00,2018-10-14 01:15:00,11.850000000000001,2.7,2.77,2.7,3.64,2.88,10.870000000000001,3.316875,0.5591703536266922,18.07302083333333,106.67,0.13052619222005157,0.9914448613738104,-0.7818314824680299,0.6234898018587334,1,4.43,0.0,52.04,100.0
2018-10-14 00:30:00,2018-10-14 00:45:00,2018-10-14 01:30:00,11.95,2.74,2.7,2.74,3.56,2.59,10.87,3.265625,0.5719699374748641,18.06447916666667,106.67,0.19509032201612825,0.9807852804032304,-0.7818314824680299,0.6234898018587334,1,4.54,0.0,51.67,100.0
2018-10-14 00:45:00,2018-10-14 01:00:00,2018-10-14 01:45:00,11.98,2.74,2.74,2.66,3.56,2.52,10.950000000000001,3.2075000000000005,0.575168453585556,18.0559375,106.67,0.25881904510252074,0.9659258262890683,-0.7818314824680299,0.6234898018587334,1,4.61,0.0,51.09,100.0
2018-10-14 01:00:00,2018-10-14 01:15:00,2018-10-14 02:00:00,11.76,2.99,2.74,2.77,3.64,2.56,11.17,3.13125,0.5149256621105613,18.049166666666665,106.67,0.3214394653031616,0.9469301294951057,-0.7818314824680299,0.6234898018587334,1,5.22,0.0,49.7,100.0
2018-10-14 01:15:00,2018-10-14 01:30:00,2018-10-14 02:15:00,11.219999999999999,3.38,2.99,2.7,3.6,2.52,11.850000000000001,3.056875,0.36620893541119387,18.046875,106.67,0.3826834323650898,0.9238795325112867,-0.7818314824680299,0.6234898018587334,1,6.48,0.0,46.25,100.0
2018-10-14 01:30:00,2018-10-14 01:45:00,2018-10-14 02:30:00,11.299999999999999,2.84,3.38,2.74,3.64,2.56,11.95,3.011875,0.3452574899622019,18.038541666666664,106.67,0.44228869021900125,0.8968727415326884,-0.7818314824680299,0.6234898018587334,1,5.04,0.0,49.09,100.0
2018-10-14 01:45:00,2018-10-14 02:00:00,2018-10-14 02:45:00,11.77,2.77,2.84,2.74,3.56,2.56,11.98,2.9625000000000004,0.3188161696024842,18.030312499999997,106.67,0.49999999999999994,0.8660254037844387,-0.7818314824680299,0.6234898018587334,1,4.9,0.0,49.21,100.0
2018-10-14 02:00:00,2018-10-14 02:15:00,2018-10-14 03:00:00,11.77,2.77,2.77,2.99,3.6,2.56,11.76,2.910625,0.27544211619685177,18.021666666666665,106.67,0.5555702330196022,0.8314696123025452,-0.7818314824680299,0.6234898018587334,1,4.86,0.0,49.52,100.0
2018-10-14 02:15:00,2018-10-14 02:30:00,2018-10-14 03:15:00,11.7,2.84,2.77,3.38,3.6,2.52,11.219999999999999,2.87,0.23140872930812262,18.013749999999998,106.67,0.6087614290087207,0.7933533402912352,-0.7818314824680299,0.6234898018587334,1,4.79,0.0,51.0,100.0
2018-10-14 02:30:00,2018-10-14 02:45:00,2018-10-14 03:30:00,11.52,2.92,2.84,2.84,3.49,2.56,11.299999999999999,2.8412499999999996,0.19137250978131623,18.007812499999996,106.67,0.6593458151000688,0.7518398074789774,-0.7818314824680299,0.6234898018587334,1,5.18,0.0,49.11,100.0
2018-10-14 02:45:00,2018-10-14 03:00:00,2018-10-14 03:45:00,11.090000000000002,3.24,2.92,2.77,3.56,2.56,11.77,2.84375,0.19624203805505075,18.004479166666666,106.67,0.7071067811865476,0.7071067811865476,-0.7818314824680299,0.6234898018587334,1,6.26,0.0,45.97,100.0
2018-10-14 03:00:00,2018-10-14 03:15:00,2018-10-14 04:00:00,11.06,2.77,3.24,2.77,3.13,2.52,11.77,2.8481249999999996,0.1937530241699468,18.000729166666662,106.67,0.7518398074789774,0.6593458151000688,-0.7818314824680299,0.6234898018587334,1,4.86,0.0,49.52,100.0
2018-10-14 03:15:00,2018-10-14 03:30:00,2018-10-14 04:15:00,11.06,2.77,2.77,2.84,2.77,2.59,11.7,2.8525,0.19113149923547398,18.000729166666662,106.67,0.7933533402912352,0.6087614290087207,-0.7818314824680299,0.6234898018587334,1,4.82,0.0,49.83,100.0
2018-10-14 03:30:00,2018-10-14 03:45:00,2018-10-14 04:30:00,11.09,2.74,2.77,2.92,2.81,2.7,11.52,2.8525,0.19113149923547398,18.0,106.67,0.8314696123025451,0.5555702330196024,-0.7818314824680299,0.6234898018587334,1,4.75,0.0,49.97,100.0
2018-10-14 03:45:00,2018-10-14 04:00:00,2018-10-14 04:45:00,11.02,2.81,2.74,3.24,2.77,3.06,11.090000000000002,2.861875,0.1850411694056217,18.000416666666666,106.67,0.8660254037844386,0.5000000000000001,-0.7818314824680299,0.6234898018587334,1,4.9,0.0,49.75,100.0
2018-10-14 04:00:00,2018-10-14 04:15:00,2018-10-14 05:00:00,11.090000000000002,2.74,2.81,2.77,2.88,2.74,11.06,2.86,0.18611152570434747,17.99895833333333,106.67,0.8968727415326884,0.44228869021900125,-0.7818314824680299,0.6234898018587334,1,4.82,0.0,49.42,100.0
2018-10-14 04:15:00,2018-10-14 04:30:00,2018-10-14 05:15:00,11.09,2.77,2.74,2.77,3.2,3.17,11.06,2.864375,0.1830972675246684,17.994479166666665,106.67,0.9238795325112867,0.38268343236508984,-0.7818314824680299,0.6234898018587334,1,4.82,0.0,49.83,100.0
2018-10-14 04:30:00,2018-10-14 04:45:00,2018-10-14 05:30:00,12.17,2.77,2.77,2.74,3.53,2.66,11.09,2.86625,0.18196411047236757,17.9865625,106.67,0.9469301294951056,0.3214394653031617,-0.7818314824680299,0.6234898018587334,1,4.86,0.0,49.52,100.0
2018-10-14 04:45:00,2018-10-14 05:00:00,2018-10-14 05:45:00,13.86,2.74,2.77,2.81,2.88,2.59,11.02,2.86625,0.18196411047236757,17.985104166666666,106.67,0.9659258262890683,0.25881904510252074,-0.7818314824680299,0.6234898018587334,1,4.82,0.0,49.42,100.0
2018-10-14 05:00:00,2018-10-14 05:15:00,2018-10-14 06:00:00,13.790000000000001,2.81,2.74,2.74,2.81,2.56,11.090000000000002,2.855,0.1795132307101624,17.985104166666666,106.67,0.9807852804032304,0.19509032201612833,-0.7818314824680299,0.6234898018587334,1,4.86,0.0,50.05,100.0
2018-10-14 05:15:00,2018-10-14 05:30:00,2018-10-14 06:15:00,13.79,2.77,2.81,2.77,2.81,2.59,11.09,2.816875,0.11830673850208197,17.9846875,106.67,0.9914448613738104,0.1305261922200517,-0.7818314824680299,0.6234898018587334,1,5.04,0.0,48.17,100.0
2018-10-14 05:30:00,2018-10-14 05:45:00,2018-10-14 06:30:00,12.68,3.85,2.77,2.77,2.84,2.56,12.17,2.88,0.27692508012095984,17.995208333333334,106.67,0.9978589232386035,0.06540312923014327,-0.7818314824680299,0.6234898018587334,1,6.34,0.0,51.9,100.0
2018-10-14 05:45:00,2018-10-14 06:00:00,2018-10-14 06:45:00,10.99,4.43,3.85,2.74,2.81,2.52,13.86,2.98375,0.46402956532962414,18.012083333333333,106.67,1.0,6.123233995736766e-17,-0.7818314824680299,0.6234898018587334,1,6.88,0.0,54.14,100.0
2018-10-14 06:00:00,2018-10-14 06:15:00,2018-10-14 07:00:00,10.99,2.74,4.43,2.81,3.2,2.56,13.790000000000001,2.981875,0.46494917396958557,18.007291666666667,106.67,0.9978589232386035,-0.06540312923014314,-0.7818314824680299,0.6234898018587334,1,4.82,0.0,49.42,100.0
2018-10-14 06:15:00,2018-10-14 06:30:00,2018-10-14 07:15:00,10.920000000000002,2.77,2.74,2.77,3.31,2.56,13.79,2.9775,0.46659002346814055,18.00166666666667,106.67,0.9914448613738104,-0.1305261922200516,-0.7818314824680299,0.6234898018587334,1,4.82,0.0,49.83,100.0
2018-10-14 06:30:00,2018-10-14 06:45:00,2018-10-14 07:30:00,10.84,2.74,2.77,3.85,2.77,2.52,12.68,2.96625,0.46999833776301797,18.00135416666667,106.67,0.9807852804032304,-0.1950903220161282,-0.7818314824680299,0.6234898018587334,1,4.97,0.0,48.28,100.0
2018-10-14 06:45:00,2018-10-14 07:00:00,2018-10-14 07:45:00,10.870000000000001,2.74,2.74,4.43,2.84,2.99,10.99,2.935,0.46737297739599787,18.000312500000003,106.67,0.9659258262890683,-0.25881904510252063,-0.7818314824680299,0.6234898018587334,1,5.04,0.0,47.76,100.0
2018-10-14 07:00:00,2018-10-14 07:15:00,2018-10-14 08:00:00,10.870000000000001,2.74,2.74,2.74,2.77,2.81,10.99,2.9331250000000004,0.4680907864666852,18.0,106.67,0.9469301294951057,-0.3214394653031616,-0.7818314824680299,0.6234898018587334,1,4.93,0.0,48.58,100.0
2018-10-14 07:15:00,2018-10-14 07:30:00,2018-10-14 08:15:00,10.870000000000001,2.7,2.74,2.77,2.74,2.48,10.920000000000002,2.92875,0.4699185434732278,17.999583333333334,106.67,0.9238795325112868,-0.3826834323650895,-0.7818314824680299,0.6234898018587334,1,4.86,0.0,48.56,100.0
2018-10-14 07:30:00,2018-10-14 07:45:00,2018-10-14 08:30:00,10.91,2.66,2.7,2.74,2.95,2.59,10.84,2.92375,0.47231974074772687,17.9965625,106.67,0.8968727415326884,-0.44228869021900113,-0.7818314824680299,0.6234898018587334,1,4.75,0.0,48.86,100.0
2018-10-14 07:45:00,2018-10-14 08:00:00,2018-10-14 08:45:00,10.91,2.77,2.66,2.74,3.2,2.52,10.870000000000001,2.9212499999999997,0.4730205465939084,17.992083333333337,106.67,0.8660254037844387,-0.4999999999999998,-0.7818314824680299,0.6234898018587334,1,5.11,0.0,47.66,100.0
2018-10-14 08:00:00,2018-10-14 08:15:00,2018-10-14 09:00:00,11.09,2.74,2.77,2.74,3.28,2.52,10.870000000000001,2.92125,0.4730205465939084,17.986458333333335,106.67,0.8314696123025451,-0.5555702330196023,-0.7818314824680299,0.6234898018587334,1,4.97,0.0,48.28,100.0
2018-10-14 08:15:00,2018-10-14 08:30:00,2018-10-14 09:15:00,11.38,2.7,2.74,2.7,28.51,2.52,10.870000000000001,2.916875,0.47471990096792854,17.717604166666668,106.67,0.7933533402912352,-0.6087614290087207,-0.7818314824680299,0.6234898018587334,1,4.82,0.0,48.87,100.0
2018-10-14 08:30:00,2018-10-14 08:45:00,2018-10-14 09:30:00,11.7,2.7,2.7,2.66,51.98,2.48,10.91,2.9125,0.4763730156085669,17.204270833333336,106.67,0.7518398074789774,-0.6593458151000688,-0.7818314824680299,0.6234898018587334,1,4.82,0.0,48.87,100.0
2018-10-14 08:45:00,2018-10-14 09:00:00,2018-10-14 09:45:00,11.95,2.77,2.7,2.77,72.29,2.59,10.91,2.9143749999999997,0.4757489982911156,16.480104166666667,106.67,0.7071067811865476,-0.7071067811865475,-0.7818314824680299,0.6234898018587334,1,2.12,2.3,79.41,76.94
2018-10-14 09:00:00,2018-10-14 09:15:00,2018-10-14 10:00:00,13.419999999999998,2.92,2.77,2.74,59.26,2.74,11.09,2.9212499999999997,0.4749851971377633,15.893229166666666,106.67,0.659345815100069,-0.7518398074789773,-0.7818314824680299,0.6234898018587334,1,0.0,11.7,100.0,24.21
2018-10-14 09:15:00,2018-10-14 09:30:00,2018-10-14 10:15:00,14.5,2.99,2.92,2.7,51.84,3.28,11.38,2.935,0.4735900125636096,15.384375,106.67,0.6087614290087209,-0.793353340291235,-0.7818314824680299,0.6234898018587334,1,0.0,11.48,100.0,25.2
2018-10-14 09:30:00,2018-10-14 09:45:00,2018-10-14 10:30:00,14.47,3.02,2.99,2.7,43.31,3.17,11.7,2.8831249999999997,0.411972674306197,14.964687500000002,106.67,0.5555702330196025,-0.831469612302545,-0.7818314824680299,0.6234898018587334,1,0.0,11.23,100.0,25.97
2018-10-14 09:45:00,2018-10-14 10:00:00,2018-10-14 10:45:00,14.47,3.02,3.02,2.77,41.22,2.63,11.95,2.795,0.1165118019773104,14.566770833333331,106.67,0.49999999999999994,-0.8660254037844387,-0.7818314824680299,0.6234898018587334,1,0.0,11.95,100.0,24.5
2018-10-14 10:00:00,2018-10-14 10:15:00,2018-10-14 11:00:00,13.030000000000001,4.39,3.02,2.92,37.22,2.63,13.419999999999998,2.898125,0.4021849504581193,14.224791666666667,106.67,0.4422886902190017,-0.8968727415326881,-0.7818314824680299,0.6234898018587334,1,0.0,17.39,100.0,24.48
2018-10-14 10:15:00,2018-10-14 10:30:00,2018-10-14 11:15:00,11.91,4.07,4.39,2.99,43.92,2.74,14.5,2.979375,0.48985289564827517,13.8096875,106.67,0.3826834323650899,-0.9238795325112867,-0.7818314824680299,0.6234898018587334,1,0.0,17.42,100.0,22.75
2018-10-14 10:30:00,2018-10-14 10:45:00,2018-10-14 11:30:00,11.870000000000001,2.99,4.07,3.02,45.14,3.02,14.47,2.995,0.48593981108775186,13.370624999999999,106.67,0.32143946530316175,-0.9469301294951056,-0.7818314824680299,0.6234898018587334,1,0.0,11.66,100.0,24.84
2018-10-14 10:45:00,2018-10-14 11:00:00,2018-10-14 11:45:00,11.8,3.02,2.99,3.02,43.13,3.1,14.47,3.0125,0.4814626153711209,12.9528125,106.67,0.258819045102521,-0.9659258262890682,-0.7818314824680299,0.6234898018587334,1,0.0,11.34,100.0,25.73
2018-10-14 11:00:00,2018-10-14 11:15:00,2018-10-14 12:00:00,11.8,2.95,3.02,4.39,38.66,2.63,13.030000000000001,3.025625,0.4766939367927811,12.580833333333333,106.67,0.19509032201612816,-0.9807852804032304,-0.7818314824680299,0.6234898018587334,1,0.0,11.34,100.0,25.18
2018-10-14 11:15:00,2018-10-14 11:30:00,2018-10-14 12:15:00,11.98,2.95,2.95,4.07,40.39,2.63,11.91,3.04125,0.4698121300051755,12.190833333333332,106.67,0.130526192220052,-0.9914448613738104,-0.7818314824680299,0.6234898018587334,1,0.0,11.34,100.0,25.18
2018-10-14 11:30:00,2018-10-14 11:45:00,2018-10-14 12:30:00,12.13,2.95,2.95,2.99,43.13,2.66,11.870000000000001,3.059375,0.460250865697176,11.772291666666666,106.67,0.06540312923014312,-0.9978589232386035,-0.7818314824680299,0.6234898018587334,1,0.0,11.2,100.0,25.47
2018-10-14 11:45:00,2018-10-14 12:00:00,2018-10-14 12:45:00,12.24,2.95,2.95,3.02,42.98,2.63,11.8,3.070625,0.4552124332385924,11.355312500000002,106.67,1.2246467991473532e-16,-1.0,-0.7818314824680299,0.6234898018587334,1,0.0,10.04,100.0,28.19
2018-10-14 12:00:00,2018-10-14 12:15:00,2018-10-14 13:00:00,12.350000000000001,2.95,2.95,2.95,41.22,2.7,11.8,3.08375,0.4484678778909365,10.956666666666665,106.67,-0.06540312923014287,-0.9978589232386035,-0.7818314824680299,0.6234898018587334,1,0.0,5.72,100.0,45.84
2018-10-14 12:15:00,2018-10-14 12:30:00,2018-10-14 13:15:00,12.280000000000001,3.13,2.95,2.95,3.67,2.77,11.98,3.1106249999999998,0.43741383079985013,10.951041666666667,106.67,-0.13052619222005177,-0.9914448613738104,-0.7818314824680299,0.6234898018587334,1,0.0,10.62,100.0,28.27
2018-10-14 12:30:00,2018-10-14 12:45:00,2018-10-14 13:30:00,12.24,3.1,3.13,2.95,3.67,2.74,12.13,3.135625,0.42446979795387085,10.945104166666667,106.67,-0.19509032201612792,-0.9807852804032305,-0.7818314824680299,0.6234898018587334,1,0.0,10.51,100.0,28.29
2018-10-14 12:45:00,2018-10-14 13:00:00,2018-10-14 13:45:00,12.2,3.06,3.1,2.95,4.57,2.77,12.24,3.15375,0.4145460619762295,10.929374999999999,106.67,-0.2588190451025208,-0.9659258262890683,-0.7818314824680299,0.6234898018587334,1,0.0,10.58,100.0,27.78
2018-10-14 13:00:00,2018-10-14 13:15:00,2018-10-14 14:00:00,12.200000000000001,3.06,3.06,2.95,4.25,2.74,12.350000000000001,3.1624999999999996,0.41098205556933987,10.916979166666666,106.67,-0.32143946530316153,-0.9469301294951057,-0.7818314824680299,0.6234898018587334,1,0.0,10.62,100.0,27.69
2018-10-14 13:15:00,2018-10-14 13:30:00,2018-10-14 14:15:00,12.780000000000001,3.06,3.06,3.13,26.42,2.7,12.280000000000001,3.166875,0.409492349592761,10.673645833333333,106.67,-0.38268343236508967,-0.9238795325112868,-0.7818314824680299,0.6234898018587334,1,0.0,10.73,100.0,27.42
2018-10-14 13:30:00,2018-10-14 13:45:00,2018-10-14 14:30:00,12.920000000000002,3.06,3.06,3.1,44.53,2.74,12.24,3.169375,0.4087093825384976,10.241666666666665,106.67,-0.44228869021900147,-0.8968727415326883,-0.7818314824680299,0.6234898018587334,1,0.0,10.87,100.0,27.1
2018-10-14 13:45:00,2018-10-14 14:00:00,2018-10-14 14:45:00,12.92,3.02,3.06,3.06,43.31,2.66,12.2,3.169375,0.4087093825384976,9.821979166666665,106.67,-0.4999999999999997,-0.8660254037844388,-0.7818314824680299,0.6234898018587334,1,0.0,10.84,100.0,26.84
2018-10-14 14:00:00,2018-10-14 14:15:00,2018-10-14 15:00:00,12.879999999999999,3.06,3.02,3.06,39.71,3.02,12.200000000000001,3.0862499999999997,0.26030931120495865,9.440208333333333,106.67,-0.555570233019602,-0.8314696123025455,-0.7818314824680299,0.6234898018587334,1,0.0,10.98,100.0,26.85
2018-10-14 14:15:00,2018-10-14 14:30:00,2018-10-14 15:15:00,12.23,3.64,3.06,3.06,43.88,3.13,12.780000000000001,3.0593749999999997,0.16036944651335552,9.021041666666667,106.67,-0.6087614290087207,-0.7933533402912352,-0.7818314824680299,0.6234898018587334,1,0.0,16.85,100.0,21.12
2018-10-14 14:30:00,2018-10-14 14:45:00,2018-10-14 15:30:00,11.98,3.2,3.64,3.06,66.82,2.7,12.920000000000002,3.0725,0.16273060560324845,8.358333333333333,106.67,-0.6593458151000688,-0.7518398074789774,-0.7818314824680299,0.6234898018587334,1,0.0,13.1,100.0,23.73
2018-10-14 14:45:00,2018-10-14 15:00:00,2018-10-14 15:45:00,12.270000000000001,3.02,3.2,3.02,55.73,2.7,12.92,3.0725,0.16273060560324845,7.809270833333334,106.67,-0.7071067811865471,-0.7071067811865479,-0.7818314824680299,0.6234898018587334,1,0.0,11.05,100.0,26.36
2018-10-14 15:00:00,2018-10-14 15:15:00,2018-10-14 16:00:00,12.81,3.02,3.02,3.06,56.52,2.99,12.879999999999999,3.0768750000000002,0.1603012301106888,7.2519791666666675,106.67,-0.7518398074789773,-0.6593458151000691,-0.7818314824680299,0.6234898018587334,1,0.0,11.16,100.0,26.12
2018-10-14 15:15:00,2018-10-14 15:30:00,2018-10-14 16:15:00,12.74,2.99,3.02,3.64,64.84,3.42,12.23,3.0793749999999998,0.15860598782832885,6.607708333333334,106.67,-0.7933533402912349,-0.6087614290087209,-0.7818314824680299,0.6234898018587334,1,0.0,11.16,100.0,25.88
2018-10-14 15:30:00,2018-10-14 15:45:00,2018-10-14 16:30:00,12.739999999999998,2.95,2.99,3.2,106.67,2.88,11.98,3.0793749999999998,0.15860598782832885,5.527291666666668,83.66,-0.8314696123025452,-0.5555702330196022,-0.7818314824680299,0.6234898018587334,1,0.0,11.27,100.0,25.32
2018-10-14 15:45:00,2018-10-14 16:00:00,2018-10-14 16:45:00,12.379999999999999,3.31,2.95,3.02,83.66,2.66,12.270000000000001,3.1018749999999997,0.16409672262114194,4.690312500000001,49.72,-0.8660254037844385,-0.5000000000000004,-0.7818314824680299,0.6234898018587334,1,0.0,14.65,100.0,22.04
2018-10-14 16:00:00,2018-10-14 16:15:00,2018-10-14 17:00:00,11.7,3.56,3.31,3.02,40.72,2.66,12.81,3.1399999999999997,0.19274335267396384,4.303229166666667,49.72,-0.8968727415326883,-0.44228869021900136,-0.7818314824680299,0.6234898018587334,1,0.0,16.99,100.0,20.51
2018-10-14 16:15:00,2018-10-14 16:30:00,2018-10-14 17:15:00,11.73,2.92,3.56,2.99,43.63,2.66,12.74,3.126875,0.19999121074437248,3.8791666666666678,49.72,-0.9238795325112868,-0.3826834323650895,-0.7818314824680299,0.6234898018587334,1,0.0,11.27,100.0,25.08
2018-10-14 16:30:00,2018-10-14 16:45:00,2018-10-14 17:30:00,11.73,2.95,2.92,2.95,49.72,2.74,12.739999999999998,3.1174999999999997,0.2044963324854507,3.3919791666666677,24.08,-0.9469301294951056,-0.3214394653031618,-0.7818314824680299,0.6234898018587334,1,0.0,11.45,100.0,24.95
2018-10-14 16:45:00,2018-10-14 17:00:00,2018-10-14 17:45:00,12.13,2.95,2.95,3.31,24.08,2.66,12.379999999999999,3.1106249999999998,0.20813063055446693,3.1718750000000004,4.82,-0.9659258262890683,-0.25881904510252063,-0.7818314824680299,0.6234898018587334,1,0.0,11.48,100.0,24.89
2018-10-14 17:00:00,2018-10-14 17:15:00,2018-10-14 18:00:00,12.74,2.88,2.95,3.56,4.82,2.63,11.7,3.099375,0.2153041090527536,3.1516666666666673,4.57,-0.9807852804032303,-0.19509032201612866,-0.7818314824680299,0.6234898018587334,1,0.0,11.45,100.0,24.39
2018-10-14 17:15:00,2018-10-14 17:30:00,2018-10-14 18:15:00,12.670000000000002,2.95,2.88,2.92,4.54,2.84,11.73,3.0925000000000002,0.21818856523658614,3.135104166666667,4.57,-0.9914448613738104,-0.13052619222005163,-0.7818314824680299,0.6234898018587334,1,0.0,11.27,100.0,25.32
2018-10-14 17:30:00,2018-10-14 17:45:00,2018-10-14 18:30:00,12.639999999999999,2.95,2.95,2.95,4.43,3.38,11.73,3.0856250000000003,0.22082144228991896,3.1196875,4.57,-0.9978589232386035,-0.06540312923014273,-0.7818314824680299,0.6234898018587334,1,0.0,11.23,100.0,25.41
2018-10-14 17:45:00,2018-10-14 18:00:00,2018-10-14 18:45:00,12.28,3.35,2.95,2.95,3.6,2.81,12.13,3.10625,0.2289889462397694,3.1170833333333334,4.57,-1.0,-1.8369701987210297e-16,-0.7818314824680299,0.6234898018587334,1,0.0,14.83,100.0,22.03
2018-10-14 18:00:00,2018-10-14 18:15:00,2018-10-14 19:00:00,11.739999999999998,3.49,3.35,2.88,3.56,2.59,12.74,3.133125,0.24654408201171651,3.116354166666667,4.57,-0.9978589232386036,0.06540312923014237,-0.7818314824680299,0.6234898018587334,1,0.0,11.02,100.0,30.19
2018-10-14 18:15:00,2018-10-14 18:30:00,2018-10-14 19:15:00,11.85,2.88,3.49,2.95,3.6,2.59,12.670000000000002,3.0856250000000003,0.21557970538758978,3.108854166666667,4.57,-0.9914448613738105,0.13052619222005127,-0.7818314824680299,0.6234898018587334,1,0.0,4.03,100.0,58.14
2018-10-14 18:30:00,2018-10-14 18:45:00,2018-10-14 19:30:00,11.92,2.92,2.88,2.95,3.56,2.59,12.639999999999999,3.068125,0.21694523358442336,3.1021875,4.57,-0.9807852804032304,0.1950903220161283,-0.7818314824680299,0.6234898018587334,1,0.0,6.59,100.0,40.51
2018-10-14 18:45:00,2018-10-14 19:00:00,2018-10-14 19:45:00,11.879999999999999,2.99,2.92,3.35,3.56,3.17,12.28,3.06625,0.21748203948832193,3.09625,4.57,-0.9659258262890684,0.2588190451025203,-0.7818314824680299,0.6234898018587334,1,0.0,11.48,100.0,25.2
2018-10-14 19:00:00,2018-10-14 19:15:00,2018-10-14 20:00:00,11.92,2.95,2.99,3.49,3.56,3.46,11.739999999999998,3.0618749999999997,0.21906673498046206,3.0898958333333333,4.57,-0.9469301294951057,0.3214394653031615,-0.7818314824680299,0.6234898018587334,1,0.0,11.52,100.0,24.81
2018-10-14 19:15:00,2018-10-14 19:30:00,2018-10-14 20:15:00,11.99,2.99,2.95,2.88,3.6,3.42,11.85,3.061875,0.21906673498046206,3.0835416666666666,4.57,-0.923879532511287,0.38268343236508917,-0.7818314824680299,0.6234898018587334,1,0.0,11.48,100.0,25.2
2018-10-14 19:30:00,2018-10-14 19:45:00,2018-10-14 20:30:00,12.71,2.99,2.99,2.92,3.67,2.74,11.92,3.064375,0.2180013976446023,3.0764583333333335,4.57,-0.8968727415326884,0.442288690219001,-0.7818314824680299,0.6234898018587334,1,0.0,11.48,100.0,25.2
2018-10-14 19:45:00,2018-10-14 20:00:00,2018-10-14 20:45:00,13.180000000000001,2.95,2.99,2.99,3.6,2.84,11.879999999999999,3.041875,0.20991720838225725,3.0696875,4.57,-0.8660254037844386,0.5000000000000001,-0.7818314824680299,0.6234898018587334,1,0.0,11.48,100.0,24.89
2018-10-14 20:00:00,2018-10-14 20:15:00,2018-10-14 21:00:00,13.18,2.99,2.95,2.95,3.6,3.06,11.92,3.00625,0.1618206955243983,3.063333333333334,4.57,-0.8314696123025455,0.5555702330196018,-0.7818314824680299,0.6234898018587334,1,0.0,11.45,100.0,25.27
2018-10-14 20:15:00,2018-10-14 20:30:00,2018-10-14 21:15:00,13.790000000000001,3.06,2.99,2.99,3.53,3.49,11.99,3.015,0.160701586799882,3.0584375,4.57,-0.7933533402912357,0.6087614290087199,-0.7818314824680299,0.6234898018587334,1,0.0,12.64,100.0,23.53
2018-10-14 20:30:00,2018-10-14 20:45:00,2018-10-14 21:30:00,13.280000000000001,3.71,3.06,2.99,3.56,2.74,12.71,3.0625,0.2312871591766391,3.06,4.57,-0.7518398074789772,0.6593458151000691,-0.7818314824680299,0.6234898018587334,1,0.0,17.57,100.0,20.66
2018-10-14 20:45:00,2018-10-14 21:00:00,2018-10-14 21:45:00,12.809999999999999,3.42,3.71,2.95,3.67,2.77,13.180000000000001,3.091875,0.24459708578599212,3.057395833333334,4.57,-0.7071067811865477,0.7071067811865474,-0.7818314824680299,0.6234898018587334,1,0.0,14.72,100.0,22.63
2018-10-14 21:00:00,2018-10-14 21:15:00,2018-10-14 22:00:00,12.77,2.99,3.42,2.99,4.21,2.77,13.18,3.0987500000000003,0.24004882315895654,3.0446875,4.57,-0.6593458151000687,0.7518398074789775,-0.7818314824680299,0.6234898018587334,1,0.0,11.59,100.0,24.98
2018-10-14 21:15:00,2018-10-14 21:30:00,2018-10-14 22:15:00,11.98,3.67,2.99,3.06,4.57,2.99,13.790000000000001,3.1437500000000003,0.27315002745743955,3.0353125,4.43,-0.608761429008721,0.7933533402912349,-0.7818314824680299,0.6234898018587334,1,0.0,17.46,100.0,20.57
2018-10-14 21:30:00,2018-10-14 21:45:00,2018-10-14 22:30:00,11.620000000000001,3.2,3.67,3.71,3.56,3.42,13.280000000000001,3.1593750000000003,0.26873473793873387,3.0315624999999997,4.43,-0.555570233019603,0.8314696123025447,-0.7818314824680299,0.6234898018587334,1,0.0,13.5,100.0,23.06
2018-10-14 21:45:00,2018-10-14 22:00:00,2018-10-14 22:45:00,11.48,2.95,3.2,3.42,3.56,2.81,12.809999999999999,3.1343750000000004,0.2684438663389424,3.0252083333333335,4.43,-0.5000000000000004,0.8660254037844384,-0.7818314824680299,0.6234898018587334,1,0.0,11.38,100.0,25.09
2018-10-14 22:00:00,2018-10-14 22:15:00,2018-10-14 23:00:00,11.299999999999999,2.95,2.95,2.99,3.6,2.81,12.77,3.100625,0.2552319716943784,3.0184374999999997,4.43,-0.4422886902190014,0.8968727415326883,-0.7818314824680299,0.6234898018587334,1,0.0,11.12,100.0,25.64
2018-10-14 22:15:00,2018-10-14 22:30:00,2018-10-14 23:15:00,11.16,2.88,2.95,3.67,3.49,2.59,11.98,3.100625,0.2552319716943784,3.012083333333333,4.43,-0.38268343236508956,0.9238795325112868,-0.7818314824680299,0.6234898018587334,1,5.26,0.04,48.03,99.99
2018-10-14 22:30:00,2018-10-14 22:45:00,2018-10-14 23:30:00,11.06,2.84,2.88,3.2,3.38,2.59,11.620000000000001,3.095625,0.2594698621709272,3.0064583333333332,4.43,-0.32143946530316186,0.9469301294951056,-0.7818314824680299,0.6234898018587334,1,5.44,0.0,46.28,100.0
2018-10-14 22:45:00,2018-10-14 23:00:00,2018-10-14 23:45:00,11.06,2.81,2.84,2.95,3.2,2.66,11.48,3.084375,0.2675810332871147,3.0023958333333334,4.43,-0.25881904510252157,0.9659258262890681,-0.7818314824680299,0.6234898018587334,1,5.4,0.0,46.16,100.0
2018-10-14 23:00:00,2018-10-14 23:15:00,2018-10-15 00:00:00,12.030000000000001,2.77,2.81,2.95,2.7,2.59,11.299999999999999,3.073125,0.27662516945317894,3.0031250000000003,4.43,-0.19509032201612872,0.9807852804032303,-0.7818314824680299,0.6234898018587334,1,5.18,0.0,47.16,100.0
2018-10-14 23:15:00,2018-10-14 23:30:00,2018-10-15 00:15:00,12.030000000000001,2.74,2.77,2.88,2.7,2.56,11.16,3.0575,0.28771730917690713,3.0035416666666666,4.43,-0.13052619222005168,0.9914448613738104,-0.7818314824680299,0.6234898018587334,1,4.9,0.0,48.81,100.0
2018-10-14 23:30:00,2018-10-14 23:45:00,2018-10-15 00:30:00,12.100000000000001,2.74,2.74,2.84,2.74,2.48,11.06,3.041875,0.29757811474468343,3.003541666666667,4.43,-0.0654031292301428,0.9978589232386035,-0.7818314824680299,0.6234898018587334,1,4.86,0.0,49.11,100.0
2018-10-14 23:45:00,2018-10-15 00:00:00,2018-10-15 00:45:00,12.57,2.81,2.74,2.81,2.66,2.56,11.06,3.033125,0.30217376519976047,3.005104166666667,4.43,0.0,1.0,0.0,1.0,0,4.86,0.0,50.05,100.0
2018-10-15 00:00:00,2018-10-15 00:15:00,2018-10-15 01:00:00,12.0,3.74,2.81,2.77,2.77,3.24,12.030000000000001,3.08,0.3467347689517161,3.0152083333333337,4.43,0.06540312923014306,0.9978589232386035,0.0,1.0,0,7.74,0.0,43.51,100.0
2018-10-15 00:15:00,2018-10-15 00:30:00,2018-10-15 01:15:00,12.14,2.74,3.74,2.74,2.7,2.63,12.030000000000001,3.06,0.3564056677439347,3.015625,4.43,0.13052619222005157,0.9914448613738104,0.0,1.0,0,4.97,0.0,48.28,100.0
2018-10-15 00:30:00,2018-10-15 00:45:00,2018-10-15 01:30:00,12.099999999999998,2.81,2.74,2.74,2.74,3.17,12.100000000000001,3.00375,0.31837232527341314,3.0163541666666664,4.43,0.19509032201612825,0.9807852804032304,0.0,1.0,0,4.93,0.0,49.52,100.0
2018-10-15 00:45:00,2018-10-15 01:00:00,2018-10-15 01:45:00,12.1,3.28,2.81,2.81,2.74,3.28,12.57,2.995,0.3085854824841895,3.0219791666666667,4.43,0.25881904510252074,0.9659258262890683,0.0,1.0,0,6.8,0.0,43.45,100.0
2018-10-15 01:00:00,2018-10-15 01:15:00,2018-10-15 02:00:00,12.059999999999999,3.17,3.28,3.74,2.99,3.06,12.0,3.0062499999999996,0.311465788651017,3.0238541666666667,4.43,0.3214394653031616,0.9469301294951057,0.0,1.0,0,6.52,0.0,43.73,100.0
2018-10-15 01:15:00,2018-10-15 01:30:00,2018-10-15 02:15:00,11.99,2.88,3.17,2.74,3.38,2.59,12.14,2.9568749999999997,0.26083325013310704,3.0186458333333337,4.43,0.3826834323650898,0.9238795325112867,0.0,1.0,0,5.04,0.0,49.61,100.0
2018-10-15 01:30:00,2018-10-15 01:45:00,2018-10-15 02:30:00,12.030000000000001,2.77,2.88,2.81,2.84,2.56,12.099999999999998,2.9299999999999997,0.2565151067676132,3.017916666666667,4.43,0.44228869021900125,0.8968727415326884,0.0,1.0,0,5.08,0.0,47.87,100.0
2018-10-15 01:45:00,2018-10-15 02:00:00,2018-10-15 02:45:00,11.59,3.28,2.77,3.28,2.77,2.66,12.1,2.9506249999999996,0.27019596476446495,3.023229166666667,4.43,0.49999999999999994,0.8660254037844387,0.0,1.0,0,6.91,0.0,42.88,100.0
2018-10-15 02:00:00,2018-10-15 02:15:00,2018-10-15 03:00:00,11.23,3.13,3.28,3.17,2.77,2.63,12.059999999999999,2.961875,0.27366080167791657,3.026979166666667,4.43,0.5555702330196022,0.8314696123025452,0.0,1.0,0,6.34,0.0,44.27,100.0
2018-10-15 02:15:00,2018-10-15 02:30:00,2018-10-15 03:15:00,11.23,2.81,3.13,2.88,2.84,2.56,11.99,2.9575,0.27548820301421256,3.026666666666667,4.43,0.6087614290087207,0.7933533402912352,0.0,1.0,0,5.4,0.0,46.16,100.0
2018-10-15 02:30:00,2018-10-15 02:45:00,2018-10-15 03:30:00,11.16,2.81,2.81,2.77,2.92,2.66,12.030000000000001,2.955625,0.2763821799157825,3.025520833333333,4.43,0.6593458151000688,0.7518398074789774,0.0,1.0,0,5.26,0.0,47.12,100.0
2018-10-15 02:45:00,2018-10-15 03:00:00,2018-10-15 03:45:00,11.13,2.84,2.81,3.28,3.24,2.63,11.59,2.9574999999999996,0.27548820301421256,3.0213541666666663,4.43,0.7071067811865476,0.7071067811865476,0.0,1.0,0,5.18,0.0,48.07,100.0
2018-10-15 03:00:00,2018-10-15 03:15:00,2018-10-15 04:00:00,11.200000000000001,2.77,2.84,3.13,2.77,2.63,11.23,2.9575,0.27548820301421256,3.0213541666666663,4.43,0.7518398074789774,0.6593458151000688,0.0,1.0,0,5.22,0.0,46.87,100.0
2018-10-15 03:15:00,2018-10-15 03:30:00,2018-10-15 04:15:00,11.23,2.81,2.77,2.81,2.77,2.66,11.23,2.961875,0.2725394180205865,3.0217708333333335,4.43,0.7933533402912352,0.6087614290087207,0.0,1.0,0,5.15,0.0,47.9,100.0
2018-10-15 03:30:00,2018-10-15 03:45:00,2018-10-15 04:30:00,11.51,2.74,2.81,2.81,2.74,2.63,11.16,2.961875,0.2725394180205865,3.0217708333333335,4.43,0.8314696123025451,0.5555702330196024,0.0,1.0,0,5.11,0.0,47.26,100.0
2018-10-15 03:45:00,2018-10-15 04:00:00,2018-10-15 04:45:00,11.979999999999999,2.81,2.74,2.84,2.81,2.63,11.13,2.961875,0.2725394180205865,3.0217708333333335,4.43,0.8660254037844386,0.5000000000000001,0.0,1.0,0,5.15,0.0,47.9,100.0
2018-10-15 04:00:00,2018-10-15 04:15:00,2018-10-15 05:00:00,11.879999999999999,2.84,2.81,2.77,2.74,3.1,11.200000000000001,2.9056249999999997,0.18493136395700965,3.0228125,4.43,0.8968727415326884,0.44228869021900125,0.0,1.0,0,5.18,0.0,48.07,100.0
2018-10-15 04:15:00,2018-10-15 04:30:00,2018-10-15 05:15:00,11.809999999999999,2.84,2.84,2.81,2.77,2.99,11.23,2.9118749999999998,0.1808735314384058,3.0235416666666666,4.43,0.9238795325112867,0.38268343236508984,0.0,1.0,0,5.11,0.0,48.58,100.0
2018-10-15 04:30:00,2018-10-15 04:45:00,2018-10-15 05:30:00,11.559999999999999,3.02,2.84,2.74,2.77,2.7,11.51,2.925,0.18062391868188435,3.026145833333333,4.43,0.9469301294951056,0.3214394653031617,0.0,1.0,0,6.01,0.0,44.9,100.0
2018-10-15 04:45:00,2018-10-15 05:00:00,2018-10-15 05:45:00,11.379999999999999,3.28,3.02,2.81,2.74,2.59,11.979999999999999,2.925,0.18062391868188435,3.0317708333333333,4.43,0.9659258262890683,0.25881904510252074,0.0,1.0,0,6.62,0.0,44.4,100.0
2018-10-15 05:00:00,2018-10-15 05:15:00,2018-10-15 06:00:00,11.88,2.74,3.28,2.84,2.81,2.63,11.879999999999999,2.898125,0.17404089856984756,3.031041666666667,4.43,0.9807852804032304,0.19509032201612833,0.0,1.0,0,4.9,0.0,48.81,100.0
2018-10-15 05:15:00,2018-10-15 05:30:00,2018-10-15 06:15:00,11.809999999999999,2.77,2.74,2.84,2.77,2.66,11.809999999999999,2.89125,0.17677227582401028,3.031041666666667,4.43,0.9914448613738104,0.1305261922200517,0.0,1.0,0,4.9,0.0,49.21,100.0
2018-10-15 05:30:00,2018-10-15 05:45:00,2018-10-15 06:30:00,11.78,2.77,2.77,3.02,3.85,3.24,11.559999999999999,2.89125,0.17677227582401028,3.0197916666666664,4.43,0.9978589232386035,0.06540312923014327,0.0,1.0,0,4.86,0.0,49.52,100.0
2018-10-15 05:45:00,2018-10-15 06:00:00,2018-10-15 06:45:00,11.379999999999999,3.1,2.77,3.28,4.43,2.88,11.379999999999999,2.88,0.15620499351813302,3.0059375000000004,4.39,1.0,6.123233995736766e-17,0.0,1.0,0,5.83,0.0,46.95,100.0
2018-10-15 06:00:00,2018-10-15 06:15:00,2018-10-15 07:00:00,10.88,3.24,3.1,2.74,2.74,2.56,11.88,2.886875,0.16895704890592755,3.011145833333334,4.39,0.9978589232386035,-0.06540312923014314,0.0,1.0,0,6.48,0.0,44.72,100.0
2018-10-15 06:15:00,2018-10-15 06:30:00,2018-10-15 07:15:00,11.24,2.7,3.24,2.77,2.77,2.59,11.809999999999999,2.88,0.17410485346480148,3.0104166666666665,4.39,0.9914448613738104,-0.1305261922200516,0.0,1.0,0,4.82,0.0,48.87,100.0
2018-10-15 06:30:00,2018-10-15 06:45:00,2018-10-15 07:30:00,12.42,2.74,2.7,2.77,2.74,2.52,11.78,2.875625,0.17666949191923317,3.0104166666666665,4.39,0.9807852804032304,-0.1950903220161282,0.0,1.0,0,4.97,0.0,48.28,100.0
2018-10-15 06:45:00,2018-10-15 07:00:00,2018-10-15 07:45:00,13.93,2.7,2.74,3.1,2.74,2.52,11.379999999999999,2.866875,0.18161493433911205,3.0100000000000002,4.39,0.9659258262890683,-0.25881904510252063,0.0,1.0,0,4.82,0.0,48.87,100.0
2018-10-15 07:00:00,2018-10-15 07:15:00,2018-10-15 08:00:00,18.32,2.74,2.7,3.24,2.74,2.52,10.88,2.865,0.1827566688249706,3.0100000000000002,4.39,0.9469301294951057,-0.3214394653031616,0.0,1.0,0,4.79,0.0,49.65,100.0
2018-10-15 07:15:00,2018-10-15 07:30:00,2018-10-15 08:15:00,37.58,3.06,2.74,2.7,2.7,2.66,11.24,2.880625,0.18799829620238578,3.01375,4.39,0.9238795325112868,-0.3826834323650895,0.0,1.0,0,5.15,0.0,51.08,100.0
2018-10-15 07:30:00,2018-10-15 07:45:00,2018-10-15 08:30:00,125.46,3.92,3.06,2.74,2.66,2.88,12.42,2.9543749999999998,0.3101404671677013,3.0268750000000004,4.39,0.8968727415326884,-0.44228869021900113,0.0,1.0,0,6.98,0.0,48.97,100.0
2018-10-15 07:45:00,2018-10-15 08:00:00,2018-10-15 08:45:00,223.31,4.21,3.92,2.7,2.77,3.46,13.93,3.041875,0.43100491223998827,3.0418749999999997,4.39,0.8660254037844387,-0.4999999999999998,0.0,1.0,0,7.27,0.0,50.11,100.0
2018-10-15 08:00:00,2018-10-15 08:15:00,2018-10-15 09:00:00,301.86,7.13,4.21,2.74,2.74,3.6,18.32,3.31,1.0751162727816932,3.087604166666667,7.13,0.8314696123025451,-0.5555702330196023,0.0,1.0,0,9.14,0.0,61.51,100.0
2018-10-15 08:15:00,2018-10-15 08:30:00,2018-10-15 09:15:00,391.93,22.32,7.13,3.06,2.7,16.45,37.58,4.5275,4.716568535492726,3.2919791666666662,22.32,0.7933533402912352,-0.6087614290087207,0.0,1.0,0,21.74,0.0,71.64,100.0
2018-10-15 08:30:00,2018-10-15 08:45:00,2018-10-15 09:30:00,397.47,91.8,22.32,3.92,2.7,95.83,125.46,10.076249999999998,21.618185306299416,4.220104166666666,91.8,0.7518398074789774,-0.6593458151000688,0.0,1.0,0,59.33,0.0,83.99,100.0
2018-10-15 08:45:00,2018-10-15 09:00:00,2018-10-15 09:45:00,407.84,102.06,91.8,4.21,2.77,89.1,223.31,16.25,30.905615590050942,5.254375,102.06,0.7071067811865476,-0.7071067811865475,0.0,1.0,0,53.68,0.0,88.5,100.0
2018-10-15 09:00:00,2018-10-15 09:15:00,2018-10-15 10:00:00,440.82000000000005,85.68,102.06,7.13,2.92,110.09,301.86,21.43375,34.90216484600203,6.116458333333334,102.06,0.659345815100069,-0.7518398074789773,0.0,1.0,0,32.72,0.0,93.42,100.0
2018-10-15 09:15:00,2018-10-15 09:30:00,2018-10-15 10:15:00,415.55,112.39,85.68,22.32,2.99,87.44,391.93,28.285,40.82297729220641,7.256041666666666,112.39,0.6087614290087209,-0.793353340291235,0.0,1.0,0,49.64,0.0,91.47,100.0
2018-10-15 09:30:00,2018-10-15 09:45:00,2018-10-15 10:30:00,436.00000000000006,97.34,112.39,91.8,3.02,88.38,397.47,34.195625,43.461806216600976,8.238541666666666,112.39,0.5555702330196025,-0.831469612302545,0.0,1.0,0,44.78,0.0,90.85,100.0
2018-10-15 09:45:00,2018-10-15 10:00:00,2018-10-15 10:45:00,409.9,112.43,97.34,102.06,3.02,104.04,407.84,41.02875,46.52248889985896,9.378229166666666,112.43,0.49999999999999994,-0.8660254037844387,0.0,1.0,0,51.37,0.0,90.96,100.0
2018-10-15 10:00:00,2018-10-15 10:15:00,2018-10-15 11:00:00,415.22,118.66,112.43,85.68,4.39,97.45,440.82000000000005,48.2425,48.986912729319855,10.568541666666667,118.66,0.4422886902190017,-0.8968727415326881,0.0,1.0,0,56.52,0.0,90.28,100.0
2018-10-15 10:15:00,2018-10-15 10:30:00,2018-10-15 11:15:00,431.35,87.12,118.66,112.39,4.07,72.54,415.55,53.51875,48.33955521555303,11.433645833333335,118.66,0.3826834323650899,-0.9238795325112867,0.0,1.0,0,40.86,0.0,90.54,100.0
2018-10-15 10:30:00,2018-10-15 10:45:00,2018-10-15 11:30:00,438.77,117.79,87.12,97.34,2.99,105.88,436.00000000000006,60.709375,48.806014161774925,12.629479166666668,118.66,0.32143946530316175,-0.9469301294951056,0.0,1.0,0,54.9,0.0,90.64,100.0
2018-10-15 10:45:00,2018-10-15 11:00:00,2018-10-15 11:45:00,454.68,86.33,117.79,112.43,3.02,103.25,409.9,65.93625,46.74842081223172,13.497291666666667,118.66,0.258819045102521,-0.9659258262890682,0.0,1.0,0,42.12,0.0,89.87,100.0
2018-10-15 11:00:00,2018-10-15 11:15:00,2018-10-15 12:00:00,429.12,123.98,86.33,118.66,2.95,85.82,415.22,73.51374999999999,45.705068356118886,14.758020833333333,123.98,0.19509032201612816,-0.9807852804032304,0.0,1.0,0,61.45,0.0,89.6,100.0
2018-10-15 11:15:00,2018-10-15 11:30:00,2018-10-15 12:15:00,333.39,103.25,123.98,87.12,2.95,112.93,431.35,79.77562499999999,42.364776638256636,15.802812500000002,123.98,0.130526192220052,-0.9914448613738104,0.0,1.0,0,53.89,0.0,88.65,100.0
2018-10-15 11:30:00,2018-10-15 11:45:00,2018-10-15 12:30:00,213.51000000000002,125.21,103.25,117.79,2.95,87.7,438.77,87.35625,38.81618651976904,17.07635416666667,125.21,0.06540312923014312,-0.9978589232386035,0.0,1.0,0,62.96,0.0,89.34,100.0
2018-10-15 11:45:00,2018-10-15 12:00:00,2018-10-15 12:45:00,117.46,102.24,125.21,86.33,2.95,111.2,454.68,93.483125,32.41792612096547,18.110625,125.21,1.2246467991473532e-16,-1.0,0.0,1.0,0,57.38,0.0,87.2,100.0
2018-10-15 12:00:00,2018-10-15 12:15:00,2018-10-15 13:00:00,25.38,98.42,102.24,123.98,2.95,92.27,429.12,99.18875,23.533745684389046,19.105104166666667,125.21,-0.06540312923014287,-0.9978589232386035,0.0,1.0,0,55.08,0.0,87.26,100.0
2018-10-15 12:15:00,2018-10-15 12:30:00,2018-10-15 13:15:00,74.38,7.52,98.42,103.25,3.13,12.89,333.39,98.26375,26.62477696502827,19.150833333333335,125.21,-0.13052619222005177,-0.9914448613738104,0.0,1.0,0,0.25,14.83,99.94,45.23
2018-10-15 12:30:00,2018-10-15 12:45:00,2018-10-15 13:30:00,182.13,5.33,7.52,125.21,3.1,3.49,213.51000000000002,92.859375,34.88341788528434,19.1740625,125.21,-0.19509032201612792,-0.9807852804032305,0.0,1.0,0,0.0,16.92,100.0,30.05
2018-10-15 12:45:00,2018-10-15 13:00:00,2018-10-15 13:45:00,292.22,6.19,5.33,102.24,3.06,3.67,117.46,86.86749999999999,40.560243388692825,19.206666666666667,125.21,-0.2588190451025208,-0.9659258262890683,0.0,1.0,0,0.0,16.63,100.0,34.88
2018-10-15 13:00:00,2018-10-15 13:15:00,2018-10-15 14:00:00,404.61,6.34,6.19,98.42,3.06,4.39,25.38,81.90875,45.008314770023325,19.24083333333333,125.21,-0.32143946530316153,-0.9469301294951057,0.0,1.0,0,0.0,16.81,100.0,35.29
2018-10-15 13:15:00,2018-10-15 13:30:00,2018-10-15 14:15:00,448.24,56.52,6.34,7.52,3.06,62.53,74.38,78.416875,44.67407339816211,19.797708333333333,125.21,-0.38268343236508967,-0.9238795325112868,0.0,1.0,0,22.61,5.0,92.85,99.61
2018-10-15 13:30:00,2018-10-15 13:45:00,2018-10-15 14:30:00,444.55999999999995,113.08,56.52,5.33,3.06,98.42,182.13,79.40062499999999,45.249536388336345,20.943749999999998,125.21,-0.44228869021900147,-0.8968727415326883,0.0,1.0,0,60.98,0.0,88.02,100.0
2018-10-15 13:45:00,2018-10-15 14:00:00,2018-10-15 14:45:00,401.53999999999996,116.28,113.08,6.19,3.02,95.15,292.22,79.64124999999999,45.43439705704809,22.123541666666664,125.21,-0.4999999999999997,-0.8660254037844388,0.0,1.0,0,61.49,0.0,88.4,100.0
2018-10-15 14:00:00,2018-10-15 14:15:00,2018-10-15 15:00:00,381.15999999999997,118.73,116.28,6.34,3.06,102.64,404.61,79.645625,45.43815728118137,23.328437500000003,125.21,-0.555570233019602,-0.8314696123025455,0.0,1.0,0,64.4,0.0,87.9,100.0
2018-10-15 14:15:00,2018-10-15 14:30:00,2018-10-15 15:15:00,416.54999999999995,100.15,118.73,56.52,3.64,109.33,448.24,80.46,45.680938311291285,24.33375,125.21,-0.6087614290087207,-0.7933533402912352,0.0,1.0,0,52.34,0.0,88.63,100.0
2018-10-15 14:30:00,2018-10-15 14:45:00,2018-10-15 15:30:00,395.28,109.4,100.15,113.08,3.2,106.7,444.55999999999995,79.93562499999999,45.29594711019271,25.44,125.21,-0.6593458151000688,-0.7518398074789774,0.0,1.0,0,52.81,0.0,90.06,100.0
2018-10-15 14:45:00,2018-10-15 15:00:00,2018-10-15 15:45:00,427.46,73.26,109.4,116.28,3.02,111.92,401.53999999999996,79.11875,45.29111707539901,26.171666666666667,125.21,-0.7071067811865471,-0.7071067811865479,0.0,1.0,0,37.66,0.0,88.94,100.0
2018-10-15 15:00:00,2018-10-15 15:15:00,2018-10-15 16:00:00,407.09000000000003,98.35,73.26,118.73,3.02,73.19,381.15999999999997,77.516875,44.11406928616283,27.164687500000003,125.21,-0.7518398074789773,-0.6593458151000691,0.0,1.0,0,51.12,0.0,88.73,100.0
2018-10-15 15:15:00,2018-10-15 15:30:00,2018-10-15 16:15:00,382.75,135.54,98.35,100.15,2.99,112.18,416.54999999999995,79.535,45.94571647607641,28.545416666666664,135.54,-0.7933533402912349,-0.6087614290087209,0.0,1.0,0,82.4,0.0,85.45,100.0
2018-10-15 15:30:00,2018-10-15 15:45:00,2018-10-15 16:30:00,374.58,88.13,135.54,109.4,2.95,94.93,395.28,77.2175,44.49570014338464,29.432708333333334,135.54,-0.8314696123025452,-0.5555702330196022,0.0,1.0,0,46.55,0.0,88.42,100.0
2018-10-15 15:45:00,2018-10-15 16:00:00,2018-10-15 16:45:00,377.46,105.44,88.13,73.26,3.31,103.32,427.46,77.41749999999999,44.61475463621872,30.4965625,135.54,-0.8660254037844385,-0.5000000000000004,0.0,1.0,0,45.79,0.0,91.72,100.0
2018-10-15 16:00:00,2018-10-15 16:15:00,2018-10-15 17:00:00,406.94,77.98,105.44,98.35,3.56,107.46,407.09000000000003,76.14,44.28651078488799,31.271770833333335,135.54,-0.8968727415326883,-0.44228869021900136,0.0,1.0,0,38.2,0.0,89.8,100.0
2018-10-15 16:15:00,2018-10-15 16:30:00,2018-10-15 17:15:00,383.25999999999993,111.2,77.98,135.54,2.92,87.84,382.75,82.62,41.25331304877221,32.3996875,135.54,-0.9238795325112868,-0.3826834323650895,0.0,1.0,0,52.49,0.0,90.43,100.0
2018-10-15 16:30:00,2018-10-15 16:45:00,2018-10-15 17:30:00,403.19999999999993,79.96,111.2,88.13,2.95,111.56,374.58,87.28437500000001,36.15470456398966,33.201875,135.54,-0.9469301294951056,-0.3214394653031618,0.0,1.0,0,38.59,0.0,90.06,100.0
2018-10-15 16:45:00,2018-10-15 17:00:00,2018-10-15 17:45:00,323.57,108.32,79.96,105.44,2.95,94.68,377.46,93.66749999999999,29.716255967904164,34.299479166666664,135.54,-0.9659258262890683,-0.25881904510252063,0.0,1.0,0,56.38,0.0,88.7,100.0
2018-10-15 17:00:00,2018-10-15 17:15:00,2018-10-15 18:00:00,246.03000000000003,107.46,108.32,77.98,2.88,107.68,406.94,99.98750000000001,19.451793458444904,35.38885416666667,135.54,-0.9807852804032303,-0.19509032201612866,0.0,1.0,0,54.29,0.0,89.26,100.0
2018-10-15 17:15:00,2018-10-15 17:30:00,2018-10-15 18:15:00,210.13,87.52,107.46,111.2,2.95,110.99,383.25999999999993,101.925,16.316994208493178,36.26979166666666,135.54,-0.9914448613738104,-0.13052619222005163,0.0,1.0,0,36.47,0.0,92.31,100.0
2018-10-15 17:30:00,2018-10-15 17:45:00,2018-10-15 18:30:00,191.95,99.9,87.52,79.96,2.95,58.21,403.19999999999993,101.10125000000001,16.06377597072058,37.2796875,135.54,-0.9978589232386035,-0.06540312923014273,0.0,1.0,0,36.22,0.0,94.01,100.0
2018-10-15 17:45:00,2018-10-15 18:00:00,2018-10-15 18:45:00,273.28,28.69,99.9,108.32,3.35,31.57,323.57,95.626875,23.26775201828434,37.54364583333333,135.54,-1.0,-1.8369701987210297e-16,0.0,1.0,0,1.76,1.04,99.81,99.93
2018-10-15 18:00:00,2018-10-15 18:15:00,2018-10-15 19:00:00,342.29,29.92,28.69,107.46,3.49,28.37,246.03000000000003,90.07625,27.332330415416465,37.818958333333335,135.54,-0.9978589232386036,0.06540312923014237,0.0,1.0,0,7.09,0.43,97.31,99.99
2018-10-15 18:15:00,2018-10-15 18:30:00,2018-10-15 19:15:00,375.88,51.62,29.92,87.52,2.88,42.91,210.13,87.043125,28.704426644411047,38.32666666666666,135.54,-0.9914448613738105,0.13052619222005127,0.0,1.0,0,23.11,0.0,91.27,100.0
2018-10-15 18:30:00,2018-10-15 18:45:00,2018-10-15 19:30:00,390.28,81.72,51.62,99.9,2.92,53.82,191.95,85.313125,28.133304489241482,39.1475,135.54,-0.9807852804032304,0.1950903220161283,0.0,1.0,0,41.9,0.0,88.99,100.0
2018-10-15 18:45:00,2018-10-15 19:00:00,2018-10-15 19:45:00,343.90999999999997,110.02,81.72,28.69,2.99,53.35,273.28,87.610625,28.553043723207075,40.262395833333336,135.54,-0.9659258262890684,0.2588190451025203,0.0,1.0,0,44.42,0.0,92.73,100.0
2018-10-15 19:00:00,2018-10-15 19:15:00,2018-10-15 20:00:00,299.91999999999996,98.93,110.02,29.92,2.95,53.32,342.29,87.646875,28.567019821542026,41.2621875,135.54,-0.9469301294951057,0.3214394653031615,0.0,1.0,0,41.76,0.0,92.13,100.0
2018-10-15 19:15:00,2018-10-15 19:30:00,2018-10-15 20:15:00,272.96000000000004,85.21,98.93,51.62,2.99,63.97,375.88,84.50125,25.752501789874707,42.11864583333334,135.54,-0.923879532511287,0.38268343236508917,0.0,1.0,0,40.79,0.0,90.2,100.0
2018-10-15 19:30:00,2018-10-15 19:45:00,2018-10-15 20:30:00,231.31,96.12,85.21,81.72,2.99,58.9,390.28,85.000625,25.89509979435057,43.088750000000005,135.54,-0.8968727415326884,0.442288690219001,0.0,1.0,0,41.51,0.0,91.8,100.0
2018-10-15 19:45:00,2018-10-15 20:00:00,2018-10-15 20:45:00,212.16,63.65,96.12,110.02,2.95,54.86,343.90999999999997,82.38875,25.809191646339876,43.72104166666667,135.54,-0.8660254037844386,0.5000000000000001,0.0,1.0,0,32.54,0.0,89.04,100.0
2018-10-15 20:00:00,2018-10-15 20:15:00,2018-10-15 21:00:00,184.69,54.94,63.65,98.93,2.99,58.9,299.91999999999996,80.94875,26.64424090563475,44.2621875,135.54,-0.8314696123025455,0.5555702330196018,0.0,1.0,0,29.48,0.0,88.12,100.0
2018-10-15 20:15:00,2018-10-15 20:30:00,2018-10-15 21:15:00,130.94,58.25,54.94,85.21,3.06,52.56,272.96000000000004,77.639375,25.960923632632465,44.83708333333334,135.54,-0.7933533402912357,0.6087614290087199,0.0,1.0,0,34.31,0.0,86.16,100.0
2018-10-15 20:30:00,2018-10-15 20:45:00,2018-10-15 21:30:00,80.65,54.47,58.25,96.12,3.71,60.01,231.31,76.04625,26.545172318851126,45.36583333333334,135.54,-0.7518398074789772,0.6593458151000691,0.0,1.0,0,31.75,0.0,86.39,100.0
2018-10-15 20:45:00,2018-10-15 21:00:00,2018-10-15 21:45:00,40.25,44.5,54.47,63.65,3.42,49.46,212.16,72.0575,26.18843697607782,45.79375000000001,135.54,-0.7071067811865477,0.7071067811865474,0.0,1.0,0,24.48,0.0,87.62,100.0
2018-10-15 21:00:00,2018-10-15 21:15:00,2018-10-15 22:00:00,16.78,27.47,44.5,54.94,2.99,27.32,184.69,67.058125,26.584953267485254,46.048750000000005,135.54,-0.6593458151000687,0.7518398074789775,0.0,1.0,0,6.12,3.2,97.61,99.33
2018-10-15 21:15:00,2018-10-15 21:30:00,2018-10-15 22:15:00,16.06,4.5,27.47,58.25,3.67,7.45,130.94,61.869375000000005,29.971044874334545,46.05739583333334,135.54,-0.608761429008721,0.7933533402912349,0.0,1.0,0,0.0,15.98,100.0,27.11
2018-10-15 21:30:00,2018-10-15 21:45:00,2018-10-15 22:30:00,15.729999999999999,4.18,4.5,54.47,3.2,3.82,80.65,55.886874999999996,31.306256507036657,46.06760416666666,135.54,-0.555570233019603,0.8314696123025447,0.0,1.0,0,0.0,16.38,100.0,24.73
2018-10-15 21:45:00,2018-10-15 22:00:00,2018-10-15 22:45:00,15.52,4.1,4.18,44.5,2.95,3.74,40.25,54.35,33.15279569659247,46.07958333333334,135.54,-0.5000000000000004,0.8660254037844384,0.0,1.0,0,0.0,16.24,100.0,24.48
2018-10-15 22:00:00,2018-10-15 22:15:00,2018-10-15 23:00:00,15.26,4.0,4.1,27.47,2.95,3.78,16.78,52.730000000000004,34.89451335811978,46.090520833333336,135.54,-0.4422886902190014,0.8968727415326883,0.0,1.0,0,0.04,15.77,100.0,24.59
2018-10-15 22:15:00,2018-10-15 22:30:00,2018-10-15 23:15:00,15.120000000000001,3.78,4.0,4.5,2.88,3.49,16.06,49.739999999999995,36.85602206560008,46.099895833333335,135.54,-0.38268343236508956,0.9238795325112868,0.0,1.0,0,6.98,0.07,47.62,99.98
2018-10-15 22:30:00,2018-10-15 22:45:00,2018-10-15 23:30:00,14.870000000000001,3.85,3.78,4.18,2.84,3.49,15.729999999999999,44.873124999999995,37.44833936884751,46.11041666666667,135.54,-0.32143946530316186,0.9469301294951056,0.0,1.0,0,7.78,0.0,44.35,100.0
2018-10-15 22:45:00,2018-10-15 23:00:00,2018-10-15 23:45:00,14.620000000000001,3.89,3.85,4.1,2.81,3.42,15.52,38.24,34.61356092631904,46.12166666666667,135.54,-0.25881904510252157,0.9659258262890681,0.0,1.0,0,8.14,0.0,43.12,100.0
2018-10-15 23:00:00,2018-10-15 23:15:00,2018-10-16 00:00:00,14.55,3.74,3.89,4.0,2.77,3.28,15.26,32.290625,31.73152069881579,46.13177083333333,135.54,-0.19509032201612872,0.9807852804032303,0.0,1.0,0,7.92,0.0,42.7,100.0
2018-10-15 23:15:00,2018-10-15 23:30:00,2018-10-16 00:15:00,14.58,3.64,3.74,3.78,2.74,3.28,15.120000000000001,27.1925,29.277523909135486,46.14114583333333,135.54,-0.13052619222005168,0.9914448613738104,0.0,1.0,0,6.8,0.0,47.19,100.0
2018-10-15 23:30:00,2018-10-15 23:45:00,2018-10-16 00:30:00,15.73,3.6,3.64,3.85,2.74,3.28,14.870000000000001,21.41,23.697815563886895,46.150104166666665,135.54,-0.0654031292301428,0.9978589232386035,0.0,1.0,0,6.91,0.0,46.2,100.0
2018-10-15 23:45:00,2018-10-16 00:00:00,2018-10-16 00:45:00,16.66,3.64,3.6,3.89,2.81,3.24,14.620000000000001,17.659375,21.34810251191836,46.15875,135.54,0.0,1.0,0.7818314824680298,0.6234898018587336,0,7.24,0.0,44.92,100.0
2018-10-16 00:00:00,2018-10-16 00:15:00,2018-10-16 01:00:00,16.63,3.67,3.64,3.74,3.74,3.46,14.55,14.454999999999998,19.257195083916038,46.15802083333333,135.54,0.06540312923014306,0.9978589232386035,0.7818314824680298,0.6234898018587336,0,7.2,0.0,45.41,100.0
2018-10-16 00:15:00,2018-10-16 00:30:00,2018-10-16 01:15:00,16.700000000000003,3.67,3.67,3.64,2.74,3.2,14.58,11.04375,15.703425531950026,46.16770833333334,135.54,0.13052619222005157,0.9914448613738104,0.7818314824680298,0.6234898018587336,0,7.7,0.0,43.03,100.0
2018-10-16 00:30:00,2018-10-16 00:45:00,2018-10-16 01:30:00,15.190000000000001,4.75,3.67,3.6,2.81,3.2,15.73,7.936249999999999,11.02505208321031,46.187916666666666,135.54,0.19509032201612825,0.9807852804032304,0.7818314824680298,0.6234898018587336,0,8.35,0.0,49.45,100.0
2018-10-16 00:45:00,2018-10-16 01:00:00,2018-10-16 01:45:00,13.72,4.57,4.75,3.64,3.28,3.89,16.66,5.440625000000001,5.698694443412017,46.20135416666667,135.54,0.25881904510252074,0.9659258262890683,0.7818314824680298,0.6234898018587336,0,8.1,0.0,49.14,100.0
2018-10-16 01:00:00,2018-10-16 01:15:00,2018-10-16 02:00:00,13.18,3.64,4.57,3.67,3.17,4.25,16.63,3.95125,0.3587282223355168,46.206250000000004,135.54,0.3214394653031616,0.9469301294951057,0.7818314824680298,0.6234898018587336,0,6.98,0.0,46.24,100.0
2018-10-16 01:15:00,2018-10-16 01:30:00,2018-10-16 02:15:00,12.54,3.74,3.64,3.67,2.88,3.24,16.700000000000003,3.9037500000000005,0.33226260322221035,46.21520833333333,135.54,0.3826834323650898,0.9238795325112867,0.7818314824680298,0.6234898018587336,0,7.81,0.0,43.19,100.0
2018-10-16 01:30:00,2018-10-16 01:45:00,2018-10-16 02:30:00,12.47,3.24,3.74,4.75,2.77,3.24,15.190000000000001,3.8449999999999998,0.36015621610628906,46.22010416666668,135.54,0.44228869021900125,0.8968727415326884,0.7818314824680298,0.6234898018587336,0,6.48,0.0,44.72,100.0
2018-10-16 01:45:00,2018-10-16 02:00:00,2018-10-16 02:45:00,12.540000000000001,3.1,3.24,4.57,3.28,2.59,13.72,3.7825,0.39551390620305626,46.218229166666674,135.54,0.49999999999999994,0.8660254037844387,0.7818314824680298,0.6234898018587336,0,6.05,0.0,45.6,100.0
2018-10-16 02:00:00,2018-10-16 02:15:00,2018-10-16 03:00:00,12.54,3.1,3.1,3.64,3.13,2.63,13.18,3.7262500000000003,0.42358403829700664,46.21791666666667,135.54,0.5555702330196022,0.8314696123025452,0.7818314824680298,0.6234898018587336,0,6.19,0.0,44.78,100.0
2018-10-16 02:15:00,2018-10-16 02:30:00,2018-10-16 03:15:00,12.54,3.1,3.1,3.74,2.81,2.66,12.54,3.68375,0.44938673489545733,46.22093750000001,135.54,0.6087614290087207,0.7933533402912352,0.7818314824680298,0.6234898018587336,0,6.08,0.0,45.42,100.0
2018-10-16 02:30:00,2018-10-16 02:45:00,2018-10-16 03:30:00,12.43,3.17,3.1,3.24,2.81,2.59,12.47,3.6412500000000003,0.46358487626323625,46.22468750000001,135.54,0.6593458151000688,0.7518398074789774,0.7818314824680298,0.6234898018587336,0,6.3,0.0,44.95,100.0
2018-10-16 02:45:00,2018-10-16 03:00:00,2018-10-16 03:45:00,12.36,3.17,3.17,3.1,2.84,2.63,12.540000000000001,3.5962500000000004,0.4721212106016844,46.228125,135.54,0.7071067811865476,0.7071067811865476,0.7818314824680298,0.6234898018587336,0,6.3,0.0,44.95,100.0
2018-10-16 03:00:00,2018-10-16 03:15:00,2018-10-16 04:00:00,12.43,3.1,3.17,3.1,2.77,2.63,12.54,3.5562500000000004,0.48517876859978115,46.231562499999995,135.54,0.7518398074789774,0.6593458151000688,0.7818314824680298,0.6234898018587336,0,6.16,0.0,44.95,100.0
2018-10-16 03:15:00,2018-10-16 03:30:00,2018-10-16 04:15:00,12.43,3.1,3.1,3.1,2.81,2.59,12.54,3.5225,0.4968211448801269,46.23458333333334,135.54,0.7933533402912352,0.6087614290087207,0.7818314824680298,0.6234898018587336,0,6.12,0.0,45.19,100.0
2018-10-16 03:30:00,2018-10-16 03:45:00,2018-10-16 04:30:00,12.469999999999999,3.06,3.1,3.17,2.74,2.59,12.43,3.48875,0.5086117748342049,46.23791666666667,135.54,0.8314696123025451,0.5555702330196024,0.7818314824680298,0.6234898018587336,0,5.94,0.0,45.8,100.0
2018-10-16 03:45:00,2018-10-16 04:00:00,2018-10-16 04:45:00,12.899999999999999,3.1,3.06,3.17,2.81,2.66,12.36,3.455,0.5153275657288284,46.2409375,135.54,0.8660254037844386,0.5000000000000001,0.7818314824680298,0.6234898018587336,0,6.05,0.0,45.6,100.0
2018-10-16 04:00:00,2018-10-16 04:15:00,2018-10-16 05:00:00,13.26,3.17,3.1,3.1,2.84,2.59,12.43,3.42375,0.5165011495630963,46.244375,135.54,0.8968727415326884,0.44228869021900125,0.7818314824680298,0.6234898018587336,0,6.19,0.0,45.58,100.0
2018-10-16 04:15:00,2018-10-16 04:30:00,2018-10-16 05:15:00,13.36,3.1,3.17,3.1,2.84,2.63,12.43,3.388125,0.5179432733176482,46.24708333333333,135.54,0.9238795325112867,0.38268343236508984,0.7818314824680298,0.6234898018587336,0,6.16,0.0,44.95,100.0
2018-10-16 04:30:00,2018-10-16 04:45:00,2018-10-16 05:30:00,13.9,3.1,3.1,3.06,3.02,2.66,12.469999999999999,3.285,0.3832753579347361,46.24791666666667,135.54,0.9469301294951056,0.3214394653031617,0.7818314824680298,0.6234898018587336,0,6.05,0.0,45.6,100.0
2018-10-16 04:45:00,2018-10-16 05:00:00,2018-10-16 05:45:00,13.930000000000001,3.53,3.1,3.1,3.28,2.66,12.899999999999999,3.2199999999999998,0.2079062288629179,46.250520833333326,135.54,0.9659258262890683,0.25881904510252074,0.7818314824680298,0.6234898018587336,0,7.38,0.0,43.15,100.0
2018-10-16 05:00:00,2018-10-16 05:15:00,2018-10-16 06:00:00,13.42,3.53,3.53,3.17,2.74,2.99,13.26,3.213125,0.19534324757974098,46.25875,135.54,0.9807852804032304,0.19509032201612833,0.7818314824680298,0.6234898018587336,0,6.91,0.0,45.49,100.0
2018-10-16 05:15:00,2018-10-16 05:30:00,2018-10-16 06:15:00,13.280000000000001,3.2,3.53,3.1,2.77,4.14,13.36,3.179375,0.1402884862524362,46.26322916666667,135.54,0.9914448613738104,0.1305261922200517,0.7818314824680298,0.6234898018587336,0,6.23,0.0,45.69,100.0
2018-10-16 05:30:00,2018-10-16 05:45:00,2018-10-16 06:30:00,12.700000000000001,3.64,3.2,3.1,2.77,3.35,13.9,3.2043749999999998,0.1791287508330251,46.27229166666667,135.54,0.9978589232386035,0.06540312923014327,0.7818314824680298,0.6234898018587336,0,7.81,0.0,42.24,100.0
2018-10-16 05:45:00,2018-10-16 06:00:00,2018-10-16 06:45:00,12.24,3.56,3.64,3.53,3.1,2.63,13.930000000000001,3.233125,0.1961733528667948,46.27708333333333,135.54,1.0,6.123233995736766e-17,0.7818314824680298,0.6234898018587336,0,7.52,0.0,42.79,100.0
2018-10-16 06:00:00,2018-10-16 06:15:00,2018-10-16 07:00:00,12.24,3.02,3.56,3.53,3.24,2.56,13.42,3.228125,0.20047502182316873,46.274791666666665,135.54,0.9978589232386035,-0.06540312923014314,0.7818314824680298,0.6234898018587336,0,5.94,0.0,45.32,100.0
2018-10-16 06:15:00,2018-10-16 06:30:00,2018-10-16 07:15:00,12.17,3.06,3.02,3.2,2.7,2.59,13.280000000000001,3.225625,0.20229831777600127,46.27854166666666,135.54,0.9914448613738104,-0.1305261922200516,0.7818314824680298,0.6234898018587336,0,5.98,0.0,45.55,100.0
2018-10-16 06:30:00,2018-10-16 06:45:00,2018-10-16 07:30:00,12.309999999999999,3.06,3.06,3.64,2.74,2.74,12.700000000000001,3.21875,0.20590880869938513,46.28187499999999,135.54,0.9807852804032304,-0.1950903220161282,0.7818314824680298,0.6234898018587336,0,6.3,0.0,43.69,100.0
2018-10-16 06:45:00,2018-10-16 07:00:00,2018-10-16 07:45:00,14.25,3.1,3.06,3.56,2.7,2.77,12.24,3.214375,0.20763455727551708,46.28604166666667,135.54,0.9659258262890683,-0.25881904510252063,0.7818314824680298,0.6234898018587336,0,6.12,0.0,45.19,100.0
2018-10-16 07:00:00,2018-10-16 07:15:00,2018-10-16 08:00:00,16.560000000000002,3.02,3.1,3.02,2.74,2.95,12.24,3.209375,0.21126016987354712,46.28895833333333,135.54,0.9469301294951057,-0.3214394653031616,0.7818314824680298,0.6234898018587336,0,6.01,0.0,44.9,100.0
2018-10-16 07:15:00,2018-10-16 07:30:00,2018-10-16 08:15:00,60.410000000000004,2.99,3.02,3.06,3.06,2.92,12.17,3.2025,0.21643417013031924,46.28822916666667,135.54,0.9238795325112868,-0.3826834323650895,0.7818314824680298,0.6234898018587336,0,5.72,0.0,46.33,100.0
2018-10-16 07:30:00,2018-10-16 07:45:00,2018-10-16 08:30:00,138.03,3.2,2.99,3.06,3.92,3.1,12.309999999999999,3.21125,0.21330362748907947,46.28072916666665,135.54,0.8968727415326884,-0.44228869021900113,0.7818314824680298,0.6234898018587336,0,5.58,0.0,49.75,100.0
2018-10-16 07:45:00,2018-10-16 08:00:00,2018-10-16 08:45:00,225.73000000000002,5.04,3.2,3.1,4.21,3.28,14.25,3.3325,0.48892100588949944,46.28937500000001,135.54,0.8660254037844387,-0.4999999999999998,0.7818314824680298,0.6234898018587336,0,8.06,0.0,53.02,100.0
2018-10-16 08:00:00,2018-10-16 08:15:00,2018-10-16 09:00:00,343.2,5.33,5.04,3.02,7.13,3.31,16.560000000000002,3.4675000000000002,0.6845025566058902,46.270624999999995,135.54,0.8314696123025451,-0.5555702330196023,0.7818314824680298,0.6234898018587336,0,7.31,0.0,58.92,100.0
2018-10-16 08:15:00,2018-10-16 08:30:00,2018-10-16 09:15:00,400.58000000000004,46.84,5.33,2.99,22.32,28.55,60.410000000000004,6.201250000000001,10.514755034593056,46.526041666666664,135.54,0.7933533402912352,-0.6087614290087207,0.7818314824680298,0.6234898018587336,0,34.45,0.0,80.56,100.0
2018-10-16 08:30:00,2018-10-16 08:45:00,2018-10-16 09:30:00,430.28,80.82,46.84,3.2,91.8,53.96,138.03,11.05875,20.841329694563633,46.41166666666666,135.54,0.7518398074789774,-0.6593458151000688,0.7818314824680298,0.6234898018587336,0,59.72,0.0,80.43,100.0
2018-10-16 08:45:00,2018-10-16 09:00:00,2018-10-16 09:45:00,426.16999999999996,92.74,80.82,5.04,102.06,56.05,225.73000000000002,16.634375,28.578312793259418,46.31458333333334,135.54,0.7071067811865476,-0.7071067811865475,0.7818314824680298,0.6234898018587336,0,54.43,0.0,86.24,100.0
2018-10-16 09:00:00,2018-10-16 09:15:00,2018-10-16 10:00:00,417.99,122.8,92.74,5.33,85.68,57.89,343.2,24.088749999999997,38.14270193546204,46.70125000000001,135.54,0.659345815100069,-0.7518398074789773,0.7818314824680298,0.6234898018587336,0,58.9,0.0,90.16,100.0
2018-10-16 09:15:00,2018-10-16 09:30:00,2018-10-16 10:15:00,408.52,104.22,122.8,46.84,112.39,51.08,400.58000000000004,30.402499999999996,42.29709926519784,46.61614583333333,135.54,0.6087614290087209,-0.793353340291235,0.7818314824680298,0.6234898018587336,0,53.14,0.0,89.09,100.0
2018-10-16 09:30:00,2018-10-16 09:45:00,2018-10-16 10:30:00,375.69,110.52,104.22,80.82,97.34,63.54,430.28,37.082499999999996,45.8348514369797,46.7534375,135.54,0.5555702330196025,-0.831469612302545,0.7818314824680298,0.6234898018587336,0,49.18,0.0,91.36,100.0
2018-10-16 09:45:00,2018-10-16 10:00:00,2018-10-16 10:45:00,402.22,88.63,110.52,92.74,112.43,50.8,426.16999999999996,42.39937499999999,46.56609408528242,46.50552083333334,135.54,0.49999999999999994,-0.8660254037844387,0.7818314824680298,0.6234898018587336,0,39.46,0.0,91.35,100.0
2018-10-16 10:00:00,2018-10-16 10:15:00,2018-10-16 11:00:00,349.77000000000004,114.62,88.63,122.8,118.66,60.01,417.99,49.374375,48.46460782993478,46.463437500000005,135.54,0.4422886902190017,-0.8968727415326881,0.7818314824680298,0.6234898018587336,0,53.32,0.0,90.67,100.0
2018-10-16 10:15:00,2018-10-16 10:30:00,2018-10-16 11:15:00,309.63,94.75,114.62,104.22,87.12,56.81,408.52,55.105,48.068685492740485,46.54291666666666,135.54,0.3826834323650899,-0.9238795325112867,0.7818314824680298,0.6234898018587336,0,45.18,0.0,90.26,100.0
2018-10-16 10:30:00,2018-10-16 10:45:00,2018-10-16 11:30:00,294.94,77.69,94.75,110.52,117.79,55.4,375.69,59.769375,46.383506156384676,46.12520833333334,135.54,0.32143946530316175,-0.9469301294951056,0.7818314824680298,0.6234898018587336,0,39.24,0.0,89.26,100.0
2018-10-16 10:45:00,2018-10-16 11:00:00,2018-10-16 11:45:00,244.32999999999998,115.16,77.69,88.63,86.33,49.72,402.22,66.773125,45.75391878281439,46.42552083333334,135.54,0.258819045102521,-0.9659258262890682,0.7818314824680298,0.6234898018587336,0,58.68,0.0,89.1,100.0
2018-10-16 11:00:00,2018-10-16 11:15:00,2018-10-16 12:00:00,226.3,62.17,115.16,114.62,123.98,67.1,349.77000000000004,70.47,42.744001772178514,45.78166666666667,135.54,0.19509032201612816,-0.9807852804032304,0.7818314824680298,0.6234898018587336,0,37.62,0.0,85.56,100.0
2018-10-16 11:15:00,2018-10-16 11:30:00,2018-10-16 12:15:00,185.44,54.61,62.17,94.75,103.25,47.66,309.63,73.69624999999999,39.34164871275097,45.275,135.54,0.130526192220052,-0.9914448613738104,0.7818314824680298,0.6234898018587336,0,36.25,0.0,83.32,100.0
2018-10-16 11:30:00,2018-10-16 11:45:00,2018-10-16 12:30:00,127.52,63.0,54.61,77.69,125.21,61.16,294.94,77.43375,35.07619489678862,44.62697916666667,135.54,0.06540312923014312,-0.9978589232386035,0.7818314824680298,0.6234898018587336,0,48.13,0.0,79.46,100.0
2018-10-16 11:45:00,2018-10-16 12:00:00,2018-10-16 12:45:00,68.48,64.55,63.0,115.16,102.24,65.66,244.32999999999998,81.153125,29.98877617516885,44.234375,135.54,1.2246467991473532e-16,-1.0,0.7818314824680298,0.6234898018587336,0,44.39,0.0,82.4,100.0
2018-10-16 12:00:00,2018-10-16 12:15:00,2018-10-16 13:00:00,30.139999999999997,44.14,64.55,62.17,98.42,54.76,226.3,83.57875,24.894670331970655,43.668958333333336,135.54,-0.06540312923014287,-0.9978589232386035,0.7818314824680298,0.6234898018587336,0,30.13,0.0,82.59,100.0
2018-10-16 12:15:00,2018-10-16 12:30:00,2018-10-16 13:15:00,51.13,13.75,44.14,54.61,7.52,7.2,185.44,81.510625,28.91128466290239,43.73385416666667,135.54,-0.13052619222005177,-0.9914448613738104,0.7818314824680298,0.6234898018587336,0,2.81,12.56,97.97,73.83
2018-10-16 12:30:00,2018-10-16 12:45:00,2018-10-16 13:30:00,117.39999999999999,5.08,13.75,63.0,5.33,4.75,127.52,76.776875,34.32967679696934,43.73125000000001,135.54,-0.19509032201612792,-0.9807852804032305,0.7818314824680298,0.6234898018587336,0,0.0,16.74,100.0,29.04
2018-10-16 12:45:00,2018-10-16 13:00:00,2018-10-16 13:45:00,166.71999999999997,5.51,5.08,64.55,6.19,4.03,68.48,71.325,38.08297388597692,43.72416666666667,135.54,-0.2588190451025208,-0.9659258262890683,0.7818314824680298,0.6234898018587336,0,0.0,15.95,100.0,32.65
2018-10-16 13:00:00,2018-10-16 13:15:00,2018-10-16 14:00:00,224.42000000000002,5.8,5.51,44.14,6.34,3.89,30.139999999999997,64.01249999999999,38.72442212286711,43.71854166666666,135.54,-0.32143946530316153,-0.9469301294951057,0.7818314824680298,0.6234898018587336,0,0.0,16.13,100.0,33.84
2018-10-16 13:15:00,2018-10-16 13:30:00,2018-10-16 14:15:00,260.13,34.74,5.8,13.75,56.52,32.29,51.13,59.67,37.85813419861048,43.491666666666674,135.54,-0.38268343236508967,-0.9238795325112868,0.7818314824680298,0.6234898018587336,0,18.5,4.64,88.26,99.12
2018-10-16 13:30:00,2018-10-16 13:45:00,2018-10-16 14:30:00,245.52,71.35,34.74,5.08,113.08,61.7,117.39999999999999,57.221875,35.695430418113396,43.05697916666666,135.54,-0.44228869021900147,-0.8968727415326883,0.7818314824680298,0.6234898018587336,0,52.45,0.0,80.57,100.0
2018-10-16 13:45:00,2018-10-16 14:00:00,2018-10-16 14:45:00,254.91,54.83,71.35,5.51,116.28,49.43,166.71999999999997,55.109375,34.76210966496963,42.416875000000005,135.54,-0.4999999999999997,-0.8660254037844388,0.7818314824680298,0.6234898018587336,0,33.05,0.0,85.64,100.0
2018-10-16 14:00:00,2018-10-16 14:15:00,2018-10-16 15:00:00,248.43,63.5,54.83,5.8,118.73,73.08,224.42000000000002,51.91437499999999,31.324938142147623,41.841562499999995,135.54,-0.555570233019602,-0.8314696123025455,0.7818314824680298,0.6234898018587336,0,49.75,0.0,78.72,100.0
2018-10-16 14:15:00,2018-10-16 14:30:00,2018-10-16 15:15:00,237.78000000000003,70.45,63.5,34.74,100.15,58.0,260.13,50.395624999999995,29.761343419096104,41.5321875,135.54,-0.6087614290087207,-0.7933533402912352,0.7818314824680298,0.6234898018587336,0,47.95,0.0,82.67,100.0
2018-10-16 14:30:00,2018-10-16 14:45:00,2018-10-16 15:30:00,240.98000000000002,56.74,70.45,71.35,109.4,66.17,245.52,49.08624999999999,28.982362928814137,40.98364583333333,135.54,-0.6593458151000688,-0.7518398074789774,0.7818314824680298,0.6234898018587336,0,40.61,0.0,81.32,100.0
2018-10-16 14:45:00,2018-10-16 15:00:00,2018-10-16 15:45:00,245.56,64.22,56.74,54.83,73.26,56.16,254.91,45.902499999999996,23.901814130939936,40.88947916666667,135.54,-0.7071067811865471,-0.7071067811865479,0.7818314824680298,0.6234898018587336,0,46.01,0.0,81.29,100.0
2018-10-16 15:00:00,2018-10-16 15:15:00,2018-10-16 16:00:00,245.17,57.02,64.22,63.5,98.35,70.74,248.43,45.580625,23.71452230932293,40.45895833333333,135.54,-0.7518398074789773,-0.6593458151000691,0.7818314824680298,0.6234898018587336,0,34.74,0.0,85.4,100.0
2018-10-16 15:15:00,2018-10-16 15:30:00,2018-10-16 16:15:00,244.01,59.8,57.02,70.45,135.54,81.58,237.78000000000003,45.905,23.8707909902458,39.67,122.8,-0.7933533402912349,-0.6087614290087209,0.7818314824680298,0.6234898018587336,0,47.09,0.0,78.57,100.0
2018-10-16 15:30:00,2018-10-16 15:45:00,2018-10-16 16:30:00,243.32999999999998,59.94,59.8,56.74,88.13,93.2,240.98000000000002,45.71375,23.74498838570994,39.376354166666665,122.8,-0.8314696123025452,-0.5555702330196022,0.7818314824680298,0.6234898018587336,0,42.66,0.0,81.47,100.0
2018-10-16 15:45:00,2018-10-16 16:00:00,2018-10-16 16:45:00,243.94,68.8,59.94,64.22,105.44,86.8,245.56,45.979375,23.976855107777897,38.9946875,122.8,-0.8660254037844385,-0.5000000000000004,0.7818314824680298,0.6234898018587336,0,48.28,0.0,81.86,100.0
2018-10-16 16:00:00,2018-10-16 16:15:00,2018-10-16 17:00:00,253.15,56.63,68.8,57.02,77.98,85.1,245.17,46.760000000000005,24.107228946936228,38.77229166666667,122.8,-0.8968727415326883,-0.44228869021900136,0.7818314824680298,0.6234898018587336,0,37.37,0.0,83.46,100.0
2018-10-16 16:15:00,2018-10-16 16:30:00,2018-10-16 17:15:00,248.37,58.64,56.63,59.8,111.2,93.06,244.01,49.565625,22.67165851033786,38.22479166666667,122.8,-0.9238795325112868,-0.3826834323650895,0.7818314824680298,0.6234898018587336,0,45.5,0.0,79.01,100.0
2018-10-16 16:30:00,2018-10-16 16:45:00,2018-10-16 17:30:00,241.38000000000002,59.26,58.64,59.94,79.96,117.4,243.32999999999998,52.951875,19.614421741014315,38.009166666666665,122.8,-0.9469301294951056,-0.3214394653031618,0.7818314824680298,0.6234898018587336,0,41.58,0.0,81.86,100.0
2018-10-16 16:45:00,2018-10-16 17:00:00,2018-10-16 17:45:00,201.89,69.41,59.26,68.8,108.32,93.78,243.94,56.945625,15.653566673744837,37.60385416666667,122.8,-0.9659258262890683,-0.25881904510252063,0.7818314824680298,0.6234898018587336,0,52.09,0.0,79.98,100.0
2018-10-16 17:00:00,2018-10-16 17:15:00,2018-10-16 18:00:00,166.11,65.84,69.41,56.63,107.46,68.72,253.15,60.698125000000005,8.50911732992177,37.1703125,122.8,-0.9807852804032303,-0.19509032201612866,0.7818314824680298,0.6234898018587336,0,46.48,0.0,81.69,100.0
2018-10-16 17:15:00,2018-10-16 17:30:00,2018-10-16 18:15:00,152.86,53.86,65.84,58.64,87.52,117.5,248.37,61.893125,5.637866084288894,36.8196875,122.8,-0.9914448613738104,-0.13052619222005163,0.7818314824680298,0.6234898018587336,0,35.53,0.0,83.47,100.0
2018-10-16 17:30:00,2018-10-16 17:45:00,2018-10-16 18:30:00,152.54000000000002,52.27,53.86,59.26,99.9,104.51,241.38000000000002,60.700625,5.528266532953617,36.32354166666667,122.8,-0.9978589232386035,-0.06540312923014273,0.7818314824680298,0.6234898018587336,0,36.04,0.07,82.33,100.0
2018-10-16 17:45:00,2018-10-16 18:00:00,2018-10-16 18:45:00,195.38,29.92,52.27,69.41,28.69,54.07,201.89,59.143750000000004,9.2303459272933,36.336354166666666,122.8,-1.0,-1.8369701987210297e-16,0.7818314824680298,0.6234898018587336,0,1.73,1.15,99.83,99.93
2018-10-16 18:00:00,2018-10-16 18:15:00,2018-10-16 19:00:00,226.59,30.06,29.92,65.84,29.92,26.39,166.11,57.05375,11.51137094083498,36.3378125,122.8,-0.9978589232386036,0.06540312923014237,0.7818314824680298,0.6234898018587336,0,7.38,0.36,97.12,99.99
2018-10-16 18:15:00,2018-10-16 18:30:00,2018-10-16 19:15:00,258.09000000000003,40.61,30.06,53.86,51.62,4.07,152.86,55.18875,11.606766278231849,36.223125,122.8,-0.9914448613738105,0.13052619222005127,0.7818314824680298,0.6234898018587336,0,26.1,0.0,84.12,100.0
2018-10-16 18:30:00,2018-10-16 18:45:00,2018-10-16 19:30:00,267.91999999999996,51.95,40.61,52.27,81.72,3.67,152.54000000000002,54.889375,11.624654547958619,35.913020833333334,122.8,-0.9807852804032304,0.1950903220161283,0.7818314824680298,0.6234898018587336,0,40.39,0.0,78.95,100.0
2018-10-16 18:45:00,2018-10-16 19:00:00,2018-10-16 19:45:00,256.32,72.76,51.95,29.92,110.02,3.67,195.38,55.423125000000006,12.221553562635767,35.52489583333333,122.8,-0.9659258262890684,0.2588190451025203,0.7818314824680298,0.6234898018587336,0,56.27,0.0,79.1,100.0
2018-10-16 19:00:00,2018-10-16 19:15:00,2018-10-16 20:00:00,261.83,61.27,72.76,30.06,98.93,3.92,226.59,55.68875,12.29931140094843,35.13260416666666,122.8,-0.9469301294951057,0.3214394653031615,0.7818314824680298,0.6234898018587336,0,43.06,0.0,81.82,100.0
2018-10-16 19:15:00,2018-10-16 19:30:00,2018-10-16 20:15:00,242.03,72.11,61.27,40.61,85.21,4.86,258.09000000000003,56.458125,12.902647605603082,34.99614583333334,122.8,-0.923879532511287,0.38268343236508917,0.7818314824680298,0.6234898018587336,0,51.62,0.0,81.31,100.0
2018-10-16 19:30:00,2018-10-16 19:45:00,2018-10-16 20:30:00,240.73,61.78,72.11,51.95,96.12,4.14,267.91999999999996,56.573125000000005,12.941310655585664,34.6384375,122.8,-0.8968727415326884,0.442288690219001,0.7818314824680298,0.6234898018587336,0,44.17,0.0,81.35,100.0
2018-10-16 19:45:00,2018-10-16 20:00:00,2018-10-16 20:45:00,224.97,61.16,61.78,72.76,63.65,3.71,256.32,56.095625000000005,12.618278393242678,34.6125,122.8,-0.8660254037844386,0.5000000000000001,0.7818314824680298,0.6234898018587336,0,47.92,0.0,78.72,100.0
2018-10-16 20:00:00,2018-10-16 20:15:00,2018-10-16 21:00:00,179.5,66.78,61.16,61.27,54.94,3.64,261.83,56.730000000000004,12.881592001767483,34.735833333333325,122.8,-0.8314696123025455,0.5555702330196018,0.7818314824680298,0.6234898018587336,0,46.69,0.0,81.96,100.0
2018-10-16 20:15:00,2018-10-16 20:30:00,2018-10-16 21:15:00,133.96,52.31,66.78,72.11,58.25,3.67,242.03,56.334375,12.91401998253739,34.67395833333333,122.8,-0.7933533402912357,0.6087614290087199,0.7818314824680298,0.6234898018587336,0,39.85,0.0,79.55,100.0
2018-10-16 20:30:00,2018-10-16 20:45:00,2018-10-16 21:30:00,77.50999999999999,60.48,52.31,61.78,54.47,3.71,240.73,56.41062500000001,12.934654261300338,34.7365625,122.8,-0.7518398074789772,0.6593458151000691,0.7818314824680298,0.6234898018587336,0,48.24,0.0,78.18,100.0
2018-10-16 20:45:00,2018-10-16 21:00:00,2018-10-16 21:45:00,36.18,45.4,60.48,61.16,44.5,3.67,224.97,54.910000000000004,12.730633821613125,34.7459375,122.8,-0.7071067811865477,0.7071067811865474,0.7818314824680298,0.6234898018587336,0,20.45,0.0,91.18,100.0
2018-10-16 21:00:00,2018-10-16 21:15:00,2018-10-16 22:00:00,18.830000000000002,21.31,45.4,66.78,27.47,3.74,179.5,52.126875000000005,14.745056679591809,34.68177083333333,122.8,-0.6593458151000687,0.7518398074789775,0.7818314824680298,0.6234898018587336,0,3.92,7.16,98.35,94.79
2018-10-16 21:15:00,2018-10-16 21:30:00,2018-10-16 22:15:00,15.800000000000002,6.77,21.31,52.31,4.5,3.67,133.96,49.183749999999996,18.36150486581914,34.705416666666665,122.8,-0.608761429008721,0.7933533402912349,0.7818314824680298,0.6234898018587336,0,0.0,14.54,100.0,42.21
2018-10-16 21:30:00,2018-10-16 21:45:00,2018-10-16 22:30:00,15.440000000000001,4.03,6.77,60.48,4.18,3.64,77.50999999999999,46.16875,21.328107005486917,34.703854166666666,122.8,-0.555570233019603,0.8314696123025447,0.7818314824680298,0.6234898018587336,0,0.0,16.7,100.0,23.46
2018-10-16 21:45:00,2018-10-16 22:00:00,2018-10-16 22:45:00,15.110000000000001,4.07,4.03,45.4,4.1,3.71,36.18,44.553125,23.378314395703875,34.703541666666666,122.8,-0.5000000000000004,0.8660254037844384,0.7818314824680298,0.6234898018587336,0,0.0,16.67,100.0,23.72
2018-10-16 22:00:00,2018-10-16 22:15:00,2018-10-16 23:00:00,15.9,3.96,4.07,21.31,4.0,3.64,18.830000000000002,42.921875,25.174273628734056,34.703125,122.8,-0.4422886902190014,0.8968727415326883,0.7818314824680298,0.6234898018587336,0,0.04,16.13,99.99,23.84
2018-10-16 22:15:00,2018-10-16 22:30:00,2018-10-16 23:15:00,16.12,3.74,3.96,6.77,3.78,3.46,15.800000000000002,40.61749999999999,26.908197054986793,34.702708333333334,122.8,-0.38268343236508956,0.9238795325112868,0.7818314824680298,0.6234898018587336,0,6.44,0.11,50.22,99.96
2018-10-16 22:30:00,2018-10-16 22:45:00,2018-10-16 23:30:00,16.09,3.67,3.74,4.03,3.85,3.53,15.440000000000001,37.599999999999994,28.14674093034574,34.70083333333333,122.8,-0.32143946530316186,0.9469301294951056,0.7818314824680298,0.6234898018587336,0,7.34,0.0,44.72,100.0
2018-10-16 22:45:00,2018-10-16 23:00:00,2018-10-16 23:45:00,15.990000000000002,3.74,3.67,4.07,3.89,3.42,15.110000000000001,33.286249999999995,27.713222673256535,34.69927083333334,122.8,-0.25881904510252157,0.9659258262890681,0.7818314824680298,0.6234898018587336,0,7.56,0.0,44.34,100.0
2018-10-16 23:00:00,2018-10-16 23:15:00,2018-10-17 00:00:00,15.31,4.75,3.74,3.96,3.74,3.38,15.9,29.753749999999997,27.522642695379016,34.70979166666667,122.8,-0.19509032201612872,0.9807852804032303,0.7818314824680298,0.6234898018587336,0,8.39,0.0,49.27,100.0
2018-10-16 23:15:00,2018-10-16 23:30:00,2018-10-17 00:15:00,15.060000000000002,3.96,4.75,3.74,3.64,2.74,16.12,25.494374999999998,25.861316422591003,34.713125,122.8,-0.13052619222005168,0.9914448613738104,0.7818314824680298,0.6234898018587336,0,7.27,0.0,47.83,100.0
2018-10-16 23:30:00,2018-10-16 23:45:00,2018-10-17 00:30:00,15.090000000000002,3.64,3.96,3.67,3.6,2.81,16.09,21.860625,24.55939725154864,34.713541666666664,122.8,-0.0654031292301428,0.9978589232386035,0.7818314824680298,0.6234898018587336,0,6.62,0.0,48.18,100.0
2018-10-16 23:45:00,2018-10-17 00:00:00,2018-10-17 00:45:00,15.12,3.64,3.64,3.74,3.64,2.92,15.990000000000002,18.265625,22.681751742521456,34.713541666666664,122.8,0.0,1.0,0.9749279121818236,-0.22252093395631434,0,6.7,0.0,47.74,100.0
2018-10-17 00:00:00,2018-10-17 00:15:00,2018-10-17 01:00:00,14.72,4.07,3.64,4.75,3.67,3.56,15.31,14.346249999999998,19.094300483063,34.71770833333333,122.8,0.06540312923014306,0.9978589232386035,0.9749279121818236,-0.22252093395631434,0,5.4,0.0,60.19,100.0
2018-10-17 00:15:00,2018-10-17 00:30:00,2018-10-17 01:15:00,14.68,3.71,4.07,3.96,3.67,3.06,15.060000000000002,11.30875,16.50329129105767,34.71812499999999,122.8,0.13052619222005157,0.9914448613738104,0.9749279121818236,-0.22252093395631434,0,7.27,0.0,45.45,100.0
2018-10-17 00:30:00,2018-10-17 00:45:00,2018-10-17 01:30:00,14.719999999999999,3.67,3.71,3.64,4.75,2.81,15.090000000000002,7.758125,10.596478317553194,34.706875,122.8,0.19509032201612825,0.9807852804032304,0.9749279121818236,-0.22252093395631434,0,6.41,0.0,49.69,100.0
2018-10-17 00:45:00,2018-10-17 01:00:00,2018-10-17 01:45:00,15.120000000000001,3.67,3.67,3.64,4.57,2.84,15.12,5.15,4.239181819643974,34.6975,122.8,0.25881904510252074,0.9659258262890683,0.9749279121818236,-0.22252093395631434,0,6.48,0.0,49.28,100.0
2018-10-17 01:00:00,2018-10-17 01:15:00,2018-10-17 02:00:00,16.31,3.67,3.67,4.07,3.64,2.84,14.72,4.047499999999999,0.7552855420302972,34.6978125,122.8,0.3214394653031616,0.9469301294951057,0.9749279121818236,-0.22252093395631434,0,6.62,0.0,48.49,100.0
2018-10-17 01:15:00,2018-10-17 01:30:00,2018-10-17 02:15:00,16.92,3.67,3.67,3.71,3.74,2.88,14.68,3.85375,0.28030953872460357,34.69708333333333,122.8,0.3826834323650898,0.9238795325112867,0.9749279121818236,-0.22252093395631434,0,7.27,0.0,45.06,100.0
2018-10-17 01:30:00,2018-10-17 01:45:00,2018-10-17 02:30:00,16.92,3.71,3.67,3.67,3.24,2.81,14.719999999999999,3.83375,0.27843030995205964,34.70197916666666,122.8,0.44228869021900125,0.8968727415326884,0.9749279121818236,-0.22252093395631434,0,7.24,0.0,45.6,100.0
2018-10-17 01:45:00,2018-10-17 02:00:00,2018-10-17 02:45:00,16.560000000000002,4.07,3.71,3.67,3.1,2.81,15.120000000000001,3.83375,0.27843030995205964,34.71208333333333,122.8,0.49999999999999994,0.8660254037844387,0.9749279121818236,-0.22252093395631434,0,7.02,0.0,50.16,100.0
2018-10-17 02:00:00,2018-10-17 02:15:00,2018-10-17 03:00:00,15.479999999999999,4.86,4.07,3.67,3.1,2.81,16.31,3.8899999999999997,0.3730784099891068,34.73041666666666,122.8,0.5555702330196022,0.8314696123025452,0.9749279121818236,-0.22252093395631434,0,8.6,0.0,49.2,100.0
2018-10-17 02:15:00,2018-10-17 02:30:00,2018-10-17 03:15:00,14.91,4.28,4.86,3.67,3.1,2.95,16.92,3.92375,0.3822936534916582,34.74270833333333,122.8,0.6087614290087207,0.7933533402912352,0.9749279121818236,-0.22252093395631434,0,8.17,0.0,46.4,100.0
2018-10-17 02:30:00,2018-10-17 02:45:00,2018-10-17 03:30:00,14.479999999999999,3.71,4.28,3.71,3.17,3.46,16.92,3.9262500000000005,0.3807537754244862,34.74833333333333,122.8,0.6593458151000688,0.7518398074789774,0.9749279121818236,-0.22252093395631434,0,7.2,0.0,45.8,100.0
2018-10-17 02:45:00,2018-10-17 03:00:00,2018-10-17 03:45:00,13.83,3.71,3.71,4.07,3.17,2.92,16.560000000000002,3.924375,0.3817389282939324,34.75395833333334,122.8,0.7071067811865476,0.7071067811865476,0.9749279121818236,-0.22252093395631434,0,7.34,0.0,45.11,100.0
2018-10-17 03:00:00,2018-10-17 03:15:00,2018-10-17 04:00:00,13.18,3.78,3.71,4.86,3.1,2.84,15.479999999999999,3.86375,0.31740894363580885,34.761041666666664,122.8,0.7518398074789774,0.6593458151000688,0.9749279121818236,-0.22252093395631434,0,7.27,0.0,46.13,100.0
2018-10-17 03:15:00,2018-10-17 03:30:00,2018-10-17 04:15:00,12.639999999999999,3.71,3.78,4.28,3.1,2.84,14.91,3.848125,0.3184379600094814,34.76739583333333,122.8,0.7933533402912352,0.6087614290087207,0.9749279121818236,-0.22252093395631434,0,7.24,0.0,45.6,100.0
2018-10-17 03:30:00,2018-10-17 03:45:00,2018-10-17 04:30:00,12.489999999999998,3.28,3.71,3.71,3.06,2.84,14.479999999999999,3.8256250000000005,0.3440379475799146,34.769687499999996,122.8,0.8314696123025451,0.5555702330196024,0.9749279121818236,-0.22252093395631434,0,6.19,0.0,46.82,100.0
2018-10-17 03:45:00,2018-10-17 04:00:00,2018-10-17 04:45:00,12.53,3.06,3.28,3.71,3.1,2.81,13.83,3.7893749999999997,0.38926964866914565,34.76927083333333,122.8,0.8660254037844386,0.5000000000000001,0.9749279121818236,-0.22252093395631434,0,5.94,0.0,45.8,100.0
2018-10-17 04:00:00,2018-10-17 04:15:00,2018-10-17 05:00:00,12.46,3.13,3.06,3.78,3.17,2.88,13.18,3.730625,0.41271159345843444,34.768854166666664,122.8,0.8968727415326884,0.44228869021900125,0.9749279121818236,-0.22252093395631434,0,5.98,0.0,46.37,100.0
2018-10-17 04:15:00,2018-10-17 04:30:00,2018-10-17 05:15:00,12.850000000000001,3.17,3.13,3.71,3.1,2.81,12.639999999999999,3.696875,0.4345215580094963,34.76958333333333,122.8,0.9238795325112867,0.38268343236508984,0.9749279121818236,-0.22252093395631434,0,6.19,0.0,45.58,100.0
2018-10-17 04:30:00,2018-10-17 04:45:00,2018-10-17 05:30:00,13.39,3.13,3.17,3.28,3.1,2.99,12.489999999999998,3.663125,0.45575101138121465,34.76989583333333,122.8,0.9469301294951056,0.3214394653031617,0.9749279121818236,-0.22252093395631434,0,6.01,0.0,46.19,100.0
2018-10-17 04:45:00,2018-10-17 05:00:00,2018-10-17 05:45:00,14.069999999999999,3.1,3.13,3.06,3.53,3.46,12.53,3.6275000000000004,0.4756640095697804,34.76541666666666,122.8,0.9659258262890683,0.25881904510252074,0.9749279121818236,-0.22252093395631434,0,5.87,0.0,46.7,100.0
2018-10-17 05:00:00,2018-10-17 05:15:00,2018-10-17 06:00:00,14.68,3.06,3.1,3.13,3.53,2.95,12.46,3.589375,0.49479122806998116,34.76052083333333,122.8,0.9807852804032304,0.19509032201612833,0.9749279121818236,-0.22252093395631434,0,5.83,0.0,46.47,100.0
2018-10-17 05:15:00,2018-10-17 05:30:00,2018-10-17 06:15:00,14.719999999999999,3.56,3.06,3.17,3.2,2.81,12.850000000000001,3.5825,0.49438724700380376,34.764270833333335,122.8,0.9914448613738104,0.1305261922200517,0.9749279121818236,-0.22252093395631434,0,6.77,0.0,46.54,100.0
2018-10-17 05:30:00,2018-10-17 05:45:00,2018-10-17 06:30:00,14.29,3.67,3.56,3.13,3.64,2.92,13.39,3.58,0.4938370176485356,34.76458333333333,122.8,0.9978589232386035,0.06540312923014327,0.9749279121818236,-0.22252093395631434,0,7.13,0.0,45.77,100.0
2018-10-17 05:45:00,2018-10-17 06:00:00,2018-10-17 06:45:00,13.53,3.78,3.67,3.1,3.56,3.31,14.069999999999999,3.561875,0.48066644814777754,34.766875,122.8,1.0,6.123233995736766e-17,0.9749279121818236,-0.22252093395631434,0,7.34,0.0,45.78,100.0
2018-10-17 06:00:00,2018-10-17 06:15:00,2018-10-17 07:00:00,12.959999999999999,3.67,3.78,3.06,3.02,3.1,14.68,3.4875,0.3477337343428158,34.77364583333333,122.8,0.9978589232386035,-0.06540312923014314,0.9749279121818236,-0.22252093395631434,0,6.95,0.0,46.7,100.0
2018-10-17 06:15:00,2018-10-17 06:30:00,2018-10-17 07:15:00,12.379999999999999,3.6,3.67,3.56,3.06,2.74,14.719999999999999,3.445,0.28398943642325847,34.779270833333335,122.8,0.9914448613738104,-0.1305261922200516,0.9749279121818236,-0.22252093395631434,0,6.62,0.0,47.77,100.0
2018-10-17 06:30:00,2018-10-17 06:45:00,2018-10-17 07:30:00,12.63,3.24,3.6,3.67,3.06,2.81,14.29,3.415625,0.2793288552495069,34.78114583333333,122.8,0.9807852804032304,-0.1950903220161282,0.9749279121818236,-0.22252093395631434,0,6.05,0.0,47.21,100.0
2018-10-17 06:45:00,2018-10-17 07:00:00,2018-10-17 07:45:00,14.43,3.02,3.24,3.78,3.1,2.74,13.53,3.3725,0.28378028472746303,34.7803125,122.8,0.9659258262890683,-0.25881904510252063,0.9749279121818236,-0.22252093395631434,0,5.9,0.0,45.56,100.0
2018-10-17 07:00:00,2018-10-17 07:15:00,2018-10-17 08:00:00,16.509999999999998,3.1,3.02,3.67,3.02,2.77,12.959999999999999,3.33,0.2701619884439704,34.78114583333333,122.8,0.9469301294951057,-0.3214394653031616,0.9749279121818236,-0.22252093395631434,0,5.8,0.0,47.14,100.0
2018-10-17 07:15:00,2018-10-17 07:30:00,2018-10-17 08:15:00,44.99,3.02,3.1,3.6,2.99,2.74,12.379999999999999,3.286875,0.26097698054617763,34.78145833333333,122.8,0.9238795325112868,-0.3826834323650895,0.9749279121818236,-0.22252093395631434,0,5.58,0.0,47.6,100.0
2018-10-17 07:30:00,2018-10-17 07:45:00,2018-10-17 08:30:00,105.0,3.49,3.02,3.24,3.2,3.06,12.63,3.3000000000000003,0.26554189876552436,34.784479166666664,122.8,0.8968727415326884,-0.44228869021900113,0.9749279121818236,-0.22252093395631434,0,5.98,0.0,50.41,100.0
2018-10-17 07:45:00,2018-10-17 08:00:00,2018-10-17 08:45:00,166.78,4.82,3.49,3.02,5.04,4.32,14.43,3.41,0.4463322753285942,34.7821875,122.8,0.8660254037844387,-0.4999999999999998,0.9749279121818236,-0.22252093395631434,0,7.49,0.0,54.12,100.0
2018-10-17 08:00:00,2018-10-17 08:15:00,2018-10-17 09:00:00,254.16,5.18,4.82,3.1,5.33,8.17,16.509999999999998,3.538125,0.6113123051068087,34.780625,122.8,0.8314696123025451,-0.5555702330196023,0.9749279121818236,-0.22252093395631434,0,6.73,0.0,60.99,100.0
2018-10-17 08:15:00,2018-10-17 08:30:00,2018-10-17 09:15:00,302.11,31.5,5.18,3.02,46.84,43.6,44.99,5.30875,6.789460467334646,34.62083333333333,122.8,0.7933533402912352,-0.6087614290087207,0.9749279121818236,-0.22252093395631434,0,28.73,0.0,73.88,100.0
2018-10-17 08:30:00,2018-10-17 08:45:00,2018-10-17 09:30:00,349.74,63.5,31.5,3.49,80.82,61.56,105.0,9.081875,15.59494999140347,34.440416666666664,122.8,0.7518398074789774,-0.6593458151000688,0.9749279121818236,-0.22252093395631434,0,59.04,0.0,73.24,100.0
2018-10-17 08:45:00,2018-10-17 09:00:00,2018-10-17 09:45:00,380.81,66.6,63.5,4.82,92.74,61.74,166.78,13.050625,20.78427243998151,34.168124999999996,122.8,0.7071067811865476,-0.7071067811865475,0.9749279121818236,-0.22252093395631434,0,56.81,0.0,76.08,100.0
2018-10-17 09:00:00,2018-10-17 09:15:00,2018-10-17 10:00:00,413.6,92.56,66.6,5.18,122.8,58.64,254.16,18.644375,28.09922507133204,33.853125,115.16,0.659345815100069,-0.7518398074789773,0.9749279121818236,-0.22252093395631434,0,54.18,0.0,86.3,100.0
2018-10-17 09:15:00,2018-10-17 09:30:00,2018-10-17 10:15:00,403.2,79.45,92.56,31.5,104.22,66.17,302.11,23.3875,31.367671554484243,33.595104166666665,115.16,0.6087614290087209,-0.793353340291235,0.9749279121818236,-0.22252093395631434,0,38.27,0.0,90.09,100.0
2018-10-17 09:30:00,2018-10-17 09:45:00,2018-10-17 10:30:00,361.87,111.13,79.45,63.5,110.52,79.45,349.74,30.103749999999998,37.359011107596245,33.60145833333333,115.16,0.5555702330196025,-0.831469612302545,0.9749279121818236,-0.22252093395631434,0,48.02,0.0,91.8,100.0
2018-10-17 09:45:00,2018-10-17 10:00:00,2018-10-17 10:45:00,370.83,97.67,111.13,66.6,88.63,114.05,380.81,35.971875,40.04094111324527,33.695625,115.16,0.49999999999999994,-0.8660254037844387,0.9749279121818236,-0.22252093395631434,0,48.64,0.0,89.51,100.0
2018-10-17 10:00:00,2018-10-17 10:15:00,2018-10-17 11:00:00,372.52,125.35,97.67,92.56,114.62,87.52,413.6,43.576875,44.4916376579282,33.80739583333334,125.35,0.4422886902190017,-0.8968727415326881,0.9749279121818236,-0.22252093395631434,0,64.87,0.0,88.81,100.0
2018-10-17 10:15:00,2018-10-17 10:30:00,2018-10-17 11:15:00,411.33000000000004,69.05,125.35,79.45,94.75,99.4,403.2,47.667500000000004,43.62846784210969,33.53968749999999,125.35,0.3826834323650899,-0.9238795325112867,0.9749279121818236,-0.22252093395631434,0,34.24,0.0,89.59,100.0
2018-10-17 10:30:00,2018-10-17 10:45:00,2018-10-17 11:30:00,462.96000000000004,69.8,69.05,111.13,77.69,119.59,361.87,51.8275,42.34844042287744,33.4575,125.35,0.32143946530316175,-0.9469301294951056,0.9749279121818236,-0.22252093395631434,0,35.68,0.0,89.04,100.0
2018-10-17 10:45:00,2018-10-17 11:00:00,2018-10-17 11:45:00,410.08000000000004,106.63,69.8,97.67,115.16,81.5,370.83,58.303124999999994,42.31167757232482,33.36864583333333,125.35,0.258819045102521,-0.9659258262890682,0.9749279121818236,-0.22252093395631434,0,52.45,0.0,89.73,100.0
2018-10-17 11:00:00,2018-10-17 11:15:00,2018-10-17 12:00:00,336.21000000000004,127.04,106.63,125.35,62.17,120.82,372.52,66.049375,42.83817784242667,34.044375,127.04,0.19509032201612816,-0.9807852804032304,0.9749279121818236,-0.22252093395631434,0,60.7,0.0,90.23,100.0
2018-10-17 11:15:00,2018-10-17 11:30:00,2018-10-17 12:15:00,234.72000000000003,107.86,127.04,69.05,54.61,90.5,411.33000000000004,72.601875,40.658804276987475,34.5990625,127.04,0.130526192220052,-0.9914448613738104,0.9749279121818236,-0.22252093395631434,0,57.13,0.0,88.37,100.0
2018-10-17 11:30:00,2018-10-17 11:45:00,2018-10-17 12:30:00,118.47,121.43,107.86,69.8,63.0,120.74,462.96000000000004,79.97312500000001,38.069494959670465,35.207708333333336,127.04,0.06540312923014312,-0.9978589232386035,0.9749279121818236,-0.22252093395631434,0,63.11,0.0,88.73,100.0
2018-10-17 11:45:00,2018-10-17 12:00:00,2018-10-17 12:45:00,70.23,53.75,121.43,106.63,64.55,93.74,410.08000000000004,83.03125,33.614179648438544,35.09520833333334,127.04,1.2246467991473532e-16,-1.0,0.9749279121818236,-0.22252093395631434,0,33.62,0.0,84.78,100.0
2018-10-17 12:00:00,2018-10-17 12:15:00,2018-10-17 13:00:00,23.040000000000003,53.17,53.75,127.04,44.14,39.78,336.21000000000004,86.030625,28.24617927011324,35.18927083333333,127.04,-0.06540312923014287,-0.9978589232386035,0.9749279121818236,-0.22252093395631434,0,41.58,0.0,78.77,100.0
2018-10-17 12:15:00,2018-10-17 12:30:00,2018-10-17 13:15:00,42.370000000000005,6.37,53.17,107.86,13.75,3.92,234.72000000000003,84.46000000000001,31.719771633793332,35.11239583333333,127.04,-0.13052619222005177,-0.9914448613738104,0.9749279121818236,-0.22252093395631434,0,0.18,15.08,99.96,38.91
2018-10-17 12:30:00,2018-10-17 12:45:00,2018-10-17 13:30:00,84.89,5.18,6.37,121.43,5.08,3.67,118.47,80.815,36.85420854529371,35.1134375,127.04,-0.19509032201612792,-0.9807852804032305,0.9749279121818236,-0.22252093395631434,0,0.0,15.37,100.0,31.94
2018-10-17 12:45:00,2018-10-17 13:00:00,2018-10-17 13:45:00,124.69999999999999,5.51,5.18,53.75,5.51,3.89,70.23,76.996875,41.054270898219286,35.113437499999996,127.04,-0.2588190451025208,-0.9659258262890683,0.9749279121818236,-0.22252093395631434,0,0.0,14.36,100.0,35.82
2018-10-17 13:00:00,2018-10-17 13:15:00,2018-10-17 14:00:00,175.01999999999998,5.98,5.51,53.17,5.8,4.39,23.040000000000003,71.585625,44.22946571132614,35.1153125,127.04,-0.32143946530316153,-0.9469301294951057,0.9749279121818236,-0.22252093395631434,0,0.0,14.47,100.0,38.19
2018-10-17 13:15:00,2018-10-17 13:30:00,2018-10-17 14:15:00,220.82,25.7,5.98,6.37,34.74,63.14,42.370000000000005,68.22625000000001,45.526781935883626,35.02114583333333,127.04,-0.38268343236508967,-0.9238795325112868,0.9749279121818236,-0.22252093395631434,0,7.7,5.98,95.79,97.4
2018-10-17 13:30:00,2018-10-17 13:45:00,2018-10-17 14:30:00,232.09,47.7,25.7,5.18,71.35,97.31,84.89,64.261875,44.36506286183279,34.774791666666665,127.04,-0.44228869021900147,-0.8968727415326883,0.9749279121818236,-0.22252093395631434,0,26.89,0.0,87.11,100.0
2018-10-17 13:45:00,2018-10-17 14:00:00,2018-10-17 14:45:00,260.92999999999995,45.32,47.7,5.51,54.83,87.44,124.69999999999999,60.989999999999995,43.70608510264904,34.67572916666666,127.04,-0.4999999999999997,-0.8660254037844388,0.9749279121818236,-0.22252093395631434,0,23.47,0.0,88.8,100.0
2018-10-17 14:00:00,2018-10-17 14:15:00,2018-10-17 15:00:00,265.15,56.3,45.32,5.98,63.5,84.13,175.01999999999998,56.674375,40.42380378080934,34.60072916666667,127.04,-0.555570233019602,-0.8314696123025455,0.9749279121818236,-0.22252093395631434,0,39.96,0.0,81.55,100.0
2018-10-17 14:15:00,2018-10-17 14:30:00,2018-10-17 15:15:00,239.66,71.5,56.3,25.7,70.45,113.15,220.82,56.8275,40.47500038604076,34.61166666666667,127.04,-0.6087614290087207,-0.7933533402912352,0.9749279121818236,-0.22252093395631434,0,48.31,0.0,82.86,100.0
2018-10-17 14:30:00,2018-10-17 14:45:00,2018-10-17 15:30:00,247.57999999999998,58.97,71.5,47.7,56.74,58.5,232.09,56.150625000000005,40.34273826674852,34.63489583333333,127.04,-0.6593458151000688,-0.7518398074789774,0.9749279121818236,-0.22252093395631434,0,41.62,0.0,81.7,100.0
2018-10-17 14:45:00,2018-10-17 15:00:00,2018-10-17 15:45:00,240.81,74.16,58.97,45.32,64.22,48.67,260.92999999999995,54.121249999999996,38.5282858551675,34.7384375,127.04,-0.7071067811865471,-0.7071067811865479,0.9749279121818236,-0.22252093395631434,0,49.93,0.0,82.95,100.0
2018-10-17 15:00:00,2018-10-17 15:15:00,2018-10-17 16:00:00,231.95000000000002,60.52,74.16,56.3,57.02,60.16,265.15,49.963750000000005,33.72508707827898,34.77489583333334,127.04,-0.7518398074789773,-0.6593458151000691,0.9749279121818236,-0.22252093395631434,0,43.38,0.0,81.28,100.0
2018-10-17 15:15:00,2018-10-17 15:30:00,2018-10-17 16:15:00,227.92,46.01,60.52,71.5,59.8,62.57,239.66,46.098124999999996,30.231059611505103,34.63125,127.04,-0.7933533402912349,-0.6087614290087209,0.9749279121818236,-0.22252093395631434,0,26.1,0.0,86.98,100.0
2018-10-17 15:30:00,2018-10-17 15:45:00,2018-10-17 16:30:00,209.81,66.89,46.01,58.97,59.94,50.29,247.57999999999998,42.689375,23.971557226416788,34.70364583333333,127.04,-0.8314696123025452,-0.5555702330196022,0.9749279121818236,-0.22252093395631434,0,42.23,0.0,84.56,100.0
2018-10-17 15:45:00,2018-10-17 16:00:00,2018-10-17 16:45:00,211.18,67.39,66.89,74.16,68.8,111.71,240.81,43.541875,24.584451696842354,34.68895833333334,127.04,-0.8660254037844385,-0.5000000000000004,0.9749279121818236,-0.22252093395631434,0,48.17,0.0,81.35,100.0
2018-10-17 16:00:00,2018-10-17 16:15:00,2018-10-17 17:00:00,208.65999999999997,51.66,67.39,60.52,56.63,105.52,231.95000000000002,43.447500000000005,24.550184444317317,34.6371875,127.04,-0.8968727415326883,-0.44228869021900136,0.9749279121818236,-0.22252093395631434,0,31.1,0.0,85.67,100.0
2018-10-17 16:15:00,2018-10-17 16:30:00,2018-10-17 17:15:00,234.18,41.98,51.66,46.01,58.64,86.15,227.92,45.673125,22.626785763434782,34.46364583333333,127.04,-0.9238795325112868,-0.3826834323650895,0.9749279121818236,-0.22252093395631434,0,23.11,0.0,87.6,100.0
2018-10-17 16:30:00,2018-10-17 16:45:00,2018-10-17 17:30:00,227.92000000000002,48.78,41.98,66.89,59.26,101.52,209.81,48.398125,20.066596067454366,34.354479166666664,127.04,-0.9469301294951056,-0.3214394653031618,0.9749279121818236,-0.22252093395631434,0,30.28,0.0,84.96,100.0
2018-10-17 16:45:00,2018-10-17 17:00:00,2018-10-17 17:45:00,188.93,68.76,48.78,67.39,69.41,79.45,211.18,52.35125,17.262444741041172,34.34770833333334,127.04,-0.9659258262890683,-0.25881904510252063,0.9749279121818236,-0.22252093395631434,0,44.03,0.0,84.21,100.0
2018-10-17 17:00:00,2018-10-17 17:15:00,2018-10-17 18:00:00,168.66000000000003,49.14,68.76,51.66,65.84,114.16,208.65999999999997,55.04875,12.528635138653373,34.17375,127.04,-0.9807852804032303,-0.19509032201612866,0.9749279121818236,-0.22252093395631434,0,26.03,0.0,88.37,100.0
2018-10-17 17:15:00,2018-10-17 17:30:00,2018-10-17 18:15:00,133.56,67.5,49.14,41.98,53.86,104.83,234.18,57.66125,10.295475872318871,34.31583333333333,127.04,-0.9914448613738104,-0.13052619222005163,0.9749279121818236,-0.22252093395631434,0,46.22,0.0,82.51,100.0
2018-10-17 17:30:00,2018-10-17 17:45:00,2018-10-17 18:30:00,130.42,42.52,67.5,48.78,52.27,81.4,227.92000000000002,57.3375,10.677965337553779,34.21427083333333,127.04,-0.9978589232386035,-0.06540312923014273,0.9749279121818236,-0.22252093395631434,0,19.15,0.22,91.18,100.0
2018-10-17 17:45:00,2018-10-17 18:00:00,2018-10-17 18:45:00,149.25,29.77,42.52,68.76,29.92,32.54,188.93,56.365625,12.310405135874896,34.21270833333333,127.04,-1.0,-1.8369701987210297e-16,0.9749279121818236,-0.22252093395631434,0,1.01,1.4,99.94,99.89
2018-10-17 18:00:00,2018-10-17 18:15:00,2018-10-17 19:00:00,168.15,28.87,29.77,49.14,30.06,31.72,168.66000000000003,54.651250000000005,13.99490303423,34.200312499999995,127.04,-0.9978589232386036,0.06540312923014237,0.9749279121818236,-0.22252093395631434,0,6.19,0.79,97.78,99.96
2018-10-17 18:15:00,2018-10-17 18:30:00,2018-10-17 19:15:00,183.31,32.4,28.87,67.5,40.61,63.43,133.56,52.2075,14.250886156657065,34.11479166666666,127.04,-0.9914448613738105,0.13052619222005127,0.9749279121818236,-0.22252093395631434,0,16.24,0.0,89.4,100.0
2018-10-17 18:30:00,2018-10-17 18:45:00,2018-10-17 19:30:00,188.21,39.38,32.4,42.52,51.95,119.88,130.42,50.983125,14.457333657503206,33.98385416666667,127.04,-0.9807852804032304,0.1950903220161283,0.9749279121818236,-0.22252093395631434,0,20.05,0.0,89.11,100.0
2018-10-17 18:45:00,2018-10-17 19:00:00,2018-10-17 19:45:00,182.52,48.6,39.38,29.77,72.76,82.62,149.25,49.385625000000005,13.162236687181059,33.7321875,127.04,-0.9659258262890684,0.2588190451025203,0.9749279121818236,-0.22252093395631434,0,19.98,0.0,92.49,100.0
2018-10-17 19:00:00,2018-10-17 19:15:00,2018-10-17 20:00:00,171.65,47.77,48.6,28.87,61.27,100.37,168.15,48.588750000000005,12.84617495356108,33.5915625,127.04,-0.9469301294951057,0.3214394653031615,0.9749279121818236,-0.22252093395631434,0,20.09,0.0,92.18,100.0
2018-10-17 19:15:00,2018-10-17 19:30:00,2018-10-17 20:15:00,163.69,47.56,47.77,32.4,72.11,85.32,183.31,48.685625,12.832199718262455,33.33583333333333,127.04,-0.923879532511287,0.38268343236508917,0.9749279121818236,-0.22252093395631434,0,19.3,0.0,92.66,100.0
2018-10-17 19:30:00,2018-10-17 19:45:00,2018-10-17 20:30:00,162.25,44.28,47.56,39.38,61.78,87.59,188.21,47.2725,11.965327774448973,33.15354166666666,127.04,-0.8968727415326884,0.442288690219001,0.9749279121818236,-0.22252093395631434,0,18.04,0.0,92.61,100.0
2018-10-17 19:45:00,2018-10-17 20:00:00,2018-10-17 20:45:00,139.97,42.91,44.28,48.6,61.16,52.09,182.52,45.74250000000001,10.80384277699375,32.9634375,127.04,-0.8660254037844386,0.5000000000000001,0.9749279121818236,-0.22252093395631434,0,18.94,0.04,91.48,100.0
2018-10-17 20:00:00,2018-10-17 20:15:00,2018-10-17 21:00:00,111.05999999999999,36.9,42.91,47.77,66.78,70.42,171.65,44.82,10.889000183671595,32.6521875,127.04,-0.8314696123025455,0.5555702330196018,0.9749279121818236,-0.22252093395631434,0,10.8,0.18,95.97,100.0
2018-10-17 20:15:00,2018-10-17 20:30:00,2018-10-17 21:15:00,75.63999999999999,39.6,36.9,47.56,52.31,100.73,163.69,44.67125,10.94290287983495,32.51979166666667,127.04,-0.7933533402912357,0.6087614290087199,0.9749279121818236,-0.22252093395631434,0,13.72,0.04,94.49,100.0
2018-10-17 20:30:00,2018-10-17 20:45:00,2018-10-17 21:30:00,36.72,42.84,39.6,44.28,60.48,81.18,162.25,44.3,10.89787938087039,32.33604166666667,127.04,-0.7518398074789772,0.6593458151000691,0.9749279121818236,-0.22252093395631434,0,16.06,0.11,93.64,100.0
2018-10-17 20:45:00,2018-10-17 21:00:00,2018-10-17 21:45:00,19.98,20.63,42.84,42.91,45.4,99.4,139.97,41.291875000000005,10.36043146950816,32.07802083333333,127.04,-0.7071067811865477,0.7071067811865474,0.9749279121818236,-0.22252093395631434,0,3.1,7.31,98.89,94.26
2018-10-17 21:00:00,2018-10-17 21:15:00,2018-10-17 22:00:00,15.84,7.99,20.63,36.9,21.31,94.54,111.05999999999999,38.72,12.891387144136196,31.939270833333335,127.04,-0.6593458151000687,0.7518398074789775,0.9749279121818236,-0.22252093395631434,0,0.0,14.98,100.0,47.06
2018-10-17 21:15:00,2018-10-17 21:30:00,2018-10-17 22:15:00,15.26,4.18,7.99,39.6,6.77,39.89,75.63999999999999,34.7625,13.165153103933125,31.912291666666665,127.04,-0.608761429008721,0.7933533402912349,0.9749279121818236,-0.22252093395631434,0,0.0,18.04,100.0,22.57
2018-10-17 21:30:00,2018-10-17 21:45:00,2018-10-17 22:30:00,15.01,3.92,4.18,42.84,4.03,33.91,36.72,32.349999999999994,14.939667415976835,31.911145833333332,127.04,-0.555570233019603,0.8314696123025447,0.9749279121818236,-0.22252093395631434,0,0.0,18.32,100.0,20.92
2018-10-17 21:45:00,2018-10-17 22:00:00,2018-10-17 22:45:00,14.760000000000002,3.89,3.92,20.63,4.07,11.38,19.98,30.732499999999998,16.45553269420349,31.909270833333334,127.04,-0.5000000000000004,0.8660254037844384,0.9749279121818236,-0.22252093395631434,0,0.0,18.4,100.0,20.68
2018-10-17 22:00:00,2018-10-17 22:15:00,2018-10-17 23:00:00,14.55,3.85,3.89,7.99,3.96,8.71,15.84,29.168750000000003,17.6999784163004,31.908125000000002,127.04,-0.4422886902190014,0.8968727415326883,0.9749279121818236,-0.22252093395631434,0,0.0,17.86,100.0,21.07
2018-10-17 22:15:00,2018-10-17 22:30:00,2018-10-17 23:15:00,14.48,3.6,3.85,4.18,3.74,10.58,15.26,27.36875,18.715147232589434,31.906666666666666,127.04,-0.38268343236508956,0.9238795325112868,0.9749279121818236,-0.22252093395631434,0,5.8,0.18,52.74,99.88
2018-10-17 22:30:00,2018-10-17 22:45:00,2018-10-17 23:30:00,14.34,3.67,3.6,3.92,3.67,4.5,15.01,25.136875,19.270716358879216,31.906666666666666,127.04,-0.32143946530316186,0.9469301294951056,0.9749279121818236,-0.22252093395631434,0,5.87,0.0,53.01,100.0
2018-10-17 22:45:00,2018-10-17 23:00:00,2018-10-17 23:45:00,14.26,3.64,3.67,3.89,3.74,4.82,14.760000000000002,22.326875,18.91928239876912,31.905625,127.04,-0.25881904510252157,0.9659258262890681,0.9749279121818236,-0.22252093395631434,0,5.98,0.0,51.99,100.0
2018-10-17 23:00:00,2018-10-17 23:15:00,2018-10-18 00:00:00,14.26,3.64,3.64,3.85,4.75,4.79,14.55,19.56875,18.212561899345737,31.8940625,127.04,-0.19509032201612872,0.9807852804032303,0.9749279121818236,-0.22252093395631434,0,5.87,0.0,52.7,100.0
2018-10-17 23:15:00,2018-10-17 23:30:00,2018-10-18 00:15:00,15.45,3.53,3.64,3.6,3.96,4.39,14.48,16.816875,17.065544497154935,31.889583333333334,127.04,-0.13052619222005168,0.9914448613738104,0.9749279121818236,-0.22252093395631434,0,5.36,0.0,55.0,100.0
2018-10-17 23:30:00,2018-10-17 23:45:00,2018-10-18 00:30:00,15.92,3.53,3.53,3.67,3.64,3.49,14.34,14.27,15.76835755556044,31.8884375,127.04,-0.0654031292301428,0.9978589232386035,0.9749279121818236,-0.22252093395631434,0,5.22,0.0,56.02,100.0
2018-10-17 23:45:00,2018-10-18 00:00:00,2018-10-18 00:45:00,15.85,3.56,3.53,3.64,3.64,3.56,14.26,11.810625000000002,14.088860168919805,31.887604166666666,127.04,0.0,1.0,0.43388373911755823,-0.900968867902419,0,5.22,0.0,56.34,100.0
2018-10-18 00:00:00,2018-10-18 00:15:00,2018-10-18 01:00:00,15.809999999999999,3.64,3.56,3.64,4.07,3.56,14.26,9.731875,12.609715608782578,31.883124999999996,127.04,0.06540312923014306,0.9978589232386035,0.43388373911755823,-0.900968867902419,0,7.13,0.0,45.47,100.0
2018-10-18 00:15:00,2018-10-18 00:30:00,2018-10-18 01:15:00,14.73,4.72,3.64,3.53,3.71,3.53,15.45,7.551875000000001,10.003294594001268,31.893645833333334,127.04,0.13052619222005157,0.9914448613738104,0.43388373911755823,-0.900968867902419,0,5.54,0.0,64.85,100.0
2018-10-18 00:30:00,2018-10-18 00:45:00,2018-10-18 01:30:00,14.290000000000001,4.0,4.72,3.53,3.67,3.49,15.92,5.124375,4.139251092815583,31.89708333333333,127.04,0.19509032201612825,0.9807852804032304,0.43388373911755823,-0.900968867902419,0,5.62,0.0,57.99,100.0
2018-10-18 00:45:00,2018-10-18 01:00:00,2018-10-18 01:45:00,14.360000000000001,3.49,4.0,3.56,3.67,3.53,15.85,4.053125,1.0612476074766908,31.895208333333333,127.04,0.25881904510252074,0.9659258262890683,0.43388373911755823,-0.900968867902419,0,5.62,0.0,52.76,100.0
2018-10-18 01:00:00,2018-10-18 01:15:00,2018-10-18 02:00:00,14.32,3.6,3.49,3.64,3.67,3.64,15.809999999999999,3.77875,0.308400612029224,31.894479166666667,127.04,0.3214394653031616,0.9469301294951057,0.43388373911755823,-0.900968867902419,0,5.94,0.0,51.83,100.0
2018-10-18 01:15:00,2018-10-18 01:30:00,2018-10-18 02:15:00,14.32,3.64,3.6,4.72,3.67,3.56,14.73,3.745,0.2917404668536745,31.894166666666667,127.04,0.3826834323650898,0.9238795325112867,0.43388373911755823,-0.900968867902419,0,5.83,0.0,52.96,100.0
2018-10-18 01:30:00,2018-10-18 01:45:00,2018-10-18 02:30:00,14.43,3.56,3.64,4.0,3.71,3.53,14.290000000000001,3.7225,0.2912580470991316,31.89260416666666,127.04,0.44228869021900125,0.8968727415326884,0.43388373911755823,-0.900968867902419,0,5.98,0.0,51.15,100.0
2018-10-18 01:45:00,2018-10-18 02:00:00,2018-10-18 02:45:00,14.510000000000002,3.56,3.56,3.49,4.07,3.53,14.360000000000001,3.7018750000000002,0.2903493316248549,31.887291666666666,127.04,0.49999999999999994,0.8660254037844387,0.43388373911755823,-0.900968867902419,0,5.8,0.0,52.31,100.0
2018-10-18 02:00:00,2018-10-18 02:15:00,2018-10-18 03:00:00,14.55,3.56,3.56,3.6,4.86,3.6,14.32,3.68375,0.2895875299456107,31.87375,127.04,0.5555702330196022,0.8314696123025452,0.43388373911755823,-0.900968867902419,0,6.12,0.0,50.28,100.0
2018-10-18 02:15:00,2018-10-18 02:30:00,2018-10-18 03:15:00,14.47,3.64,3.56,3.64,4.28,3.67,14.32,3.6862500000000002,0.2890258422702025,31.86708333333333,127.04,0.6087614290087207,0.7933533402912352,0.43388373911755823,-0.900968867902419,0,6.44,0.0,49.21,100.0
2018-10-18 02:30:00,2018-10-18 02:45:00,2018-10-18 03:30:00,14.260000000000002,3.67,3.64,3.56,3.71,3.64,14.43,3.6862500000000002,0.2890258422702025,31.866666666666664,127.04,0.6593458151000688,0.7518398074789774,0.43388373911755823,-0.900968867902419,0,6.3,0.0,50.34,100.0
2018-10-18 02:45:00,2018-10-18 03:00:00,2018-10-18 03:45:00,13.610000000000001,3.64,3.67,3.56,3.71,3.6,14.510000000000002,3.6862500000000002,0.2890258422702025,31.8659375,127.04,0.7071067811865476,0.7071067811865476,0.43388373911755823,-0.900968867902419,0,6.08,0.0,51.37,100.0
2018-10-18 03:00:00,2018-10-18 03:15:00,2018-10-18 04:00:00,13.03,3.6,3.64,3.56,3.78,3.64,14.55,3.68375,0.2895875299456107,31.8640625,127.04,0.7518398074789774,0.6593458151000688,0.43388373911755823,-0.900968867902419,0,6.23,0.0,50.03,100.0
2018-10-18 03:15:00,2018-10-18 03:30:00,2018-10-18 04:15:00,12.46,3.56,3.6,3.64,3.71,3.64,14.47,3.685625,0.2886816748167434,31.8625,127.04,0.7933533402912352,0.6087614290087207,0.43388373911755823,-0.900968867902419,0,6.08,0.0,50.53,100.0
2018-10-18 03:30:00,2018-10-18 03:45:00,2018-10-18 04:30:00,11.92,3.46,3.56,3.67,3.28,3.49,14.260000000000002,3.6812500000000004,0.291523476756161,31.864375,127.04,0.8314696123025451,0.5555702330196024,0.43388373911755823,-0.900968867902419,0,5.83,0.0,51.04,100.0
2018-10-18 03:45:00,2018-10-18 04:00:00,2018-10-18 04:45:00,12.39,2.99,3.46,3.64,3.06,3.06,13.610000000000001,3.645625,0.3356517680200716,31.863645833333333,127.04,0.8660254037844386,0.5000000000000001,0.43388373911755823,-0.900968867902419,0,4.68,0.0,53.84,100.0
2018-10-18 04:00:00,2018-10-18 04:15:00,2018-10-18 05:00:00,12.790000000000001,3.02,2.99,3.6,3.13,3.35,13.03,3.6068750000000005,0.3682682234119582,31.8625,127.04,0.8968727415326884,0.44228869021900125,0.43388373911755823,-0.900968867902419,0,4.54,0.0,55.39,100.0
2018-10-18 04:15:00,2018-10-18 04:30:00,2018-10-18 05:15:00,12.790000000000001,2.99,3.02,3.56,3.17,3.56,12.46,3.4987500000000002,0.26509137575560615,31.860625,127.04,0.9238795325112867,0.38268343236508984,0.43388373911755823,-0.900968867902419,0,4.39,0.0,56.29,100.0
2018-10-18 04:30:00,2018-10-18 04:45:00,2018-10-18 05:30:00,12.89,2.92,2.99,3.46,3.13,3.06,11.92,3.4312500000000004,0.2663614790092591,31.858437499999997,127.04,0.9469301294951056,0.3214394653031617,0.43388373911755823,-0.900968867902419,0,4.43,0.0,55.03,100.0
2018-10-18 04:45:00,2018-10-18 05:00:00,2018-10-18 05:45:00,12.379999999999999,3.46,2.92,2.99,3.1,2.95,12.39,3.429375,0.2660467240448564,31.862187500000005,127.04,0.9659258262890683,0.25881904510252074,0.43388373911755823,-0.900968867902419,0,5.8,0.0,51.23,100.0
2018-10-18 05:00:00,2018-10-18 05:15:00,2018-10-18 06:00:00,11.91,3.42,3.46,3.02,3.06,3.06,12.790000000000001,3.418125,0.26237422582067776,31.8659375,127.04,0.9807852804032304,0.19509032201612833,0.43388373911755823,-0.900968867902419,0,5.83,0.0,50.6,100.0
2018-10-18 05:15:00,2018-10-18 05:30:00,2018-10-18 06:15:00,12.160000000000002,2.99,3.42,2.99,3.56,3.02,12.790000000000001,3.3775,0.27489770824799536,31.860000000000003,127.04,0.9914448613738104,0.1305261922200517,0.43388373911755823,-0.900968867902419,0,4.43,0.0,55.94,100.0
2018-10-18 05:30:00,2018-10-18 05:45:00,2018-10-18 06:30:00,12.67,3.02,2.99,2.92,3.67,2.99,12.89,3.34375,0.28343594955474505,31.853229166666665,127.04,0.9978589232386035,0.06540312923014327,0.43388373911755823,-0.900968867902419,0,4.5,0.0,55.73,100.0
2018-10-18 05:45:00,2018-10-18 06:00:00,2018-10-18 06:45:00,12.670000000000002,2.95,3.02,3.46,3.78,2.99,12.379999999999999,3.305625,0.292659545162976,31.844583333333333,127.04,1.0,6.123233995736766e-17,0.43388373911755823,-0.900968867902419,0,4.46,0.0,55.17,100.0
2018-10-18 06:00:00,2018-10-18 06:15:00,2018-10-18 07:00:00,12.639999999999999,2.95,2.95,3.42,3.67,2.99,11.91,3.2675,0.29674273369368287,31.83708333333333,127.04,0.9978589232386035,-0.06540312923014314,0.43388373911755823,-0.900968867902419,0,4.46,0.0,55.17,100.0
2018-10-18 06:15:00,2018-10-18 06:30:00,2018-10-18 07:15:00,12.24,3.24,2.95,2.99,3.6,3.31,12.160000000000002,3.2425,0.28072450908319346,31.833333333333332,127.04,0.9914448613738104,-0.1305261922200516,0.43388373911755823,-0.900968867902419,0,5.44,0.0,51.17,100.0
2018-10-18 06:30:00,2018-10-18 06:45:00,2018-10-18 07:30:00,12.020000000000001,3.53,3.24,3.02,3.24,3.31,12.67,3.2337499999999997,0.26920891051374946,31.836354166666666,127.04,0.9807852804032304,-0.1950903220161282,0.43388373911755823,-0.900968867902419,0,6.41,0.0,48.24,100.0
2018-10-18 06:45:00,2018-10-18 07:00:00,2018-10-18 07:45:00,14.15,2.95,3.53,2.95,3.02,2.92,12.670000000000002,3.1906250000000003,0.25559902068474355,31.835624999999997,127.04,0.9659258262890683,-0.25881904510252063,0.43388373911755823,-0.900968867902419,0,4.36,0.0,56.04,100.0
2018-10-18 07:00:00,2018-10-18 07:15:00,2018-10-18 08:00:00,15.91,2.92,2.95,2.95,3.1,2.88,12.639999999999999,3.1481250000000003,0.2400577729943356,31.83375,127.04,0.9469301294951057,-0.3214394653031616,0.43388373911755823,-0.900968867902419,0,4.39,0.0,55.38,100.0
2018-10-18 07:15:00,2018-10-18 07:30:00,2018-10-18 08:15:00,39.67,2.84,2.92,3.24,3.02,2.88,12.24,3.1031250000000004,0.22568558743304806,31.831874999999997,127.04,0.9238795325112868,-0.3826834323650895,0.43388373911755823,-0.900968867902419,0,4.14,0.0,56.57,100.0
2018-10-18 07:30:00,2018-10-18 07:45:00,2018-10-18 08:30:00,72.5,3.31,2.84,3.53,3.49,3.42,12.020000000000001,3.09375,0.2134500819863979,31.83,127.04,0.8968727415326884,-0.44228869021900113,0.43388373911755823,-0.900968867902419,0,4.43,0.0,59.86,100.0
2018-10-18 07:45:00,2018-10-18 08:00:00,2018-10-18 08:45:00,108.57,5.08,3.31,2.95,4.82,4.57,14.15,3.224375,0.523831661294924,31.83270833333333,127.04,0.8660254037844387,-0.4999999999999998,0.43388373911755823,-0.900968867902419,0,5.51,0.0,67.78,100.0
2018-10-18 08:00:00,2018-10-18 08:15:00,2018-10-18 09:00:00,148.35,4.68,5.08,2.92,5.18,4.18,15.91,3.328125,0.6272581082576772,31.827499999999997,127.04,0.8314696123025451,-0.5555702330196023,0.43388373911755823,-0.900968867902419,0,5.18,0.0,67.04,100.0
2018-10-18 08:15:00,2018-10-18 08:30:00,2018-10-18 09:15:00,165.42000000000002,26.6,4.68,2.84,31.5,47.16,39.67,4.803750000000001,5.661942991367893,31.776458333333334,127.04,0.7933533402912352,-0.6087614290087207,0.43388373911755823,-0.900968867902419,0,24.66,0.0,73.33,100.0
2018-10-18 08:30:00,2018-10-18 08:45:00,2018-10-18 09:30:00,173.81,36.14,26.6,3.31,63.5,106.49,72.5,6.88,9.428549066531925,31.49145833333333,127.04,0.7518398074789774,-0.6593458151000688,0.43388373911755823,-0.900968867902419,0,33.73,0.0,73.11,100.0
2018-10-18 08:45:00,2018-10-18 09:00:00,2018-10-18 09:45:00,179.6,41.15,36.14,5.08,66.6,136.01,108.57,9.235625,12.490780584470093,31.226354166666663,127.04,0.7071067811865476,-0.7071067811865475,0.43388373911755823,-0.900968867902419,0,31.72,0.0,79.2,100.0
2018-10-18 09:00:00,2018-10-18 09:15:00,2018-10-18 10:00:00,178.83999999999997,44.46,41.15,4.68,92.56,113.83,148.35,11.800625,14.995793355450553,30.7253125,127.04,0.659345815100069,-0.7518398074789773,0.43388373911755823,-0.900968867902419,0,18.0,0.0,92.69,100.0
2018-10-18 09:15:00,2018-10-18 09:30:00,2018-10-18 10:15:00,175.06,43.67,44.46,26.6,79.45,138.02,165.42000000000002,14.343125000000002,16.644409992077673,30.352604166666666,127.04,0.6087614290087209,-0.793353340291235,0.43388373911755823,-0.900968867902419,0,16.78,0.0,93.35,100.0
2018-10-18 09:30:00,2018-10-18 09:45:00,2018-10-18 10:30:00,170.17000000000002,44.53,43.67,36.14,111.13,95.94,173.81,16.9375,17.867435287416043,29.658854166666668,127.04,0.5555702330196025,-0.831469612302545,0.43388373911755823,-0.900968867902419,0,20.27,0.0,91.01,100.0
2018-10-18 09:45:00,2018-10-18 10:00:00,2018-10-18 10:45:00,160.53,46.94,44.53,41.15,97.67,103.0,179.6,19.686875,18.86047246185458,29.13041666666666,127.04,0.49999999999999994,-0.8660254037844387,0.43388373911755823,-0.900968867902419,0,20.77,0.0,91.45,100.0
2018-10-18 10:00:00,2018-10-18 10:15:00,2018-10-18 11:00:00,171.05,43.7,46.94,44.46,125.35,75.13,178.83999999999997,22.23375,19.177136085388245,28.27989583333333,127.04,0.4422886902190017,-0.8968727415326881,0.43388373911755823,-0.900968867902419,0,17.93,0.0,92.52,100.0
2018-10-18 10:15:00,2018-10-18 10:30:00,2018-10-18 11:15:00,182.57,39.89,43.7,43.67,69.05,99.97,175.06,24.524375000000003,18.959216086362193,27.97614583333333,127.04,0.3826834323650899,-0.9238795325112867,0.43388373911755823,-0.900968867902419,0,13.61,0.04,94.64,100.0
2018-10-18 10:30:00,2018-10-18 10:45:00,2018-10-18 11:30:00,192.39000000000001,39.64,39.89,44.53,69.8,101.48,170.17000000000002,26.78125,18.468643316104732,27.661979166666665,127.04,0.32143946530316175,-0.9469301294951056,0.43388373911755823,-0.900968867902419,0,13.5,0.04,94.66,100.0
2018-10-18 10:45:00,2018-10-18 11:00:00,2018-10-18 11:45:00,211.03,37.3,39.64,46.94,106.63,119.77,160.53,28.928125,17.54712056818369,26.93979166666666,127.04,0.258819045102521,-0.9659258262890682,0.43388373911755823,-0.900968867902419,0,10.15,0.0,96.49,100.0
2018-10-18 11:00:00,2018-10-18 11:15:00,2018-10-18 12:00:00,206.56,54.22,37.3,43.7,127.04,102.1,171.05,32.134375,17.185020355221432,26.181249999999995,121.43,0.19509032201612816,-0.9807852804032304,0.43388373911755823,-0.900968867902419,0,30.49,0.0,87.16,100.0
2018-10-18 11:15:00,2018-10-18 11:30:00,2018-10-18 12:15:00,167.71,51.41,54.22,39.89,107.86,137.16,182.57,35.17,15.990520238566349,25.593229166666664,121.43,0.130526192220052,-0.9914448613738104,0.43388373911755823,-0.900968867902419,0,30.74,0.0,85.83,100.0
2018-10-18 11:30:00,2018-10-18 11:45:00,2018-10-18 12:30:00,123.58,49.46,51.41,39.64,121.43,85.68,192.39000000000001,38.054375,14.02492957591499,24.843541666666663,74.16,0.06540312923014312,-0.9978589232386035,0.43388373911755823,-0.900968867902419,0,30.06,0.0,85.46,100.0
2018-10-18 11:45:00,2018-10-18 12:00:00,2018-10-18 12:45:00,72.75,55.94,49.46,37.3,53.75,99.47,211.03,41.233125,11.774159587179673,24.866354166666667,74.16,1.2246467991473532e-16,-1.0,0.43388373911755823,-0.900968867902419,0,33.77,0.0,85.61,100.0
2018-10-18 12:00:00,2018-10-18 12:15:00,2018-10-18 13:00:00,28.22,49.75,55.94,54.22,53.17,110.52,206.56,44.05,7.191761779981313,24.830729166666668,74.16,-0.06540312923014287,-0.9978589232386035,0.43388373911755823,-0.900968867902419,0,29.38,0.0,86.11,100.0
2018-10-18 12:15:00,2018-10-18 12:30:00,2018-10-18 13:15:00,48.67,12.56,49.75,51.41,6.37,12.02,167.71,43.1725,9.690009352420667,24.895208333333333,74.16,-0.13052619222005177,-0.9914448613738104,0.43388373911755823,-0.900968867902419,0,1.62,13.64,99.18,67.74
2018-10-18 12:30:00,2018-10-18 12:45:00,2018-10-18 13:30:00,103.68,5.33,12.56,49.46,5.18,8.03,123.58,41.246875,13.289118536771918,24.896770833333335,74.16,-0.19509032201612792,-0.9807852804032305,0.43388373911755823,-0.900968867902419,0,0.0,17.96,100.0,28.45
2018-10-18 12:45:00,2018-10-18 13:00:00,2018-10-18 13:45:00,227.45,5.11,5.33,55.94,5.51,8.06,72.75,38.994375,15.91048198859403,24.89260416666666,74.16,-0.2588190451025208,-0.9659258262890683,0.43388373911755823,-0.900968867902419,0,0.0,17.53,100.0,27.99
2018-10-18 13:00:00,2018-10-18 13:15:00,2018-10-18 14:00:00,312.65999999999997,5.22,5.11,49.75,5.98,7.88,28.22,36.541875,17.792017598754086,24.884687500000002,74.16,-0.32143946530316153,-0.9469301294951057,0.43388373911755823,-0.900968867902419,0,0.0,17.71,100.0,28.27
2018-10-18 13:15:00,2018-10-18 13:30:00,2018-10-18 14:15:00,333.25,33.01,5.22,12.56,25.7,36.97,48.67,35.875625,17.712029799245908,24.96083333333333,74.16,-0.38268343236508967,-0.9238795325112868,0.43388373911755823,-0.900968867902419,0,16.13,4.07,89.85,99.25
2018-10-18 13:30:00,2018-10-18 13:45:00,2018-10-18 14:30:00,333.14000000000004,60.34,33.01,5.33,47.7,65.02,103.68,36.863749999999996,18.586690760797094,25.0925,74.16,-0.44228869021900147,-0.8968727415326883,0.43388373911755823,-0.900968867902419,0,38.84,0.0,84.09,100.0
2018-10-18 13:45:00,2018-10-18 14:00:00,2018-10-18 14:45:00,265.89,128.88,60.34,5.11,45.32,51.19,227.45,41.985,29.018598992715,25.96291666666666,128.88,-0.4999999999999997,-0.8660254037844388,0.43388373911755823,-0.900968867902419,0,64.94,0.0,89.3,100.0
2018-10-18 14:00:00,2018-10-18 14:15:00,2018-10-18 15:00:00,244.22000000000003,90.43,128.88,5.22,56.3,56.99,312.65999999999997,44.905625,31.305711732994908,26.3184375,128.88,-0.555570233019602,-0.8314696123025455,0.43388373911755823,-0.900968867902419,0,50.26,0.0,87.41,100.0
2018-10-18 14:15:00,2018-10-18 14:30:00,2018-10-18 15:15:00,257.51,53.6,90.43,33.01,71.5,50.72,333.25,45.7625,31.344306999038917,26.131979166666667,128.88,-0.6087614290087207,-0.7933533402912352,0.43388373911755823,-0.900968867902419,0,37.33,0.0,82.06,100.0
2018-10-18 14:30:00,2018-10-18 14:45:00,2018-10-18 15:30:00,261.47,60.23,53.6,60.34,58.97,37.04,333.14000000000004,47.049375,31.488863203668927,26.14510416666667,128.88,-0.6593458151000688,-0.7518398074789774,0.43388373911755823,-0.900968867902419,0,44.39,0.0,80.5,100.0
2018-10-18 14:45:00,2018-10-18 15:00:00,2018-10-18 15:45:00,289.59000000000003,61.63,60.23,128.88,74.16,35.68,265.89,48.57,31.568698500254964,26.01458333333333,128.88,-0.7071067811865471,-0.7071067811865479,0.43388373911755823,-0.900968867902419,0,44.96,0.0,80.79,100.0
2018-10-18 15:00:00,2018-10-18 15:15:00,2018-10-18 16:00:00,286.82,68.76,61.63,90.43,60.52,41.8,244.22000000000003,49.478750000000005,31.925522680725212,26.10041666666667,128.88,-0.7518398074789773,-0.6593458151000691,0.43388373911755823,-0.900968867902419,0,46.19,0.0,83.01,100.0
2018-10-18 15:15:00,2018-10-18 15:30:00,2018-10-18 16:15:00,310.15,66.89,68.76,53.6,46.01,45.79,257.51,50.446250000000006,32.20274539441474,26.317916666666665,128.88,-0.7933533402912349,-0.6087614290087209,0.43388373911755823,-0.900968867902419,0,49.82,0.0,80.2,100.0
2018-10-18 15:30:00,2018-10-18 15:45:00,2018-10-18 16:30:00,314.04,64.19,66.89,60.23,66.89,49.36,261.47,51.36687500000001,32.371501880270785,26.289791666666662,128.88,-0.8314696123025452,-0.5555702330196022,0.43388373911755823,-0.900968867902419,0,45.94,0.0,81.32,100.0
2018-10-18 15:45:00,2018-10-18 16:00:00,2018-10-18 16:45:00,295.60999999999996,89.75,64.19,61.63,67.39,65.27,289.59000000000003,53.48,33.678194169224696,26.52270833333333,128.88,-0.8660254037844385,-0.5000000000000004,0.43388373911755823,-0.900968867902419,0,54.14,0.0,85.63,100.0
2018-10-18 16:00:00,2018-10-18 16:15:00,2018-10-18 17:00:00,292.87,65.99,89.75,68.76,51.66,62.82,286.82,54.495000000000005,33.795003143956066,26.67197916666667,128.88,-0.8968727415326883,-0.44228869021900136,0.43388373911755823,-0.900968867902419,0,53.53,0.0,77.66,100.0
2018-10-18 16:15:00,2018-10-18 16:30:00,2018-10-18 17:15:00,283.87,90.22,65.99,66.89,41.98,59.76,310.15,59.348749999999995,32.99093149545038,27.174479166666668,128.88,-0.9238795325112868,-0.3826834323650895,0.43388373911755823,-0.900968867902419,0,53.64,0.0,85.96,100.0
2018-10-18 16:30:00,2018-10-18 16:45:00,2018-10-18 17:30:00,263.2,68.08,90.22,64.19,48.78,44.24,314.04,63.27062500000001,29.923377873485055,27.375520833333336,128.88,-0.9469301294951056,-0.3214394653031618,0.43388373911755823,-0.900968867902419,0,44.71,0.0,83.59,100.0
2018-10-18 16:45:00,2018-10-18 17:00:00,2018-10-18 17:45:00,222.16,71.32,68.08,89.75,68.76,57.06,295.60999999999996,67.40875,25.90208193249145,27.402187499999997,128.88,-0.9659258262890683,-0.25881904510252063,0.43388373911755823,-0.900968867902419,0,44.6,0.0,84.79,100.0
2018-10-18 17:00:00,2018-10-18 17:15:00,2018-10-18 18:00:00,189.47,63.25,71.32,65.99,49.14,60.52,292.87,71.035625,20.423749340152387,27.549166666666668,128.88,-0.9807852804032303,-0.19509032201612866,0.43388373911755823,-0.900968867902419,0,41.29,0.0,83.74,100.0
2018-10-18 17:15:00,2018-10-18 17:30:00,2018-10-18 18:15:00,144.29,81.22,63.25,90.22,67.5,98.64,283.87,74.04875,18.00448412028237,27.692083333333333,128.88,-0.9914448613738104,-0.13052619222005163,0.43388373911755823,-0.900968867902419,0,61.52,0.0,79.71,100.0
2018-10-18 17:30:00,2018-10-18 17:45:00,2018-10-18 18:30:00,135.72,47.41,81.22,68.08,42.52,53.75,263.2,73.24062500000001,18.8709884706492,27.743020833333333,128.88,-0.9978589232386035,-0.06540312923014273,0.43388373911755823,-0.900968867902419,0,29.12,0.0,85.21,100.0
2018-10-18 17:45:00,2018-10-18 18:00:00,2018-10-18 18:45:00,153.14,30.28,47.41,71.32,29.77,31.18,222.16,67.078125,15.492094846545934,27.748333333333335,128.88,-1.0,-1.8369701987210297e-16,0.43388373911755823,-0.900968867902419,0,1.15,0.86,99.93,99.96
2018-10-18 18:00:00,2018-10-18 18:15:00,2018-10-18 19:00:00,197.78,30.56,30.28,63.25,28.87,31.25,189.47,63.33624999999999,16.591257816618363,27.765937499999996,128.88,-0.9978589232386036,0.06540312923014237,0.43388373911755823,-0.900968867902419,0,6.48,0.4,97.82,99.99
2018-10-18 18:15:00,2018-10-18 18:30:00,2018-10-18 19:15:00,231.58,36.04,30.56,81.22,32.4,45.4,144.29,62.238749999999996,17.74002532234664,27.803854166666667,128.88,-0.9914448613738105,0.13052619222005127,0.43388373911755823,-0.900968867902419,0,18.54,0.0,88.92,100.0
2018-10-18 18:30:00,2018-10-18 18:45:00,2018-10-18 19:30:00,243.82,38.84,36.04,47.41,39.38,89.5,135.72,60.901875000000004,18.62492725447203,27.79822916666667,128.88,-0.9807852804032304,0.1950903220161283,0.43388373911755823,-0.900968867902419,0,20.2,0.0,88.72,100.0
2018-10-18 18:45:00,2018-10-18 19:00:00,2018-10-18 19:45:00,244.61,47.7,38.84,30.28,48.6,95.15,153.14,60.03125,18.89417597931966,27.788854166666667,128.88,-0.9659258262890684,0.2588190451025203,0.43388373911755823,-0.900968867902419,0,26.35,0.0,87.53,100.0
2018-10-18 19:00:00,2018-10-18 19:15:00,2018-10-18 20:00:00,223.16,75.2,47.7,30.56,47.77,109.51,197.78,60.43375,19.142795601413603,28.074583333333333,128.88,-0.9469301294951057,0.3214394653031615,0.43388373911755823,-0.900968867902419,0,55.33,0.0,80.55,100.0
2018-10-18 19:15:00,2018-10-18 19:30:00,2018-10-18 20:15:00,213.57999999999998,69.84,75.2,36.04,47.56,64.76,231.58,60.618125000000006,19.218149695909204,28.30666666666666,128.88,-0.923879532511287,0.38268343236508917,0.43388373911755823,-0.900968867902419,0,56.02,0.0,78.01,100.0
2018-10-18 19:30:00,2018-10-18 19:45:00,2018-10-18 20:30:00,210.2,51.08,69.84,38.84,44.28,79.38,243.82,59.79875,19.327558005022258,28.377499999999998,128.88,-0.8968727415326884,0.442288690219001,0.43388373911755823,-0.900968867902419,0,35.75,0.0,81.93,100.0
2018-10-18 19:45:00,2018-10-18 20:00:00,2018-10-18 20:45:00,204.48,48.49,51.08,47.7,42.91,114.98,244.61,57.22,17.855816979348774,28.435624999999998,128.88,-0.8660254037844386,0.5000000000000001,0.43388373911755823,-0.900968867902419,0,32.72,0.0,82.89,100.0
2018-10-18 20:00:00,2018-10-18 20:15:00,2018-10-18 21:00:00,246.24,53.75,48.49,75.2,36.9,98.86,223.16,56.455,17.725418894909083,28.611145833333328,128.88,-0.8314696123025455,0.5555702330196018,0.43388373911755823,-0.900968867902419,0,38.41,0.0,81.36,100.0
2018-10-18 20:15:00,2018-10-18 20:30:00,2018-10-18 21:15:00,249.92000000000002,60.26,53.75,69.84,39.6,66.1,213.57999999999998,54.5825,15.502722139998511,28.826354166666665,128.88,-0.7933533402912357,0.6087614290087199,0.43388373911755823,-0.900968867902419,0,44.24,0.0,80.61,100.0
2018-10-18 20:30:00,2018-10-18 20:45:00,2018-10-18 21:30:00,251.79,47.7,60.26,51.08,42.84,95.15,210.2,53.30875,15.175180342832832,28.87697916666666,128.88,-0.7518398074789772,0.6593458151000691,0.43388373911755823,-0.900968867902419,0,25.92,0.0,87.87,100.0
2018-10-18 20:45:00,2018-10-18 21:00:00,2018-10-18 21:45:00,216.17999999999998,42.77,47.7,48.49,20.63,114.37,204.48,51.524375,14.620819474618207,29.107604166666665,128.88,-0.7071067811865477,0.7071067811865474,0.43388373911755823,-0.900968867902419,0,17.86,0.0,92.28,100.0
2018-10-18 21:00:00,2018-10-18 21:15:00,2018-10-18 22:00:00,125.99999999999999,95.51,42.77,53.75,7.99,78.77,246.24,53.540625,17.945219582367194,30.019270833333326,128.88,-0.6593458151000687,0.7518398074789775,0.43388373911755823,-0.900968867902419,0,34.2,0.0,94.15,100.0
2018-10-18 21:15:00,2018-10-18 21:30:00,2018-10-18 22:15:00,66.99000000000001,63.94,95.51,60.26,4.18,6.3,249.92000000000002,52.460625,16.72541347349521,30.64177083333333,128.88,-0.608761429008721,0.7933533402912349,0.43388373911755823,-0.900968867902419,0,19.37,0.0,95.7,100.0
2018-10-18 21:30:00,2018-10-18 21:45:00,2018-10-18 22:30:00,22.39,49.57,63.94,47.7,3.92,4.25,251.79,52.595625,16.692787727320294,31.117291666666663,128.88,-0.555570233019603,0.8314696123025447,0.43388373911755823,-0.900968867902419,0,15.26,0.11,95.57,100.0
2018-10-18 21:45:00,2018-10-18 22:00:00,2018-10-18 22:45:00,19.8,7.16,49.57,42.77,3.89,4.1,216.17999999999998,51.150625000000005,19.35101272180283,31.151354166666664,128.88,-0.5000000000000004,0.8660254037844384,0.43388373911755823,-0.900968867902419,0,0.11,14.72,99.99,43.74
2018-10-18 22:00:00,2018-10-18 22:15:00,2018-10-18 23:00:00,18.25,5.33,7.16,95.51,3.85,3.92,125.99999999999999,49.573750000000004,21.833400981924463,31.166770833333334,128.88,-0.4422886902190014,0.8968727415326883,0.43388373911755823,-0.900968867902419,0,0.0,15.88,100.0,31.82
2018-10-18 22:15:00,2018-10-18 22:30:00,2018-10-18 23:15:00,16.959999999999997,4.93,5.33,63.94,3.6,3.78,66.99000000000001,47.629374999999996,24.208173843959713,31.180625000000003,128.88,-0.38268343236508956,0.9238795325112868,0.43388373911755823,-0.900968867902419,0,8.75,0.11,49.09,99.98
2018-10-18 22:30:00,2018-10-18 22:45:00,2018-10-18 23:30:00,15.63,4.97,4.93,49.57,3.67,3.71,22.39,45.5125,26.276702490038588,31.19416666666667,128.88,-0.32143946530316186,0.9469301294951056,0.43388373911755823,-0.900968867902419,0,9.22,0.0,47.45,100.0
2018-10-18 22:45:00,2018-10-18 23:00:00,2018-10-18 23:45:00,14.77,4.57,4.97,7.16,3.64,3.67,19.8,42.816875,28.065417269023012,31.20385416666667,128.88,-0.25881904510252157,0.9659258262890681,0.43388373911755823,-0.900968867902419,0,8.93,0.0,45.56,100.0
2018-10-18 23:00:00,2018-10-18 23:15:00,2018-10-19 00:00:00,97.82,3.78,4.57,5.33,3.64,3.78,18.25,38.353125000000006,28.23903785514611,31.2053125,128.88,-0.19509032201612872,0.9807852804032303,0.43388373911755823,-0.900968867902419,0,7.09,0.0,47.05,100.0
2018-10-18 23:15:00,2018-10-18 23:30:00,2018-10-19 00:15:00,97.77999999999999,3.64,3.78,4.93,3.53,4.68,16.959999999999997,34.215625,28.172201939312004,31.20645833333333,128.88,-0.13052619222005168,0.9914448613738104,0.43388373911755823,-0.900968867902419,0,6.44,0.0,49.21,100.0
2018-10-18 23:30:00,2018-10-18 23:45:00,2018-10-19 00:30:00,97.77999999999999,3.64,3.64,4.97,3.53,3.82,15.63,31.250625,28.732135203624793,31.20760416666667,128.88,-0.0654031292301428,0.9978589232386035,0.43388373911755823,-0.900968867902419,0,6.73,0.0,47.57,100.0
2018-10-18 23:45:00,2018-10-19 00:00:00,2018-10-19 00:45:00,97.77999999999999,3.71,3.64,4.57,3.56,3.56,14.77,28.451875,29.095243859338506,31.209166666666665,128.88,0.0,1.0,-0.433883739117558,-0.9009688679024191,0,7.49,0.0,44.39,100.0
2018-10-19 00:00:00,2018-10-19 00:15:00,2018-10-19 01:00:00,14.62,86.83,3.71,3.78,3.64,3.6,97.82,30.519375,31.863133961670737,32.07572916666667,128.88,0.06540312923014306,0.9978589232386035,-0.433883739117558,-0.9009688679024191,0,56.16,0.0,83.97,100.0
2018-10-19 00:15:00,2018-10-19 00:30:00,2018-10-19 01:15:00,14.66,3.6,86.83,3.64,4.72,3.49,97.77999999999999,26.978125,31.507588018354802,32.0640625,128.88,0.13052619222005157,0.9914448613738104,-0.433883739117558,-0.9009688679024191,0,6.73,0.0,47.17,100.0
2018-10-19 00:30:00,2018-10-19 00:45:00,2018-10-19 01:30:00,14.66,3.64,3.6,3.64,4.0,3.56,97.77999999999999,24.224375,31.50157872407945,32.0603125,128.88,0.19509032201612825,0.9807852804032304,-0.433883739117558,-0.9009688679024191,0,6.52,0.0,48.75,100.0
2018-10-19 00:45:00,2018-10-19 01:00:00,2018-10-19 01:45:00,14.55,3.71,3.64,3.71,3.49,3.56,97.77999999999999,21.783125,31.483264943210305,32.06260416666667,128.88,0.25881904510252074,0.9659258262890683,-0.433883739117558,-0.9009688679024191,0,6.37,0.0,50.33,100.0
2018-10-19 01:00:00,2018-10-19 01:15:00,2018-10-19 02:00:00,14.520000000000001,3.67,3.71,86.83,3.6,3.64,14.62,16.043125,25.278952638200323,32.06333333333333,128.88,0.3214394653031616,0.9469301294951057,-0.433883739117558,-0.9009688679024191,0,7.31,0.0,44.87,100.0
2018-10-19 01:15:00,2018-10-19 01:30:00,2018-10-19 02:15:00,14.520000000000001,3.64,3.67,3.6,3.64,3.6,14.66,12.274375,22.15975856387824,32.06333333333333,128.88,0.3826834323650898,0.9238795325112867,-0.433883739117558,-0.9009688679024191,0,7.06,0.0,45.83,100.0
2018-10-19 01:30:00,2018-10-19 01:45:00,2018-10-19 02:30:00,14.55,3.64,3.64,3.64,3.56,3.6,14.66,9.40375,20.013463241965393,32.064166666666665,128.88,0.44228869021900125,0.8968727415326884,-0.433883739117558,-0.9009688679024191,0,6.52,0.0,48.75,100.0
2018-10-19 01:45:00,2018-10-19 02:00:00,2018-10-19 02:45:00,14.59,3.6,3.64,3.71,3.56,3.56,14.55,9.18125,20.056913357680436,32.06458333333333,128.88,0.49999999999999994,0.8660254037844387,-0.433883739117558,-0.9009688679024191,0,6.48,0.0,48.56,100.0
2018-10-19 02:00:00,2018-10-19 02:15:00,2018-10-19 03:00:00,14.870000000000001,3.64,3.6,3.67,3.56,3.56,14.520000000000001,9.075625,20.081352036388758,32.065416666666664,128.88,0.5555702330196022,0.8314696123025452,-0.433883739117558,-0.9009688679024191,0,6.41,0.0,49.38,100.0
2018-10-19 02:15:00,2018-10-19 02:30:00,2018-10-19 03:15:00,15.98,3.64,3.64,3.64,3.64,3.67,14.520000000000001,8.995,20.10041510765387,32.065416666666664,128.88,0.6087614290087207,0.7933533402912352,-0.433883739117558,-0.9009688679024191,0,7.42,0.0,44.04,100.0
2018-10-19 02:30:00,2018-10-19 02:45:00,2018-10-19 03:30:00,16.23,3.67,3.64,3.64,3.67,3.6,14.55,8.91375,20.119139480541904,32.065416666666664,128.88,0.6593458151000688,0.7518398074789774,-0.433883739117558,-0.9009688679024191,0,7.49,0.0,44.0,100.0
2018-10-19 02:45:00,2018-10-19 03:00:00,2018-10-19 03:45:00,15.65,3.64,3.67,3.6,3.64,3.6,14.59,8.855625,20.132943453687414,32.065416666666664,128.88,0.7071067811865476,0.7071067811865476,-0.433883739117558,-0.9009688679024191,0,6.48,0.0,48.98,100.0
2018-10-19 03:00:00,2018-10-19 03:15:00,2018-10-19 04:00:00,14.790000000000001,3.92,3.64,3.64,3.6,3.89,14.870000000000001,8.864375,20.130765934493777,32.068749999999994,128.88,0.7518398074789774,0.6593458151000688,-0.433883739117558,-0.9009688679024191,0,7.06,0.0,48.54,100.0
2018-10-19 03:15:00,2018-10-19 03:30:00,2018-10-19 04:15:00,13.100000000000001,4.75,3.92,3.64,3.56,4.54,15.98,8.93375,20.114548178805805,32.08114583333333,128.88,0.7933533402912352,0.6087614290087207,-0.433883739117558,-0.9009688679024191,0,8.78,0.0,47.58,100.0
2018-10-19 03:30:00,2018-10-19 03:45:00,2018-10-19 04:30:00,12.24,3.92,4.75,3.67,3.46,3.38,16.23,8.95125,20.110056214180506,32.08593749999999,128.88,0.8314696123025451,0.5555702330196024,-0.433883739117558,-0.9009688679024191,0,7.27,0.0,47.46,100.0
2018-10-19 03:45:00,2018-10-19 04:00:00,2018-10-19 04:45:00,12.24,3.06,3.92,3.64,2.99,3.06,15.65,8.910625,20.12125662972805,32.086666666666666,128.88,0.8660254037844386,0.5000000000000001,-0.433883739117558,-0.9009688679024191,0,6.12,0.0,44.72,100.0
2018-10-19 04:00:00,2018-10-19 04:15:00,2018-10-19 05:00:00,12.28,3.06,3.06,3.92,3.02,2.95,14.790000000000001,3.6750000000000003,0.3581200915893996,32.08708333333333,128.88,0.8968727415326884,0.44228869021900125,-0.433883739117558,-0.9009688679024191,0,6.12,0.0,44.72,100.0
2018-10-19 04:15:00,2018-10-19 04:30:00,2018-10-19 05:15:00,12.280000000000001,3.06,3.06,4.75,2.99,2.99,13.100000000000001,3.6412500000000003,0.38781237409345254,32.0878125,128.88,0.9238795325112867,0.38268343236508984,-0.433883739117558,-0.9009688679024191,0,6.16,0.0,44.49,100.0
2018-10-19 04:30:00,2018-10-19 04:45:00,2018-10-19 05:30:00,12.24,3.06,3.06,3.92,2.92,2.99,12.24,3.605,0.41255302689472534,32.08927083333333,128.88,0.9469301294951056,0.3214394653031617,-0.433883739117558,-0.9009688679024191,0,6.23,0.0,44.09,100.0
2018-10-19 04:45:00,2018-10-19 05:00:00,2018-10-19 05:45:00,12.2,3.06,3.06,3.06,3.46,2.99,12.24,3.564375,0.4317691621399101,32.08510416666667,128.88,0.9659258262890683,0.25881904510252074,-0.433883739117558,-0.9009688679024191,0,6.3,0.0,43.69,100.0
2018-10-19 05:00:00,2018-10-19 05:15:00,2018-10-19 06:00:00,12.09,3.1,3.06,3.06,3.42,3.06,12.28,3.52875,0.44489991852100846,32.08177083333333,128.88,0.9807852804032304,0.19509032201612833,-0.433883739117558,-0.9009688679024191,0,6.16,0.0,44.95,100.0
2018-10-19 05:15:00,2018-10-19 05:30:00,2018-10-19 06:15:00,12.05,3.06,3.1,3.06,2.99,2.99,12.280000000000001,3.4924999999999997,0.4578004477935774,32.082499999999996,128.88,0.9914448613738104,0.1305261922200517,-0.433883739117558,-0.9009688679024191,0,6.23,0.0,44.09,100.0
2018-10-19 05:30:00,2018-10-19 05:45:00,2018-10-19 06:30:00,12.049999999999999,3.02,3.06,3.06,3.02,2.99,12.24,3.45375,0.4697589142315449,32.0825,128.88,0.9978589232386035,0.06540312923014327,-0.433883739117558,-0.9009688679024191,0,5.9,0.0,45.56,100.0
2018-10-19 05:45:00,2018-10-19 06:00:00,2018-10-19 06:45:00,12.59,3.02,3.02,3.06,2.95,3.17,12.2,3.4175,0.4793550354382438,32.08322916666666,128.88,1.0,6.123233995736766e-17,-0.433883739117558,-0.9009688679024191,0,6.05,0.0,44.66,100.0
2018-10-19 06:00:00,2018-10-19 06:15:00,2018-10-19 07:00:00,12.7,2.99,3.02,3.1,2.95,3.6,12.09,3.376875,0.48627048478701645,32.08364583333333,128.88,0.9978589232386035,-0.06540312923014314,-0.433883739117558,-0.9009688679024191,0,5.87,0.0,45.39,100.0
2018-10-19 06:15:00,2018-10-19 06:30:00,2018-10-19 07:15:00,12.629999999999999,3.02,2.99,3.06,3.24,3.02,12.05,3.338125,0.48845699337300924,32.081354166666664,128.88,0.9914448613738104,-0.1305261922200516,-0.433883739117558,-0.9009688679024191,0,5.98,0.0,45.08,100.0
2018-10-19 06:30:00,2018-10-19 06:45:00,2018-10-19 07:30:00,13.64,3.02,3.02,3.02,3.53,2.99,12.049999999999999,3.2975,0.4861905490648702,32.07604166666667,128.88,0.9807852804032304,-0.1950903220161282,-0.433883739117558,-0.9009688679024191,0,6.12,0.0,44.25,100.0
2018-10-19 06:45:00,2018-10-19 07:00:00,2018-10-19 07:45:00,14.760000000000002,3.56,3.02,3.02,2.95,2.95,12.59,3.2925,0.48304373507996146,32.08239583333333,128.88,0.9659258262890683,-0.25881904510252063,-0.433883739117558,-0.9009688679024191,0,6.73,0.0,46.76,100.0
2018-10-19 07:00:00,2018-10-19 07:15:00,2018-10-19 08:00:00,16.23,3.1,3.56,2.99,2.92,2.92,12.7,3.24125,0.45652046777773275,32.084270833333335,128.88,0.9469301294951057,-0.3214394653031616,-0.433883739117558,-0.9009688679024191,0,6.19,0.0,44.78,100.0
2018-10-19 07:15:00,2018-10-19 07:30:00,2018-10-19 08:15:00,49.96,2.95,3.1,3.02,2.84,2.88,12.629999999999999,3.12875,0.2424581149394674,32.08541666666667,128.88,0.9238795325112868,-0.3826834323650895,-0.433883739117558,-0.9009688679024191,0,5.8,0.0,45.34,100.0
2018-10-19 07:30:00,2018-10-19 07:45:00,2018-10-19 08:30:00,139.39,4.03,2.95,3.02,3.31,3.31,13.64,3.135625,0.265282131654207,32.09291666666667,128.88,0.8968727415326884,-0.44228869021900113,-0.433883739117558,-0.9009688679024191,0,7.49,0.0,47.38,100.0
2018-10-19 07:45:00,2018-10-19 08:00:00,2018-10-19 08:45:00,257.11,4.68,4.03,3.56,5.08,5.29,14.760000000000002,3.236875,0.4569835712309579,32.08875,128.88,0.8660254037844387,-0.4999999999999998,-0.433883739117558,-0.9009688679024191,0,7.67,0.0,52.09,100.0
2018-10-19 08:00:00,2018-10-19 08:15:00,2018-10-19 09:00:00,318.89,4.57,4.68,3.1,4.68,4.18,16.23,3.33125,0.555921251167825,32.087604166666665,128.88,0.8314696123025451,-0.5555702330196023,-0.433883739117558,-0.9009688679024191,0,7.2,0.0,53.59,100.0
2018-10-19 08:15:00,2018-10-19 08:30:00,2018-10-19 09:15:00,405.19000000000005,36.68,4.57,2.95,26.6,27.32,49.96,5.4325,8.086896422608614,32.19260416666666,128.88,0.7933533402912352,-0.6087614290087207,-0.433883739117558,-0.9009688679024191,0,32.22,0.0,75.13,100.0
2018-10-19 08:30:00,2018-10-19 08:45:00,2018-10-19 09:30:00,427.18,93.46,36.68,4.03,36.14,57.49,139.39,11.0825,22.747002961928853,32.7896875,128.88,0.7518398074789774,-0.6593458151000688,-0.433883739117558,-0.9009688679024191,0,70.96,0.0,79.64,100.0
2018-10-19 08:45:00,2018-10-19 09:00:00,2018-10-19 09:45:00,383.43999999999994,122.4,93.46,4.68,41.15,98.35,257.11,18.541249999999998,35.10334419165074,33.636041666666664,128.88,0.7071067811865476,-0.7071067811865475,-0.433883739117558,-0.9009688679024191,0,88.16,0.0,81.14,100.0
2018-10-19 09:00:00,2018-10-19 09:15:00,2018-10-19 10:00:00,384.27000000000004,66.35,122.4,4.57,44.46,121.72,318.89,22.494375,36.668383515085246,33.864062499999996,128.88,0.659345815100069,-0.7518398074789773,-0.433883739117558,-0.9009688679024191,0,35.78,0.0,88.02,100.0
2018-10-19 09:15:00,2018-10-19 09:30:00,2018-10-19 10:15:00,313.06,122.98,66.35,36.68,43.67,93.1,405.19000000000005,29.989375,43.54164033840911,34.69020833333334,128.88,0.6087614290087209,-0.793353340291235,-0.433883739117558,-0.9009688679024191,0,67.0,0.0,87.81,100.0
2018-10-19 09:30:00,2018-10-19 09:45:00,2018-10-19 10:30:00,249.99,115.45,122.98,93.46,44.53,57.64,427.18,37.01625,47.513242085101915,35.428958333333334,128.88,0.5555702330196025,-0.831469612302545,-0.433883739117558,-0.9009688679024191,0,55.08,0.0,90.25,100.0
2018-10-19 09:45:00,2018-10-19 10:00:00,2018-10-19 10:45:00,222.27,78.66,115.45,122.4,46.94,51.3,383.43999999999994,41.74375,47.6582886121344,35.759375,128.88,0.49999999999999994,-0.8660254037844387,-0.433883739117558,-0.9009688679024191,0,35.93,0.0,90.96,100.0
2018-10-19 10:00:00,2018-10-19 10:15:00,2018-10-19 11:00:00,207.83,67.18,78.66,66.35,43.7,62.82,384.27000000000004,45.755625,46.92322652066219,36.00395833333334,128.88,0.4422886902190017,-0.8968727415326881,-0.433883739117558,-0.9009688679024191,0,39.92,0.0,85.97,100.0
2018-10-19 10:15:00,2018-10-19 10:30:00,2018-10-19 11:15:00,213.73000000000002,51.77,67.18,122.98,39.89,42.77,313.06,48.802499999999995,45.613821164752245,36.12770833333334,128.88,0.3826834323650899,-0.9238795325112867,-0.433883739117558,-0.9009688679024191,0,27.4,0.0,88.38,100.0
2018-10-19 10:30:00,2018-10-19 10:45:00,2018-10-19 11:30:00,213.73000000000002,52.38,51.77,115.45,39.64,50.4,249.99,51.8875,44.055658334089166,36.260416666666664,128.88,0.32143946530316175,-0.9469301294951056,-0.433883739117558,-0.9009688679024191,0,31.36,0.0,85.8,100.0
2018-10-19 10:45:00,2018-10-19 11:00:00,2018-10-19 11:45:00,204.87,50.94,52.38,78.66,37.3,62.78,222.27,54.848749999999995,42.26365384035673,36.4025,128.88,0.258819045102521,-0.9659258262890682,-0.433883739117558,-0.9009688679024191,0,28.98,0.0,86.92,100.0
2018-10-19 11:00:00,2018-10-19 11:15:00,2018-10-19 12:00:00,189.39,52.74,50.94,67.18,54.22,51.34,207.83,57.95125,40.118549773608464,36.38708333333333,128.88,0.19509032201612816,-0.9807852804032304,-0.433883739117558,-0.9009688679024191,0,31.14,0.0,86.11,100.0
2018-10-19 11:15:00,2018-10-19 11:30:00,2018-10-19 12:15:00,136.87,57.67,52.74,51.77,51.41,53.75,213.73000000000002,61.37125,37.53312518213079,36.45229166666667,128.88,0.130526192220052,-0.9914448613738104,-0.433883739117558,-0.9009688679024191,0,34.6,0.0,85.75,100.0
2018-10-19 11:30:00,2018-10-19 11:45:00,2018-10-19 12:30:00,89.67000000000002,52.38,57.67,52.38,49.46,48.6,213.73000000000002,64.393125,34.628820857551226,36.48270833333333,128.88,0.06540312923014312,-0.9978589232386035,-0.433883739117558,-0.9009688679024191,0,29.34,0.0,87.25,100.0
2018-10-19 11:45:00,2018-10-19 12:00:00,2018-10-19 12:45:00,52.919999999999995,42.08,52.38,50.94,55.94,58.39,204.87,66.730625,31.65367227288763,36.33833333333333,128.88,1.2246467991473532e-16,-1.0,-0.433883739117558,-0.9009688679024191,0,20.27,0.0,90.09,100.0
2018-10-19 12:00:00,2018-10-19 12:15:00,2018-10-19 13:00:00,19.8,37.26,42.08,52.74,49.75,47.92,189.39,68.77375,28.470449784601225,36.20822916666666,128.88,-0.06540312923014287,-0.9978589232386035,-0.433883739117558,-0.9009688679024191,0,22.93,1.51,85.17,99.92
2018-10-19 12:15:00,2018-10-19 12:30:00,2018-10-19 13:15:00,40.86,5.15,37.26,57.67,12.56,4.32,136.87,66.80312500000001,31.548477720555315,36.13104166666667,128.88,-0.13052619222005177,-0.9914448613738104,-0.433883739117558,-0.9009688679024191,0,0.0,17.39,100.0,28.4
2018-10-19 12:30:00,2018-10-19 12:45:00,2018-10-19 13:30:00,86.94,5.18,5.15,52.38,5.33,4.25,89.67000000000002,61.28562500000001,34.02631223934465,36.12947916666666,128.88,-0.19509032201612792,-0.9807852804032305,-0.433883739117558,-0.9009688679024191,0,0.0,17.14,100.0,28.93
2018-10-19 12:45:00,2018-10-19 13:00:00,2018-10-19 13:45:00,135.0,5.33,5.18,42.08,5.11,4.5,52.919999999999995,53.96875,32.6574239023457,36.13177083333333,128.88,-0.2588190451025208,-0.9659258262890683,-0.433883739117558,-0.9009688679024191,0,0.0,16.13,100.0,31.38
2018-10-19 13:00:00,2018-10-19 13:15:00,2018-10-19 14:00:00,179.96,4.14,5.33,37.26,5.22,4.64,19.8,50.080625000000005,34.59754876952087,36.12052083333333,128.88,-0.32143946530316153,-0.9469301294951057,-0.433883739117558,-0.9009688679024191,0,0.0,10.98,100.0,35.28
2018-10-19 13:15:00,2018-10-19 13:30:00,2018-10-19 14:15:00,217.94,26.21,4.14,5.15,33.01,36.86,40.86,44.0325,29.39181104066233,36.0496875,128.88,-0.38268343236508967,-0.9238795325112868,-0.433883739117558,-0.9009688679024191,0,7.88,3.28,95.77,99.23
2018-10-19 13:30:00,2018-10-19 13:45:00,2018-10-19 14:30:00,224.06,51.26,26.21,5.18,60.34,60.05,86.94,40.020624999999995,23.070966730056526,35.955104166666665,128.88,-0.44228869021900147,-0.8968727415326883,-0.433883739117558,-0.9009688679024191,0,28.4,0.0,87.47,100.0
2018-10-19 13:45:00,2018-10-19 14:00:00,2018-10-19 14:45:00,225.02999999999997,53.39,51.26,5.33,128.88,53.6,135.0,38.44125,21.15735713498971,35.168749999999996,122.98,-0.4999999999999997,-0.8660254037844388,-0.433883739117558,-0.9009688679024191,0,31.61,0.0,86.05,100.0
2018-10-19 14:00:00,2018-10-19 14:15:00,2018-10-19 15:00:00,232.56,49.1,53.39,4.14,90.43,50.08,179.96,37.31125,20.04588950227702,34.73822916666666,122.98,-0.555570233019602,-0.8314696123025455,-0.433883739117558,-0.9009688679024191,0,32.8,0.0,83.15,100.0
2018-10-19 14:15:00,2018-10-19 14:30:00,2018-10-19 15:15:00,230.87,64.19,49.1,26.21,53.6,39.17,217.94,38.0875,20.816420351491754,34.84854166666667,122.98,-0.6087614290087207,-0.7933533402912352,-0.433883739117558,-0.9009688679024191,0,51.01,0.0,78.29,100.0
2018-10-19 14:30:00,2018-10-19 14:45:00,2018-10-19 15:30:00,263.17,57.38,64.19,51.26,60.23,55.87,224.06,38.4,21.064686385037874,34.81885416666666,122.98,-0.6593458151000688,-0.7518398074789774,-0.433883739117558,-0.9009688679024191,0,37.87,0.0,83.46,100.0
2018-10-19 14:45:00,2018-10-19 15:00:00,2018-10-19 15:45:00,270.23,54.36,57.38,53.39,61.63,53.93,225.02999999999997,38.613749999999996,21.20771554028156,34.743125,122.98,-0.7071067811865471,-0.7071067811865479,-0.433883739117558,-0.9009688679024191,0,32.62,0.0,85.75,100.0
2018-10-19 15:00:00,2018-10-19 15:15:00,2018-10-19 16:00:00,312.96000000000004,56.63,54.36,49.1,68.76,44.64,232.56,38.856875,21.389781064432967,34.616770833333334,122.98,-0.7518398074789773,-0.6593458151000691,-0.433883739117558,-0.9009688679024191,0,35.46,0.0,84.76,100.0
2018-10-19 15:15:00,2018-10-19 15:30:00,2018-10-19 16:15:00,338.95000000000005,62.5,56.63,64.19,66.89,44.06,230.87,39.15875,21.685204309332665,34.571041666666666,122.98,-0.7933533402912349,-0.6087614290087209,-0.433883739117558,-0.9009688679024191,0,30.92,0.0,89.63,100.0
2018-10-19 15:30:00,2018-10-19 15:45:00,2018-10-19 16:30:00,339.13,89.68,62.5,57.38,64.19,44.32,263.17,41.49,24.767177120132203,34.8365625,122.98,-0.8314696123025452,-0.5555702330196022,-0.433883739117558,-0.9009688679024191,0,58.18,0.0,83.89,100.0
2018-10-19 15:45:00,2018-10-19 16:00:00,2018-10-19 16:45:00,334.37,61.42,89.68,54.36,89.75,67.07,270.23,42.698750000000004,25.234015454094898,34.54145833333333,122.98,-0.8660254037844385,-0.5000000000000004,-0.433883739117558,-0.9009688679024191,0,40.46,0.0,83.51,100.0
2018-10-19 16:00:00,2018-10-19 16:15:00,2018-10-19 17:00:00,291.96,99.36,61.42,56.63,65.99,45.11,312.96000000000004,46.58,28.64434957369429,34.8890625,122.98,-0.8968727415326883,-0.44228869021900136,-0.433883739117558,-0.9009688679024191,0,63.68,0.0,84.19,100.0
2018-10-19 16:15:00,2018-10-19 16:30:00,2018-10-19 17:15:00,252.02999999999997,88.49,99.36,62.5,90.22,47.99,338.95000000000005,51.78875,28.21113053277908,34.87104166666666,122.98,-0.9238795325112868,-0.3826834323650895,-0.433883739117558,-0.9009688679024191,0,54.18,0.0,85.28,100.0
2018-10-19 16:30:00,2018-10-19 16:45:00,2018-10-19 17:30:00,201.88000000000002,89.86,88.49,89.68,68.08,47.2,339.13,57.081250000000004,26.88257076504217,35.09791666666667,122.98,-0.9469301294951056,-0.3214394653031618,-0.433883739117558,-0.9009688679024191,0,55.04,0.0,85.28,100.0
2018-10-19 16:45:00,2018-10-19 17:00:00,2018-10-19 17:45:00,175.86,56.66,89.86,61.42,71.32,46.4,334.37,60.289375,23.34533450947694,34.94520833333333,122.98,-0.9659258262890683,-0.25881904510252063,-0.433883739117558,-0.9009688679024191,0,36.4,0.0,84.13,100.0
2018-10-19 17:00:00,2018-10-19 17:15:00,2018-10-19 18:00:00,149.65,56.95,56.66,99.36,63.25,51.3,291.96,63.589999999999996,18.378260595061764,34.879583333333336,122.98,-0.9807852804032303,-0.19509032201612866,-0.433883739117558,-0.9009688679024191,0,35.17,0.0,85.08,100.0
2018-10-19 17:15:00,2018-10-19 17:30:00,2018-10-19 18:15:00,144.22,48.56,56.95,88.49,81.22,57.78,252.02999999999997,64.986875,16.204906170181147,34.539375,122.98,-0.9914448613738104,-0.13052619222005163,-0.433883739117558,-0.9009688679024191,0,25.96,0.0,88.19,100.0
2018-10-19 17:30:00,2018-10-19 17:45:00,2018-10-19 18:30:00,168.41,39.71,48.56,89.86,47.41,44.89,201.88000000000002,64.26500000000001,17.036247019223453,34.45916666666667,122.98,-0.9978589232386035,-0.06540312923014273,-0.433883739117558,-0.9009688679024191,0,11.84,0.04,95.83,100.0
2018-10-19 17:45:00,2018-10-19 18:00:00,2018-10-19 18:45:00,191.37,30.64,39.71,56.66,30.28,29.2,175.86,62.843125,18.747944460243502,34.462916666666665,122.98,-1.0,-1.8369701987210297e-16,-0.433883739117558,-0.9009688679024191,0,1.12,0.83,99.93,99.96
2018-10-19 18:00:00,2018-10-19 18:15:00,2018-10-19 19:00:00,230.14999999999998,30.74,30.64,56.95,30.56,29.56,149.65,61.695625,20.069310827962553,34.46479166666666,122.98,-0.9978589232386036,0.06540312923014237,-0.433883739117558,-0.9009688679024191,0,6.62,0.36,97.76,99.99
2018-10-19 18:15:00,2018-10-19 18:30:00,2018-10-19 19:15:00,255.09999999999997,43.13,30.74,48.56,36.04,50.94,144.22,60.379375,20.547469573146348,34.538645833333334,122.98,-0.9914448613738105,0.13052619222005127,-0.433883739117558,-0.9009688679024191,0,27.9,0.0,83.96,100.0
2018-10-19 18:30:00,2018-10-19 18:45:00,2018-10-19 19:30:00,241.73999999999998,63.9,43.13,39.71,38.84,71.42,168.41,60.786875,20.548597494339486,34.7996875,122.98,-0.9807852804032304,0.1950903220161283,-0.433883739117558,-0.9009688679024191,0,45.83,0.0,81.26,100.0
2018-10-19 18:45:00,2018-10-19 19:00:00,2018-10-19 19:45:00,232.1,53.6,63.9,30.64,47.7,47.34,191.37,60.739375,20.56427134277738,34.86114583333333,122.98,-0.9659258262890684,0.2588190451025203,-0.433883739117558,-0.9009688679024191,0,30.28,0.0,87.07,100.0
2018-10-19 19:00:00,2018-10-19 19:15:00,2018-10-19 20:00:00,222.77,69.52,53.6,30.74,75.2,56.38,230.14999999999998,61.545,20.639852228153185,34.80197916666666,122.98,-0.9469301294951057,0.3214394653031615,-0.433883739117558,-0.9009688679024191,0,47.77,0.0,82.42,100.0
2018-10-19 19:15:00,2018-10-19 19:30:00,2018-10-19 20:15:00,210.49,68.08,69.52,43.13,69.84,70.42,255.09999999999997,61.893750000000004,20.70009688232159,34.78364583333333,122.98,-0.923879532511287,0.38268343236508917,-0.433883739117558,-0.9009688679024191,0,46.51,0.0,82.57,100.0
2018-10-19 19:30:00,2018-10-19 19:45:00,2018-10-19 20:30:00,221.47,50.54,68.08,63.9,51.08,49.46,241.73999999999998,59.4475,19.55279695465587,34.778020833333336,122.98,-0.8968727415326884,0.442288690219001,-0.433883739117558,-0.9009688679024191,0,33.98,0.0,82.99,100.0
2018-10-19 19:45:00,2018-10-19 20:00:00,2018-10-19 20:45:00,226.29,43.96,50.54,53.6,48.49,45.54,232.1,58.35625,19.896464156666127,34.73083333333333,122.98,-0.8660254037844386,0.5000000000000001,-0.433883739117558,-0.9009688679024191,0,31.07,0.0,81.66,100.0
2018-10-19 20:00:00,2018-10-19 20:15:00,2018-10-19 21:00:00,205.45,60.19,43.96,69.52,53.75,50.04,222.77,55.908125,16.882073783584023,34.797916666666666,122.98,-0.8314696123025455,0.5555702330196018,-0.433883739117558,-0.9009688679024191,0,45.65,0.0,79.68,100.0
2018-10-19 20:15:00,2018-10-19 20:30:00,2018-10-19 21:15:00,215.57,55.8,60.19,68.08,60.26,46.15,210.49,53.865,14.645208260724733,34.75145833333333,122.98,-0.7933533402912357,0.6087614290087199,-0.433883739117558,-0.9009688679024191,0,39.35,0.0,81.72,100.0
2018-10-19 20:30:00,2018-10-19 20:45:00,2018-10-19 21:30:00,229.0,61.52,55.8,50.54,47.7,68.04,221.47,52.09375,11.577121228418575,34.89541666666667,122.98,-0.7518398074789772,0.6593458151000691,-0.433883739117558,-0.9009688679024191,0,43.78,0.0,81.48,100.0
2018-10-19 20:45:00,2018-10-19 21:00:00,2018-10-19 21:45:00,228.21000000000004,48.78,61.52,43.96,42.77,63.76,226.29,51.60125000000001,11.539944689533828,34.958020833333336,122.98,-0.7071067811865477,0.7071067811865474,-0.433883739117558,-0.9009688679024191,0,27.11,0.0,87.41,100.0
2018-10-19 21:00:00,2018-10-19 21:15:00,2018-10-19 22:00:00,263.70000000000005,39.35,48.78,60.19,95.51,36.4,205.45,50.50125,11.813258375126651,34.373020833333335,122.98,-0.6593458151000687,0.7518398074789775,-0.433883739117558,-0.9009688679024191,0,14.51,0.0,93.82,100.0
2018-10-19 21:15:00,2018-10-19 21:30:00,2018-10-19 22:15:00,245.37,65.92,39.35,55.8,63.94,4.32,215.57,51.58625000000001,12.369273864600945,34.39364583333333,122.98,-0.608761429008721,0.7933533402912349,-0.433883739117558,-0.9009688679024191,0,21.28,0.0,95.16,100.0
2018-10-19 21:30:00,2018-10-19 21:45:00,2018-10-19 22:30:00,214.92000000000002,74.95,65.92,61.52,49.57,4.21,229.0,53.78875,13.17000943194423,34.65802083333333,122.98,-0.555570233019603,0.8314696123025447,-0.433883739117558,-0.9009688679024191,0,26.46,0.0,94.3,100.0
2018-10-19 21:45:00,2018-10-19 22:00:00,2018-10-19 22:45:00,247.89,47.99,74.95,48.78,7.16,3.85,228.21000000000004,54.873125,11.869428544979534,35.083333333333336,122.98,-0.5000000000000004,0.8660254037844384,-0.433883739117558,-0.9009688679024191,0,12.38,0.0,96.83,100.0
2018-10-19 22:00:00,2018-10-19 22:15:00,2018-10-19 23:00:00,227.12,74.84,47.99,39.35,5.33,3.74,263.70000000000005,57.629375,11.03644840333044,35.80739583333334,122.98,-0.4422886902190014,0.8968727415326883,-0.433883739117558,-0.9009688679024191,0,23.87,0.0,95.27,100.0
2018-10-19 22:15:00,2018-10-19 22:30:00,2018-10-19 23:15:00,221.97,47.59,74.84,65.92,4.93,3.56,245.37,57.908125,10.718456756192797,36.25177083333333,122.98,-0.38268343236508956,0.9238795325112868,-0.433883739117558,-0.9009688679024191,0,38.74,0.0,77.55,100.0
2018-10-19 22:30:00,2018-10-19 22:45:00,2018-10-19 23:30:00,250.48000000000002,44.5,47.59,74.95,4.97,3.56,214.92000000000002,56.69562500000001,11.063786065781233,36.66354166666667,122.98,-0.32143946530316186,0.9469301294951056,-0.433883739117558,-0.9009688679024191,0,36.76,0.0,77.1,100.0
2018-10-19 22:45:00,2018-10-19 23:00:00,2018-10-19 23:45:00,230.71999999999997,80.96,44.5,47.99,4.57,3.53,247.89,58.405625,12.477252286035375,37.45927083333333,122.98,-0.25881904510252157,0.9659258262890681,-0.433883739117558,-0.9009688679024191,0,54.07,0.0,83.16,100.0
2018-10-19 23:00:00,2018-10-19 23:15:00,2018-10-20 00:00:00,179.46,54.07,80.96,74.84,3.78,4.36,227.12,57.440000000000005,12.173892660114923,37.983125,122.98,-0.19509032201612872,0.9807852804032303,-0.433883739117558,-0.9009688679024191,0,44.42,0.0,77.27,100.0
2018-10-19 23:15:00,2018-10-19 23:30:00,2018-10-20 00:15:00,201.35000000000002,42.44,54.07,47.59,3.64,4.57,221.97,55.837500000000006,12.354050196190721,38.38729166666666,122.98,-0.13052619222005168,0.9914448613738104,-0.433883739117558,-0.9009688679024191,0,42.37,0.0,70.77,100.0
2018-10-19 23:30:00,2018-10-19 23:45:00,2018-10-20 00:30:00,173.56,73.01,42.44,44.5,3.64,3.64,250.48000000000002,57.24187500000001,12.935503091661143,39.10989583333333,122.98,-0.0654031292301428,0.9978589232386035,-0.433883739117558,-0.9009688679024191,0,48.82,0.0,83.13,100.0
2018-10-19 23:45:00,2018-10-20 00:00:00,2018-10-20 00:45:00,132.2,61.2,73.01,80.96,3.71,3.49,230.71999999999997,58.319375,12.494794650548483,39.70875,122.98,0.0,1.0,-0.9749279121818236,-0.2225209339563146,1,38.66,0.0,84.54,100.0
2018-10-20 00:00:00,2018-10-20 00:15:00,2018-10-20 01:00:00,136.48,2.81,61.2,54.07,86.83,2.66,179.46,54.733125,18.319952824294475,38.83354166666667,122.98,0.06540312923014306,0.9978589232386035,-0.9749279121818236,-0.2225209339563146,1,4.39,0.0,53.91,100.0
2018-10-20 00:15:00,2018-10-20 00:30:00,2018-10-20 01:15:00,77.87,64.33,2.81,42.44,3.6,3.64,201.35000000000002,55.26625,18.466769098505022,39.466145833333336,122.98,0.13052619222005157,0.9914448613738104,-0.9749279121818236,-0.2225209339563146,1,45.76,0.0,81.49,100.0
2018-10-20 00:30:00,2018-10-20 00:45:00,2018-10-20 01:30:00,37.4,45.22,64.33,73.01,3.64,3.56,173.56,54.2475,18.543120523525698,39.89927083333333,122.98,0.19509032201612825,0.9807852804032304,-0.9749279121818236,-0.2225209339563146,1,30.71,0.0,82.73,100.0
2018-10-20 00:45:00,2018-10-20 01:00:00,2018-10-20 01:45:00,22.24,19.84,45.22,61.2,3.71,3.56,132.2,52.43875,20.315010421791566,40.06729166666667,122.98,0.25881904510252074,0.9659258262890683,-0.9749279121818236,-0.2225209339563146,1,17.06,0.0,75.82,100.0
2018-10-20 01:00:00,2018-10-20 01:15:00,2018-10-20 02:00:00,19.79,7.09,19.84,2.81,3.67,3.64,136.48,50.4225,22.9446942396276,40.102916666666665,122.98,0.3214394653031616,0.9469301294951057,-0.9749279121818236,-0.2225209339563146,1,7.67,0.0,67.88,100.0
2018-10-20 01:15:00,2018-10-20 01:30:00,2018-10-20 02:15:00,17.67,5.72,7.09,64.33,3.64,3.6,77.87,46.66,24.943664526288035,40.124583333333334,122.98,0.3826834323650898,0.9238795325112867,-0.9749279121818236,-0.2225209339563146,1,7.06,0.0,62.95,100.0
2018-10-20 01:30:00,2018-10-20 01:45:00,2018-10-20 02:30:00,16.48,4.75,5.72,45.22,3.64,3.64,37.4,42.2725,25.74284354437171,40.13614583333333,122.98,0.44228869021900125,0.8968727415326884,-0.9749279121818236,-0.2225209339563146,1,6.52,0.0,58.88,100.0
2018-10-20 01:45:00,2018-10-20 02:00:00,2018-10-20 02:45:00,15.4,4.68,4.75,19.84,3.6,3.56,22.24,39.565625,27.233223498318647,40.14739583333333,122.98,0.49999999999999994,0.8660254037844387,-0.9749279121818236,-0.2225209339563146,1,6.8,0.0,56.69,100.0
2018-10-20 02:00:00,2018-10-20 02:15:00,2018-10-20 03:00:00,14.29,4.64,4.68,7.09,3.64,3.6,19.79,35.178124999999994,26.84898816034554,40.1578125,122.98,0.5555702330196022,0.8314696123025452,-0.9749279121818236,-0.2225209339563146,1,6.55,0.0,57.81,100.0
2018-10-20 02:15:00,2018-10-20 02:30:00,2018-10-20 03:15:00,14.18,3.6,4.64,5.72,3.64,3.6,17.67,32.428749999999994,27.67678288633814,40.15739583333333,122.98,0.6087614290087207,0.7933533402912352,-0.9749279121818236,-0.2225209339563146,1,6.34,0.0,49.38,100.0
2018-10-20 02:30:00,2018-10-20 02:45:00,2018-10-20 03:30:00,14.110000000000001,3.56,3.6,4.75,3.67,3.49,16.48,29.869999999999997,28.32733154569982,40.15625,122.98,0.6593458151000688,0.7518398074789774,-0.9749279121818236,-0.2225209339563146,1,6.7,0.0,46.92,100.0
2018-10-20 02:45:00,2018-10-20 03:00:00,2018-10-20 03:45:00,14.04,3.6,3.56,4.68,3.64,3.56,15.4,25.034999999999997,25.67208186922128,40.155833333333334,122.98,0.7071067811865476,0.7071067811865476,-0.9749279121818236,-0.2225209339563146,1,6.7,0.0,47.33,100.0
2018-10-20 03:00:00,2018-10-20 03:15:00,2018-10-20 04:00:00,14.0,3.53,3.6,4.64,3.92,3.13,14.29,21.87625,25.00585328353144,40.15177083333333,122.98,0.7518398074789774,0.6593458151000688,-0.9749279121818236,-0.2225209339563146,1,6.66,0.0,46.83,100.0
2018-10-20 03:15:00,2018-10-20 03:30:00,2018-10-20 04:15:00,14.0,3.49,3.53,3.6,4.75,2.77,14.18,19.441875,24.780348367897798,40.13864583333333,122.98,0.7933533402912352,0.6087614290087207,-0.9749279121818236,-0.2225209339563146,1,6.59,0.0,46.8,100.0
2018-10-20 03:30:00,2018-10-20 03:45:00,2018-10-20 04:30:00,14.0,3.49,3.49,3.56,3.92,2.81,14.110000000000001,15.096875,20.77845119310809,40.134166666666665,122.98,0.8314696123025451,0.5555702330196024,-0.9749279121818236,-0.2225209339563146,1,6.62,0.0,46.64,100.0
2018-10-20 03:45:00,2018-10-20 04:00:00,2018-10-20 04:45:00,14.0,3.53,3.49,3.6,3.06,2.77,14.04,11.4925,17.15432653151968,40.1390625,122.98,0.8660254037844386,0.5000000000000001,-0.9749279121818236,-0.2225209339563146,1,6.77,0.0,46.23,100.0
2018-10-20 04:00:00,2018-10-20 04:15:00,2018-10-20 05:00:00,14.04,3.49,3.53,3.53,3.06,2.88,14.0,11.534999999999998,17.13359273474189,40.143541666666664,122.98,0.8968727415326884,0.44228869021900125,-0.9749279121818236,-0.2225209339563146,1,6.55,0.0,47.02,100.0
2018-10-20 04:15:00,2018-10-20 04:30:00,2018-10-20 05:15:00,14.149999999999999,3.49,3.49,3.49,3.06,3.2,14.0,7.7325,10.437390418586439,40.148020833333334,122.98,0.9238795325112867,0.38268343236508984,-0.9749279121818236,-0.2225209339563146,1,6.52,0.0,47.19,100.0
2018-10-20 04:30:00,2018-10-20 04:45:00,2018-10-20 05:30:00,14.08,3.49,3.49,3.49,3.06,3.53,14.0,5.124375000000001,3.9280640408953365,40.152499999999996,122.98,0.9469301294951056,0.3214394653031617,-0.9749279121818236,-0.2225209339563146,1,6.59,0.0,46.8,100.0
2018-10-20 04:45:00,2018-10-20 05:00:00,2018-10-20 05:45:00,13.540000000000001,3.53,3.49,3.53,3.06,2.88,14.0,4.105,1.0075155085655008,40.15739583333333,122.98,0.9659258262890683,0.25881904510252074,-0.9749279121818236,-0.2225209339563146,1,6.52,0.0,47.61,100.0
2018-10-20 05:00:00,2018-10-20 05:15:00,2018-10-20 06:00:00,13.57,3.53,3.53,3.49,3.1,2.81,14.04,3.8825,0.6552528138054806,40.161875,122.98,0.9807852804032304,0.19509032201612833,-0.9749279121818236,-0.2225209339563146,1,6.95,0.0,45.28,100.0
2018-10-20 05:15:00,2018-10-20 05:30:00,2018-10-20 06:15:00,13.14,3.6,3.53,3.49,3.06,2.81,14.149999999999999,3.75,0.4536105157511231,40.1675,122.98,0.9914448613738104,0.1305261922200517,-0.9749279121818236,-0.2225209339563146,1,6.84,0.0,46.57,100.0
2018-10-20 05:30:00,2018-10-20 05:45:00,2018-10-20 06:30:00,12.530000000000001,3.42,3.6,3.49,3.02,2.84,14.08,3.6668749999999997,0.37836356110888886,40.17166666666667,122.98,0.9978589232386035,0.06540312923014327,-0.9749279121818236,-0.2225209339563146,1,6.55,0.0,46.28,100.0
2018-10-20 05:45:00,2018-10-20 06:00:00,2018-10-20 06:45:00,12.38,2.99,3.42,3.53,3.02,2.81,13.540000000000001,3.56125,0.31062185612091103,40.17135416666667,122.98,1.0,6.123233995736766e-17,-0.9749279121818236,-0.2225209339563146,1,5.15,0.0,50.21,100.0
2018-10-20 06:00:00,2018-10-20 06:15:00,2018-10-20 07:00:00,11.66,3.56,2.99,3.53,2.99,3.2,13.57,3.49375,0.1385584263045737,40.17729166666667,122.98,0.9978589232386035,-0.06540312923014314,-0.9749279121818236,-0.2225209339563146,1,6.91,0.0,45.8,100.0
2018-10-20 06:15:00,2018-10-20 06:30:00,2018-10-20 07:15:00,11.370000000000001,3.17,3.56,3.6,3.02,3.31,13.14,3.466875,0.1559534686212525,40.17885416666667,122.98,0.9914448613738104,-0.1305261922200516,-0.9749279121818236,-0.2225209339563146,1,5.94,0.0,47.08,100.0
2018-10-20 06:30:00,2018-10-20 06:45:00,2018-10-20 07:30:00,11.439999999999998,2.81,3.17,3.42,3.02,2.77,12.530000000000001,3.42,0.220340645365307,40.17666666666667,122.98,0.9807852804032304,-0.1950903220161282,-0.9749279121818236,-0.2225209339563146,1,4.93,0.0,49.52,100.0
2018-10-20 06:45:00,2018-10-20 07:00:00,2018-10-20 07:45:00,12.2,2.84,2.81,2.99,3.56,2.84,12.38,3.3725,0.2555264174209782,40.16916666666666,122.98,0.9659258262890683,-0.25881904510252063,-0.9749279121818236,-0.2225209339563146,1,5.04,0.0,49.09,100.0
2018-10-20 07:00:00,2018-10-20 07:15:00,2018-10-20 08:00:00,13.139999999999999,2.84,2.84,3.56,3.1,2.77,11.66,3.3293749999999998,0.282145103404259,40.16645833333333,122.98,0.9469301294951057,-0.3214394653031616,-0.9749279121818236,-0.2225209339563146,1,4.9,0.0,50.15,100.0
2018-10-20 07:15:00,2018-10-20 07:30:00,2018-10-20 08:15:00,28.259999999999998,2.88,2.84,3.17,2.95,2.74,11.370000000000001,3.29125,0.29859828783835984,40.165729166666665,122.98,0.9238795325112868,-0.3826834323650895,-0.9749279121818236,-0.2225209339563146,1,4.79,0.0,51.53,100.0
2018-10-20 07:30:00,2018-10-20 07:45:00,2018-10-20 08:30:00,68.44,2.88,2.88,2.81,4.03,2.95,11.439999999999998,3.253125,0.309530264069606,40.15375,122.98,0.8968727415326884,-0.44228869021900113,-0.9749279121818236,-0.2225209339563146,1,4.75,0.0,51.85,100.0
2018-10-20 07:45:00,2018-10-20 08:00:00,2018-10-20 08:45:00,117.65,3.6,2.88,2.84,4.68,3.2,12.2,3.2575000000000003,0.3138769663419092,40.1425,122.98,0.8660254037844387,-0.4999999999999998,-0.9749279121818236,-0.2225209339563146,1,6.19,0.0,50.27,100.0
2018-10-20 08:00:00,2018-10-20 08:15:00,2018-10-20 09:00:00,153.79000000000002,3.78,3.6,2.84,4.57,3.28,13.139999999999999,3.275625,0.3344766200723154,40.13427083333334,122.98,0.8314696123025451,-0.5555702330196023,-0.9749279121818236,-0.2225209339563146,1,6.34,0.0,51.21,100.0
2018-10-20 08:15:00,2018-10-20 08:30:00,2018-10-20 09:15:00,198.29000000000002,18.0,3.78,2.88,36.68,28.51,28.259999999999998,4.1825,3.58288030081944,39.9396875,122.98,0.7933533402912352,-0.6087614290087207,-0.9749279121818236,-0.2225209339563146,1,18.11,0.0,70.49,100.0
2018-10-20 08:30:00,2018-10-20 08:45:00,2018-10-20 09:30:00,203.33,43.06,18.0,2.88,93.46,51.98,68.44,6.655625,10.057681746276078,39.4146875,122.98,0.7518398074789774,-0.6593458151000688,-0.9749279121818236,-0.2225209339563146,1,37.26,0.0,75.62,100.0
2018-10-20 08:45:00,2018-10-20 09:00:00,2018-10-20 09:45:00,200.78,52.81,43.06,3.6,122.4,72.29,117.65,9.735625,14.973279938255848,38.689791666666665,122.98,0.7071067811865476,-0.7071067811865475,-0.9749279121818236,-0.2225209339563146,1,33.16,0.0,84.69,100.0
2018-10-20 09:00:00,2018-10-20 09:15:00,2018-10-20 10:00:00,211.73,39.92,52.81,3.78,66.35,59.26,153.79000000000002,12.010000000000002,16.539740022140613,38.414479166666666,122.98,0.659345815100069,-0.7518398074789773,-0.9749279121818236,-0.2225209339563146,1,12.56,0.0,95.39,100.0
2018-10-20 09:15:00,2018-10-20 09:30:00,2018-10-20 10:15:00,194.45,62.5,39.92,18.0,122.98,51.84,198.29000000000002,15.691250000000002,20.36954585741911,37.784479166666664,115.45,0.6087614290087209,-0.793353340291235,-0.9749279121818236,-0.2225209339563146,1,20.99,0.0,94.8,100.0
2018-10-20 09:30:00,2018-10-20 09:45:00,2018-10-20 10:30:00,205.53,48.1,62.5,43.06,115.45,43.31,203.33,18.48375,21.525666329698137,37.08291666666666,99.36,0.5555702330196025,-0.831469612302545,-0.9749279121818236,-0.2225209339563146,1,22.79,0.0,90.37,100.0
2018-10-20 09:45:00,2018-10-20 10:00:00,2018-10-20 10:45:00,226.69,50.26,48.1,52.81,78.66,41.22,200.78,21.438125,22.421654493689243,36.787083333333335,99.36,0.49999999999999994,-0.8660254037844387,-0.9749279121818236,-0.2225209339563146,1,23.0,0.0,90.93,100.0
2018-10-20 10:00:00,2018-10-20 10:15:00,2018-10-20 11:00:00,271.44,50.87,50.26,39.92,67.18,37.22,211.73,24.395000000000003,22.981524644809795,36.61718749999999,99.36,0.4422886902190017,-0.8968727415326881,-0.9749279121818236,-0.2225209339563146,1,24.05,0.0,90.41,100.0
2018-10-20 10:15:00,2018-10-20 10:30:00,2018-10-20 11:15:00,286.2,45.22,50.87,62.5,51.77,43.92,194.45,27.023125,22.807722025322366,36.54895833333333,99.36,0.3826834323650899,-0.9238795325112867,-0.9749279121818236,-0.2225209339563146,1,20.27,0.0,91.25,100.0
2018-10-20 10:30:00,2018-10-20 10:45:00,2018-10-20 11:30:00,291.28000000000003,59.18,45.22,48.1,52.38,45.14,205.53,30.54625,23.146632550708105,36.619791666666664,99.36,0.32143946530316175,-0.9469301294951056,-0.9749279121818236,-0.2225209339563146,1,31.61,0.0,88.21,100.0
2018-10-20 10:45:00,2018-10-20 11:00:00,2018-10-20 11:45:00,279.94,71.42,59.18,50.26,50.94,43.13,226.69,34.8325,23.95482949741033,36.833125,99.36,0.258819045102521,-0.9659258262890682,-0.9749279121818236,-0.2225209339563146,1,31.32,0.0,91.58,100.0
2018-10-20 11:00:00,2018-10-20 11:15:00,2018-10-20 12:00:00,213.04999999999998,95.62,71.42,50.87,52.74,38.66,271.44,40.63125,26.592919375982397,37.27979166666666,99.36,0.19509032201612816,-0.9807852804032304,-0.9749279121818236,-0.2225209339563146,1,52.02,0.0,87.84,100.0
2018-10-20 11:15:00,2018-10-20 11:30:00,2018-10-20 12:15:00,158.72,59.98,95.62,45.22,57.67,40.39,286.2,44.2,25.075355680428544,37.30385416666667,99.36,0.130526192220052,-0.9914448613738104,-0.9749279121818236,-0.2225209339563146,1,26.06,0.0,91.72,100.0
2018-10-20 11:30:00,2018-10-20 11:45:00,2018-10-20 12:30:00,100.47000000000001,64.26,59.98,59.18,52.38,43.13,291.28000000000003,48.03625,23.075917607703058,37.42760416666667,99.36,0.06540312923014312,-0.9978589232386035,-0.9749279121818236,-0.2225209339563146,1,37.3,0.0,86.49,100.0
2018-10-20 11:45:00,2018-10-20 12:00:00,2018-10-20 12:45:00,46.980000000000004,60.08,64.26,71.42,42.08,42.98,279.94,51.566250000000004,20.14178612828316,37.61510416666667,99.36,1.2246467991473532e-16,-1.0,-0.9749279121818236,-0.2225209339563146,1,35.53,0.0,86.07,100.0
2018-10-20 12:00:00,2018-10-20 12:15:00,2018-10-20 13:00:00,24.77,28.73,60.08,95.62,37.26,41.22,213.04999999999998,53.125625,17.121125462695932,37.526250000000005,99.36,-0.06540312923014287,-0.9978589232386035,-0.9749279121818236,-0.2225209339563146,1,17.35,4.9,85.6,98.58
2018-10-20 12:15:00,2018-10-20 12:30:00,2018-10-20 13:15:00,45.69,5.65,28.73,59.98,5.15,3.67,158.72,52.353750000000005,18.8757777571548,37.53145833333333,99.36,-0.13052619222005177,-0.9914448613738104,-0.9749279121818236,-0.2225209339563146,1,0.0,15.95,100.0,33.39
2018-10-20 12:30:00,2018-10-20 12:45:00,2018-10-20 13:30:00,102.64,6.01,5.65,64.26,5.18,3.67,100.47000000000001,50.038125,21.90361734358905,37.540104166666666,99.36,-0.19509032201612792,-0.9807852804032305,-0.9749279121818236,-0.2225209339563146,1,0.0,16.09,100.0,34.99
2018-10-20 12:45:00,2018-10-20 13:00:00,2018-10-20 13:45:00,200.49,6.59,6.01,60.08,5.33,4.57,46.980000000000004,47.149375,24.267820119643524,37.55322916666667,99.36,-0.2588190451025208,-0.9659258262890683,-0.9749279121818236,-0.2225209339563146,1,0.0,16.24,100.0,37.6
2018-10-20 13:00:00,2018-10-20 13:15:00,2018-10-20 14:00:00,260.32,6.52,6.59,28.73,4.14,4.25,24.77,45.061875,26.1624650546231,37.57802083333333,99.36,-0.32143946530316153,-0.9469301294951057,-0.9749279121818236,-0.2225209339563146,1,0.0,16.42,100.0,36.9
2018-10-20 13:15:00,2018-10-20 13:30:00,2018-10-20 14:15:00,314.71,26.57,6.52,5.65,26.21,26.42,45.69,42.81625,26.111263344340504,37.58177083333333,99.36,-0.38268343236508967,-0.9238795325112868,-0.9749279121818236,-0.2225209339563146,1,8.03,5.29,95.72,98.08
2018-10-20 13:30:00,2018-10-20 13:45:00,2018-10-20 14:30:00,336.24,62.96,26.57,6.01,51.26,44.53,102.64,43.745,26.543385004554338,37.70364583333333,99.36,-0.44228869021900147,-0.8968727415326883,-0.9749279121818236,-0.2225209339563146,1,25.92,0.0,92.47,100.0
2018-10-20 13:45:00,2018-10-20 14:00:00,2018-10-20 14:45:00,298.94,104.44,62.96,6.59,53.39,43.31,200.49,47.131249999999994,30.342617898551538,38.235416666666666,104.44,-0.4999999999999997,-0.8660254037844388,-0.9749279121818236,-0.2225209339563146,1,46.4,0.0,91.39,100.0
2018-10-20 14:00:00,2018-10-20 14:15:00,2018-10-20 15:00:00,300.2,66.35,104.44,6.52,49.1,39.71,260.32,48.098749999999995,30.69120046426174,38.41510416666667,104.44,-0.555570233019602,-0.8314696123025455,-0.9749279121818236,-0.2225209339563146,1,26.24,0.0,92.99,100.0
2018-10-20 14:15:00,2018-10-20 14:30:00,2018-10-20 15:15:00,323.75,80.96,66.35,26.57,64.19,43.88,314.71,50.332499999999996,31.684910545084392,38.58979166666666,104.44,-0.6087614290087207,-0.7933533402912352,-0.9749279121818236,-0.2225209339563146,1,40.72,0.0,89.34,100.0
2018-10-20 14:30:00,2018-10-20 14:45:00,2018-10-20 15:30:00,318.5,84.49,80.96,62.96,57.38,66.82,336.24,51.91437499999999,32.70259564788971,38.8721875,104.44,-0.6593458151000688,-0.7518398074789774,-0.9749279121818236,-0.2225209339563146,1,37.01,0.0,91.6,100.0
2018-10-20 14:45:00,2018-10-20 15:00:00,2018-10-20 15:45:00,325.20000000000005,67.14,84.49,104.44,54.36,55.73,298.94,51.646875,32.55913998379526,39.005312499999995,104.44,-0.7071067811865471,-0.7071067811865479,-0.9749279121818236,-0.2225209339563146,1,33.7,0.0,89.37,100.0
2018-10-20 15:00:00,2018-10-20 15:15:00,2018-10-20 16:00:00,330.49,67.61,67.14,66.35,56.63,56.52,300.2,49.896249999999995,30.856231314557842,39.1196875,104.44,-0.7518398074789773,-0.6593458151000691,-0.9749279121818236,-0.2225209339563146,1,34.56,0.0,89.04,100.0
2018-10-20 15:15:00,2018-10-20 15:30:00,2018-10-20 16:15:00,300.43,104.51,67.61,80.96,62.5,64.84,323.75,52.67937500000001,33.53240903751735,39.557291666666664,104.51,-0.7933533402912349,-0.6087614290087209,-0.9749279121818236,-0.2225209339563146,1,48.64,0.0,90.66,100.0
2018-10-20 15:30:00,2018-10-20 15:45:00,2018-10-20 16:30:00,292.97,79.24,104.51,84.49,89.68,106.67,318.5,53.615624999999994,34.04784335474679,39.448541666666664,104.51,-0.8314696123025452,-0.5555702330196022,-0.9749279121818236,-0.2225209339563146,1,33.8,0.0,91.98,100.0
2018-10-20 15:45:00,2018-10-20 16:00:00,2018-10-20 16:45:00,322.95000000000005,73.84,79.24,67.14,61.42,83.66,325.20000000000005,54.47562500000001,34.372494266628,39.57791666666666,104.51,-0.8660254037844385,-0.5000000000000004,-0.9749279121818236,-0.2225209339563146,1,38.66,0.0,88.59,100.0
2018-10-20 16:00:00,2018-10-20 16:15:00,2018-10-20 17:00:00,288.17,72.9,73.84,67.61,99.36,40.72,330.49,57.23625,33.965218767696754,39.30229166666667,104.51,-0.8968727415326883,-0.44228869021900136,-0.9749279121818236,-0.2225209339563146,1,32.26,0.0,91.45,100.0
2018-10-20 16:15:00,2018-10-20 16:30:00,2018-10-20 17:15:00,261.42,74.45,72.9,104.51,88.49,43.63,300.43,61.53625,31.422035833750492,39.15604166666666,104.51,-0.9238795325112868,-0.3826834323650895,-0.9749279121818236,-0.2225209339563146,1,34.78,0.0,90.6,100.0
2018-10-20 16:30:00,2018-10-20 16:45:00,2018-10-20 17:30:00,222.0,71.78,74.45,79.24,89.86,49.72,292.97,65.646875,28.005494487410413,38.96770833333333,104.51,-0.9469301294951056,-0.3214394653031618,-0.9749279121818236,-0.2225209339563146,1,30.02,0.0,92.26,100.0
2018-10-20 16:45:00,2018-10-20 17:00:00,2018-10-20 17:45:00,152.38,103.82,71.78,73.84,56.66,24.08,322.95000000000005,71.72375,24.90926280397515,39.458958333333335,104.51,-0.9659258262890683,-0.25881904510252063,-0.9749279121818236,-0.2225209339563146,1,45.5,0.0,91.59,100.0
2018-10-20 17:00:00,2018-10-20 17:15:00,2018-10-20 18:00:00,154.44,38.12,103.82,72.9,56.95,4.82,288.17,73.69874999999999,20.52866132843299,39.2628125,104.51,-0.9807852804032303,-0.19509032201612866,-0.9749279121818236,-0.2225209339563146,1,12.56,0.0,94.98,100.0
2018-10-20 17:15:00,2018-10-20 17:30:00,2018-10-20 18:15:00,140.65,47.7,38.12,74.45,48.56,4.54,261.42,75.019375,17.975201830838365,39.25385416666666,104.51,-0.9914448613738104,-0.13052619222005163,-0.9749279121818236,-0.2225209339563146,1,13.79,0.0,96.07,100.0
2018-10-20 17:30:00,2018-10-20 17:45:00,2018-10-20 18:30:00,118.8,32.36,47.7,71.78,39.71,4.43,222.0,73.106875,20.593684322732905,39.17729166666667,104.51,-0.9978589232386035,-0.06540312923014273,-0.9749279121818236,-0.2225209339563146,1,8.28,0.04,96.88,100.0
2018-10-20 17:45:00,2018-10-20 18:00:00,2018-10-20 18:45:00,89.89000000000001,34.2,32.36,103.82,30.64,3.6,152.38,68.71687499999999,20.930277028371485,39.214375,104.51,-1.0,-1.8369701987210297e-16,-0.9749279121818236,-0.2225209339563146,1,10.12,0.04,95.89,100.0
2018-10-20 18:00:00,2018-10-20 18:15:00,2018-10-20 19:00:00,54.63999999999999,40.18,34.2,38.12,30.74,3.56,154.44,67.08125,22.04423220340187,39.31270833333333,104.51,-0.9978589232386036,0.06540312923014237,-0.9749279121818236,-0.2225209339563146,1,23.98,0.0,85.87,100.0
2018-10-20 18:15:00,2018-10-20 18:30:00,2018-10-20 19:15:00,24.91,33.91,40.18,47.7,43.13,3.6,140.65,64.140625,23.109151993514928,39.21666666666667,104.51,-0.9914448613738105,0.13052619222005127,-0.9749279121818236,-0.2225209339563146,1,17.53,0.0,88.83,100.0
2018-10-20 18:30:00,2018-10-20 18:45:00,2018-10-20 19:30:00,18.11,10.51,33.91,32.36,63.9,3.56,118.8,59.516875,25.8173976512811,38.66052083333333,104.51,-0.9807852804032304,0.1950903220161283,-0.9749279121818236,-0.2225209339563146,1,2.2,8.64,97.88,77.25
2018-10-20 18:45:00,2018-10-20 19:00:00,2018-10-20 19:45:00,16.53,5.29,10.51,34.2,53.6,3.56,89.89000000000001,55.651250000000005,28.840034430241236,38.15729166666667,104.51,-0.9659258262890684,0.2588190451025203,-0.9749279121818236,-0.2225209339563146,1,0.0,18.04,100.0,28.14
2018-10-20 19:00:00,2018-10-20 19:15:00,2018-10-20 20:00:00,15.34,4.93,5.29,40.18,69.52,3.56,54.63999999999999,51.73375,31.116761936896648,37.48447916666667,104.51,-0.9469301294951057,0.3214394653031615,-0.9749279121818236,-0.2225209339563146,1,0.0,18.07,100.0,26.32
2018-10-20 19:15:00,2018-10-20 19:30:00,2018-10-20 20:15:00,14.83,4.18,4.93,33.91,68.08,3.6,24.91,45.463125000000005,29.936329041557098,36.81885416666666,104.51,-0.923879532511287,0.38268343236508917,-0.9749279121818236,-0.2225209339563146,1,0.0,18.0,100.0,22.62
2018-10-20 19:30:00,2018-10-20 19:45:00,2018-10-20 20:30:00,14.72,3.71,4.18,10.51,50.54,3.67,18.11,40.7425,30.191925762527966,36.331041666666664,104.51,-0.8968727415326884,0.442288690219001,-0.9749279121818236,-0.2225209339563146,1,0.0,17.96,100.0,20.23
2018-10-20 19:45:00,2018-10-20 20:00:00,2018-10-20 20:45:00,14.65,3.71,3.71,5.29,43.96,3.6,16.53,36.359375,30.159379857009245,35.91177083333333,104.51,-0.8660254037844386,0.5000000000000001,-0.9749279121818236,-0.2225209339563146,1,0.0,18.0,100.0,20.19
2018-10-20 20:00:00,2018-10-20 20:15:00,2018-10-20 21:00:00,14.55,3.74,3.71,4.93,60.19,3.6,15.34,32.036875,29.562722878388165,35.32375,104.51,-0.8314696123025455,0.5555702330196018,-0.9749279121818236,-0.2225209339563146,1,0.0,17.96,100.0,20.39
2018-10-20 20:15:00,2018-10-20 20:30:00,2018-10-20 21:15:00,14.55,3.67,3.74,4.18,55.8,3.53,14.83,27.613125000000004,28.146898967459542,34.78072916666667,104.51,-0.7933533402912357,0.6087614290087199,-0.9749279121818236,-0.2225209339563146,1,0.0,18.0,100.0,19.98
2018-10-20 20:30:00,2018-10-20 20:45:00,2018-10-20 21:30:00,14.66,3.6,3.67,3.71,61.52,3.56,14.72,23.351875,26.233747401665184,34.17739583333333,104.51,-0.7518398074789772,0.6593458151000691,-0.9749279121818236,-0.2225209339563146,1,0.0,18.0,100.0,19.61
2018-10-20 20:45:00,2018-10-20 21:00:00,2018-10-20 21:45:00,14.66,3.64,3.6,3.71,48.78,3.67,14.65,17.090625000000003,16.38890419946907,33.7071875,104.51,-0.7071067811865477,0.7071067811865474,-0.9749279121818236,-0.2225209339563146,1,0.0,17.93,100.0,19.9
2018-10-20 21:00:00,2018-10-20 21:15:00,2018-10-20 22:00:00,14.62,3.64,3.64,3.74,39.35,4.21,14.55,14.935625000000002,15.73594450960523,33.335208333333334,104.51,-0.6593458151000687,0.7518398074789775,-0.9749279121818236,-0.2225209339563146,1,0.0,17.93,100.0,19.9
2018-10-20 21:15:00,2018-10-20 21:30:00,2018-10-20 22:15:00,14.37,3.67,3.64,3.67,65.92,4.57,14.55,12.183750000000002,13.449359127389675,32.686770833333334,104.51,-0.608761429008721,0.7933533402912349,-0.9749279121818236,-0.2225209339563146,1,0.0,18.07,100.0,19.9
2018-10-20 21:30:00,2018-10-20 21:45:00,2018-10-20 22:30:00,14.08,3.71,3.67,3.6,74.95,3.56,14.66,10.393125000000001,12.518950993768406,31.944687500000004,104.51,-0.555570233019603,0.8314696123025447,-0.9749279121818236,-0.2225209339563146,1,0.0,18.0,100.0,20.19
2018-10-20 21:45:00,2018-10-20 22:00:00,2018-10-20 22:45:00,13.899999999999999,3.64,3.71,3.64,47.99,3.56,14.66,8.483125,10.977402765881143,31.482708333333335,104.51,-0.5000000000000004,0.8660254037844384,-0.9749279121818236,-0.2225209339563146,1,0.0,18.04,100.0,19.78
2018-10-20 22:00:00,2018-10-20 22:15:00,2018-10-20 23:00:00,14.3,3.6,3.64,3.64,74.84,3.6,14.62,6.196875,7.346665671199077,30.740624999999998,104.51,-0.4422886902190014,0.8968727415326883,-0.9749279121818236,-0.2225209339563146,1,0.0,17.64,100.0,20.0
2018-10-20 22:15:00,2018-10-20 22:30:00,2018-10-20 23:15:00,15.27,3.42,3.6,3.67,47.59,3.49,14.37,4.29125,1.6801632175178696,30.280520833333338,104.51,-0.38268343236508956,0.9238795325112868,-0.9749279121818236,-0.2225209339563146,1,6.34,0.14,47.48,99.92
2018-10-20 22:30:00,2018-10-20 22:45:00,2018-10-20 23:30:00,15.2,3.42,3.42,3.71,44.5,3.38,14.08,3.8481249999999996,0.5069297134465487,29.85260416666667,104.51,-0.32143946530316186,0.9469301294951056,-0.9749279121818236,-0.2225209339563146,1,6.73,0.0,45.3,100.0
2018-10-20 22:45:00,2018-10-20 23:00:00,2018-10-20 23:45:00,14.8,3.46,3.42,3.64,80.96,3.2,13.899999999999999,3.7337499999999997,0.3512455515732547,29.045312500000005,104.51,-0.25881904510252157,0.9659258262890681,-0.9749279121818236,-0.2225209339563146,1,6.66,0.0,46.1,100.0
2018-10-20 23:00:00,2018-10-20 23:15:00,2018-10-21 00:00:00,14.110000000000001,4.0,3.46,3.6,54.07,2.7,14.3,3.675625,0.18704841452148152,28.523749999999996,104.51,-0.19509032201612872,0.9807852804032303,-0.9749279121818236,-0.2225209339563146,1,6.73,0.0,51.09,100.0
2018-10-20 23:15:00,2018-10-20 23:30:00,2018-10-21 00:15:00,12.46,4.39,4.0,3.42,42.44,2.7,15.27,3.6887499999999998,0.22541281574036554,28.127395833333335,104.51,-0.13052619222005168,0.9914448613738104,-0.9749279121818236,-0.2225209339563146,1,6.23,0.0,57.6,100.0
2018-10-20 23:30:00,2018-10-20 23:45:00,2018-10-21 00:30:00,11.85,3.35,4.39,3.42,73.01,2.74,15.2,3.66625,0.23968403680679273,27.40177083333333,104.51,-0.0654031292301428,0.9978589232386035,-0.9749279121818236,-0.2225209339563146,1,5.83,0.0,49.82,100.0
2018-10-20 23:45:00,2018-10-21 00:00:00,2018-10-21 00:45:00,11.56,3.06,3.35,3.46,61.2,2.66,14.8,3.625625,0.28044537681159937,26.796145833333338,104.51,0.0,1.0,-0.7818314824680299,0.6234898018587334,1,5.26,0.0,50.28,100.0
2018-10-21 00:00:00,2018-10-21 00:15:00,2018-10-21 01:00:00,11.06,3.31,3.06,4.0,2.81,2.77,14.110000000000001,3.59875,0.28867964510855276,26.801354166666666,104.51,0.06540312923014306,0.9978589232386035,-0.7818314824680299,0.6234898018587334,1,6.23,0.0,46.92,100.0
2018-10-21 00:15:00,2018-10-21 00:30:00,2018-10-21 01:15:00,11.16,2.74,3.31,4.39,64.33,2.7,12.46,3.5406250000000004,0.3545854754146029,26.159791666666667,104.51,0.13052619222005157,0.9914448613738104,-0.7818314824680299,0.6234898018587334,1,4.32,0.0,53.56,100.0
2018-10-21 00:30:00,2018-10-21 00:45:00,2018-10-21 01:30:00,11.19,2.74,2.74,3.35,45.22,2.74,11.85,3.486875,0.40334102738873456,25.717291666666668,104.51,0.19509032201612825,0.9807852804032304,-0.7818314824680299,0.6234898018587334,1,4.39,0.0,52.95,100.0
2018-10-21 00:45:00,2018-10-21 01:00:00,2018-10-21 01:45:00,11.16,2.77,2.74,3.06,19.84,2.74,11.56,3.4325,0.43632699893543136,25.539479166666666,104.51,0.25881904510252074,0.9659258262890683,-0.7818314824680299,0.6234898018587334,1,4.64,0.0,51.26,100.0
2018-10-21 01:00:00,2018-10-21 01:15:00,2018-10-21 02:00:00,11.12,2.81,2.77,3.31,7.09,2.99,11.06,3.3806249999999998,0.45740393458626905,25.494895833333334,104.51,0.3214394653031616,0.9469301294951057,-0.7818314824680299,0.6234898018587334,1,4.79,0.0,50.6,100.0
2018-10-21 01:15:00,2018-10-21 01:30:00,2018-10-21 02:15:00,11.049999999999999,2.84,2.81,2.74,5.72,3.38,11.16,3.3287500000000003,0.46857330002892816,25.464895833333333,104.51,0.3826834323650898,0.9238795325112867,-0.7818314824680299,0.6234898018587334,1,4.54,0.0,53.03,100.0
2018-10-21 01:30:00,2018-10-21 01:45:00,2018-10-21 02:30:00,11.02,2.77,2.84,2.74,4.75,2.84,11.19,3.27,0.47595955710543303,25.444270833333334,104.51,0.44228869021900125,0.8968727415326884,-0.7818314824680299,0.6234898018587334,1,4.46,0.0,52.76,100.0
2018-10-21 01:45:00,2018-10-21 02:00:00,2018-10-21 02:45:00,11.41,2.74,2.77,2.77,4.68,2.77,11.16,3.21375,0.48205128098574734,25.4240625,104.51,0.49999999999999994,0.8660254037844387,-0.7818314824680299,0.6234898018587334,1,4.61,0.0,51.09,100.0
2018-10-21 02:00:00,2018-10-21 02:15:00,2018-10-21 03:00:00,12.49,2.77,2.74,2.81,4.64,2.77,11.12,3.161875,0.48235384768342,25.404583333333335,104.51,0.5555702330196022,0.8314696123025452,-0.7818314824680299,0.6234898018587334,1,4.39,0.0,53.36,100.0
2018-10-21 02:15:00,2018-10-21 02:30:00,2018-10-21 03:15:00,13.610000000000001,2.77,2.77,2.84,3.6,2.84,11.049999999999999,3.12125,0.48625964000727007,25.3959375,104.51,0.6087614290087207,0.7933533402912352,-0.7818314824680299,0.6234898018587334,1,4.46,0.0,52.76,100.0
2018-10-21 02:30:00,2018-10-21 02:45:00,2018-10-21 03:30:00,13.790000000000001,2.74,2.77,2.77,3.56,2.92,11.02,3.0787500000000003,0.4880045465976725,25.387395833333333,104.51,0.6593458151000688,0.7518398074789774,-0.7818314824680299,0.6234898018587334,1,4.36,0.0,53.21,100.0
2018-10-21 02:45:00,2018-10-21 03:00:00,2018-10-21 03:45:00,13.4,3.13,2.74,2.74,3.6,3.24,11.41,3.058125,0.47833328796457386,25.382499999999997,104.51,0.7071067811865476,0.7071067811865476,-0.7818314824680299,0.6234898018587334,1,5.29,0.0,50.92,100.0
2018-10-21 03:00:00,2018-10-21 03:15:00,2018-10-21 04:00:00,12.360000000000001,3.85,3.13,2.77,3.53,2.77,12.49,3.04875,0.46093485168730725,25.385833333333334,104.51,0.7518398074789774,0.6593458151000688,-0.7818314824680299,0.6234898018587334,1,6.55,0.0,50.67,100.0
2018-10-21 03:15:00,2018-10-21 03:30:00,2018-10-21 04:15:00,11.280000000000001,3.89,3.85,2.77,3.49,2.77,13.610000000000001,3.0175,0.378525098243168,25.389999999999997,104.51,0.7933533402912352,0.6087614290087207,-0.7818314824680299,0.6234898018587334,1,6.41,0.0,51.88,100.0
2018-10-21 03:30:00,2018-10-21 03:45:00,2018-10-21 04:30:00,11.13,2.92,3.89,2.74,3.49,2.74,13.790000000000001,2.990625,0.36911158119869386,25.3840625,104.51,0.8314696123025451,0.5555702330196024,-0.7818314824680299,0.6234898018587334,1,5.04,0.0,50.13,100.0
2018-10-21 03:45:00,2018-10-21 04:00:00,2018-10-21 04:45:00,11.16,2.74,2.92,3.13,3.53,2.81,13.4,2.970625,0.3734546282682811,25.375833333333333,104.51,0.8660254037844386,0.5000000000000001,-0.7818314824680299,0.6234898018587334,1,4.5,0.0,52.01,100.0
2018-10-21 04:00:00,2018-10-21 04:15:00,2018-10-21 05:00:00,11.16,2.81,2.74,3.85,3.49,2.74,12.360000000000001,2.939375,0.3645625589319342,25.368750000000002,104.51,0.8968727415326884,0.44228869021900125,-0.7818314824680299,0.6234898018587334,1,4.54,0.0,52.63,100.0
2018-10-21 04:15:00,2018-10-21 04:30:00,2018-10-21 05:15:00,11.12,2.81,2.81,3.89,3.49,2.77,11.280000000000001,2.94375,0.3625581849855275,25.361666666666668,104.51,0.9238795325112867,0.38268343236508984,-0.7818314824680299,0.6234898018587334,1,4.72,0.0,51.15,100.0
2018-10-21 04:30:00,2018-10-21 04:45:00,2018-10-21 05:30:00,11.16,2.77,2.81,2.92,3.49,2.77,11.13,2.9456249999999997,0.361575869458956,25.354166666666668,104.51,0.9469301294951056,0.3214394653031617,-0.7818314824680299,0.6234898018587334,1,4.61,0.0,51.5,100.0
2018-10-21 04:45:00,2018-10-21 05:00:00,2018-10-21 05:45:00,11.200000000000001,2.77,2.77,2.74,3.53,2.74,11.16,2.945625,0.361575869458956,25.346249999999998,104.51,0.9659258262890683,0.25881904510252074,-0.7818314824680299,0.6234898018587334,1,4.61,0.0,51.5,100.0
2018-10-21 05:00:00,2018-10-21 05:15:00,2018-10-21 06:00:00,11.200000000000001,2.81,2.77,2.81,3.53,2.81,11.16,2.9456249999999997,0.361575869458956,25.33875,104.51,0.9807852804032304,0.19509032201612833,-0.7818314824680299,0.6234898018587334,1,4.64,0.0,51.8,100.0
2018-10-21 05:15:00,2018-10-21 05:30:00,2018-10-21 06:15:00,11.17,2.77,2.81,2.81,3.6,2.77,11.12,2.94125,0.3632470750054293,25.33010416666667,104.51,0.9914448613738104,0.1305261922200517,-0.7818314824680299,0.6234898018587334,1,4.68,0.0,50.93,100.0
2018-10-21 05:30:00,2018-10-21 05:45:00,2018-10-21 06:30:00,11.1,2.81,2.77,2.77,3.42,3.85,11.16,2.94375,0.3621959932136191,25.32375,104.51,0.9978589232386035,0.06540312923014327,-0.7818314824680299,0.6234898018587334,1,4.57,0.0,52.38,100.0
2018-10-21 05:45:00,2018-10-21 06:00:00,2018-10-21 06:45:00,11.350000000000001,2.81,2.81,2.77,2.99,4.43,11.200000000000001,2.948125,0.3601253037138601,25.321875000000002,104.51,1.0,6.123233995736766e-17,-0.7818314824680299,0.6234898018587334,1,4.72,0.0,51.15,100.0
2018-10-21 06:00:00,2018-10-21 06:15:00,2018-10-21 07:00:00,11.850000000000001,2.81,2.81,2.81,3.56,2.74,11.200000000000001,2.950625,0.35901721320154,25.314062500000002,104.51,0.9978589232386035,-0.06540312923014314,-0.7818314824680299,0.6234898018587334,1,4.82,0.0,50.36,100.0
2018-10-21 06:15:00,2018-10-21 06:30:00,2018-10-21 07:15:00,11.850000000000001,2.74,2.81,2.77,3.17,2.77,11.17,2.9487500000000004,0.36003255061174677,25.309583333333336,104.51,0.9914448613738104,-0.1305261922200516,-0.7818314824680299,0.6234898018587334,1,4.86,0.0,49.11,100.0
2018-10-21 06:30:00,2018-10-21 06:45:00,2018-10-21 07:30:00,11.879999999999999,2.74,2.74,2.81,2.81,2.74,11.1,2.9487500000000004,0.3600325506117468,25.308854166666663,104.51,0.9807852804032304,-0.1950903220161282,-0.7818314824680299,0.6234898018587334,1,4.86,0.0,49.11,100.0
2018-10-21 06:45:00,2018-10-21 07:00:00,2018-10-21 07:45:00,11.56,3.06,2.74,2.81,2.84,2.74,11.350000000000001,2.944375,0.3582242445382501,25.31114583333333,104.51,0.9659258262890683,-0.25881904510252063,-0.7818314824680299,0.6234898018587334,1,5.54,0.0,48.35,100.0
2018-10-21 07:00:00,2018-10-21 07:15:00,2018-10-21 08:00:00,11.67,3.31,3.06,2.81,2.84,2.74,11.850000000000001,2.910625,0.2903116590407626,25.316041666666667,104.51,0.9469301294951057,-0.3214394653031616,-0.7818314824680299,0.6234898018587334,1,6.55,0.0,45.1,100.0
2018-10-21 07:15:00,2018-10-21 07:30:00,2018-10-21 08:15:00,12.1,2.74,3.31,2.74,2.88,2.7,11.850000000000001,2.83875,0.1448652391017251,25.31458333333333,104.51,0.9238795325112868,-0.3826834323650895,-0.7818314824680299,0.6234898018587334,1,5.0,0.0,48.06,100.0
2018-10-21 07:30:00,2018-10-21 07:45:00,2018-10-21 08:30:00,12.07,2.77,2.74,2.74,2.88,2.66,11.879999999999999,2.829375,0.14415567756769068,25.313437499999996,104.51,0.8968727415326884,-0.44228869021900113,-0.7818314824680299,0.6234898018587334,1,5.04,0.0,48.17,100.0
2018-10-21 07:45:00,2018-10-21 08:00:00,2018-10-21 08:45:00,12.21,2.74,2.77,3.06,3.6,2.77,11.56,2.8293749999999998,0.14415567756769068,25.304479166666667,104.51,0.8660254037844387,-0.4999999999999998,-0.7818314824680299,0.6234898018587334,1,4.9,0.0,48.81,100.0
2018-10-21 08:00:00,2018-10-21 08:15:00,2018-10-21 09:00:00,11.809999999999999,3.42,2.74,3.31,3.78,2.74,11.67,2.8674999999999997,0.20274676322940394,25.300729166666667,104.51,0.8314696123025451,-0.5555702330196023,-0.7818314824680299,0.6234898018587334,1,6.95,0.0,44.15,100.0
2018-10-21 08:15:00,2018-10-21 08:30:00,2018-10-21 09:15:00,11.63,3.17,3.42,2.74,18.0,2.7,12.1,2.89,0.21473821271492408,25.14625,104.51,0.7933533402912352,-0.6087614290087207,-0.7818314824680299,0.6234898018587334,1,5.98,0.0,46.84,100.0
2018-10-21 08:30:00,2018-10-21 08:45:00,2018-10-21 09:30:00,11.950000000000001,2.74,3.17,2.77,43.06,2.7,12.07,2.888125,0.21590561450550555,24.726249999999997,104.51,0.7518398074789774,-0.6593458151000688,-0.7818314824680299,0.6234898018587334,1,5.0,0.0,48.06,100.0
2018-10-21 08:45:00,2018-10-21 09:00:00,2018-10-21 09:45:00,12.63,2.88,2.74,2.74,52.81,2.77,12.21,2.895,0.21377558326431945,24.206145833333334,104.51,0.7071067811865476,-0.7071067811865475,-0.7818314824680299,0.6234898018587334,1,2.38,2.09,77.08,80.93
2018-10-21 09:00:00,2018-10-21 09:15:00,2018-10-21 10:00:00,12.96,3.02,2.88,3.42,39.92,2.92,11.809999999999999,2.908125,0.2145990083271588,23.821770833333332,104.51,0.659345815100069,-0.7518398074789773,-0.7818314824680299,0.6234898018587334,1,0.0,11.48,100.0,25.44
2018-10-21 09:15:00,2018-10-21 09:30:00,2018-10-21 10:15:00,12.96,2.99,3.02,3.17,62.5,2.99,11.63,2.921875,0.21234461230509233,23.201875,104.51,0.6087614290087209,-0.793353340291235,-0.7818314824680299,0.6234898018587334,1,0.0,11.41,100.0,25.35
2018-10-21 09:30:00,2018-10-21 09:45:00,2018-10-21 10:30:00,12.89,3.06,2.99,2.74,48.1,3.02,11.950000000000001,2.9375,0.21273516399504802,22.73270833333333,104.51,0.5555702330196025,-0.831469612302545,-0.7818314824680299,0.6234898018587334,1,0.0,11.38,100.0,25.97
2018-10-21 09:45:00,2018-10-21 10:00:00,2018-10-21 10:45:00,12.32,3.56,3.06,2.88,50.26,3.02,12.63,2.984375,0.25741427577933584,22.246250000000003,104.51,0.49999999999999994,-0.8660254037844387,-0.7818314824680299,0.6234898018587334,1,0.0,17.53,100.0,19.9
2018-10-21 10:00:00,2018-10-21 10:15:00,2018-10-21 11:00:00,11.99,3.35,3.56,3.02,50.87,4.39,12.96,3.0181250000000004,0.2675401546964492,21.75125,104.51,0.4422886902190017,-0.8968727415326881,-0.7818314824680299,0.6234898018587334,1,0.0,15.01,100.0,21.78
2018-10-21 10:15:00,2018-10-21 10:30:00,2018-10-21 11:15:00,11.95,2.99,3.35,2.99,45.22,4.07,12.96,3.0337500000000004,0.2579698383532462,21.311354166666664,104.51,0.3826834323650899,-0.9238795325112867,-0.7818314824680299,0.6234898018587334,1,0.0,11.38,100.0,25.41
2018-10-21 10:30:00,2018-10-21 10:45:00,2018-10-21 11:30:00,11.91,2.99,2.99,3.06,59.18,2.99,12.89,3.049375,0.2470442457840295,20.726041666666664,104.51,0.32143946530316175,-0.9469301294951056,-0.7818314824680299,0.6234898018587334,1,0.0,11.38,100.0,25.41
2018-10-21 10:45:00,2018-10-21 11:00:00,2018-10-21 11:45:00,11.940000000000001,2.99,2.99,3.56,71.42,3.02,12.32,3.045,0.24743686063317238,20.013229166666665,104.51,0.258819045102521,-0.9659258262890682,-0.7818314824680299,0.6234898018587334,1,0.0,11.3,100.0,25.58
2018-10-21 11:00:00,2018-10-21 11:15:00,2018-10-21 12:00:00,11.91,3.02,2.99,3.35,95.62,2.95,11.99,3.0268750000000004,0.23779504699425508,19.048645833333335,104.51,0.19509032201612816,-0.9807852804032304,-0.7818314824680299,0.6234898018587334,1,0.0,11.48,100.0,25.44
2018-10-21 11:15:00,2018-10-21 11:30:00,2018-10-21 12:15:00,12.06,2.95,3.02,2.99,59.98,2.95,11.95,3.04,0.22715633383201092,18.454583333333336,104.51,0.130526192220052,-0.9914448613738104,-0.7818314824680299,0.6234898018587334,1,0.0,11.48,100.0,24.89
2018-10-21 11:30:00,2018-10-21 11:45:00,2018-10-21 12:30:00,12.129999999999999,2.95,2.95,2.99,64.26,2.95,11.91,3.05125,0.21776922992011513,17.8159375,104.51,0.06540312923014312,-0.9978589232386035,-0.7818314824680299,0.6234898018587334,1,0.0,11.48,100.0,24.89
2018-10-21 11:45:00,2018-10-21 12:00:00,2018-10-21 12:45:00,12.209999999999999,3.02,2.95,2.99,60.08,2.95,11.940000000000001,3.06875,0.2027891454195712,17.2215625,104.51,1.2246467991473532e-16,-1.0,-0.7818314824680299,0.6234898018587334,1,0.0,10.08,100.0,28.7
2018-10-21 12:00:00,2018-10-21 12:15:00,2018-10-21 13:00:00,12.75,2.99,3.02,3.02,28.73,2.95,11.91,3.041875,0.18187285222099528,16.953437500000003,104.51,-0.06540312923014287,-0.9978589232386035,-0.7818314824680299,0.6234898018587334,1,0.0,5.8,100.0,45.82
2018-10-21 12:15:00,2018-10-21 12:30:00,2018-10-21 13:15:00,13.14,3.1,2.99,2.95,5.65,3.13,12.06,3.0375,0.1795654476785553,16.926875000000003,104.51,-0.13052619222005177,-0.9914448613738104,-0.7818314824680299,0.6234898018587334,1,0.0,10.94,100.0,27.26
2018-10-21 12:30:00,2018-10-21 12:45:00,2018-10-21 13:30:00,13.110000000000001,3.02,3.1,2.95,6.01,3.1,12.129999999999999,3.0549999999999997,0.16255768207008858,16.89572916666667,104.51,-0.19509032201612792,-0.9807852804032305,-0.7818314824680299,0.6234898018587334,1,0.0,10.91,100.0,26.68
2018-10-21 12:45:00,2018-10-21 13:00:00,2018-10-21 13:45:00,13.32,3.1,3.02,3.02,6.59,3.06,12.209999999999999,3.06875,0.1563599613072349,16.859375,104.51,-0.2588190451025208,-0.9659258262890683,-0.7818314824680299,0.6234898018587334,1,0.0,10.94,100.0,27.26
2018-10-21 13:00:00,2018-10-21 13:15:00,2018-10-21 14:00:00,13.430000000000001,3.53,3.1,2.99,6.52,3.06,12.75,3.100625,0.19126123333022815,16.82822916666667,104.51,-0.32143946530316153,-0.9469301294951057,-0.7818314824680299,0.6234898018587334,1,0.0,15.34,100.0,22.43
2018-10-21 13:15:00,2018-10-21 13:30:00,2018-10-21 14:15:00,12.96,3.49,3.53,3.1,26.57,3.06,13.14,3.131875,0.21051183903761797,16.587812500000002,104.51,-0.38268343236508967,-0.9238795325112868,-0.7818314824680299,0.6234898018587334,1,0.0,15.7,100.0,21.7
2018-10-21 13:30:00,2018-10-21 13:45:00,2018-10-21 14:30:00,12.96,2.99,3.49,3.02,62.96,3.06,13.110000000000001,3.1275000000000004,0.2126763973740386,15.963125,104.51,-0.44228869021900147,-0.8968727415326883,-0.7818314824680299,0.6234898018587334,1,0.0,11.41,100.0,25.35
2018-10-21 13:45:00,2018-10-21 14:00:00,2018-10-21 14:45:00,12.71,3.31,2.99,3.1,104.44,3.02,13.32,3.111875,0.18808969768437606,14.909687499999999,104.51,-0.4999999999999997,-0.8660254037844388,-0.7818314824680299,0.6234898018587334,1,0.0,15.05,100.0,21.48
2018-10-21 14:00:00,2018-10-21 14:15:00,2018-10-21 15:00:00,12.06,3.64,3.31,3.53,66.35,3.06,13.430000000000001,3.1300000000000003,0.22121821805628936,14.256458333333333,104.51,-0.555570233019602,-0.8314696123025455,-0.7818314824680299,0.6234898018587334,1,0.0,17.17,100.0,20.74
2018-10-21 14:15:00,2018-10-21 14:30:00,2018-10-21 15:15:00,12.170000000000002,3.02,3.64,3.49,80.96,3.64,12.96,3.131875,0.2201482100199772,13.444583333333332,104.51,-0.6087614290087207,-0.7933533402912352,-0.7818314824680299,0.6234898018587334,1,0.0,11.34,100.0,25.73
2018-10-21 14:30:00,2018-10-21 14:45:00,2018-10-21 15:30:00,13.0,2.99,3.02,2.99,84.49,3.2,12.96,3.131875,0.2201482100199772,12.595624999999998,104.51,-0.6593458151000688,-0.7518398074789774,-0.7818314824680299,0.6234898018587334,1,0.0,11.3,100.0,25.58
2018-10-21 14:45:00,2018-10-21 15:00:00,2018-10-21 15:45:00,20.31,3.06,2.99,3.31,67.14,3.02,12.71,3.13625,0.21797003807863133,11.928125,104.51,-0.7071067811865471,-0.7071067811865479,-0.7818314824680299,0.6234898018587334,1,0.0,11.16,100.0,26.44
2018-10-21 15:00:00,2018-10-21 15:15:00,2018-10-21 16:00:00,42.2,2.99,3.06,3.64,67.61,3.02,12.06,3.1343750000000004,0.2190881315247359,11.255,104.51,-0.7518398074789773,-0.6593458151000691,-0.7818314824680299,0.6234898018587334,1,0.0,11.2,100.0,25.79
2018-10-21 15:15:00,2018-10-21 15:30:00,2018-10-21 16:15:00,63.69,3.13,2.99,3.02,104.51,2.99,12.170000000000002,3.145625,0.21389158322617555,10.198958333333332,103.82,-0.7933533402912349,-0.6087614290087209,-0.7818314824680299,0.6234898018587334,1,0.0,11.12,100.0,27.09
2018-10-21 15:30:00,2018-10-21 15:45:00,2018-10-21 16:30:00,80.28,3.82,3.13,2.99,79.24,2.95,13.0,3.2,0.262345192446898,9.413333333333332,103.82,-0.8314696123025452,-0.5555702330196022,-0.7818314824680299,0.6234898018587334,1,0.0,13.32,100.0,27.57
2018-10-21 15:45:00,2018-10-21 16:00:00,2018-10-21 16:45:00,73.83,10.37,3.82,3.06,73.84,3.31,20.31,3.6593750000000003,1.7518078831238884,8.7521875,103.82,-0.8660254037844385,-0.5000000000000004,-0.7818314824680299,0.6234898018587334,1,0.22,11.88,99.98,65.76
2018-10-21 16:00:00,2018-10-21 16:15:00,2018-10-21 17:00:00,53.7,24.88,10.37,2.99,72.9,3.56,42.2,5.0275,5.414216817786299,8.251979166666667,103.82,-0.8968727415326883,-0.44228869021900136,-0.7818314824680299,0.6234898018587334,1,0.83,2.56,99.94,99.47
2018-10-21 16:15:00,2018-10-21 16:30:00,2018-10-21 17:15:00,32.57,24.62,24.88,3.13,74.45,2.92,63.69,6.3725000000000005,7.15989830584206,7.732916666666667,103.82,-0.9238795325112868,-0.3826834323650895,-0.7818314824680299,0.6234898018587334,1,0.79,2.56,99.95,99.46
2018-10-21 16:30:00,2018-10-21 16:45:00,2018-10-21 17:30:00,15.11,20.41,24.62,3.82,71.78,2.95,80.28,7.4593750000000005,7.854686872140416,7.1978125,103.82,-0.9469301294951056,-0.3214394653031618,-0.7818314824680299,0.6234898018587334,1,0.65,4.46,99.95,97.69
2018-10-21 16:45:00,2018-10-21 17:00:00,2018-10-21 17:45:00,14.14,3.92,20.41,10.37,103.82,2.95,73.83,7.510624999999999,7.8287079623252644,6.1571875,47.7,-0.9659258262890683,-0.25881904510252063,-0.7818314824680299,0.6234898018587334,1,0.0,17.28,100.0,22.12
2018-10-21 17:00:00,2018-10-21 17:15:00,2018-10-21 18:00:00,12.34,4.75,3.92,24.88,38.12,2.88,53.7,7.586875000000001,7.795436741092509,5.809583333333333,47.7,-0.9807852804032303,-0.19509032201612866,-0.7818314824680299,0.6234898018587334,1,0.0,17.89,100.0,25.66
2018-10-21 17:15:00,2018-10-21 17:30:00,2018-10-21 18:15:00,11.840000000000002,3.49,4.75,24.62,47.7,2.95,32.57,7.586875,7.79543674109251,5.3490625,40.18,-0.9914448613738104,-0.13052619222005163,-0.7818314824680299,0.6234898018587334,1,0.0,16.34,100.0,20.89
2018-10-21 17:30:00,2018-10-21 17:45:00,2018-10-21 18:30:00,11.88,2.95,3.49,20.41,32.36,2.95,15.11,7.5843750000000005,7.796916833555107,5.0427083333333345,40.18,-0.9978589232386035,-0.06540312923014273,-0.7818314824680299,0.6234898018587334,1,0.0,11.45,100.0,24.95
2018-10-21 17:45:00,2018-10-21 18:00:00,2018-10-21 18:45:00,11.95,2.95,2.95,3.92,34.2,3.35,14.14,7.561875,7.809728083254563,4.7171875000000005,40.18,-1.0,-1.8369701987210297e-16,-0.7818314824680299,0.6234898018587334,1,0.0,11.48,100.0,24.89
2018-10-21 18:00:00,2018-10-21 18:15:00,2018-10-21 19:00:00,12.02,2.95,2.95,4.75,40.18,3.49,12.34,7.518750000000001,7.833135447411847,4.329375000000001,33.91,-0.9978589232386036,0.06540312923014237,-0.7818314824680299,0.6234898018587334,1,0.0,7.63,100.0,36.06
2018-10-21 18:15:00,2018-10-21 18:30:00,2018-10-21 19:15:00,12.09,2.99,2.95,3.49,33.91,2.88,11.840000000000002,7.516875,7.834215594708573,4.007291666666667,24.88,-0.9914448613738105,0.13052619222005127,-0.7818314824680299,0.6234898018587334,1,0.0,4.0,100.0,59.87
2018-10-21 18:30:00,2018-10-21 18:45:00,2018-10-21 19:30:00,12.2,2.99,2.99,2.95,10.51,2.92,11.88,7.516875,7.834215594708573,3.9289583333333336,24.88,-0.9807852804032304,0.1950903220161283,-0.7818314824680299,0.6234898018587334,1,0.0,6.44,100.0,42.11
2018-10-21 18:45:00,2018-10-21 19:00:00,2018-10-21 19:45:00,12.2,3.02,2.99,2.95,5.29,2.99,11.95,7.514375,7.835643694641494,3.9053124999999995,24.88,-0.9659258262890684,0.2588190451025203,-0.7818314824680299,0.6234898018587334,1,0.0,11.41,100.0,25.59
2018-10-21 19:00:00,2018-10-21 19:15:00,2018-10-21 20:00:00,12.17,3.02,3.02,2.95,4.93,2.95,12.02,7.516249999999999,7.834564342546431,3.8854166666666665,24.88,-0.9469301294951057,0.3214394653031615,-0.7818314824680299,0.6234898018587334,1,0.0,11.38,100.0,25.65
2018-10-21 19:15:00,2018-10-21 19:30:00,2018-10-21 20:15:00,12.6,3.06,3.02,2.99,4.18,2.99,12.09,7.511875,7.837031659651184,3.87375,24.88,-0.923879532511287,0.38268343236508917,-0.7818314824680299,0.6234898018587334,1,0.0,11.41,100.0,25.9
2018-10-21 19:30:00,2018-10-21 19:45:00,2018-10-21 20:30:00,13.21,3.1,3.06,2.99,3.71,2.99,12.2,7.466875,7.86013415816645,3.8673958333333336,24.88,-0.8968727415326884,0.442288690219001,-0.7818314824680299,0.6234898018587334,1,0.0,11.34,100.0,26.37
2018-10-21 19:45:00,2018-10-21 20:00:00,2018-10-21 20:45:00,13.430000000000001,3.02,3.1,3.02,3.71,2.95,12.2,7.0075,7.891757963217067,3.860208333333333,24.88,-0.8660254037844386,0.5000000000000001,-0.7818314824680299,0.6234898018587334,1,0.0,11.48,100.0,25.44
2018-10-21 20:00:00,2018-10-21 20:15:00,2018-10-21 21:00:00,13.72,2.99,3.02,3.02,3.74,2.99,12.17,5.639375,6.438377579745925,3.852395833333334,24.88,-0.8314696123025455,0.5555702330196018,-0.7818314824680299,0.6234898018587334,1,0.0,11.48,100.0,25.2
2018-10-21 20:15:00,2018-10-21 20:30:00,2018-10-21 21:15:00,13.9,3.49,2.99,3.06,3.67,3.06,12.6,4.31875,4.181014941075911,3.850520833333333,24.88,-0.7933533402912357,0.6087614290087199,-0.7818314824680299,0.6234898018587334,1,0.0,15.7,100.0,21.7
2018-10-21 20:30:00,2018-10-21 20:45:00,2018-10-21 21:30:00,13.5,3.71,3.49,3.1,3.6,3.71,13.21,3.2750000000000004,0.48126136350220344,3.851666666666667,24.88,-0.7518398074789772,0.6593458151000691,-0.7818314824680299,0.6234898018587334,1,0.0,17.5,100.0,20.74
2018-10-21 20:45:00,2018-10-21 21:00:00,2018-10-21 21:45:00,13.28,3.24,3.71,3.02,3.64,3.42,13.430000000000001,3.2325000000000004,0.451532114029556,3.8475,24.88,-0.7071067811865477,0.7071067811865474,-0.7818314824680299,0.6234898018587334,1,0.0,13.0,100.0,24.18
2018-10-21 21:00:00,2018-10-21 21:15:00,2018-10-21 22:00:00,13.06,3.28,3.24,2.99,3.64,2.99,13.72,3.140625,0.22727925416764283,3.8437500000000004,24.88,-0.6593458151000687,0.7518398074789775,-0.7818314824680299,0.6234898018587334,1,0.0,12.89,100.0,24.66
2018-10-21 21:15:00,2018-10-21 21:30:00,2018-10-21 22:15:00,12.27,3.67,3.28,3.49,3.67,3.67,13.9,3.1518750000000004,0.24782097242767806,3.8437500000000004,24.88,-0.608761429008721,0.7933533402912349,-0.7818314824680299,0.6234898018587334,1,0.0,17.46,100.0,20.57
2018-10-21 21:30:00,2018-10-21 21:45:00,2018-10-21 22:30:00,11.84,3.31,3.67,3.71,3.71,3.2,13.5,3.174375,0.2447950354378127,3.8395833333333336,24.88,-0.555570233019603,0.8314696123025447,-0.7818314824680299,0.6234898018587334,1,0.0,13.79,100.0,23.34
2018-10-21 21:45:00,2018-10-21 22:00:00,2018-10-21 22:45:00,11.66,3.02,3.31,3.24,3.64,2.95,13.28,3.17875,0.24134713070596048,3.8331250000000003,24.88,-0.5000000000000004,0.8660254037844384,-0.7818314824680299,0.6234898018587334,1,0.0,11.34,100.0,25.73
2018-10-21 22:00:00,2018-10-21 22:15:00,2018-10-21 23:00:00,11.41,3.06,3.02,3.28,3.6,2.95,13.06,3.185625,0.23624586636595357,3.8275000000000006,24.88,-0.4422886902190014,0.8968727415326883,-0.7818314824680299,0.6234898018587334,1,0.0,10.94,100.0,26.94
2018-10-21 22:15:00,2018-10-21 22:30:00,2018-10-21 23:15:00,11.34,2.88,3.06,3.67,3.42,2.88,12.27,3.17875,0.243332976597912,3.821875000000001,24.88,-0.38268343236508956,0.9238795325112868,-0.7818314824680299,0.6234898018587334,1,5.15,0.11,48.81,99.93
2018-10-21 22:30:00,2018-10-21 22:45:00,2018-10-21 23:30:00,11.270000000000001,2.88,2.88,3.31,3.42,2.84,11.84,3.171875,0.2500304668935368,3.81625,24.88,-0.32143946530316186,0.9469301294951056,-0.7818314824680299,0.6234898018587334,1,5.36,0.0,47.33,100.0
2018-10-21 22:45:00,2018-10-21 23:00:00,2018-10-21 23:45:00,11.629999999999999,2.84,2.88,3.02,3.46,2.81,11.66,3.1606250000000005,0.26044358194242373,3.809791666666667,24.88,-0.25881904510252157,0.9659258262890681,-0.7818314824680299,0.6234898018587334,1,5.18,0.0,48.07,100.0
2018-10-21 23:00:00,2018-10-21 23:15:00,2018-10-22 00:00:00,12.49,2.81,2.84,3.06,4.0,2.77,11.41,3.1475,0.27222463150861276,3.797395833333334,24.88,-0.19509032201612872,0.9807852804032303,-0.7818314824680299,0.6234898018587334,1,5.15,0.0,47.9,100.0
2018-10-21 23:15:00,2018-10-21 23:30:00,2018-10-22 00:15:00,12.49,2.81,2.81,2.88,4.39,2.74,11.34,3.131875,0.28373003784407463,3.7809375000000003,24.88,-0.13052619222005168,0.9914448613738104,-0.7818314824680299,0.6234898018587334,1,4.75,0.0,50.92,100.0
2018-10-21 23:30:00,2018-10-21 23:45:00,2018-10-22 00:30:00,12.49,2.81,2.81,2.88,3.35,2.74,11.270000000000001,3.1137500000000005,0.2942548852610607,3.7753125000000005,24.88,-0.0654031292301428,0.9978589232386035,-0.7818314824680299,0.6234898018587334,1,4.72,0.0,51.15,100.0
2018-10-21 23:45:00,2018-10-22 00:00:00,2018-10-22 00:45:00,12.170000000000002,3.2,2.81,2.84,3.06,2.81,11.629999999999999,3.125,0.2938962401937119,3.776770833333334,24.88,0.0,1.0,0.0,1.0,0,5.83,0.0,48.12,100.0
2018-10-22 00:00:00,2018-10-22 00:15:00,2018-10-22 01:00:00,11.379999999999999,3.67,3.2,2.81,3.31,3.74,12.49,3.1675000000000004,0.3193646035489845,3.780520833333334,24.88,0.06540312923014306,0.9978589232386035,0.0,1.0,0,6.01,0.0,52.12,100.0
2018-10-22 00:15:00,2018-10-22 00:30:00,2018-10-22 01:15:00,11.45,2.81,3.67,2.81,2.74,2.74,12.49,3.125,0.3188651752700504,3.78125,24.88,0.13052619222005157,0.9914448613738104,0.0,1.0,0,4.97,0.0,49.22,100.0
2018-10-22 00:30:00,2018-10-22 00:45:00,2018-10-22 01:30:00,11.48,2.81,2.81,2.81,2.74,2.81,12.49,3.06875,0.2886579939998198,3.7819791666666673,24.88,0.19509032201612825,0.9807852804032304,0.0,1.0,0,5.08,0.0,48.4,100.0
2018-10-22 00:45:00,2018-10-22 01:00:00,2018-10-22 01:45:00,11.59,2.88,2.81,3.2,2.77,3.28,12.170000000000002,3.0462499999999997,0.2884630608934184,3.7831250000000005,24.88,0.25881904510252074,0.9659258262890683,0.0,1.0,0,5.11,0.0,49.1,100.0
2018-10-22 01:00:00,2018-10-22 01:15:00,2018-10-22 02:00:00,12.24,2.88,2.88,3.67,2.81,3.17,11.379999999999999,3.02125,0.28442650632456884,3.7838541666666674,24.88,0.3214394653031616,0.9469301294951057,0.0,1.0,0,5.26,0.0,48.03,100.0
2018-10-22 01:15:00,2018-10-22 01:30:00,2018-10-22 02:15:00,12.489999999999998,2.88,2.88,2.81,2.84,2.88,11.45,2.971875,0.23109031648902992,3.7842708333333337,24.88,0.3826834323650898,0.9238795325112867,0.0,1.0,0,5.4,0.0,47.06,100.0
2018-10-22 01:30:00,2018-10-22 01:45:00,2018-10-22 02:30:00,12.529999999999998,2.84,2.88,2.81,2.77,2.77,11.48,2.9425,0.21559510662350387,3.785,24.88,0.44228869021900125,0.8968727415326884,0.0,1.0,0,5.47,0.0,46.08,100.0
2018-10-22 01:45:00,2018-10-22 02:00:00,2018-10-22 02:45:00,12.419999999999998,2.99,2.84,2.88,2.74,3.28,11.59,2.940625,0.21504269198231316,3.7876041666666667,24.88,0.49999999999999994,0.8660254037844387,0.0,1.0,0,5.72,0.0,46.33,100.0
2018-10-22 02:00:00,2018-10-22 02:15:00,2018-10-22 03:00:00,12.350000000000001,3.53,2.99,2.88,2.77,3.13,12.24,2.9699999999999998,0.25729360660537215,3.7955208333333332,24.88,0.5555702330196022,0.8314696123025452,0.0,1.0,0,7.06,0.0,44.72,100.0
2018-10-22 02:15:00,2018-10-22 02:30:00,2018-10-22 03:15:00,12.459999999999999,3.13,3.53,2.88,2.77,2.81,12.489999999999998,2.9856249999999998,0.2589393932467596,3.7992708333333334,24.88,0.6087614290087207,0.7933533402912352,0.0,1.0,0,6.26,0.0,44.72,100.0
2018-10-22 02:30:00,2018-10-22 02:45:00,2018-10-22 03:30:00,12.5,2.88,3.13,2.84,2.74,2.81,12.529999999999998,2.9856249999999998,0.2589393932467596,3.8007291666666667,24.88,0.6593458151000688,0.7518398074789774,0.0,1.0,0,5.44,0.0,46.79,100.0
2018-10-22 02:45:00,2018-10-22 03:00:00,2018-10-22 03:45:00,12.540000000000001,2.88,2.88,2.99,3.13,2.84,12.419999999999998,2.9881249999999997,0.25771153325957297,3.798125,24.88,0.7071067811865476,0.7071067811865476,0.0,1.0,0,5.58,0.0,45.86,100.0
2018-10-22 03:00:00,2018-10-22 03:15:00,2018-10-22 04:00:00,12.030000000000001,3.46,2.88,3.53,3.85,2.77,12.350000000000001,3.0287499999999996,0.27694482753790506,3.7940625000000003,24.88,0.7518398074789774,0.6593458151000688,0.0,1.0,0,6.3,0.0,48.14,100.0
2018-10-22 03:15:00,2018-10-22 03:30:00,2018-10-22 04:15:00,11.669999999999998,3.24,3.46,3.13,3.89,2.81,12.459999999999999,3.055625,0.27527188264514046,3.787291666666667,24.88,0.7933533402912352,0.6087614290087207,0.0,1.0,0,5.98,0.0,47.64,100.0
2018-10-22 03:30:00,2018-10-22 03:45:00,2018-10-22 04:30:00,11.67,2.92,3.24,2.88,2.92,2.74,12.5,3.0625,0.2703816746748936,3.787291666666667,24.88,0.8314696123025451,0.5555702330196024,0.0,1.0,0,5.65,0.0,45.91,100.0
2018-10-22 03:45:00,2018-10-22 04:00:00,2018-10-22 04:45:00,11.67,2.92,2.92,2.88,2.74,2.81,12.540000000000001,3.045,0.2699768508594765,3.7891666666666666,24.88,0.8660254037844386,0.5000000000000001,0.0,1.0,0,5.72,0.0,45.47,100.0
2018-10-22 04:00:00,2018-10-22 04:15:00,2018-10-22 05:00:00,11.599999999999998,2.95,2.92,3.46,2.81,2.84,12.030000000000001,3.0,0.21682366107046527,3.790625000000001,24.88,0.8968727415326884,0.44228869021900125,0.0,1.0,0,5.72,0.0,45.84,100.0
2018-10-22 04:15:00,2018-10-22 04:30:00,2018-10-22 05:15:00,11.599999999999998,2.88,2.95,3.24,2.81,2.84,11.669999999999998,3.004375,0.21362843765519607,3.791354166666667,24.88,0.9238795325112867,0.38268343236508984,0.0,1.0,0,5.69,0.0,45.16,100.0
2018-10-22 04:30:00,2018-10-22 04:45:00,2018-10-22 05:30:00,11.52,2.92,2.88,2.92,2.77,3.02,11.67,3.0112499999999995,0.20898190711159664,3.792916666666667,24.88,0.9469301294951056,0.3214394653031617,0.0,1.0,0,5.65,0.0,45.91,100.0
2018-10-22 04:45:00,2018-10-22 05:00:00,2018-10-22 05:45:00,11.44,2.92,2.92,2.92,2.77,3.28,11.67,3.01375,0.20763173529111584,3.794479166666667,24.88,0.9659258262890683,0.25881904510252074,0.0,1.0,0,5.58,0.0,46.37,100.0
2018-10-22 05:00:00,2018-10-22 05:15:00,2018-10-22 06:00:00,11.399999999999999,2.88,2.92,2.95,2.81,2.74,11.599999999999998,3.01375,0.20763173529111584,3.7952083333333344,24.88,0.9807852804032304,0.19509032201612833,0.0,1.0,0,5.51,0.0,46.32,100.0
2018-10-22 05:15:00,2018-10-22 05:30:00,2018-10-22 06:15:00,11.33,2.88,2.88,2.88,2.77,2.77,11.599999999999998,3.01375,0.20763173529111584,3.796354166666667,24.88,0.9914448613738104,0.1305261922200517,0.0,1.0,0,5.47,0.0,46.59,100.0
2018-10-22 05:30:00,2018-10-22 05:45:00,2018-10-22 06:30:00,12.38,2.84,2.88,2.92,2.81,2.77,11.52,3.01375,0.20763173529111584,3.7966666666666673,24.88,0.9978589232386035,0.06540312923014327,0.0,1.0,0,5.36,0.0,46.82,100.0
2018-10-22 05:45:00,2018-10-22 06:00:00,2018-10-22 06:45:00,13.64,2.84,2.84,2.92,2.81,3.1,11.44,3.004375,0.21183627964775062,3.7969791666666666,24.88,1.0,6.123233995736766e-17,0.0,1.0,0,5.26,0.0,47.51,100.0
2018-10-22 06:00:00,2018-10-22 06:15:00,2018-10-22 07:00:00,13.64,2.84,2.84,2.88,2.81,3.24,11.399999999999999,2.9612499999999997,0.16563797119018336,3.7972916666666676,24.88,0.9978589232386035,-0.06540312923014314,0.0,1.0,0,5.29,0.0,47.3,100.0
2018-10-22 06:15:00,2018-10-22 06:30:00,2018-10-22 07:15:00,13.82,2.81,2.84,2.88,2.74,2.7,11.33,2.94125,0.16335831016510918,3.7980208333333336,24.88,0.9914448613738104,-0.1305261922200516,0.0,1.0,0,5.29,0.0,46.91,100.0
2018-10-22 06:30:00,2018-10-22 06:45:00,2018-10-22 07:30:00,13.53,3.89,2.81,2.84,2.74,2.74,12.38,3.004375,0.2805790608277817,3.8100000000000005,24.88,0.9807852804032304,-0.1950903220161282,0.0,1.0,0,6.77,0.0,49.82,100.0
2018-10-22 06:45:00,2018-10-22 07:00:00,2018-10-22 07:45:00,13.35,4.1,3.89,2.84,3.06,2.7,13.64,3.0806250000000004,0.38336452545195154,3.8208333333333333,24.88,0.9659258262890683,-0.25881904510252063,0.0,1.0,0,7.06,0.0,50.22,100.0
2018-10-22 07:00:00,2018-10-22 07:15:00,2018-10-22 08:00:00,14.469999999999999,2.84,4.1,2.84,3.31,2.74,13.64,3.041875,0.3742863000097652,3.8159375000000004,24.88,0.9469301294951057,-0.3214394653031616,0.0,1.0,0,5.26,0.0,47.51,100.0
2018-10-22 07:15:00,2018-10-22 07:30:00,2018-10-22 08:15:00,24.98,2.99,2.84,2.81,2.74,3.06,13.82,3.02625,0.3708920833611847,3.818541666666667,24.88,0.9238795325112868,-0.3826834323650895,0.0,1.0,0,5.11,0.0,50.5,100.0
2018-10-22 07:30:00,2018-10-22 07:45:00,2018-10-22 08:30:00,64.9,3.6,2.99,3.89,2.77,3.92,13.53,3.0687499999999996,0.3944913655582338,3.827187500000001,24.88,0.8968727415326884,-0.44228869021900113,0.0,1.0,0,5.58,0.0,54.21,100.0
2018-10-22 07:45:00,2018-10-22 08:00:00,2018-10-22 08:45:00,109.33000000000001,3.92,3.6,4.1,2.74,4.21,13.35,3.13125,0.442293383965892,3.839479166666667,24.88,0.8660254037844387,-0.4999999999999998,0.0,1.0,0,6.52,0.0,51.53,100.0
2018-10-22 08:00:00,2018-10-22 08:15:00,2018-10-22 09:00:00,166.5,3.96,3.92,2.84,3.42,7.13,14.469999999999999,3.194375,0.4821950947230799,3.845104166666667,24.88,0.8314696123025451,-0.5555702330196023,0.0,1.0,0,6.19,0.0,53.89,100.0
2018-10-22 08:15:00,2018-10-22 08:30:00,2018-10-22 09:15:00,200.41,13.5,3.96,2.99,3.17,22.32,24.98,3.8581250000000002,2.5344901330198546,3.9527083333333337,24.88,0.7933533402912352,-0.6087614290087207,0.0,1.0,0,13.0,0.0,72.03,100.0
2018-10-22 08:30:00,2018-10-22 08:45:00,2018-10-22 09:30:00,205.26999999999998,43.52,13.5,3.6,2.74,91.8,64.9,6.395625,9.911924616812568,4.377500000000001,43.52,0.7518398074789774,-0.6593458151000688,0.0,1.0,0,39.6,0.0,73.96,100.0
2018-10-22 08:45:00,2018-10-22 09:00:00,2018-10-22 09:45:00,206.01999999999998,48.35,43.52,3.92,2.88,102.06,109.33000000000001,9.235000000000001,14.122315674137866,4.851145833333334,48.35,0.7071067811865476,-0.7071067811865475,0.0,1.0,0,38.02,0.0,78.61,100.0
2018-10-22 09:00:00,2018-10-22 09:15:00,2018-10-22 10:00:00,198.48999999999998,61.13,48.35,3.96,3.02,85.68,166.5,12.875625,18.76112235740109,5.456458333333334,61.13,0.659345815100069,-0.7518398074789773,0.0,1.0,0,33.91,0.0,87.45,100.0
2018-10-22 09:15:00,2018-10-22 09:30:00,2018-10-22 10:15:00,200.47000000000003,47.41,61.13,13.5,2.99,112.39,200.41,15.658750000000001,20.310793582169556,5.9191666666666665,61.13,0.6087614290087209,-0.793353340291235,0.0,1.0,0,18.86,0.0,92.92,100.0
2018-10-22 09:30:00,2018-10-22 09:45:00,2018-10-22 10:30:00,192.84,48.38,47.41,43.52,3.06,97.34,205.26999999999998,18.505000000000003,21.472649754979006,6.39125,61.13,0.5555702330196025,-0.831469612302545,0.0,1.0,0,22.25,0.0,90.85,100.0
2018-10-22 09:45:00,2018-10-22 10:00:00,2018-10-22 10:45:00,185.68,49.1,48.38,48.35,3.56,112.43,206.01999999999998,21.396250000000002,22.26840190578345,6.8656250000000005,61.13,0.49999999999999994,-0.8660254037844387,0.0,1.0,0,22.61,0.0,90.83,100.0
2018-10-22 10:00:00,2018-10-22 10:15:00,2018-10-22 11:00:00,196.04999999999998,53.6,49.1,61.13,3.35,118.66,198.48999999999998,24.56875,23.00247075723606,7.3890625000000005,61.13,0.4422886902190017,-0.8968727415326881,0.0,1.0,0,23.65,0.0,91.49,100.0
2018-10-22 10:15:00,2018-10-22 10:30:00,2018-10-22 11:15:00,204.76,49.39,53.6,47.41,2.99,87.12,200.47000000000003,27.48,23.012040055153737,7.872395833333333,61.13,0.3826834323650899,-0.9238795325112867,0.0,1.0,0,23.51,0.0,90.29,100.0
2018-10-22 10:30:00,2018-10-22 10:45:00,2018-10-22 11:30:00,258.01,40.75,49.39,48.38,2.99,117.79,192.84,29.78375,22.371232050057056,8.265729166666667,61.13,0.32143946530316175,-0.9469301294951056,0.0,1.0,0,15.98,0.0,93.1,100.0
2018-10-22 10:45:00,2018-10-22 11:00:00,2018-10-22 11:45:00,304.49,41.94,40.75,49.1,2.99,86.33,185.68,32.14875,21.51479167776207,8.671458333333334,61.13,0.258819045102521,-0.9659258262890682,0.0,1.0,0,17.64,0.0,92.18,100.0
2018-10-22 11:00:00,2018-10-22 11:15:00,2018-10-22 12:00:00,353.13,63.97,41.94,53.6,3.02,123.98,196.04999999999998,35.969375,21.398327174323114,9.306354166666667,63.97,0.19509032201612816,-0.9807852804032304,0.0,1.0,0,42.44,0.0,83.33,100.0
2018-10-22 11:15:00,2018-10-22 11:30:00,2018-10-22 12:15:00,300.47,58.1,63.97,49.39,2.95,103.25,204.76,39.41374999999999,20.215279454845536,9.880833333333333,63.97,0.130526192220052,-0.9914448613738104,0.0,1.0,0,35.68,0.0,85.21,100.0
2018-10-22 11:30:00,2018-10-22 11:45:00,2018-10-22 12:30:00,211.73,94.0,58.1,40.75,2.95,125.21,258.01,45.06375,21.97270234717387,10.829270833333334,94.0,0.06540312923014312,-0.9978589232386035,0.0,1.0,0,52.27,0.0,87.4,100.0
2018-10-22 11:45:00,2018-10-22 12:00:00,2018-10-22 12:45:00,127.92,88.42,94.0,41.94,3.02,102.24,304.49,50.345,21.60075953525709,11.718854166666667,94.0,1.2246467991473532e-16,-1.0,0.0,1.0,0,53.53,0.0,85.54,100.0
2018-10-22 12:00:00,2018-10-22 12:15:00,2018-10-22 13:00:00,19.77,112.61,88.42,63.97,2.99,98.42,353.13,57.135625000000005,22.985111476983857,12.860729166666667,112.61,-0.06540312923014287,-0.9978589232386035,0.0,1.0,0,67.54,0.29,85.76,100.0
2018-10-22 12:15:00,2018-10-22 12:30:00,2018-10-22 13:15:00,39.89,5.44,112.61,58.1,3.1,7.52,300.47,56.631874999999994,24.00176457543018,12.885104166666665,112.61,-0.13052619222005177,-0.9914448613738104,0.0,1.0,0,0.0,13.1,100.0,38.35
2018-10-22 12:30:00,2018-10-22 12:45:00,2018-10-22 13:30:00,97.74,5.26,5.44,94.0,3.02,5.33,211.73,54.240625,26.91771523289774,12.9084375,112.61,-0.19509032201612792,-0.9807852804032305,0.0,1.0,0,0.0,16.99,100.0,29.57
2018-10-22 12:45:00,2018-10-22 13:00:00,2018-10-22 13:45:00,213.41,4.61,5.26,88.42,3.1,6.19,127.92,51.506875,29.4766216090714,12.924166666666665,112.61,-0.2588190451025208,-0.9659258262890683,0.0,1.0,0,0.0,15.98,100.0,27.72
2018-10-22 13:00:00,2018-10-22 13:15:00,2018-10-22 14:00:00,294.91999999999996,4.46,4.61,112.61,3.53,6.34,19.77,47.965,31.44640818122159,12.933854166666668,112.61,-0.32143946530316153,-0.9469301294951057,0.0,1.0,0,0.0,15.98,100.0,26.88
2018-10-22 13:15:00,2018-10-22 13:30:00,2018-10-22 14:15:00,369.33000000000004,25.56,4.46,5.44,3.49,56.52,39.89,46.599374999999995,31.911853688862625,13.16375,112.61,-0.38268343236508967,-0.9238795325112868,0.0,1.0,0,12.02,7.2,90.49,96.25
2018-10-22 13:30:00,2018-10-22 13:45:00,2018-10-22 14:30:00,411.95000000000005,63.11,25.56,5.26,2.99,113.08,97.74,47.52,32.161440227390315,13.790000000000001,112.61,-0.44228869021900147,-0.8968727415326883,0.0,1.0,0,41.33,0.0,83.66,100.0
2018-10-22 13:45:00,2018-10-22 14:00:00,2018-10-22 14:45:00,384.23,120.28,63.11,4.61,3.31,116.28,213.41,51.96875,36.67815338777976,15.0084375,120.28,-0.4999999999999997,-0.8660254037844388,0.0,1.0,0,66.31,0.0,87.57,100.0
2018-10-22 14:00:00,2018-10-22 14:15:00,2018-10-22 15:00:00,363.89,85.97,120.28,4.46,3.64,118.73,294.91999999999996,53.99187499999999,37.593655086122915,15.866041666666666,120.28,-0.555570233019602,-0.8314696123025455,0.0,1.0,0,54.86,0.0,84.3,100.0
2018-10-22 14:15:00,2018-10-22 14:30:00,2018-10-22 15:15:00,304.35,99.97,85.97,25.56,3.02,100.15,369.33000000000004,57.153124999999996,39.1674618974012,16.875937500000003,120.28,-0.6087614290087207,-0.7933533402912352,0.0,1.0,0,57.2,0.0,86.8,100.0
2018-10-22 14:30:00,2018-10-22 14:45:00,2018-10-22 15:30:00,246.46,105.73,99.97,63.11,2.99,109.4,411.95000000000005,61.214375,40.59879261886214,17.946145833333333,120.28,-0.6593458151000688,-0.7518398074789774,0.0,1.0,0,59.87,0.0,87.02,100.0
2018-10-22 14:45:00,2018-10-22 15:00:00,2018-10-22 15:45:00,200.41,92.56,105.73,120.28,3.06,73.26,384.23,64.37812500000001,40.94438991161518,18.8784375,120.28,-0.7071067811865471,-0.7071067811865479,0.0,1.0,0,52.16,0.0,87.12,100.0
2018-10-22 15:00:00,2018-10-22 15:15:00,2018-10-22 16:00:00,185.43,65.63,92.56,85.97,2.99,98.35,363.89,64.481875,40.94532745301196,19.530937499999997,120.28,-0.7518398074789773,-0.6593458151000691,0.0,1.0,0,31.9,0.0,89.94,100.0
2018-10-22 15:15:00,2018-10-22 15:30:00,2018-10-22 16:15:00,197.38,40.43,65.63,99.97,3.13,135.54,304.35,63.3775,41.33897033974117,19.919479166666665,120.28,-0.7933533402912349,-0.6087614290087209,0.0,1.0,0,15.16,0.0,93.63,100.0
2018-10-22 15:30:00,2018-10-22 15:45:00,2018-10-22 16:30:00,200.66,47.84,40.43,105.73,3.82,88.13,246.46,60.49249999999999,40.70708806522521,20.378020833333334,120.28,-0.8314696123025452,-0.5555702330196022,0.0,1.0,0,19.15,0.0,92.84,100.0
2018-10-22 15:45:00,2018-10-22 16:00:00,2018-10-22 16:45:00,206.67000000000002,46.51,47.84,92.56,10.37,105.44,200.41,57.873125,40.17061997261649,20.754479166666666,120.28,-0.8660254037844385,-0.5000000000000004,0.0,1.0,0,18.97,0.0,92.59,100.0
2018-10-22 16:00:00,2018-10-22 16:15:00,2018-10-22 17:00:00,198.03,50.65,46.51,65.63,24.88,77.98,185.43,54.000625,37.61230458054086,21.022916666666667,120.28,-0.8968727415326883,-0.44228869021900136,0.0,1.0,0,23.87,0.0,90.46,100.0
2018-10-22 16:15:00,2018-10-22 16:30:00,2018-10-22 17:15:00,201.31,52.38,50.65,40.43,24.62,111.2,197.38,56.934375,35.4804076161672,21.312083333333334,120.28,-0.9238795325112868,-0.3826834323650895,0.0,1.0,0,25.99,0.0,89.58,100.0
2018-10-22 16:30:00,2018-10-22 16:45:00,2018-10-22 17:30:00,202.32,51.12,52.38,47.84,20.41,79.96,200.66,59.800625,32.95249316606218,21.631979166666667,120.28,-0.9469301294951056,-0.3214394653031618,0.0,1.0,0,25.92,0.0,89.19,100.0
2018-10-22 16:45:00,2018-10-22 17:00:00,2018-10-22 17:45:00,181.83999999999997,52.52,51.12,46.51,3.92,108.32,206.67000000000002,62.795,29.830155463892574,22.138229166666665,120.28,-0.9659258262890683,-0.25881904510252063,0.0,1.0,0,26.39,0.0,89.35,100.0
2018-10-22 17:00:00,2018-10-22 17:15:00,2018-10-22 18:00:00,170.5,42.01,52.52,50.65,4.75,107.46,198.03,65.141875,26.431905015234427,22.526354166666668,120.28,-0.9807852804032303,-0.19509032201612866,0.0,1.0,0,18.5,0.0,91.52,100.0
2018-10-22 17:15:00,2018-10-22 17:30:00,2018-10-22 18:15:00,154.94,55.66,42.01,52.38,3.49,87.52,201.31,67.023125,24.552094034610878,23.069791666666664,120.28,-0.9914448613738104,-0.13052619222005163,0.0,1.0,0,31.57,0.0,86.98,100.0
2018-10-22 17:30:00,2018-10-22 17:45:00,2018-10-22 18:30:00,195.82999999999998,52.13,55.66,51.12,2.95,99.9,202.32,66.33687499999999,24.804035387097297,23.582083333333333,120.28,-0.9978589232386035,-0.06540312923014273,0.0,1.0,0,24.37,0.0,90.59,100.0
2018-10-22 17:45:00,2018-10-22 18:00:00,2018-10-22 18:45:00,246.05,32.04,52.13,52.52,2.95,28.69,181.83999999999997,60.821875000000006,21.828327414952685,23.885104166666668,120.28,-1.0,-1.8369701987210297e-16,0.0,1.0,0,1.8,1.08,99.84,99.94
2018-10-22 18:00:00,2018-10-22 18:15:00,2018-10-22 19:00:00,320.46,30.67,32.04,42.01,2.95,29.92,170.5,57.365624999999994,21.95049941594439,24.17385416666667,120.28,-0.9978589232386036,0.06540312923014237,0.0,1.0,0,6.95,0.47,97.53,99.99
2018-10-22 18:15:00,2018-10-22 18:30:00,2018-10-22 19:15:00,356.54,40.1,30.67,55.66,2.99,51.62,154.94,53.62375,19.313424371081894,24.56041666666667,120.28,-0.9914448613738105,0.13052619222005127,0.0,1.0,0,22.36,0.0,87.34,100.0
2018-10-22 18:30:00,2018-10-22 18:45:00,2018-10-22 19:30:00,358.74,93.02,40.1,52.13,2.99,81.72,195.82999999999998,52.829375,17.31155772480845,25.498229166666665,120.28,-0.9807852804032304,0.1950903220161283,0.0,1.0,0,56.09,0.0,85.64,100.0
2018-10-22 18:45:00,2018-10-22 19:00:00,2018-10-22 19:45:00,322.63,82.26,93.02,32.04,3.02,110.02,246.05,52.185625,15.960985624621527,26.32364583333333,120.28,-0.9659258262890684,0.2588190451025203,0.0,1.0,0,42.48,0.0,88.85,100.0
2018-10-22 19:00:00,2018-10-22 19:15:00,2018-10-22 20:00:00,279.72,105.08,82.26,30.67,3.02,98.93,320.46,54.651250000000005,20.303700055347054,27.386770833333333,120.28,-0.9469301294951057,0.3214394653031615,0.0,1.0,0,52.49,0.0,89.46,100.0
2018-10-22 19:15:00,2018-10-22 19:30:00,2018-10-22 20:15:00,269.13,76.18,105.08,40.1,3.06,85.21,356.54,56.88562499999999,20.5809499199958,28.1484375,120.28,-0.923879532511287,0.38268343236508917,0.0,1.0,0,35.03,0.0,90.85,100.0
2018-10-22 19:30:00,2018-10-22 19:45:00,2018-10-22 20:30:00,243.75,95.22,76.18,93.02,3.1,96.12,358.74,59.846875,22.395039829934998,29.10802083333333,120.28,-0.8968727415326884,0.442288690219001,0.0,1.0,0,54.04,0.0,86.97,100.0
2018-10-22 19:45:00,2018-10-22 20:00:00,2018-10-22 20:45:00,259.20000000000005,46.15,95.22,82.26,3.02,63.65,322.63,59.824375,22.408604644407806,29.557291666666668,120.28,-0.8660254037844386,0.5000000000000001,0.0,1.0,0,23.58,0.0,89.05,100.0
2018-10-22 20:00:00,2018-10-22 20:15:00,2018-10-22 21:00:00,214.09,62.17,46.15,105.08,2.99,54.94,279.72,60.544375,22.28700208887178,30.173750000000002,120.28,-0.8314696123025455,0.5555702330196018,0.0,1.0,0,32.94,0.0,88.36,100.0
2018-10-22 20:15:00,2018-10-22 20:30:00,2018-10-22 21:15:00,154.01,65.59,62.17,76.18,3.49,58.25,269.13,61.36999999999999,22.213821992174154,30.820624999999996,120.28,-0.7933533402912357,0.6087614290087199,0.0,1.0,0,27.43,0.0,92.26,100.0
2018-10-22 20:30:00,2018-10-22 20:45:00,2018-10-22 21:30:00,88.24000000000001,69.84,65.59,95.22,3.71,54.47,243.75,62.54,22.13599754924092,31.509479166666665,120.28,-0.7518398074789772,0.6593458151000691,0.0,1.0,0,35.78,0.0,89.0,100.0
2018-10-22 20:45:00,2018-10-22 21:00:00,2018-10-22 21:45:00,30.740000000000002,61.6,69.84,46.15,3.24,44.5,259.20000000000005,63.1075,21.987735928239633,32.11739583333333,120.28,-0.7071067811865477,0.7071067811865474,0.0,1.0,0,23.44,0.0,93.46,100.0
2018-10-22 21:00:00,2018-10-22 21:15:00,2018-10-22 22:00:00,17.68,17.06,61.6,62.17,3.28,27.47,214.09,61.548125,24.20192379201238,32.260937500000004,120.28,-0.6593458151000687,0.7518398074789775,0.0,1.0,0,2.27,8.32,99.13,89.88
2018-10-22 21:15:00,2018-10-22 21:30:00,2018-10-22 22:15:00,16.02,5.51,17.06,65.59,3.67,4.5,154.01,58.41375000000001,27.749034189274045,32.28010416666667,120.28,-0.608761429008721,0.7933533402912349,0.0,1.0,0,0.0,15.23,100.0,34.02
2018-10-22 21:30:00,2018-10-22 21:45:00,2018-10-22 22:30:00,15.77,4.07,5.51,69.84,3.31,4.18,88.24000000000001,55.410000000000004,30.709871987685002,32.28802083333334,120.28,-0.555570233019603,0.8314696123025447,0.0,1.0,0,0.0,15.59,100.0,25.26
2018-10-22 21:45:00,2018-10-22 22:00:00,2018-10-22 22:45:00,15.41,4.1,4.07,61.6,3.02,4.1,30.740000000000002,53.66375,32.71783609038807,32.29927083333333,120.28,-0.5000000000000004,0.8660254037844384,0.0,1.0,0,0.0,13.79,100.0,28.5
2018-10-22 22:00:00,2018-10-22 22:15:00,2018-10-22 23:00:00,15.120000000000001,4.0,4.1,17.06,3.06,4.0,17.68,51.996875,34.47882388487715,32.3090625,120.28,-0.4422886902190014,0.8968727415326883,0.0,1.0,0,0.04,13.97,100.0,27.53
2018-10-22 22:15:00,2018-10-22 22:30:00,2018-10-22 23:15:00,15.879999999999999,3.85,4.0,5.51,2.88,3.78,16.02,49.73125,36.327577141030204,32.31916666666667,120.28,-0.38268343236508956,0.9238795325112868,0.0,1.0,0,6.55,0.07,50.67,99.98
2018-10-22 22:30:00,2018-10-22 22:45:00,2018-10-22 23:30:00,16.380000000000003,3.82,3.85,4.07,2.88,3.85,15.77,44.15625,36.10031403516457,32.32895833333333,120.28,-0.32143946530316186,0.9469301294951056,0.0,1.0,0,6.98,0.0,48.01,100.0
2018-10-22 22:45:00,2018-10-22 23:00:00,2018-10-22 23:45:00,16.240000000000002,3.74,3.82,4.1,2.84,3.89,15.41,39.24875,35.92349803314677,32.33833333333333,120.28,-0.25881904510252157,0.9659258262890681,0.0,1.0,0,6.55,0.0,49.59,100.0
2018-10-22 23:00:00,2018-10-22 23:15:00,2018-10-23 00:00:00,17.35,3.71,3.74,4.0,2.81,3.74,15.120000000000001,32.913125,32.5336079536896,32.34770833333334,120.28,-0.19509032201612872,0.9807852804032303,0.0,1.0,0,6.23,0.0,51.17,100.0
2018-10-22 23:15:00,2018-10-22 23:30:00,2018-10-23 00:15:00,16.38,4.61,3.71,3.85,2.81,3.64,15.879999999999999,28.439999999999998,31.168767620809135,32.366458333333334,120.28,-0.13052619222005168,0.9914448613738104,0.0,1.0,0,7.78,0.0,50.98,100.0
2018-10-22 23:30:00,2018-10-22 23:45:00,2018-10-23 00:30:00,15.66,4.32,4.61,3.82,2.81,3.6,16.380000000000003,22.75875,26.397980006763774,32.3821875,120.28,-0.0654031292301428,0.9978589232386035,0.0,1.0,0,7.16,0.0,51.66,100.0
2018-10-22 23:45:00,2018-10-23 00:00:00,2018-10-23 00:45:00,15.77,3.6,4.32,3.74,3.2,3.64,16.240000000000002,20.099375000000002,26.048517584679846,32.38635416666667,120.28,0.0,1.0,0.7818314824680298,0.6234898018587336,0,6.66,0.0,47.55,100.0
2018-10-23 00:00:00,2018-10-23 00:15:00,2018-10-23 01:00:00,14.66,4.82,3.6,3.71,3.67,3.67,17.35,16.515,23.867292211308765,32.39833333333333,120.28,0.06540312923014306,0.9978589232386035,0.7818314824680298,0.6234898018587336,0,7.49,0.0,54.12,100.0
2018-10-23 00:15:00,2018-10-23 00:30:00,2018-10-23 01:15:00,14.73,3.64,4.82,4.61,2.81,3.67,16.38,12.643125,20.359134227279288,32.406979166666666,120.28,0.13052619222005157,0.9914448613738104,0.7818314824680298,0.6234898018587336,0,6.05,0.0,51.55,100.0
2018-10-23 00:30:00,2018-10-23 00:45:00,2018-10-23 01:30:00,14.799999999999999,3.6,3.64,4.32,2.81,4.75,15.66,8.503125,14.07118408252749,32.41520833333333,120.28,0.19509032201612825,0.9807852804032304,0.7818314824680298,0.6234898018587336,0,6.37,0.0,49.2,100.0
2018-10-23 00:45:00,2018-10-23 01:00:00,2018-10-23 01:45:00,14.76,3.71,3.6,3.6,2.88,4.57,15.77,4.885000000000001,3.1840834631020583,32.423854166666665,120.28,0.25881904510252074,0.9659258262890683,0.7818314824680298,0.6234898018587336,0,6.98,0.0,46.93,100.0
2018-10-23 01:00:00,2018-10-23 01:15:00,2018-10-23 02:00:00,14.690000000000001,3.71,3.71,4.82,2.88,3.64,14.66,4.050625,0.5138879832949979,32.4325,120.28,0.3214394653031616,0.9469301294951057,0.7818314824680298,0.6234898018587336,0,6.41,0.0,50.09,100.0
2018-10-23 01:15:00,2018-10-23 01:30:00,2018-10-23 02:15:00,14.690000000000001,3.71,3.71,3.64,2.88,3.74,14.73,3.9381250000000003,0.35435185109577183,32.44114583333334,120.28,0.3826834323650898,0.9238795325112867,0.7818314824680298,0.6234898018587336,0,6.16,0.0,51.59,100.0
2018-10-23 01:30:00,2018-10-23 01:45:00,2018-10-23 02:30:00,14.84,3.67,3.71,3.6,2.84,3.24,14.799999999999999,3.913125,0.3582547757881255,32.44979166666667,120.28,0.44228869021900125,0.8968727415326884,0.7818314824680298,0.6234898018587336,0,6.37,0.0,49.92,100.0
2018-10-23 01:45:00,2018-10-23 02:00:00,2018-10-23 02:45:00,16.03,3.67,3.67,3.71,2.99,3.1,14.76,3.8862500000000004,0.3593548907417291,32.456875000000004,120.28,0.49999999999999994,0.8660254037844387,0.7818314824680298,0.6234898018587336,0,6.98,0.0,46.54,100.0
2018-10-23 02:00:00,2018-10-23 02:15:00,2018-10-23 03:00:00,16.490000000000002,3.64,3.67,3.71,3.53,3.1,14.690000000000001,3.8637500000000005,0.36278221772848795,32.458020833333336,120.28,0.5555702330196022,0.8314696123025452,0.7818314824680298,0.6234898018587336,0,6.59,0.0,48.35,100.0
2018-10-23 02:15:00,2018-10-23 02:30:00,2018-10-23 03:15:00,16.16,3.71,3.64,3.71,3.13,3.1,14.690000000000001,3.855,0.3646916505762095,32.464062500000004,120.28,0.6087614290087207,0.7933533402912352,0.7818314824680298,0.6234898018587336,0,6.16,0.0,51.59,100.0
2018-10-23 02:30:00,2018-10-23 02:45:00,2018-10-23 03:30:00,15.4,3.82,3.71,3.67,2.88,3.17,14.84,3.8550000000000004,0.36469165057620945,32.473854166666676,120.28,0.6593458151000688,0.7518398074789774,0.7818314824680298,0.6234898018587336,0,6.34,0.0,51.61,100.0
2018-10-23 02:45:00,2018-10-23 03:00:00,2018-10-23 03:45:00,13.639999999999999,4.86,3.82,3.67,2.88,3.17,16.03,3.925,0.4363484845854287,32.49447916666667,120.28,0.7071067811865476,0.7071067811865476,0.7818314824680298,0.6234898018587336,0,8.24,0.0,50.8,100.0
2018-10-23 03:00:00,2018-10-23 03:15:00,2018-10-23 04:00:00,12.739999999999998,4.1,4.86,3.64,3.46,3.1,16.490000000000002,3.9493750000000003,0.4345467286437675,32.50114583333334,120.28,0.7518398074789774,0.6593458151000688,0.7818314824680298,0.6234898018587336,0,7.27,0.0,49.12,100.0
2018-10-23 03:15:00,2018-10-23 03:30:00,2018-10-23 04:15:00,12.459999999999999,3.38,4.1,3.71,3.24,3.1,16.16,3.8725,0.41941179048758287,32.502604166666664,120.28,0.7933533402912352,0.6087614290087207,0.7818314824680298,0.6234898018587336,0,6.01,0.0,49.02,100.0
2018-10-23 03:30:00,2018-10-23 03:45:00,2018-10-23 04:30:00,12.42,3.06,3.38,3.82,2.92,3.06,15.4,3.79375,0.4454755184070165,32.5040625,120.28,0.8314696123025451,0.5555702330196024,0.7818314824680298,0.6234898018587336,0,5.9,0.0,46.04,100.0
2018-10-23 03:45:00,2018-10-23 04:00:00,2018-10-23 04:45:00,12.42,3.1,3.06,4.86,2.92,3.1,13.639999999999999,3.7625,0.47455900581487237,32.50593750000001,120.28,0.8660254037844386,0.5000000000000001,0.7818314824680298,0.6234898018587336,0,6.08,0.0,45.42,100.0
2018-10-23 04:00:00,2018-10-23 04:15:00,2018-10-23 05:00:00,12.32,3.2,3.1,4.1,2.95,3.17,12.739999999999998,3.66125,0.40599992302954935,32.50854166666667,120.28,0.8968727415326884,0.44228869021900125,0.7818314824680298,0.6234898018587336,0,6.01,0.0,47.0,100.0
2018-10-23 04:15:00,2018-10-23 04:30:00,2018-10-23 05:15:00,12.32,3.1,3.2,3.38,2.88,3.1,12.459999999999999,3.6275,0.4282011793538173,32.51083333333333,120.28,0.9238795325112867,0.38268343236508984,0.7818314824680298,0.6234898018587336,0,5.94,0.0,46.27,100.0
2018-10-23 04:30:00,2018-10-23 04:45:00,2018-10-23 05:30:00,12.68,3.02,3.1,3.06,2.92,3.1,12.42,3.5912499999999996,0.4528365461179122,32.511875,120.28,0.9469301294951056,0.3214394653031617,0.7818314824680298,0.6234898018587336,0,5.83,0.0,46.0,100.0
2018-10-23 04:45:00,2018-10-23 05:00:00,2018-10-23 05:45:00,13.22,3.1,3.02,3.1,2.92,3.53,12.42,3.553125,0.46670010110883836,32.51375,120.28,0.9659258262890683,0.25881904510252074,0.7818314824680298,0.6234898018587336,0,5.9,0.0,46.51,100.0
2018-10-23 05:00:00,2018-10-23 05:15:00,2018-10-23 06:00:00,14.8,3.1,3.1,3.2,2.88,3.53,12.32,3.515,0.47712681752339176,32.51604166666667,120.28,0.9807852804032304,0.19509032201612833,0.7818314824680298,0.6234898018587336,0,5.98,0.0,46.02,100.0
2018-10-23 05:15:00,2018-10-23 05:30:00,2018-10-23 06:15:00,16.02,3.1,3.1,3.1,2.88,3.2,12.32,3.4768749999999997,0.48433870831784653,32.51833333333334,120.28,0.9914448613738104,0.1305261922200517,0.7818314824680298,0.6234898018587336,0,5.69,0.0,47.84,100.0
2018-10-23 05:30:00,2018-10-23 05:45:00,2018-10-23 06:30:00,15.63,3.38,3.1,3.02,2.84,3.64,12.68,3.4587499999999998,0.48219387957542553,32.52395833333333,120.28,0.9978589232386035,0.06540312923014327,0.7818314824680298,0.6234898018587336,0,5.83,0.0,50.16,100.0
2018-10-23 05:45:00,2018-10-23 06:00:00,2018-10-23 06:45:00,15.05,3.64,3.38,3.1,2.84,3.56,13.22,3.456875,0.48142650983820984,32.53229166666667,120.28,1.0,6.123233995736766e-17,0.7818314824680298,0.6234898018587336,0,5.9,0.0,52.51,100.0
2018-10-23 06:00:00,2018-10-23 06:15:00,2018-10-23 07:00:00,13.32,4.68,3.64,3.1,2.84,3.02,14.8,3.521875,0.5647590055722883,32.551458333333336,120.28,0.9978589232386035,-0.06540312923014314,0.7818314824680298,0.6234898018587336,0,7.96,0.0,50.68,100.0
2018-10-23 06:15:00,2018-10-23 06:30:00,2018-10-23 07:15:00,12.02,4.32,4.68,3.1,2.81,3.06,16.02,3.56,0.5959026766175832,32.5671875,120.28,0.9914448613738104,-0.1305261922200516,0.7818314824680298,0.6234898018587336,0,7.7,0.0,48.93,100.0
2018-10-23 06:30:00,2018-10-23 06:45:00,2018-10-23 07:30:00,12.2,2.99,4.32,3.38,3.89,3.06,15.63,3.5081249999999997,0.6070339647622692,32.557812500000004,120.28,0.9807852804032304,-0.1950903220161282,0.7818314824680298,0.6234898018587336,0,5.65,0.0,46.77,100.0
2018-10-23 06:45:00,2018-10-23 07:00:00,2018-10-23 07:45:00,13.14,3.06,2.99,3.64,4.1,3.1,15.05,3.395625,0.5041449289390898,32.54697916666667,120.28,0.9659258262890683,-0.25881904510252063,0.7818314824680298,0.6234898018587336,0,5.65,0.0,47.62,100.0
2018-10-23 07:00:00,2018-10-23 07:15:00,2018-10-23 08:00:00,14.87,2.95,3.06,4.68,2.84,3.02,13.32,3.32375,0.4799983723930738,32.548125,120.28,0.9469301294951057,-0.3214394653031616,0.7818314824680298,0.6234898018587336,0,5.58,0.0,46.74,100.0
2018-10-23 07:15:00,2018-10-23 07:30:00,2018-10-23 08:15:00,49.18,3.02,2.95,4.32,2.99,2.99,12.02,3.3012500000000005,0.4852431735738278,32.548437500000006,120.28,0.9238795325112868,-0.3826834323650895,0.7818314824680298,0.6234898018587336,0,5.72,0.0,46.69,100.0
2018-10-23 07:30:00,2018-10-23 07:45:00,2018-10-23 08:30:00,127.87,3.17,3.02,2.99,3.6,3.2,12.2,3.3081250000000004,0.4825481679324873,32.543958333333336,120.28,0.8968727415326884,-0.44228869021900113,0.7818314824680298,0.6234898018587336,0,5.62,0.0,49.13,100.0
2018-10-23 07:45:00,2018-10-23 08:00:00,2018-10-23 08:45:00,210.85000000000002,4.0,3.17,3.06,3.92,5.04,13.14,3.364375,0.506852650555366,32.54479166666667,120.28,0.8660254037844387,-0.4999999999999998,0.7818314824680298,0.6234898018587336,0,6.98,0.0,49.72,100.0
2018-10-23 08:00:00,2018-10-23 08:15:00,2018-10-23 09:00:00,274.93,4.68,4.0,2.95,3.96,5.33,14.87,3.456875,0.5956794308812416,32.55229166666667,120.28,0.8314696123025451,-0.5555702330196023,0.7818314824680298,0.6234898018587336,0,6.84,0.0,56.47,100.0
2018-10-23 08:15:00,2018-10-23 08:30:00,2018-10-23 09:15:00,304.45000000000005,37.33,4.68,3.02,13.5,46.84,49.18,5.59625,8.214726771932222,32.80052083333334,120.28,0.7933533402912352,-0.6087614290087207,0.7818314824680298,0.6234898018587336,0,29.02,0.0,78.95,100.0
2018-10-23 08:30:00,2018-10-23 08:45:00,2018-10-23 09:30:00,289.26,81.86,37.33,3.17,43.52,80.82,127.87,10.52375,20.156801232772526,33.199895833333336,120.28,0.7518398074789774,-0.6593458151000688,0.7818314824680298,0.6234898018587336,0,65.52,0.0,78.07,100.0
2018-10-23 08:45:00,2018-10-23 09:00:00,2018-10-23 09:45:00,258.76000000000005,86.98,81.86,4.0,48.35,92.74,210.85000000000002,15.76625,27.216092866859125,33.602291666666666,120.28,0.7071067811865476,-0.7071067811865475,0.7818314824680298,0.6234898018587336,0,66.53,0.0,79.43,100.0
2018-10-23 09:00:00,2018-10-23 09:15:00,2018-10-23 10:00:00,236.61999999999998,68.76,86.98,4.68,61.13,122.8,274.93,19.87,29.822289063718767,33.68177083333334,120.28,0.659345815100069,-0.7518398074789773,0.7818314824680298,0.6234898018587336,0,42.16,0.0,85.25,100.0
2018-10-23 09:15:00,2018-10-23 09:30:00,2018-10-23 10:15:00,222.01000000000002,66.85,68.76,37.33,47.41,104.22,304.45000000000005,23.854374999999997,31.52557136055388,33.88427083333334,120.28,0.6087614290087209,-0.793353340291235,0.7818314824680298,0.6234898018587336,0,40.64,0.0,85.45,100.0
2018-10-23 09:30:00,2018-10-23 09:45:00,2018-10-23 10:30:00,202.36,66.67,66.85,81.86,48.38,110.52,289.26,27.81,32.65866328403537,34.07479166666667,120.28,0.5555702330196025,-0.831469612302545,0.7818314824680298,0.6234898018587336,0,37.62,0.0,87.09,100.0
2018-10-23 09:45:00,2018-10-23 10:00:00,2018-10-23 10:45:00,190.2,56.48,66.67,86.98,49.1,88.63,258.76000000000005,31.112499999999997,32.71915388957972,34.15166666666667,120.28,0.49999999999999994,-0.8660254037844387,0.7818314824680298,0.6234898018587336,0,32.76,0.0,86.5,100.0
2018-10-23 10:00:00,2018-10-23 10:15:00,2018-10-23 11:00:00,191.75,46.62,56.48,68.76,53.6,114.62,236.61999999999998,33.73375,32.171958650935444,34.07895833333334,120.28,0.4422886902190017,-0.8968727415326881,0.7818314824680298,0.6234898018587336,0,23.72,0.0,89.13,100.0
2018-10-23 10:15:00,2018-10-23 10:30:00,2018-10-23 11:15:00,193.51,52.24,46.62,66.85,49.39,94.75,222.01000000000002,36.72875,31.518200074520436,34.108645833333334,120.28,0.3826834323650899,-0.9238795325112867,0.7818314824680298,0.6234898018587336,0,25.74,0.0,89.7,100.0
2018-10-23 10:30:00,2018-10-23 10:45:00,2018-10-23 11:30:00,208.81,47.02,52.24,66.67,40.75,77.69,202.36,39.480625,30.35291634850554,34.17395833333333,120.28,0.32143946530316175,-0.9469301294951056,0.7818314824680298,0.6234898018587336,0,25.34,0.0,88.03,100.0
2018-10-23 10:45:00,2018-10-23 11:00:00,2018-10-23 11:45:00,233.54000000000002,44.32,47.02,56.48,41.94,115.16,190.2,42.059375,28.865367325904153,34.198750000000004,120.28,0.258819045102521,-0.9659258262890682,0.7818314824680298,0.6234898018587336,0,22.5,0.0,89.17,100.0
2018-10-23 11:00:00,2018-10-23 11:15:00,2018-10-23 12:00:00,276.67,48.17,44.32,46.62,63.97,62.17,191.75,44.885625,27.054741259331518,34.03416666666667,120.28,0.19509032201612816,-0.9807852804032304,0.7818314824680298,0.6234898018587336,0,25.31,0.0,88.52,100.0
2018-10-23 11:15:00,2018-10-23 11:30:00,2018-10-23 12:15:00,235.52,54.0,48.17,52.24,58.1,54.61,193.51,48.071875000000006,24.848604895131942,33.991458333333334,120.28,0.130526192220052,-0.9914448613738104,0.7818314824680298,0.6234898018587336,0,33.16,0.0,85.22,100.0
2018-10-23 11:30:00,2018-10-23 11:45:00,2018-10-23 12:30:00,178.01999999999998,62.32,54.0,47.02,94.0,63.0,208.81,51.768750000000004,22.146403735990635,33.661458333333336,120.28,0.06540312923014312,-0.9978589232386035,0.7818314824680298,0.6234898018587336,0,39.6,0.0,84.4,100.0
2018-10-23 11:45:00,2018-10-23 12:00:00,2018-10-23 12:45:00,113.61,69.05,62.32,44.32,88.42,64.55,233.54000000000002,55.834375,18.707836582816704,33.4596875,120.28,1.2246467991473532e-16,-1.0,0.7818314824680298,0.6234898018587336,0,37.3,0.0,87.98,100.0
2018-10-23 12:00:00,2018-10-23 12:15:00,2018-10-23 13:00:00,26.560000000000002,91.3,69.05,48.17,112.61,44.14,276.67,61.248125,15.353810283912427,33.23770833333333,120.28,-0.06540312923014287,-0.9978589232386035,0.7818314824680298,0.6234898018587336,0,56.38,0.0,85.08,100.0
2018-10-23 12:15:00,2018-10-23 12:30:00,2018-10-23 13:15:00,62.06,12.85,91.3,54.0,5.44,13.75,235.52,59.718125,18.54838140470416,33.31489583333333,120.28,-0.13052619222005177,-0.9914448613738104,0.7818314824680298,0.6234898018587336,0,3.6,8.32,96.29,83.94
2018-10-23 12:30:00,2018-10-23 12:45:00,2018-10-23 13:30:00,147.13,4.82,12.85,62.32,5.26,5.08,178.01999999999998,54.903125,21.876461585100433,33.3103125,120.28,-0.19509032201612792,-0.9807852804032305,0.7818314824680298,0.6234898018587336,0,0.0,15.23,100.0,30.17
2018-10-23 12:45:00,2018-10-23 13:00:00,2018-10-23 13:45:00,238.9,4.64,4.82,69.05,4.61,5.51,113.61,49.756875,23.35993731764653,33.310625,120.28,-0.2588190451025208,-0.9659258262890683,0.7818314824680298,0.6234898018587336,0,0.0,12.38,100.0,35.1
2018-10-23 13:00:00,2018-10-23 13:15:00,2018-10-23 14:00:00,290.41,4.25,4.64,91.3,4.46,5.8,26.560000000000002,45.724999999999994,25.22479856212929,33.308437500000004,120.28,-0.32143946530316153,-0.9469301294951057,0.7818314824680298,0.6234898018587336,0,0.0,10.37,100.0,37.92
2018-10-23 13:15:00,2018-10-23 13:30:00,2018-10-23 14:15:00,306.43,48.35,4.25,12.85,25.56,34.74,62.06,44.568749999999994,24.64736519260223,33.545833333333334,120.28,-0.38268343236508967,-0.9238795325112868,0.7818314824680298,0.6234898018587336,0,26.32,2.74,87.83,99.84
2018-10-23 13:30:00,2018-10-23 13:45:00,2018-10-23 14:30:00,335.02,89.89,48.35,4.82,63.11,71.35,147.13,46.019999999999996,26.51854799003897,33.82479166666667,120.28,-0.44228869021900147,-0.8968727415326883,0.7818314824680298,0.6234898018587336,0,57.2,0.0,84.37,100.0
2018-10-23 13:45:00,2018-10-23 14:00:00,2018-10-23 14:45:00,348.84000000000003,96.41,89.89,4.64,120.28,54.83,238.9,48.515625,29.135271143570552,33.576145833333335,105.73,-0.4999999999999997,-0.8660254037844388,0.7818314824680298,0.6234898018587336,0,62.96,0.0,83.73,100.0
2018-10-23 14:00:00,2018-10-23 14:15:00,2018-10-23 15:00:00,348.52000000000004,55.76,96.41,4.25,85.97,63.5,290.41,49.08687499999999,29.182069348906275,33.26145833333333,105.73,-0.555570233019602,-0.8314696123025455,0.7818314824680298,0.6234898018587336,0,32.65,0.0,86.29,100.0
2018-10-23 14:15:00,2018-10-23 14:30:00,2018-10-23 15:15:00,362.63,64.37,55.76,48.35,99.97,70.45,306.43,49.845,29.410804137255408,32.890625,105.73,-0.6087614290087207,-0.7933533402912352,0.7818314824680298,0.6234898018587336,0,35.82,0.0,87.38,100.0
2018-10-23 14:30:00,2018-10-23 14:45:00,2018-10-23 15:30:00,328.25,118.48,64.37,89.89,105.73,56.74,335.02,54.31125,33.74865809832296,33.0234375,118.48,-0.6593458151000688,-0.7518398074789774,0.7818314824680298,0.6234898018587336,0,67.07,0.0,87.02,100.0
2018-10-23 14:45:00,2018-10-23 15:00:00,2018-10-23 15:45:00,271.52,110.23,118.48,96.41,92.56,64.22,348.84000000000003,58.430625,36.21043038075321,33.2075,118.48,-0.7071067811865471,-0.7071067811865479,0.7818314824680298,0.6234898018587336,0,56.52,0.0,88.98,100.0
2018-10-23 15:00:00,2018-10-23 15:15:00,2018-10-23 16:00:00,290.59999999999997,55.44,110.23,55.76,65.63,57.02,348.52000000000004,58.885,36.124337710192,33.10135416666666,118.48,-0.7518398074789773,-0.6593458151000691,0.7818314824680298,0.6234898018587336,0,36.5,0.0,83.52,100.0
2018-10-23 15:15:00,2018-10-23 15:30:00,2018-10-23 16:15:00,270.76,78.48,55.44,64.37,40.43,59.8,362.63,60.415,36.40237869974983,33.49770833333333,118.48,-0.7933533402912349,-0.6087614290087209,0.7818314824680298,0.6234898018587336,0,50.9,0.0,83.9,100.0
2018-10-23 15:30:00,2018-10-23 15:45:00,2018-10-23 16:30:00,233.45999999999998,84.1,78.48,118.48,47.84,59.94,328.25,61.776250000000005,36.85260589073044,33.875416666666666,118.48,-0.8314696123025452,-0.5555702330196022,0.7818314824680298,0.6234898018587336,0,56.95,0.0,82.8,100.0
2018-10-23 15:45:00,2018-10-23 16:00:00,2018-10-23 16:45:00,224.52999999999997,53.5,84.1,110.23,46.51,68.8,271.52,60.804375,36.85300970896916,33.948229166666664,118.48,-0.8660254037844385,-0.5000000000000004,0.7818314824680298,0.6234898018587336,0,35.21,0.0,83.53,100.0
2018-10-23 16:00:00,2018-10-23 16:15:00,2018-10-23 17:00:00,216.75,74.52,53.5,55.44,50.65,56.63,290.59999999999997,59.755625,36.20328575708806,34.196875,118.48,-0.8968727415326883,-0.44228869021900136,0.7818314824680298,0.6234898018587336,0,52.06,0.0,81.98,100.0
2018-10-23 16:15:00,2018-10-23 16:30:00,2018-10-23 17:15:00,213.48000000000002,58.64,74.52,78.48,52.38,58.64,270.76,62.61750000000001,34.132927742137795,34.26208333333333,118.48,-0.9238795325112868,-0.3826834323650895,0.7818314824680298,0.6234898018587336,0,39.78,0.0,82.76,100.0
2018-10-23 16:30:00,2018-10-23 16:45:00,2018-10-23 17:30:00,218.12,46.8,58.64,84.1,51.12,59.26,233.45999999999998,65.24125000000001,31.064856927684378,34.217083333333335,118.48,-0.9469301294951056,-0.3214394653031618,0.7818314824680298,0.6234898018587336,0,26.42,0.0,87.08,100.0
2018-10-23 16:45:00,2018-10-23 17:00:00,2018-10-23 17:45:00,204.54999999999998,44.57,46.8,53.5,52.52,69.41,224.52999999999997,67.736875,27.494936060743534,34.13427083333333,118.48,-0.9659258262890683,-0.25881904510252063,0.7818314824680298,0.6234898018587336,0,23.33,0.0,88.6,100.0
2018-10-23 17:00:00,2018-10-23 17:15:00,2018-10-23 18:00:00,168.91,66.74,44.57,74.52,42.01,65.84,216.75,71.6425,22.110365357677836,34.391875,118.48,-0.9807852804032303,-0.19509032201612866,0.7818314824680298,0.6234898018587336,0,38.41,0.0,86.67,100.0
2018-10-23 17:15:00,2018-10-23 17:30:00,2018-10-23 18:15:00,187.58999999999997,55.37,66.74,58.64,55.66,53.86,213.48000000000002,72.08125000000001,21.709827519754736,34.38885416666667,118.48,-0.9914448613738104,-0.13052619222005163,0.7818314824680298,0.6234898018587336,0,35.14,0.0,84.43,100.0
2018-10-23 17:30:00,2018-10-23 17:45:00,2018-10-23 18:30:00,261.43,51.44,55.37,46.8,52.13,52.27,218.12,69.678125,21.73357892143802,34.38166666666667,118.48,-0.9978589232386035,-0.06540312923014273,0.7818314824680298,0.6234898018587336,0,29.52,0.0,86.73,100.0
2018-10-23 17:45:00,2018-10-23 18:00:00,2018-10-23 18:45:00,306.07,31.0,51.44,44.57,32.04,29.92,204.54999999999998,65.59,22.46048641503563,34.37083333333333,118.48,-1.0,-1.8369701987210297e-16,0.7818314824680298,0.6234898018587336,0,1.19,1.08,99.93,99.94
2018-10-23 18:00:00,2018-10-23 18:15:00,2018-10-23 19:00:00,321.98999999999995,31.1,31.0,66.74,30.67,30.06,168.91,64.04875,23.883178147757054,34.3753125,118.48,-0.9978589232386036,0.06540312923014237,0.7818314824680298,0.6234898018587336,0,6.59,0.4,97.83,99.99
2018-10-23 18:15:00,2018-10-23 18:30:00,2018-10-23 19:15:00,311.52000000000004,74.05,31.1,55.37,40.1,40.61,187.58999999999997,64.65375,24.00594272128258,34.72895833333333,118.48,-0.9914448613738105,0.13052619222005127,0.7818314824680298,0.6234898018587336,0,50.69,0.0,82.52,100.0
2018-10-23 18:30:00,2018-10-23 18:45:00,2018-10-23 19:30:00,245.5,125.28,74.05,51.44,93.02,51.95,261.43,65.07875,24.99493895646677,35.065000000000005,125.28,-0.9807852804032304,0.1950903220161283,0.7818314824680298,0.6234898018587336,0,80.46,0.0,84.14,100.0
2018-10-23 18:45:00,2018-10-23 19:00:00,2018-10-23 19:45:00,240.59999999999997,75.64,125.28,31.0,82.26,72.76,306.07,62.91687499999999,22.35240051950517,34.99604166666666,125.28,-0.9659258262890684,0.2588190451025203,0.7818314824680298,0.6234898018587336,0,41.58,0.0,87.63,100.0
2018-10-23 19:00:00,2018-10-23 19:15:00,2018-10-23 20:00:00,245.17,47.02,75.64,31.1,105.08,61.27,321.98999999999995,62.390625,22.619754770098083,34.39125,125.28,-0.9469301294951057,0.3214394653031615,0.7818314824680298,0.6234898018587336,0,31.28,0.0,83.26,100.0
2018-10-23 19:15:00,2018-10-23 19:30:00,2018-10-23 20:15:00,242.79000000000002,63.58,47.02,74.05,76.18,72.11,311.52000000000004,61.459375,22.241745510624273,34.26,125.28,-0.923879532511287,0.38268343236508917,0.7818314824680298,0.6234898018587336,0,41.8,0.0,83.56,100.0
2018-10-23 19:30:00,2018-10-23 19:45:00,2018-10-23 20:30:00,239.04,59.26,63.58,125.28,95.22,61.78,245.5,59.906875,21.46042745344032,33.885416666666664,125.28,-0.8968727415326884,0.442288690219001,0.7818314824680298,0.6234898018587336,0,41.8,0.0,81.72,100.0
2018-10-23 19:45:00,2018-10-23 20:00:00,2018-10-23 20:45:00,231.05,70.74,59.26,75.64,46.15,61.16,240.59999999999997,60.98437499999999,21.54433161203603,34.1415625,125.28,-0.8660254037844386,0.5000000000000001,0.7818314824680298,0.6234898018587336,0,46.4,0.0,83.62,100.0
2018-10-23 20:00:00,2018-10-23 20:15:00,2018-10-23 21:00:00,213.55,51.59,70.74,47.02,62.17,66.78,245.17,59.551249999999996,21.358123710604826,34.03135416666667,125.28,-0.8314696123025455,0.5555702330196018,0.7818314824680298,0.6234898018587336,0,34.2,0.0,83.35,100.0
2018-10-23 20:15:00,2018-10-23 20:30:00,2018-10-23 21:15:00,185.32999999999998,61.2,51.59,63.58,65.59,52.31,242.79000000000002,59.71125,21.3602867124367,33.985625,125.28,-0.7933533402912357,0.6087614290087199,0.7818314824680298,0.6234898018587336,0,40.18,0.0,83.59,100.0
2018-10-23 20:30:00,2018-10-23 20:45:00,2018-10-23 21:30:00,159.81,55.51,61.2,59.26,69.84,60.48,239.04,60.255624999999995,21.134093004181064,33.836354166666666,125.28,-0.7518398074789772,0.6593458151000691,0.7818314824680298,0.6234898018587336,0,36.14,0.0,83.8,100.0
2018-10-23 20:45:00,2018-10-23 21:00:00,2018-10-23 21:45:00,126.93999999999998,62.75,55.51,70.74,61.6,45.4,231.05,61.39187499999999,20.745367319822876,33.84833333333333,125.28,-0.7071067811865477,0.7071067811865474,0.7818314824680298,0.6234898018587336,0,39.2,0.0,84.81,100.0
2018-10-23 21:00:00,2018-10-23 21:15:00,2018-10-23 22:00:00,130.32999999999998,34.09,62.75,51.59,17.06,21.31,213.55,59.35124999999999,21.702660803171117,34.02572916666666,125.28,-0.6593458151000687,0.7518398074789775,0.7818314824680298,0.6234898018587336,0,8.71,0.0,96.89,100.0
2018-10-23 21:15:00,2018-10-23 21:30:00,2018-10-23 22:15:00,159.85,32.98,34.09,61.2,5.51,6.77,185.32999999999998,57.951875,22.616846933964403,34.31187499999999,125.28,-0.608761429008721,0.7933533402912349,0.7818314824680298,0.6234898018587336,0,8.32,0.0,96.96,100.0
2018-10-23 21:30:00,2018-10-23 21:45:00,2018-10-23 22:30:00,222.85000000000002,29.99,32.98,55.51,4.07,4.03,159.81,56.61125,23.57839818430209,34.581875,125.28,-0.555570233019603,0.8314696123025447,0.7818314824680298,0.6234898018587336,0,6.44,0.0,97.77,100.0
2018-10-23 21:45:00,2018-10-23 22:00:00,2018-10-23 22:45:00,269.06999999999994,29.88,29.99,62.75,4.1,4.07,126.93999999999998,56.54124999999999,23.655864726056837,34.85041666666667,125.28,-0.5000000000000004,0.8660254037844384,0.7818314824680298,0.6234898018587336,0,7.45,0.0,97.03,100.0
2018-10-23 22:00:00,2018-10-23 22:15:00,2018-10-23 23:00:00,302.76,37.48,29.88,34.09,4.0,3.96,130.32999999999998,56.94,23.27435418008414,35.19916666666666,125.28,-0.4422886902190014,0.8968727415326883,0.7818314824680298,0.6234898018587336,0,11.2,0.0,95.81,100.0
2018-10-23 22:15:00,2018-10-23 22:30:00,2018-10-23 23:15:00,272.59,62.5,37.48,32.98,3.85,3.74,159.85,56.218125,22.90872219776509,35.81010416666666,125.28,-0.38268343236508956,0.9238795325112868,0.7818314824680298,0.6234898018587336,0,42.7,0.0,82.57,100.0
2018-10-23 22:30:00,2018-10-23 22:45:00,2018-10-23 23:30:00,197.52999999999997,92.99,62.5,29.99,3.82,3.67,222.85000000000002,54.2,17.525723594191483,36.738958333333336,125.28,-0.32143946530316186,0.9469301294951056,0.7818314824680298,0.6234898018587336,0,50.83,0.0,87.75,100.0
2018-10-23 22:45:00,2018-10-23 23:00:00,2018-10-23 23:45:00,127.80000000000001,76.1,92.99,29.88,3.74,3.74,269.06999999999994,54.228750000000005,17.561212541777973,37.49270833333333,125.28,-0.25881904510252157,0.9659258262890681,0.7818314824680298,0.6234898018587336,0,44.14,0.0,86.5,100.0
2018-10-23 23:00:00,2018-10-23 23:15:00,2018-10-24 00:00:00,59.55,71.17,76.1,37.48,3.71,4.75,302.76,55.738125,17.911112897706133,38.19541666666667,125.28,-0.19509032201612872,0.9807852804032303,0.7818314824680298,0.6234898018587336,0,41.94,0.0,86.15,100.0
2018-10-23 23:15:00,2018-10-23 23:30:00,2018-10-24 00:15:00,32.08,32.33,71.17,62.5,4.61,3.96,272.59,53.785,18.638564858915505,38.48416666666667,125.28,-0.13052619222005168,0.9914448613738104,0.7818314824680298,0.6234898018587336,0,27.32,0.0,76.38,100.0
2018-10-23 23:30:00,2018-10-23 23:45:00,2018-10-24 00:30:00,19.049999999999997,17.93,32.33,92.99,4.32,3.64,197.52999999999997,51.201875,20.47434743122171,38.6259375,125.28,-0.0654031292301428,0.9978589232386035,0.7818314824680298,0.6234898018587336,0,16.52,0.0,73.54,100.0
2018-10-23 23:45:00,2018-10-24 00:00:00,2018-10-24 00:45:00,16.57,6.37,17.93,76.1,3.6,3.64,127.80000000000001,47.17875,22.467160166284923,38.65479166666667,125.28,0.0,1.0,0.9749279121818236,-0.22252093395631434,0,7.92,0.0,62.67,100.0
2018-10-24 00:00:00,2018-10-24 00:15:00,2018-10-24 01:00:00,17.470000000000002,2.92,6.37,71.17,4.82,4.07,59.55,44.136874999999996,24.83407732299259,38.635,125.28,0.06540312923014306,0.9978589232386035,0.9749279121818236,-0.22252093395631434,0,5.11,0.0,49.61,100.0
2018-10-24 00:15:00,2018-10-24 00:30:00,2018-10-24 01:15:00,16.35,4.86,2.92,32.33,3.64,3.71,32.08,40.615625,26.12570309311072,38.647708333333334,125.28,0.13052619222005157,0.9914448613738104,0.9749279121818236,-0.22252093395631434,0,7.92,0.0,52.3,100.0
2018-10-24 00:30:00,2018-10-24 00:45:00,2018-10-24 01:30:00,15.19,4.9,4.86,17.93,3.6,3.67,19.049999999999997,37.4525,27.173649345459655,38.66125,125.28,0.19509032201612825,0.9807852804032304,0.9749279121818236,-0.22252093395631434,0,8.1,0.0,51.76,100.0
2018-10-24 00:45:00,2018-10-24 01:00:00,2018-10-24 01:45:00,15.08,3.89,4.9,6.37,3.71,3.67,16.57,33.77375,27.482337708744865,38.663125,125.28,0.25881904510252074,0.9659258262890683,0.9749279121818236,-0.22252093395631434,0,6.73,0.0,50.04,100.0
2018-10-24 01:00:00,2018-10-24 01:15:00,2018-10-24 02:00:00,15.0,3.82,3.89,2.92,3.71,3.67,17.470000000000002,31.881875,28.421297300341077,38.66427083333334,125.28,0.3214394653031616,0.9469301294951057,0.9749279121818236,-0.22252093395631434,0,6.3,0.0,51.85,100.0
2018-10-24 01:15:00,2018-10-24 01:30:00,2018-10-24 02:15:00,15.04,3.74,3.82,4.86,3.71,3.67,16.35,30.054375,29.220760378699506,38.66458333333333,125.28,0.3826834323650898,0.9238795325112867,0.9749279121818236,-0.22252093395631434,0,6.48,0.0,49.99,100.0
2018-10-24 01:30:00,2018-10-24 01:45:00,2018-10-24 02:30:00,15.079999999999998,3.74,3.74,4.9,3.67,3.71,15.19,28.41375,29.907170100788537,38.665312500000006,125.28,0.44228869021900125,0.8968727415326884,0.9749279121818236,-0.22252093395631434,0,7.06,0.0,46.81,100.0
2018-10-24 01:45:00,2018-10-24 02:00:00,2018-10-24 02:45:00,15.079999999999998,3.78,3.74,3.89,3.67,4.07,15.08,26.7825,30.48884765369134,38.66645833333334,125.28,0.49999999999999994,0.8660254037844387,0.9749279121818236,-0.22252093395631434,0,6.95,0.0,47.78,100.0
2018-10-24 02:00:00,2018-10-24 02:15:00,2018-10-24 03:00:00,15.12,3.74,3.78,3.82,3.64,4.86,15.0,24.673750000000002,30.84080938363162,38.6675,125.28,0.5555702330196022,0.8314696123025452,0.9749279121818236,-0.22252093395631434,0,6.26,0.0,51.29,100.0
2018-10-24 02:15:00,2018-10-24 02:30:00,2018-10-24 03:15:00,15.08,3.78,3.74,3.74,3.71,4.28,15.04,21.00375,29.5895986528628,38.66822916666667,125.28,0.6087614290087207,0.7933533402912352,0.9749279121818236,-0.22252093395631434,0,6.12,0.0,52.55,100.0
2018-10-24 02:30:00,2018-10-24 02:45:00,2018-10-24 03:30:00,15.08,3.78,3.78,3.74,3.82,3.71,15.079999999999998,15.428125,23.21899201589886,38.667812500000004,125.28,0.6593458151000688,0.7518398074789774,0.9749279121818236,-0.22252093395631434,0,6.52,0.0,50.16,100.0
2018-10-24 02:45:00,2018-10-24 03:00:00,2018-10-24 03:45:00,15.12,3.78,3.78,3.78,4.86,3.71,15.079999999999998,10.908125,17.23670038709193,38.6565625,125.28,0.7071067811865476,0.7071067811865476,0.9749279121818236,-0.22252093395631434,0,7.16,0.0,46.69,100.0
2018-10-24 03:00:00,2018-10-24 03:15:00,2018-10-24 04:00:00,16.02,3.78,3.78,3.74,4.1,3.78,15.12,6.696250000000001,7.454611722786104,38.65322916666667,125.28,0.7518398074789774,0.6593458151000688,0.9749279121818236,-0.22252093395631434,0,6.44,0.0,50.62,100.0
2018-10-24 03:15:00,2018-10-24 03:30:00,2018-10-24 04:15:00,17.0,3.74,3.78,3.78,3.38,3.71,15.08,4.909375000000001,3.44332047003688,38.656979166666666,125.28,0.7933533402912352,0.6087614290087207,0.9749279121818236,-0.22252093395631434,0,6.16,0.0,51.9,100.0
2018-10-24 03:30:00,2018-10-24 03:45:00,2018-10-24 04:30:00,16.419999999999998,3.78,3.74,3.78,3.06,3.28,15.08,4.025,0.7470023427004765,38.664479166666666,125.28,0.8314696123025451,0.5555702330196024,0.9749279121818236,-0.22252093395631434,0,6.55,0.0,49.98,100.0
2018-10-24 03:45:00,2018-10-24 04:00:00,2018-10-24 04:45:00,15.839999999999998,3.82,3.78,3.78,3.1,3.06,15.12,3.865625,0.4376638086191273,38.67197916666667,125.28,0.8660254037844386,0.5000000000000001,0.9749279121818236,-0.22252093395631434,0,7.02,0.0,47.8,100.0
2018-10-24 04:00:00,2018-10-24 04:15:00,2018-10-24 05:00:00,14.4,4.68,3.82,3.78,3.2,3.13,16.02,3.975625,0.40621682556856265,38.68739583333333,125.28,0.8968727415326884,0.44228869021900125,0.9749279121818236,-0.22252093395631434,0,8.24,0.0,49.39,100.0
2018-10-24 04:15:00,2018-10-24 04:30:00,2018-10-24 05:15:00,12.85,4.72,4.68,3.74,3.1,3.17,17.0,3.966875,0.3881803503205694,38.70427083333333,125.28,0.9238795325112867,0.38268343236508984,0.9749279121818236,-0.22252093395631434,0,8.14,0.0,50.16,100.0
2018-10-24 04:30:00,2018-10-24 04:45:00,2018-10-24 05:30:00,12.780000000000001,3.2,4.72,3.78,3.02,3.13,16.419999999999998,3.8606249999999998,0.34889949752758304,38.70614583333333,125.28,0.9469301294951056,0.3214394653031617,0.9749279121818236,-0.22252093395631434,0,5.98,0.0,47.18,100.0
2018-10-24 04:45:00,2018-10-24 05:00:00,2018-10-24 05:45:00,12.669999999999998,3.24,3.2,3.82,3.1,3.1,15.839999999999998,3.8200000000000003,0.379605057922046,38.70760416666666,125.28,0.9659258262890683,0.25881904510252074,0.9749279121818236,-0.22252093395631434,0,5.98,0.0,47.64,100.0
2018-10-24 05:00:00,2018-10-24 05:15:00,2018-10-24 06:00:00,12.559999999999999,3.24,3.24,4.68,3.1,3.06,14.4,3.78375,0.40473563902873677,38.709062499999995,125.28,0.9807852804032304,0.19509032201612833,0.9749279121818236,-0.22252093395631434,0,6.08,0.0,47.03,100.0
2018-10-24 05:15:00,2018-10-24 05:30:00,2018-10-24 06:15:00,12.59,3.17,3.24,4.72,3.1,3.56,12.85,3.748125,0.43123686574201875,38.70979166666667,125.28,0.9914448613738104,0.1305261922200517,0.9749279121818236,-0.22252093395631434,0,5.87,0.0,47.52,100.0
2018-10-24 05:30:00,2018-10-24 05:45:00,2018-10-24 06:30:00,12.56,3.13,3.17,3.2,3.38,3.67,12.780000000000001,3.71,0.4564947973416563,38.707187499999996,125.28,0.9978589232386035,0.06540312923014327,0.9749279121818236,-0.22252093395631434,0,5.69,0.0,48.2,100.0
2018-10-24 05:45:00,2018-10-24 06:00:00,2018-10-24 06:45:00,12.85,3.13,3.13,3.24,3.64,3.78,12.669999999999998,3.669375,0.4769233265159086,38.701875,125.28,1.0,6.123233995736766e-17,0.9749279121818236,-0.22252093395631434,0,5.47,0.0,49.67,100.0
2018-10-24 06:00:00,2018-10-24 06:15:00,2018-10-24 07:00:00,13.46,3.13,3.13,3.24,4.68,3.67,12.559999999999999,3.6312499999999996,0.49383543564632937,38.68572916666667,125.28,0.9978589232386035,-0.06540312923014314,0.9749279121818236,-0.22252093395631434,0,5.76,0.0,47.75,100.0
2018-10-24 06:15:00,2018-10-24 06:30:00,2018-10-24 07:15:00,13.9,3.2,3.13,3.17,4.32,3.6,12.59,3.5949999999999998,0.5027922035990613,38.6740625,125.28,0.9914448613738104,-0.1305261922200516,0.9749279121818236,-0.22252093395631434,0,6.08,0.0,46.57,100.0
2018-10-24 06:30:00,2018-10-24 06:45:00,2018-10-24 07:30:00,14.58,3.1,3.2,3.13,2.99,3.24,12.56,3.5524999999999998,0.5139734915343397,38.67520833333333,125.28,0.9807852804032304,-0.1950903220161282,0.9749279121818236,-0.22252093395631434,0,5.83,0.0,46.95,100.0
2018-10-24 06:45:00,2018-10-24 07:00:00,2018-10-24 07:45:00,16.560000000000002,3.42,3.1,3.13,3.06,3.02,12.85,3.5300000000000002,0.5113951505440777,38.678958333333334,125.28,0.9659258262890683,-0.25881904510252063,0.9749279121818236,-0.22252093395631434,0,6.26,0.0,47.94,100.0
2018-10-24 07:00:00,2018-10-24 07:15:00,2018-10-24 08:00:00,17.0,3.74,3.42,3.13,2.95,3.1,13.46,3.5275,0.5102634123665932,38.6871875,125.28,0.9469301294951057,-0.3214394653031616,0.9749279121818236,-0.22252093395631434,0,6.91,0.0,47.6,100.0
2018-10-24 07:15:00,2018-10-24 07:30:00,2018-10-24 08:15:00,47.519999999999996,3.64,3.74,3.2,3.02,3.02,13.9,3.52125,0.5082306931896183,38.693645833333335,125.28,0.9238795325112868,-0.3826834323650895,0.9749279121818236,-0.22252093395631434,0,7.34,0.0,44.43,100.0
2018-10-24 07:30:00,2018-10-24 07:45:00,2018-10-24 08:30:00,102.49,3.78,3.64,3.1,3.17,3.49,14.58,3.5212499999999998,0.5082306931896183,38.699999999999996,125.28,0.8968727415326884,-0.44228869021900113,0.9749279121818236,-0.22252093395631434,0,6.34,0.0,51.21,100.0
2018-10-24 07:45:00,2018-10-24 08:00:00,2018-10-24 08:45:00,166.07,5.4,3.78,3.42,4.0,4.82,16.560000000000002,3.62,0.6808634224277289,38.71458333333333,125.28,0.8660254037844387,-0.4999999999999998,0.9749279121818236,-0.22252093395631434,0,7.42,0.0,58.84,100.0
2018-10-24 08:00:00,2018-10-24 08:15:00,2018-10-24 09:00:00,206.1,4.18,5.4,3.74,4.68,5.18,17.0,3.58875,0.6418515696794704,38.709375,125.28,0.8314696123025451,-0.5555702330196023,0.9749279121818236,-0.22252093395631434,0,6.66,0.0,53.16,100.0
2018-10-24 08:15:00,2018-10-24 08:30:00,2018-10-24 09:15:00,215.79,34.16,4.18,3.64,37.33,31.5,47.519999999999996,5.42875,7.44036110934812,38.67635416666667,125.28,0.7933533402912352,-0.6087614290087207,0.9749279121818236,-0.22252093395631434,0,31.86,0.0,73.13,100.0
2018-10-24 08:30:00,2018-10-24 08:45:00,2018-10-24 09:30:00,223.57,58.75,34.16,3.78,81.86,63.5,102.49,8.900625000000002,14.855700281689012,38.435624999999995,125.28,0.7518398074789774,-0.6593458151000688,0.9749279121818236,-0.22252093395631434,0,55.84,0.0,72.48,100.0
2018-10-24 08:45:00,2018-10-24 09:00:00,2018-10-24 09:45:00,207.26,68.98,58.75,5.4,86.98,66.6,166.07,13.009375000000002,20.673728337176506,38.248124999999995,125.28,0.7071067811865476,-0.7071067811865475,0.9749279121818236,-0.22252093395631434,0,58.54,0.0,76.24,100.0
2018-10-24 09:00:00,2018-10-24 09:15:00,2018-10-24 10:00:00,212.62,44.21,68.98,4.18,68.76,92.56,206.1,15.57,21.811089782493674,37.992395833333326,125.28,0.659345815100069,-0.7518398074789773,0.9749279121818236,-0.22252093395631434,0,18.94,0.0,91.92,100.0
2018-10-24 09:15:00,2018-10-24 09:30:00,2018-10-24 10:15:00,249.55,43.85,44.21,34.16,66.85,79.45,215.79,18.1125,22.575079872505437,37.7528125,125.28,0.6087614290087209,-0.793353340291235,0.9749279121818236,-0.22252093395631434,0,19.22,0.0,91.59,100.0
2018-10-24 09:30:00,2018-10-24 09:45:00,2018-10-24 10:30:00,312.87,66.53,43.85,58.75,66.67,111.13,223.57,22.075000000000003,25.02836415948913,37.751354166666665,125.28,0.5555702330196025,-0.831469612302545,0.9749279121818236,-0.22252093395631434,0,38.05,0.0,86.81,100.0
2018-10-24 09:45:00,2018-10-24 10:00:00,2018-10-24 10:45:00,350.63,52.67,66.53,68.98,56.48,97.67,207.26,25.17125,25.551977632611923,37.711666666666666,125.28,0.49999999999999994,-0.8660254037844387,0.9749279121818236,-0.22252093395631434,0,26.39,0.0,89.41,100.0
2018-10-24 10:00:00,2018-10-24 10:15:00,2018-10-24 11:00:00,412.95,49.57,52.67,44.21,46.62,125.35,212.62,28.07375,25.521005043640034,37.74239583333333,125.28,0.4422886902190017,-0.8968727415326881,0.9749279121818236,-0.22252093395631434,0,23.4,0.0,90.43,100.0
2018-10-24 10:15:00,2018-10-24 10:30:00,2018-10-24 11:15:00,423.72,80.78,49.57,43.85,52.24,69.05,249.55,32.9225,27.618185245413937,38.03968749999999,125.28,0.3826834323650899,-0.9238795325112867,0.9749279121818236,-0.22252093395631434,0,37.73,0.0,90.6,100.0
2018-10-24 10:30:00,2018-10-24 10:45:00,2018-10-24 11:30:00,353.23,129.85,80.78,66.53,47.02,69.8,312.87,40.844375,35.0942370569496,38.902499999999996,129.85,0.32143946530316175,-0.9469301294951056,0.9749279121818236,-0.22252093395631434,0,63.29,0.0,89.89,100.0
2018-10-24 10:45:00,2018-10-24 11:00:00,2018-10-24 11:45:00,324.43,90.43,129.85,52.67,44.32,106.63,350.63,46.2825,35.61132781503661,39.3828125,129.85,0.258819045102521,-0.9659258262890682,0.9749279121818236,-0.22252093395631434,0,41.51,0.0,90.88,100.0
2018-10-24 11:00:00,2018-10-24 11:15:00,2018-10-24 12:00:00,256.96,111.89,90.43,49.57,48.17,127.04,412.95,53.041875,37.126574077530705,40.0465625,129.85,0.19509032201612816,-0.9807852804032304,0.9749279121818236,-0.22252093395631434,0,49.36,0.0,91.49,100.0
2018-10-24 11:15:00,2018-10-24 11:30:00,2018-10-24 12:15:00,170.70000000000002,91.55,111.89,80.78,54.0,107.86,423.72,58.536249999999995,35.893453420331404,40.43770833333333,129.85,0.130526192220052,-0.9914448613738104,0.9749279121818236,-0.22252093395631434,0,46.01,0.0,89.35,100.0
2018-10-24 11:30:00,2018-10-24 11:45:00,2018-10-24 12:30:00,116.49000000000002,59.36,91.55,129.85,62.32,121.43,353.23,62.00999999999999,32.99886418499886,40.406875,129.85,0.06540312923014312,-0.9978589232386035,0.9749279121818236,-0.22252093395631434,0,39.96,0.0,82.95,100.0
2018-10-24 11:45:00,2018-10-24 12:00:00,2018-10-24 12:45:00,60.3,61.63,59.36,90.43,69.05,53.75,324.43,65.524375,29.602195435632385,40.32958333333333,129.85,1.2246467991473532e-16,-1.0,0.9749279121818236,-0.22252093395631434,0,36.97,0.0,85.75,100.0
2018-10-24 12:00:00,2018-10-24 12:15:00,2018-10-24 13:00:00,20.630000000000003,44.42,61.63,111.89,91.3,53.17,256.96,68.039375,25.741137180773016,39.84125,129.85,-0.06540312923014287,-0.9978589232386035,0.9749279121818236,-0.22252093395631434,0,23.4,3.31,88.47,99.72
2018-10-24 12:15:00,2018-10-24 12:30:00,2018-10-24 13:15:00,46.55,5.29,44.42,91.55,12.85,6.37,170.70000000000002,66.235,28.87394803278554,39.762499999999996,129.85,-0.13052619222005177,-0.9914448613738104,0.9749279121818236,-0.22252093395631434,0,0.0,17.1,100.0,29.55
2018-10-24 12:30:00,2018-10-24 12:45:00,2018-10-24 13:30:00,95.47,5.15,5.29,59.36,4.82,5.18,116.49000000000002,62.885,32.43750722543272,39.7659375,129.85,-0.19509032201612792,-0.9807852804032305,0.9749279121818236,-0.22252093395631434,0,0.0,17.89,100.0,27.66
2018-10-24 12:45:00,2018-10-24 13:00:00,2018-10-24 13:45:00,150.32999999999998,5.44,5.15,61.63,4.64,5.51,60.3,58.91375000000001,35.21852830453737,39.77427083333333,129.85,-0.2588190451025208,-0.9659258262890683,0.9749279121818236,-0.22252093395631434,0,0.0,17.64,100.0,29.47
2018-10-24 13:00:00,2018-10-24 13:15:00,2018-10-24 14:00:00,215.09999999999997,4.75,5.44,44.42,4.25,5.98,20.630000000000003,56.447500000000005,37.47141335404898,39.77947916666667,129.85,-0.32143946530316153,-0.9469301294951057,0.9749279121818236,-0.22252093395631434,0,0.0,17.89,100.0,25.66
2018-10-24 13:15:00,2018-10-24 13:30:00,2018-10-24 14:15:00,236.88,31.21,4.75,5.29,48.35,25.7,46.55,55.6575,37.859904500011616,39.60093749999999,129.85,-0.38268343236508967,-0.9238795325112868,0.9749279121818236,-0.22252093395631434,0,14.9,5.22,90.24,98.63
2018-10-24 13:30:00,2018-10-24 13:45:00,2018-10-24 14:30:00,236.88,54.07,31.21,5.15,89.89,47.7,95.47,54.87875,37.75626071842258,39.2278125,129.85,-0.44228869021900147,-0.8968727415326883,0.9749279121818236,-0.22252093395631434,0,32.94,0.0,85.4,100.0
2018-10-24 13:45:00,2018-10-24 14:00:00,2018-10-24 14:45:00,236.40999999999997,60.3,54.07,5.44,96.41,45.32,150.32999999999998,55.355625,37.77353272609507,38.85166666666667,129.85,-0.4999999999999997,-0.8660254037844388,0.9749279121818236,-0.22252093395631434,0,36.32,0.0,85.66,100.0
2018-10-24 14:00:00,2018-10-24 14:15:00,2018-10-24 15:00:00,218.07999999999998,69.52,60.3,4.75,55.76,56.3,215.09999999999997,56.6025,37.89105872432176,38.995,129.85,-0.555570233019602,-0.8314696123025455,0.9749279121818236,-0.22252093395631434,0,44.14,0.0,84.42,100.0
2018-10-24 14:15:00,2018-10-24 14:30:00,2018-10-24 15:15:00,223.05,52.99,69.52,31.21,64.37,71.5,236.88,54.865625,37.37641986746958,38.87645833333333,129.85,-0.6087614290087207,-0.7933533402912352,0.9749279121818236,-0.22252093395631434,0,32.15,0.0,85.49,100.0
2018-10-24 14:30:00,2018-10-24 14:45:00,2018-10-24 15:30:00,224.31,54.07,52.99,54.07,118.48,58.97,236.88,50.129374999999996,31.987313592413088,38.20552083333333,129.85,-0.6593458151000688,-0.7518398074789774,0.9749279121818236,-0.22252093395631434,0,31.93,0.0,86.11,100.0
2018-10-24 14:45:00,2018-10-24 15:00:00,2018-10-24 15:45:00,224.17000000000002,59.83,54.07,60.3,110.23,74.16,236.40999999999997,48.216875,30.395775758884245,37.68052083333333,129.85,-0.7071067811865471,-0.7071067811865479,0.9749279121818236,-0.22252093395631434,0,34.85,0.0,86.41,100.0
2018-10-24 15:00:00,2018-10-24 15:15:00,2018-10-24 16:00:00,219.85,51.19,59.83,69.52,55.44,60.52,218.07999999999998,44.423125,25.625601143863435,37.63625,129.85,-0.7518398074789773,-0.6593458151000691,0.9749279121818236,-0.22252093395631434,0,21.89,0.0,91.95,100.0
2018-10-24 15:15:00,2018-10-24 15:30:00,2018-10-24 16:15:00,218.88,57.96,51.19,52.99,78.48,46.01,223.05,42.323750000000004,22.910872930499615,37.4225,129.85,-0.7933533402912349,-0.6087614290087209,0.9749279121818236,-0.22252093395631434,0,28.66,0.0,89.64,100.0
2018-10-24 15:30:00,2018-10-24 15:45:00,2018-10-24 16:30:00,219.03,55.33,57.96,54.07,84.1,66.89,224.31,42.071875,22.743739858131843,37.1228125,129.85,-0.8314696123025452,-0.5555702330196022,0.9749279121818236,-0.22252093395631434,0,27.22,0.0,89.73,100.0
2018-10-24 15:45:00,2018-10-24 16:00:00,2018-10-24 16:45:00,211.47,59.69,55.33,59.83,53.5,67.39,224.17000000000002,41.950625,22.644102562463697,37.18729166666667,129.85,-0.8660254037844385,-0.5000000000000004,0.9749279121818236,-0.22252093395631434,0,31.28,0.0,88.57,100.0
2018-10-24 16:00:00,2018-10-24 16:15:00,2018-10-24 17:00:00,220.82999999999998,46.87,59.69,51.19,74.52,51.66,219.85,42.10375,22.66855390044764,36.89927083333333,129.85,-0.8968727415326883,-0.44228869021900136,0.9749279121818236,-0.22252093395631434,0,21.96,0.0,90.55,100.0
2018-10-24 16:15:00,2018-10-24 16:30:00,2018-10-24 17:15:00,221.62,56.99,46.87,57.96,58.64,41.98,218.88,45.335,20.798296204256733,36.882083333333334,129.85,-0.9238795325112868,-0.3826834323650895,0.9749279121818236,-0.22252093395631434,0,28.04,0.0,89.73,100.0
2018-10-24 16:30:00,2018-10-24 16:45:00,2018-10-24 17:30:00,228.42,55.48,56.99,55.33,46.8,48.78,219.03,48.480624999999996,18.115727789944707,36.972500000000004,129.85,-0.9469301294951056,-0.3214394653031618,0.9749279121818236,-0.22252093395631434,0,26.71,0.0,90.1,100.0
2018-10-24 16:45:00,2018-10-24 17:00:00,2018-10-24 17:45:00,229.20999999999998,52.13,55.48,59.69,44.57,68.76,211.47,51.39875,14.307884135591118,37.05125,129.85,-0.9659258262890683,-0.25881904510252063,0.9749279121818236,-0.22252093395631434,0,23.62,0.0,91.09,100.0
2018-10-24 17:00:00,2018-10-24 17:15:00,2018-10-24 18:00:00,206.50000000000003,56.23,52.13,46.87,66.74,49.14,220.82999999999998,54.616249999999994,7.734043957561916,36.94177083333333,129.85,-0.9807852804032303,-0.19509032201612866,0.9749279121818236,-0.22252093395631434,0,35.1,0.0,84.83,100.0
2018-10-24 17:15:00,2018-10-24 17:30:00,2018-10-24 18:15:00,164.63,57.78,56.23,56.99,55.37,67.5,221.62,56.276875,4.841751644227013,36.966874999999995,129.85,-0.9914448613738104,-0.13052619222005163,0.9749279121818236,-0.22252093395631434,0,32.15,0.0,87.38,100.0
2018-10-24 17:30:00,2018-10-24 17:45:00,2018-10-24 18:30:00,106.24,62.28,57.78,55.48,51.44,42.52,228.42,56.79,5.012705108023012,37.079791666666665,129.85,-0.9978589232386035,-0.06540312923014273,0.9749279121818236,-0.22252093395631434,0,34.78,0.0,87.31,100.0
2018-10-24 17:45:00,2018-10-24 18:00:00,2018-10-24 18:45:00,57.24000000000001,52.92,62.28,52.13,31.0,29.77,229.20999999999998,56.32875,5.008044622155437,37.308125,129.85,-1.0,-1.8369701987210297e-16,0.9749279121818236,-0.22252093395631434,0,29.92,0.0,87.05,100.0
2018-10-24 18:00:00,2018-10-24 18:15:00,2018-10-24 19:00:00,27.61,33.52,52.92,56.23,31.1,28.87,206.50000000000003,54.07875,6.454253321454,37.333333333333336,129.85,-0.9978589232386036,0.06540312923014237,0.9749279121818236,-0.22252093395631434,0,11.45,0.25,94.63,100.0
2018-10-24 18:15:00,2018-10-24 18:30:00,2018-10-24 19:15:00,15.620000000000001,15.91,33.52,57.78,74.05,32.4,164.63,51.76125,11.281216066430959,36.72770833333333,129.85,-0.9914448613738105,0.13052619222005127,0.9749279121818236,-0.22252093395631434,0,5.04,3.17,95.33,98.07
2018-10-24 18:30:00,2018-10-24 18:45:00,2018-10-24 19:30:00,15.55,3.89,15.91,62.28,125.28,39.38,106.24,48.625,16.134595207193765,35.463229166666665,129.85,-0.9807852804032304,0.1950903220161283,0.9749279121818236,-0.22252093395631434,0,0.0,9.86,100.0,36.7
2018-10-24 18:45:00,2018-10-24 19:00:00,2018-10-24 19:45:00,15.48,3.92,3.89,52.92,75.64,48.6,57.24000000000001,45.130625,19.109580538551207,34.716145833333336,129.85,-0.9659258262890684,0.2588190451025203,0.9749279121818236,-0.22252093395631434,0,0.0,17.17,100.0,22.26
2018-10-24 19:00:00,2018-10-24 19:15:00,2018-10-24 20:00:00,15.37,3.89,3.92,33.52,47.02,47.77,27.61,42.174375,21.457894225887475,34.266875,129.85,-0.9469301294951057,0.3214394653031615,0.9749279121818236,-0.22252093395631434,0,0.0,17.28,100.0,21.96
2018-10-24 19:15:00,2018-10-24 19:30:00,2018-10-24 20:15:00,16.169999999999998,3.92,3.89,15.91,63.58,47.56,15.620000000000001,38.796875,22.911174598531062,33.64541666666667,129.85,-0.923879532511287,0.38268343236508917,0.9749279121818236,-0.22252093395631434,0,0.0,17.42,100.0,21.95
2018-10-24 19:30:00,2018-10-24 19:45:00,2018-10-24 20:30:00,16.99,3.82,3.92,3.89,59.26,44.28,15.55,35.5775,23.956938321705465,33.06791666666667,129.85,-0.8968727415326884,0.442288690219001,0.9749279121818236,-0.22252093395631434,0,0.0,17.35,100.0,21.5
2018-10-24 19:45:00,2018-10-24 20:00:00,2018-10-24 20:45:00,16.990000000000002,3.85,3.82,3.92,70.74,42.91,15.48,32.087500000000006,24.255538413937547,32.37114583333334,129.85,-0.8660254037844386,0.5000000000000001,0.9749279121818236,-0.22252093395631434,0,0.0,17.46,100.0,21.53
2018-10-24 20:00:00,2018-10-24 20:15:00,2018-10-24 21:00:00,17.099999999999998,3.78,3.85,3.89,51.59,36.9,15.37,29.394375,24.849602353143904,31.873125,129.85,-0.8314696123025455,0.5555702330196018,0.9749279121818236,-0.22252093395631434,0,0.0,17.6,100.0,21.0
2018-10-24 20:15:00,2018-10-24 20:30:00,2018-10-24 21:15:00,16.2,4.72,3.78,3.92,61.2,39.6,16.169999999999998,26.1275,24.439453886083463,31.284791666666667,129.85,-0.7933533402912357,0.6087614290087199,0.9749279121818236,-0.22252093395631434,0,0.0,17.39,100.0,26.19
2018-10-24 20:30:00,2018-10-24 20:45:00,2018-10-24 21:30:00,15.38,4.64,4.72,3.82,55.51,42.84,16.99,22.95,23.7107436091743,30.754895833333336,129.85,-0.7518398074789772,0.6593458151000691,0.9749279121818236,-0.22252093395631434,0,0.0,17.42,100.0,25.74
2018-10-24 20:45:00,2018-10-24 21:00:00,2018-10-24 21:45:00,15.45,3.85,4.64,3.85,62.75,20.63,16.990000000000002,19.9325,22.862144611781282,30.14135416666667,129.85,-0.7071067811865477,0.7071067811865474,0.9749279121818236,-0.22252093395631434,0,0.0,17.21,100.0,21.83
2018-10-24 21:00:00,2018-10-24 21:15:00,2018-10-24 22:00:00,15.409999999999998,3.89,3.85,3.78,34.09,7.99,17.099999999999998,16.66125,21.11202053185578,29.82677083333333,129.85,-0.6593458151000687,0.7518398074789775,0.9749279121818236,-0.22252093395631434,0,0.0,17.21,100.0,22.05
2018-10-24 21:15:00,2018-10-24 21:30:00,2018-10-24 22:15:00,15.23,3.82,3.89,4.72,32.98,4.18,16.2,13.28875,18.411349378508355,29.523020833333334,129.85,-0.608761429008721,0.7933533402912349,0.9749279121818236,-0.22252093395631434,0,0.0,17.1,100.0,21.8
2018-10-24 21:30:00,2018-10-24 21:45:00,2018-10-24 22:30:00,14.97,3.82,3.82,4.64,29.99,3.92,15.38,9.635,13.461892976101096,29.250416666666666,129.85,-0.555570233019603,0.8314696123025447,0.9749279121818236,-0.22252093395631434,0,0.0,17.21,100.0,21.67
2018-10-24 21:45:00,2018-10-24 22:00:00,2018-10-24 22:45:00,14.690000000000001,3.92,3.82,3.85,29.88,3.89,15.45,6.5725,7.535617509534306,28.98,129.85,-0.5000000000000004,0.8660254037844384,0.9749279121818236,-0.22252093395631434,0,0.0,17.24,100.0,22.17
2018-10-24 22:00:00,2018-10-24 22:15:00,2018-10-24 23:00:00,14.44,3.85,3.92,3.89,37.48,3.85,15.409999999999998,4.718125,2.9025144675565353,28.6296875,129.85,-0.4422886902190014,0.8968727415326883,0.9749279121818236,-0.22252093395631434,0,0.0,16.81,100.0,22.32
2018-10-24 22:15:00,2018-10-24 22:30:00,2018-10-24 23:15:00,13.75,3.64,3.85,3.82,62.5,3.6,15.23,3.95125,0.2837444933386372,28.016562500000003,129.85,-0.38268343236508956,0.9238795325112868,0.9749279121818236,-0.22252093395631434,0,7.31,0.14,44.57,99.93
2018-10-24 22:30:00,2018-10-24 22:45:00,2018-10-24 23:30:00,13.110000000000001,3.56,3.64,3.82,92.99,3.67,14.97,3.930625,0.2990290276461467,27.084999999999997,129.85,-0.32143946530316186,0.9469301294951056,0.9749279121818236,-0.22252093395631434,0,7.2,0.0,44.32,100.0
2018-10-24 22:45:00,2018-10-24 23:00:00,2018-10-24 23:45:00,12.39,3.64,3.56,3.92,76.1,3.64,14.690000000000001,3.913125,0.30721976559948083,26.33020833333333,129.85,-0.25881904510252157,0.9659258262890681,0.9749279121818236,-0.22252093395631434,0,7.24,0.0,44.92,100.0
2018-10-24 23:00:00,2018-10-24 23:15:00,2018-10-25 00:00:00,12.889999999999999,3.6,3.64,3.85,71.17,3.64,14.44,3.8949999999999996,0.3164648479689331,25.62635416666667,129.85,-0.19509032201612872,0.9807852804032303,0.9749279121818236,-0.22252093395631434,0,7.27,0.0,44.38,100.0
2018-10-24 23:15:00,2018-10-24 23:30:00,2018-10-25 00:15:00,13.04,2.95,3.6,3.64,32.33,3.53,13.75,3.8343749999999996,0.3901917597476911,25.3203125,129.85,-0.13052619222005168,0.9914448613738104,0.9749279121818236,-0.22252093395631434,0,4.97,0.0,51.04,100.0
2018-10-24 23:30:00,2018-10-24 23:45:00,2018-10-25 00:30:00,13.79,2.92,2.95,3.56,17.93,3.53,13.110000000000001,3.778125,0.4486955921056055,25.163958333333337,129.85,-0.0654031292301428,0.9978589232386035,0.9749279121818236,-0.22252093395631434,0,4.86,0.0,51.5,100.0
2018-10-24 23:45:00,2018-10-25 00:00:00,2018-10-25 00:45:00,13.889999999999999,2.92,2.92,3.64,6.37,3.56,12.39,3.7199999999999998,0.49360915712737735,25.128020833333334,129.85,0.0,1.0,0.43388373911755823,-0.900968867902419,0,4.86,0.0,51.5,100.0
2018-10-25 00:00:00,2018-10-25 00:15:00,2018-10-25 01:00:00,12.78,4.1,2.92,3.6,2.92,3.64,12.889999999999999,3.7399999999999998,0.5020458146424486,25.140312500000004,129.85,0.06540312923014306,0.9978589232386035,0.43388373911755823,-0.900968867902419,0,5.44,0.0,60.19,100.0
2018-10-25 00:15:00,2018-10-25 00:30:00,2018-10-25 01:15:00,12.629999999999999,3.1,4.1,2.95,4.86,4.72,13.04,3.63875,0.45538273737593515,25.121979166666666,129.85,0.13052619222005157,0.9914448613738104,0.43388373911755823,-0.900968867902419,0,5.65,0.0,48.1,100.0
2018-10-25 00:30:00,2018-10-25 00:45:00,2018-10-25 01:30:00,12.09,3.67,3.1,2.92,4.9,4.0,13.79,3.578125,0.37563643909370664,25.10916666666667,129.85,0.19509032201612825,0.9807852804032304,0.43388373911755823,-0.900968867902419,0,7.34,0.0,44.72,100.0
2018-10-25 00:45:00,2018-10-25 01:00:00,2018-10-25 01:45:00,12.09,3.02,3.67,2.92,3.89,3.49,13.889999999999999,3.52625,0.391485552096115,25.100104166666668,129.85,0.25881904510252074,0.9659258262890683,0.43388373911755823,-0.900968867902419,0,5.44,0.0,48.54,100.0
2018-10-25 01:00:00,2018-10-25 01:15:00,2018-10-25 02:00:00,12.09,2.99,3.02,4.1,3.82,3.6,12.78,3.4699999999999998,0.3997499218261336,25.091458333333335,129.85,0.3214394653031616,0.9469301294951057,0.43388373911755823,-0.900968867902419,0,5.47,0.0,47.96,100.0
2018-10-25 01:15:00,2018-10-25 01:30:00,2018-10-25 02:15:00,12.13,2.95,2.99,3.1,3.74,3.64,12.629999999999999,3.4156250000000004,0.4075378625048229,25.083229166666673,129.85,0.3826834323650898,0.9238795325112867,0.43388373911755823,-0.900968867902419,0,5.44,0.0,47.67,100.0
2018-10-25 01:30:00,2018-10-25 01:45:00,2018-10-25 02:30:00,12.129999999999999,3.13,2.95,3.67,3.74,3.56,12.09,3.3724999999999996,0.3988812479924319,25.076875,129.85,0.44228869021900125,0.8968727415326884,0.43388373911755823,-0.900968867902419,0,5.51,0.0,49.39,100.0
2018-10-25 01:45:00,2018-10-25 02:00:00,2018-10-25 02:45:00,12.82,3.02,3.13,3.02,3.78,3.56,12.09,3.3162499999999997,0.3807537754244861,25.06895833333333,129.85,0.49999999999999994,0.8660254037844387,0.43388373911755823,-0.900968867902419,0,5.36,0.0,49.09,100.0
2018-10-25 02:00:00,2018-10-25 02:15:00,2018-10-25 03:00:00,13.0,2.99,3.02,2.99,3.74,3.56,12.09,3.2624999999999997,0.36184423444349634,25.06114583333333,129.85,0.5555702330196022,0.8314696123025452,0.43388373911755823,-0.900968867902419,0,5.44,0.0,48.17,100.0
2018-10-25 02:15:00,2018-10-25 02:30:00,2018-10-25 03:15:00,13.03,2.99,2.99,2.95,3.78,3.64,12.13,3.221875,0.3535749345966141,25.052916666666672,129.85,0.6087614290087207,0.7933533402912352,0.43388373911755823,-0.900968867902419,0,5.58,0.0,47.23,100.0
2018-10-25 02:30:00,2018-10-25 02:45:00,2018-10-25 03:30:00,12.92,3.13,2.99,3.13,3.78,3.67,12.129999999999999,3.1950000000000003,0.3430378987808781,25.046145833333338,129.85,0.6593458151000688,0.7518398074789774,0.43388373911755823,-0.900968867902419,0,6.01,0.0,46.19,100.0
2018-10-25 02:45:00,2018-10-25 03:00:00,2018-10-25 03:45:00,12.7,3.71,3.13,3.02,3.78,3.64,12.82,3.199375,0.34907858624527505,25.045416666666668,129.85,0.7071067811865476,0.7071067811865476,0.43388373911755823,-0.900968867902419,0,7.42,0.0,44.72,100.0
2018-10-25 03:00:00,2018-10-25 03:15:00,2018-10-25 04:00:00,13.090000000000002,3.17,3.71,2.99,3.78,3.6,13.0,3.1725,0.33340103479143546,25.0390625,129.85,0.7518398074789774,0.6593458151000688,0.43388373911755823,-0.900968867902419,0,6.23,0.0,45.35,100.0
2018-10-25 03:15:00,2018-10-25 03:30:00,2018-10-25 04:15:00,13.09,3.02,3.17,2.99,3.74,3.56,13.03,3.176875,0.33090253002205944,25.031562500000003,129.85,0.7933533402912352,0.6087614290087207,0.43388373911755823,-0.900968867902419,0,5.83,0.0,46.0,100.0
2018-10-25 03:30:00,2018-10-25 03:45:00,2018-10-25 04:30:00,13.09,3.02,3.02,3.13,3.78,3.46,12.92,3.1831250000000004,0.3269120437900689,25.023645833333333,129.85,0.8314696123025451,0.5555702330196024,0.43388373911755823,-0.900968867902419,0,5.8,0.0,46.18,100.0
2018-10-25 03:45:00,2018-10-25 04:00:00,2018-10-25 04:45:00,12.73,3.49,3.02,3.71,3.82,2.99,12.7,3.21875,0.32735445239067684,25.02020833333334,129.85,0.8660254037844386,0.5000000000000001,0.43388373911755823,-0.900968867902419,0,7.27,0.0,43.28,100.0
2018-10-25 04:00:00,2018-10-25 04:15:00,2018-10-25 05:00:00,12.27,3.56,3.49,3.17,4.68,3.02,13.090000000000002,3.185,0.25448477361131056,25.00854166666667,129.85,0.8968727415326884,0.44228869021900125,0.43388373911755823,-0.900968867902419,0,7.2,0.0,44.32,100.0
2018-10-25 04:15:00,2018-10-25 04:30:00,2018-10-25 05:15:00,12.379999999999999,3.02,3.56,3.02,4.72,2.99,13.09,3.18,0.25688032232929014,24.990833333333338,129.85,0.9238795325112867,0.38268343236508984,0.43388373911755823,-0.900968867902419,0,5.8,0.0,46.18,100.0
2018-10-25 04:30:00,2018-10-25 04:45:00,2018-10-25 05:30:00,12.42,3.02,3.02,3.02,3.2,2.92,13.09,3.1393750000000002,0.22567866397823252,24.98895833333333,129.85,0.9469301294951056,0.3214394653031617,0.43388373911755823,-0.900968867902419,0,5.94,0.0,45.32,100.0
2018-10-25 04:45:00,2018-10-25 05:00:00,2018-10-25 05:45:00,12.31,3.13,3.02,3.49,3.24,3.46,12.73,3.14625,0.22360330386646793,24.987812500000004,129.85,0.9659258262890683,0.25881904510252074,0.43388373911755823,-0.900968867902419,0,5.9,0.0,46.86,100.0
2018-10-25 05:00:00,2018-10-25 05:15:00,2018-10-25 06:00:00,12.559999999999999,3.1,3.13,3.56,3.24,3.42,12.27,3.153125,0.2203610318885805,24.98635416666667,129.85,0.9807852804032304,0.19509032201612833,0.43388373911755823,-0.900968867902419,0,6.01,0.0,45.84,100.0
2018-10-25 05:15:00,2018-10-25 05:30:00,2018-10-25 06:15:00,12.85,3.13,3.1,3.02,3.17,2.99,12.379999999999999,3.1643749999999997,0.21421276660133962,24.985937500000006,129.85,0.9914448613738104,0.1305261922200517,0.43388373911755823,-0.900968867902419,0,6.01,0.0,46.19,100.0
2018-10-25 05:30:00,2018-10-25 05:45:00,2018-10-25 06:30:00,12.739999999999998,3.06,3.13,3.02,3.13,3.02,12.42,3.16,0.215580611373101,24.985208333333333,129.85,0.9978589232386035,0.06540312923014327,0.43388373911755823,-0.900968867902419,0,5.72,0.0,47.17,100.0
2018-10-25 05:45:00,2018-10-25 06:00:00,2018-10-25 06:45:00,12.669999999999998,3.02,3.06,3.13,3.13,2.95,12.31,3.16,0.215580611373101,24.984062500000004,129.85,1.0,6.123233995736766e-17,0.43388373911755823,-0.900968867902419,0,5.65,0.0,47.14,100.0
2018-10-25 06:00:00,2018-10-25 06:15:00,2018-10-25 07:00:00,12.27,3.35,3.02,3.1,3.13,2.95,12.559999999999999,3.1825,0.21545011023436494,24.98635416666667,129.85,0.9978589232386035,-0.06540312923014314,0.43388373911755823,-0.900968867902419,0,6.59,0.0,45.32,100.0
2018-10-25 06:15:00,2018-10-25 06:30:00,2018-10-25 07:15:00,11.690000000000001,3.42,3.35,3.13,3.2,3.24,12.85,3.2093749999999996,0.21657760589451536,24.988645833333333,129.85,0.9914448613738104,-0.1305261922200516,0.43388373911755823,-0.900968867902419,0,6.52,0.0,46.45,100.0
2018-10-25 06:30:00,2018-10-25 06:45:00,2018-10-25 07:30:00,11.66,2.95,3.42,3.06,3.1,3.53,12.739999999999998,3.198125,0.22492272978736497,24.987083333333334,129.85,0.9807852804032304,-0.1950903220161282,0.43388373911755823,-0.900968867902419,0,5.58,0.0,46.74,100.0
2018-10-25 06:45:00,2018-10-25 07:00:00,2018-10-25 07:45:00,13.14,2.95,2.95,3.02,3.42,2.95,12.669999999999998,3.150625,0.18922436253030422,24.9821875,129.85,0.9659258262890683,-0.25881904510252063,0.43388373911755823,-0.900968867902419,0,5.33,0.0,48.42,100.0
2018-10-25 07:00:00,2018-10-25 07:15:00,2018-10-25 08:00:00,16.09,2.95,2.95,3.35,3.74,2.92,12.27,3.136875,0.19521522577657718,24.973958333333332,129.85,0.9469301294951057,-0.3214394653031616,0.43388373911755823,-0.900968867902419,0,5.44,0.0,47.67,100.0
2018-10-25 07:15:00,2018-10-25 07:30:00,2018-10-25 08:15:00,49.83,2.84,2.95,3.42,3.64,2.84,11.690000000000001,3.125625,0.20648755259094917,24.965625,129.85,0.9238795325112868,-0.3826834323650895,0.43388373911755823,-0.900968867902419,0,4.9,0.0,50.15,100.0
2018-10-25 07:30:00,2018-10-25 07:45:00,2018-10-25 08:30:00,101.27,2.92,2.84,2.95,3.78,3.31,11.66,3.119375,0.21105297765016254,24.956666666666667,129.85,0.8968727415326884,-0.44228869021900113,0.43388373911755823,-0.900968867902419,0,5.15,0.0,49.32,100.0
2018-10-25 07:45:00,2018-10-25 08:00:00,2018-10-25 08:45:00,173.09,4.43,2.92,2.95,5.4,5.08,13.14,3.1781249999999996,0.3739856071762655,24.9465625,129.85,0.8660254037844387,-0.4999999999999998,0.43388373911755823,-0.900968867902419,0,6.98,0.0,53.59,100.0
2018-10-25 08:00:00,2018-10-25 08:15:00,2018-10-25 09:00:00,241.75,5.9,4.43,2.95,4.18,4.68,16.09,3.324375,0.7565709546202525,24.964479166666667,129.85,0.8314696123025451,-0.5555702330196023,0.43388373911755823,-0.900968867902419,0,6.55,0.0,66.93,100.0
2018-10-25 08:15:00,2018-10-25 08:30:00,2018-10-25 09:15:00,270.01,36.58,5.9,2.84,34.16,26.6,49.83,5.421875,8.080107687053124,24.9896875,129.85,0.7933533402912352,-0.6087614290087207,0.43388373911755823,-0.900968867902419,0,32.54,0.0,74.72,100.0
2018-10-25 08:30:00,2018-10-25 08:45:00,2018-10-25 09:30:00,270.91,54.36,36.58,2.92,58.75,36.14,101.27,8.630625,14.293888759164702,24.94395833333333,129.85,0.7518398074789774,-0.6593458151000688,0.43388373911755823,-0.900968867902419,0,48.89,0.0,74.35,100.0
2018-10-25 08:45:00,2018-10-25 09:00:00,2018-10-25 09:45:00,278.72,76.25,54.36,4.43,68.98,41.15,173.09,13.200624999999999,21.617424531136333,25.0196875,129.85,0.7071067811865476,-0.7071067811865475,0.43388373911755823,-0.900968867902419,0,64.91,0.0,76.15,100.0
2018-10-25 09:00:00,2018-10-25 09:15:00,2018-10-25 10:00:00,271.95,74.56,76.25,5.9,44.21,44.46,241.75,17.666875,26.005769484565825,25.33583333333333,129.85,0.659345815100069,-0.7518398074789773,0.43388373911755823,-0.900968867902419,0,50.65,0.0,82.72,100.0
2018-10-25 09:15:00,2018-10-25 09:30:00,2018-10-25 10:15:00,285.23,64.84,74.56,36.58,43.85,43.67,270.01,21.52375,28.058839933922787,25.554479166666663,129.85,0.6087614290087209,-0.793353340291235,0.43388373911755823,-0.900968867902419,0,43.09,0.0,83.29,100.0
2018-10-25 09:30:00,2018-10-25 09:45:00,2018-10-25 10:30:00,288.69000000000005,55.26,64.84,54.36,66.53,44.53,270.91,24.786250000000003,28.748584720599723,25.437083333333334,129.85,0.5555702330196025,-0.831469612302545,0.43388373911755823,-0.900968867902419,0,31.61,0.0,86.8,100.0
2018-10-25 09:45:00,2018-10-25 10:00:00,2018-10-25 10:45:00,274.83000000000004,84.06,55.26,76.25,52.67,46.94,278.72,29.85125,31.477013612118604,25.764062499999994,129.85,0.49999999999999994,-0.8660254037844387,0.43388373911755823,-0.900968867902419,0,50.98,0.0,85.5,100.0
2018-10-25 10:00:00,2018-10-25 10:15:00,2018-10-25 11:00:00,274.47,67.79,84.06,74.56,49.57,43.7,271.95,33.878750000000004,31.947553285619545,25.953854166666662,129.85,0.4422886902190017,-0.8968727415326881,0.43388373911755823,-0.900968867902419,0,43.31,0.0,84.27,100.0
2018-10-25 10:15:00,2018-10-25 10:30:00,2018-10-25 11:15:00,270.69000000000005,78.12,67.79,64.84,80.78,39.89,285.23,38.5475,32.6066861433357,25.926145833333333,129.85,0.3826834323650899,-0.9238795325112867,0.43388373911755823,-0.900968867902419,0,47.41,0.0,85.49,100.0
2018-10-25 10:30:00,2018-10-25 10:45:00,2018-10-25 11:30:00,270.9,58.72,78.12,55.26,129.85,39.64,288.69000000000005,42.033125000000005,31.579750378753392,25.185208333333332,111.89,0.32143946530316175,-0.9469301294951056,0.43388373911755823,-0.900968867902419,0,34.49,0.0,86.23,100.0
2018-10-25 10:45:00,2018-10-25 11:00:00,2018-10-25 11:45:00,280.62,70.2,58.72,84.06,90.43,37.3,274.83000000000004,46.23625,30.557028830328058,24.97447916666667,111.89,0.258819045102521,-0.9659258262890682,0.43388373911755823,-0.900968867902419,0,40.72,0.0,86.5,100.0
2018-10-25 11:00:00,2018-10-25 11:15:00,2018-10-25 12:00:00,265.64,67.43,70.2,67.79,111.89,54.22,274.47,50.26625,28.782952175506598,24.511354166666667,91.55,0.19509032201612816,-0.9807852804032304,0.43388373911755823,-0.900968867902419,0,44.5,0.0,83.46,100.0
2018-10-25 11:15:00,2018-10-25 11:30:00,2018-10-25 12:15:00,199.76000000000002,74.34,67.43,78.12,91.55,51.41,270.69000000000005,54.73500000000001,26.535488030183277,24.332083333333333,84.06,0.130526192220052,-0.9914448613738104,0.43388373911755823,-0.900968867902419,0,44.35,0.0,85.88,100.0
2018-10-25 11:30:00,2018-10-25 11:45:00,2018-10-25 12:30:00,146.66000000000003,58.93,74.34,58.72,59.36,49.46,270.9,58.235625,22.916762142793537,24.327604166666664,84.06,0.06540312923014312,-0.9978589232386035,0.43388373911755823,-0.900968867902419,0,37.04,0.0,84.66,100.0
2018-10-25 11:45:00,2018-10-25 12:00:00,2018-10-25 12:45:00,71.67000000000002,79.92,58.93,70.2,61.63,55.94,280.62,62.95375,18.74473822003124,24.518124999999998,84.06,1.2246467991473532e-16,-1.0,0.43388373911755823,-0.900968867902419,0,50.36,0.0,84.6,100.0
2018-10-25 12:00:00,2018-10-25 12:15:00,2018-10-25 13:00:00,23.9,52.45,79.92,67.43,44.42,49.75,265.64,65.863125,12.097547126768097,24.601770833333333,84.06,-0.06540312923014287,-0.9978589232386035,0.43388373911755823,-0.900968867902419,0,28.22,0.0,88.06,100.0
2018-10-25 12:15:00,2018-10-25 12:30:00,2018-10-25 13:15:00,44.92,8.46,52.45,74.34,5.29,12.56,199.76000000000002,64.105625,17.193397704042532,24.63479166666666,84.06,-0.13052619222005177,-0.9914448613738104,0.43388373911755823,-0.900968867902419,0,0.22,15.7,99.97,47.44
2018-10-25 12:30:00,2018-10-25 12:45:00,2018-10-25 13:30:00,89.35,5.83,8.46,58.93,5.15,5.33,146.66000000000003,61.0725,22.1975230881736,24.641875,84.06,-0.19509032201612792,-0.9807852804032305,0.43388373911755823,-0.900968867902419,0,0.0,17.14,100.0,32.2
2018-10-25 12:45:00,2018-10-25 13:00:00,2018-10-25 13:45:00,142.77999999999997,4.93,5.83,79.92,5.44,5.11,71.67000000000002,56.615,25.601996260057536,24.636562499999997,84.06,-0.2588190451025208,-0.9659258262890683,0.43388373911755823,-0.900968867902419,0,0.0,16.24,100.0,29.05
2018-10-25 13:00:00,2018-10-25 13:15:00,2018-10-25 14:00:00,197.25,4.68,4.93,52.45,4.75,5.22,23.9,52.2475,28.01496887826221,24.635833333333334,84.06,-0.32143946530316153,-0.9469301294951057,0.43388373911755823,-0.900968867902419,0,0.0,16.88,100.0,26.72
2018-10-25 13:15:00,2018-10-25 13:30:00,2018-10-25 14:15:00,222.74,29.48,4.68,8.46,31.21,33.01,44.92,50.0375,28.327391889300365,24.6178125,84.06,-0.38268343236508967,-0.9238795325112868,0.43388373911755823,-0.900968867902419,0,10.51,5.26,94.19,98.45
2018-10-25 13:30:00,2018-10-25 13:45:00,2018-10-25 14:30:00,232.64,50.26,29.48,5.83,54.07,60.34,89.35,49.725,28.295616489131316,24.578125,84.06,-0.44228869021900147,-0.8968727415326883,0.43388373911755823,-0.900968867902419,0,22.1,0.0,91.54,100.0
2018-10-25 13:45:00,2018-10-25 14:00:00,2018-10-25 14:45:00,232.56,58.36,50.26,4.93,60.3,128.88,142.77999999999997,48.11875,27.000765006523427,24.557916666666667,84.06,-0.4999999999999997,-0.8660254037844388,0.43388373911755823,-0.900968867902419,0,27.0,0.0,90.76,100.0
2018-10-25 14:00:00,2018-10-25 14:15:00,2018-10-25 15:00:00,233.64,59.15,58.36,4.68,69.52,90.43,197.25,47.57875,26.686520210351517,24.449895833333333,84.06,-0.555570233019602,-0.8314696123025455,0.43388373911755823,-0.900968867902419,0,27.32,0.0,90.78,100.0
2018-10-25 14:15:00,2018-10-25 14:30:00,2018-10-25 15:15:00,226.07999999999998,54.97,59.15,29.48,52.99,53.6,222.74,46.131875,25.596744475311212,24.470520833333335,84.06,-0.6087614290087207,-0.7933533402912352,0.43388373911755823,-0.900968867902419,0,23.98,0.0,91.66,100.0
2018-10-25 14:30:00,2018-10-25 14:45:00,2018-10-25 15:30:00,213.29999999999998,60.16,54.97,50.26,54.07,60.23,232.64,46.221875,25.643336175980984,24.53395833333333,84.06,-0.6593458151000688,-0.7518398074789774,0.43388373911755823,-0.900968867902419,0,28.73,0.0,90.24,100.0
2018-10-25 14:45:00,2018-10-25 15:00:00,2018-10-25 15:45:00,221.54999999999998,58.28,60.16,58.36,59.83,61.63,232.56,45.476875,25.103359515896972,24.5178125,84.06,-0.7071067811865471,-0.7071067811865479,0.43388373911755823,-0.900968867902419,0,26.93,0.0,90.78,100.0
2018-10-25 15:00:00,2018-10-25 15:15:00,2018-10-25 16:00:00,227.6,60.23,58.28,59.15,51.19,68.76,233.64,45.026875,24.768091296754683,24.611979166666668,84.06,-0.7518398074789773,-0.6593458151000691,0.43388373911755823,-0.900968867902419,0,29.81,0.0,89.62,100.0
2018-10-25 15:15:00,2018-10-25 15:30:00,2018-10-25 16:15:00,240.56,47.41,60.23,54.97,57.96,66.89,226.07999999999998,43.34375,23.606708494356006,24.50208333333333,84.06,-0.7933533402912349,-0.6087614290087209,0.43388373911755823,-0.900968867902419,0,20.3,0.0,91.93,100.0
2018-10-25 15:30:00,2018-10-25 15:45:00,2018-10-25 16:30:00,250.85000000000002,47.38,47.41,60.16,55.33,64.19,213.29999999999998,42.621874999999996,23.293574011610477,24.419270833333332,84.06,-0.8314696123025452,-0.5555702330196022,0.43388373911755823,-0.900968867902419,0,23.65,0.0,89.47,100.0
2018-10-25 15:45:00,2018-10-25 16:00:00,2018-10-25 16:45:00,241.74,66.53,47.38,58.28,59.69,89.75,221.54999999999998,41.785000000000004,22.151032707302836,24.490520833333335,84.06,-0.8660254037844385,-0.5000000000000004,0.43388373911755823,-0.900968867902419,0,42.01,0.0,84.55,100.0
2018-10-25 16:00:00,2018-10-25 16:15:00,2018-10-25 17:00:00,222.29999999999998,66.28,66.53,60.23,46.87,65.99,227.6,42.649375,22.810360165051648,24.692708333333332,84.06,-0.8968727415326883,-0.44228869021900136,0.43388373911755823,-0.900968867902419,0,45.14,0.0,82.65,100.0
2018-10-25 16:15:00,2018-10-25 16:30:00,2018-10-25 17:15:00,222.12,60.37,66.28,47.41,56.99,90.22,240.56,45.89375,21.362484896132752,24.72791666666667,84.06,-0.9238795325112868,-0.3826834323650895,0.43388373911755823,-0.900968867902419,0,40.46,0.0,83.07,100.0
2018-10-25 16:30:00,2018-10-25 16:45:00,2018-10-25 17:30:00,216.17999999999998,57.67,60.37,47.38,55.48,68.08,250.85000000000002,49.13375,18.820378873378186,24.75072916666667,84.06,-0.9469301294951056,-0.3214394653031618,0.43388373911755823,-0.900968867902419,0,35.39,0.0,85.23,100.0
2018-10-25 16:45:00,2018-10-25 17:00:00,2018-10-25 17:45:00,188.6,57.42,57.67,66.53,52.13,71.32,241.74,52.41437500000001,15.020396536355989,24.805833333333336,84.06,-0.9659258262890683,-0.25881904510252063,0.43388373911755823,-0.900968867902419,0,32.4,0.0,87.09,100.0
2018-10-25 17:00:00,2018-10-25 17:15:00,2018-10-25 18:00:00,171.78,46.84,57.42,66.28,56.23,63.25,222.29999999999998,55.049375,8.84310640325983,24.708020833333336,84.06,-0.9807852804032303,-0.19509032201612866,0.43388373911755823,-0.900968867902419,0,23.83,0.0,89.13,100.0
2018-10-25 17:15:00,2018-10-25 17:30:00,2018-10-25 18:15:00,163.57,60.19,46.84,60.37,57.78,81.22,222.12,56.96875,5.941893506071949,24.733125,84.06,-0.9914448613738104,-0.13052619222005163,0.43388373911755823,-0.900968867902419,0,32.44,0.0,88.03,100.0
2018-10-25 17:30:00,2018-10-25 17:45:00,2018-10-25 18:30:00,169.44,51.73,60.19,57.67,62.28,47.41,216.17999999999998,57.060625,5.848074970396242,24.623229166666665,84.06,-0.9978589232386035,-0.06540312923014273,0.43388373911755823,-0.900968867902419,0,23.15,0.0,91.28,100.0
2018-10-25 17:45:00,2018-10-25 18:00:00,2018-10-25 18:45:00,204.72,29.84,51.73,57.42,52.92,30.28,188.6,55.278125,8.78790661843735,24.3828125,84.06,-1.0,-1.8369701987210297e-16,0.43388373911755823,-0.900968867902419,0,1.08,1.66,99.93,99.85
2018-10-25 18:00:00,2018-10-25 18:15:00,2018-10-25 19:00:00,242.01999999999998,30.02,29.84,46.84,33.52,30.56,171.78,53.457499999999996,10.623039525013544,24.346354166666668,84.06,-0.9978589232386036,0.06540312923014237,0.43388373911755823,-0.900968867902419,0,5.72,0.79,98.23,99.97
2018-10-25 18:15:00,2018-10-25 18:30:00,2018-10-25 19:15:00,238.53,51.98,30.02,60.19,15.91,36.04,163.57,53.270624999999995,10.621087790776187,24.72208333333333,84.06,-0.9914448613738105,0.13052619222005127,0.43388373911755823,-0.900968867902419,0,30.46,0.0,86.28,100.0
2018-10-25 18:30:00,2018-10-25 18:45:00,2018-10-25 19:30:00,232.23000000000002,57.6,51.98,51.73,3.89,38.84,169.44,53.110625,10.535032314111572,25.281562499999996,84.06,-0.9807852804032304,0.1950903220161283,0.43388373911755823,-0.900968867902419,0,35.64,0.0,85.04,100.0
2018-10-25 18:45:00,2018-10-25 19:00:00,2018-10-25 19:45:00,223.45000000000002,65.12,57.6,29.84,3.92,47.7,204.72,53.538124999999994,10.869593609439821,25.9190625,84.06,-0.9659258262890684,0.2588190451025203,0.43388373911755823,-0.900968867902419,0,32.08,0.0,89.71,100.0
2018-10-25 19:00:00,2018-10-25 19:15:00,2018-10-25 20:00:00,213.19,67.32,65.12,30.02,3.89,75.2,242.01999999999998,53.98125,11.270498477773732,26.579791666666665,84.06,-0.9469301294951057,0.3214394653031615,0.43388373911755823,-0.900968867902419,0,35.82,0.0,88.28,100.0
2018-10-25 19:15:00,2018-10-25 19:30:00,2018-10-25 20:15:00,218.2,48.49,67.32,51.98,3.92,69.84,238.53,54.04875,11.234115939294021,27.0440625,84.06,-0.923879532511287,0.38268343236508917,0.43388373911755823,-0.900968867902419,0,22.9,0.0,90.42,100.0
2018-10-25 19:30:00,2018-10-25 19:45:00,2018-10-25 20:30:00,223.56,51.3,48.49,57.6,3.82,51.08,232.23000000000002,54.29375,11.128254509917538,27.538645833333334,84.06,-0.8968727415326884,0.442288690219001,0.43388373911755823,-0.900968867902419,0,25.31,0.0,89.68,100.0
2018-10-25 19:45:00,2018-10-25 20:00:00,2018-10-25 20:45:00,248.22,56.34,51.3,65.12,3.85,48.49,223.45000000000002,53.656875,10.692814011492718,28.085416666666664,84.06,-0.8660254037844386,0.5000000000000001,0.43388373911755823,-0.900968867902419,0,29.56,0.0,88.55,100.0
2018-10-25 20:00:00,2018-10-25 20:15:00,2018-10-25 21:00:00,266.18,57.06,56.34,67.32,3.78,53.75,213.19,53.080625,10.23567686376309,28.640416666666667,84.06,-0.8314696123025455,0.5555702330196018,0.43388373911755823,-0.900968867902419,0,28.08,0.0,89.72,100.0
2018-10-25 20:15:00,2018-10-25 20:30:00,2018-10-25 21:15:00,221.57,53.5,57.06,48.49,4.72,60.26,218.2,52.65125,10.063536825465487,29.14854166666667,84.06,-0.7933533402912357,0.6087614290087199,0.43388373911755823,-0.900968867902419,0,26.17,0.0,89.83,100.0
2018-10-25 20:30:00,2018-10-25 20:45:00,2018-10-25 21:30:00,168.97999999999996,56.66,53.5,51.3,4.64,47.7,223.56,52.588125,10.034985188547864,29.690416666666664,84.06,-0.7518398074789772,0.6593458151000691,0.43388373911755823,-0.900968867902419,0,29.05,0.0,88.99,100.0
2018-10-25 20:45:00,2018-10-25 21:00:00,2018-10-25 21:45:00,91.86999999999999,81.0,56.66,56.34,3.85,42.77,248.22,54.061875,12.14586206221588,30.494062500000002,84.06,-0.7071067811865477,0.7071067811865474,0.43388373911755823,-0.900968867902419,0,34.34,0.0,92.07,100.0
2018-10-25 21:00:00,2018-10-25 21:15:00,2018-10-25 22:00:00,20.740000000000002,75.02,81.0,57.06,3.89,95.51,266.18,55.823125,12.985104311647827,31.235,84.06,-0.6593458151000687,0.7518398074789775,0.43388373911755823,-0.900968867902419,0,30.35,0.0,92.7,100.0
2018-10-25 21:15:00,2018-10-25 21:30:00,2018-10-25 22:15:00,15.560000000000002,8.89,75.02,53.5,3.82,63.94,221.57,52.61687499999999,17.170059230660065,31.2878125,84.06,-0.608761429008721,0.7933533402912349,0.43388373911755823,-0.900968867902419,0,0.25,15.73,99.96,49.2
2018-10-25 21:30:00,2018-10-25 21:45:00,2018-10-25 22:30:00,15.13,4.07,8.89,56.66,3.82,49.57,168.97999999999996,49.638125,20.813187291579705,31.29041666666667,84.06,-0.555570233019603,0.8314696123025447,0.43388373911755823,-0.900968867902419,0,0.0,18.29,100.0,21.72
2018-10-25 21:45:00,2018-10-25 22:00:00,2018-10-25 22:45:00,14.77,3.89,4.07,81.0,3.92,7.16,91.86999999999999,48.01625,23.17037140266638,31.290104166666666,84.06,-0.5000000000000004,0.8660254037844384,0.43388373911755823,-0.900968867902419,0,0.0,18.36,100.0,20.73
2018-10-25 22:00:00,2018-10-25 22:15:00,2018-10-25 23:00:00,14.44,3.89,3.89,75.02,3.85,5.33,20.740000000000002,46.38312499999999,25.212156224416326,31.290520833333332,84.06,-0.4422886902190014,0.8968727415326883,0.43388373911755823,-0.900968867902419,0,0.0,17.96,100.0,21.17
2018-10-25 22:15:00,2018-10-25 22:30:00,2018-10-25 23:15:00,14.190000000000001,3.71,3.89,8.89,3.64,4.93,15.560000000000002,43.366249999999994,27.173621371423796,31.29125,84.06,-0.38268343236508956,0.9238795325112868,0.43388373911755823,-0.900968867902419,0,6.16,0.22,51.59,99.82
2018-10-25 22:30:00,2018-10-25 22:45:00,2018-10-25 23:30:00,14.08,3.64,3.71,4.07,3.56,4.97,15.13,39.99375,28.51324952434394,31.292083333333334,84.06,-0.32143946530316186,0.9469301294951056,0.43388373911755823,-0.900968867902419,0,6.3,0.0,50.03,100.0
2018-10-25 22:45:00,2018-10-25 23:00:00,2018-10-25 23:45:00,13.969999999999999,3.53,3.64,3.89,3.64,4.57,14.77,36.144375,29.01430680904465,31.2909375,84.06,-0.25881904510252157,0.9659258262890681,0.43388373911755823,-0.900968867902419,0,6.12,0.0,49.96,100.0
2018-10-25 23:00:00,2018-10-25 23:15:00,2018-10-26 00:00:00,14.01,3.56,3.53,3.89,3.6,3.78,14.44,32.159375,28.83684523936998,31.290520833333332,84.06,-0.19509032201612872,0.9807852804032303,0.43388373911755823,-0.900968867902419,0,6.23,0.0,49.61,100.0
2018-10-25 23:15:00,2018-10-25 23:30:00,2018-10-26 00:15:00,15.12,3.46,3.56,3.71,2.95,3.64,14.190000000000001,29.345,29.299372646867372,31.29583333333333,84.06,-0.13052619222005168,0.9914448613738104,0.43388373911755823,-0.900968867902419,0,5.65,0.0,52.22,100.0
2018-10-25 23:30:00,2018-10-25 23:45:00,2018-10-26 00:30:00,15.08,3.53,3.46,3.64,2.92,3.64,14.08,26.359375,29.343888518043666,31.3021875,84.06,-0.0654031292301428,0.9978589232386035,0.43388373911755823,-0.900968867902419,0,5.22,0.0,56.02,100.0
2018-10-25 23:45:00,2018-10-26 00:00:00,2018-10-26 00:45:00,15.19,3.42,3.53,3.53,2.92,3.71,13.969999999999999,23.051875000000003,28.754744003979148,31.307395833333334,84.06,0.0,1.0,-0.433883739117558,-0.9009688679024191,0,5.18,0.0,55.1,100.0
2018-10-26 00:00:00,2018-10-26 00:15:00,2018-10-26 01:00:00,15.08,3.6,3.42,3.56,4.1,86.83,14.01,19.710625,27.695401799926554,31.3021875,84.06,0.06540312923014306,0.9978589232386035,-0.433883739117558,-0.9009688679024191,0,7.16,0.0,44.92,100.0
2018-10-26 00:15:00,2018-10-26 00:30:00,2018-10-26 01:15:00,14.04,4.57,3.6,3.46,3.1,3.6,15.12,16.6525,26.469849711511394,31.317499999999995,84.06,0.13052619222005157,0.9914448613738104,-0.433883739117558,-0.9009688679024191,0,5.4,0.0,64.6,100.0
2018-10-26 00:30:00,2018-10-26 00:45:00,2018-10-26 01:30:00,14.079999999999998,3.49,4.57,3.53,3.67,3.64,15.08,13.329375,24.503071100565638,31.315625,84.06,0.19509032201612825,0.9807852804032304,-0.433883739117558,-0.9009688679024191,0,5.62,0.0,52.76,100.0
2018-10-26 00:45:00,2018-10-26 01:00:00,2018-10-26 01:45:00,14.04,3.53,3.49,3.42,3.02,3.71,15.19,8.4875,17.226473267909483,31.3209375,84.06,0.25881904510252074,0.9659258262890683,-0.433883739117558,-0.9009688679024191,0,5.51,0.0,53.94,100.0
2018-10-26 01:00:00,2018-10-26 01:15:00,2018-10-26 02:00:00,14.040000000000001,3.49,3.53,3.6,2.99,3.67,15.08,4.016875000000001,1.2903425841128395,31.32614583333333,84.06,0.3214394653031616,0.9469301294951057,-0.433883739117558,-0.9009688679024191,0,5.8,0.0,51.56,100.0
2018-10-26 01:15:00,2018-10-26 01:30:00,2018-10-26 02:15:00,13.86,3.53,3.49,4.57,2.95,3.64,14.04,3.6818750000000002,0.28873038353280395,31.3321875,84.06,0.3826834323650898,0.9238795325112867,-0.433883739117558,-0.9009688679024191,0,5.69,0.0,52.72,100.0
2018-10-26 01:30:00,2018-10-26 01:45:00,2018-10-26 02:30:00,13.25,3.53,3.53,3.49,3.13,3.64,14.079999999999998,3.6481250000000003,0.27249354923557373,31.336354166666666,84.06,0.44228869021900125,0.8968727415326884,-0.433883739117558,-0.9009688679024191,0,5.83,0.0,51.79,100.0
2018-10-26 01:45:00,2018-10-26 02:00:00,2018-10-26 02:45:00,12.64,3.49,3.53,3.53,3.02,3.6,14.04,3.623125,0.2674583787713521,31.341250000000002,84.06,0.49999999999999994,0.8660254037844387,-0.433883739117558,-0.9009688679024191,0,5.69,0.0,52.28,100.0
2018-10-26 02:00:00,2018-10-26 02:15:00,2018-10-26 03:00:00,12.029999999999998,3.49,3.49,3.49,2.99,3.64,14.040000000000001,3.5981250000000005,0.25993313443076094,31.346458333333334,84.06,0.5555702330196022,0.8314696123025452,-0.433883739117558,-0.9009688679024191,0,5.87,0.0,51.1,100.0
2018-10-26 02:15:00,2018-10-26 02:30:00,2018-10-26 03:15:00,11.559999999999999,3.35,3.49,3.53,2.99,3.64,13.86,3.575625,0.2648105159826551,31.35020833333333,84.06,0.6087614290087207,0.7933533402912352,-0.433883739117558,-0.9009688679024191,0,5.54,0.0,51.74,100.0
2018-10-26 02:30:00,2018-10-26 02:45:00,2018-10-26 03:30:00,11.59,2.92,3.35,3.53,3.13,3.67,13.25,3.5306249999999997,0.3077431711265094,31.348020833333333,84.06,0.6593458151000688,0.7518398074789774,-0.433883739117558,-0.9009688679024191,0,4.68,0.0,52.93,100.0
2018-10-26 02:45:00,2018-10-26 03:00:00,2018-10-26 03:45:00,11.55,2.88,2.92,3.49,3.71,3.64,12.64,3.4899999999999998,0.345705799777788,31.339375,84.06,0.7071067811865476,0.7071067811865476,-0.433883739117558,-0.9009688679024191,0,4.39,0.0,54.85,100.0
2018-10-26 03:00:00,2018-10-26 03:15:00,2018-10-26 04:00:00,11.51,2.88,2.88,3.49,3.17,3.92,12.029999999999998,3.4475,0.3750416643521091,31.336354166666666,84.06,0.7518398074789774,0.6593458151000688,-0.433883739117558,-0.9009688679024191,0,4.54,0.0,53.57,100.0
2018-10-26 03:15:00,2018-10-26 03:30:00,2018-10-26 04:15:00,11.549999999999999,2.88,2.88,3.35,3.02,4.75,11.559999999999999,3.41125,0.3993256033614675,31.33489583333333,84.06,0.7933533402912352,0.6087614290087207,-0.433883739117558,-0.9009688679024191,0,4.39,0.0,54.85,100.0
2018-10-26 03:30:00,2018-10-26 03:45:00,2018-10-26 04:30:00,11.48,2.95,2.88,2.92,3.02,3.92,11.59,3.375,0.4129921306756341,31.334166666666665,84.06,0.8314696123025451,0.5555702330196024,-0.433883739117558,-0.9009688679024191,0,4.5,0.0,54.83,100.0
2018-10-26 03:45:00,2018-10-26 04:00:00,2018-10-26 04:45:00,11.81,2.84,2.95,2.88,3.49,3.06,11.55,3.33875,0.43244761243415375,31.32739583333333,84.06,0.8660254037844386,0.5000000000000001,-0.433883739117558,-0.9009688679024191,0,4.46,0.0,53.71,100.0
2018-10-26 04:00:00,2018-10-26 04:15:00,2018-10-26 05:00:00,12.499999999999998,2.84,2.84,2.88,3.56,3.06,11.51,3.29125,0.44275945783235404,31.319895833333334,84.06,0.8968727415326884,0.44228869021900125,-0.433883739117558,-0.9009688679024191,0,4.39,0.0,54.32,100.0
2018-10-26 04:15:00,2018-10-26 04:30:00,2018-10-26 05:15:00,12.780000000000001,2.92,2.84,2.88,3.02,3.06,11.549999999999999,3.1881250000000003,0.30301028757288095,31.318854166666664,84.06,0.9238795325112867,0.38268343236508984,-0.433883739117558,-0.9009688679024191,0,4.57,0.0,53.84,100.0
2018-10-26 04:30:00,2018-10-26 04:45:00,2018-10-26 05:30:00,13.279999999999998,2.88,2.92,2.95,3.02,3.06,11.48,3.1500000000000004,0.30099833886584826,31.317395833333336,84.06,0.9469301294951056,0.3214394653031617,-0.433883739117558,-0.9009688679024191,0,4.39,0.0,54.85,100.0
2018-10-26 04:45:00,2018-10-26 05:00:00,2018-10-26 05:45:00,12.989999999999998,3.17,2.88,2.84,3.13,3.06,11.81,3.1275000000000004,0.28476964374736297,31.317812500000002,84.06,0.9659258262890683,0.25881904510252074,-0.433883739117558,-0.9009688679024191,0,4.86,0.0,54.63,100.0
2018-10-26 05:00:00,2018-10-26 05:15:00,2018-10-26 06:00:00,12.38,3.53,3.17,2.84,3.1,3.1,12.499999999999998,3.13,0.2880972058177587,31.32229166666667,84.06,0.9807852804032304,0.19509032201612833,-0.433883739117558,-0.9009688679024191,0,6.01,0.0,50.65,100.0
2018-10-26 05:15:00,2018-10-26 05:30:00,2018-10-26 06:15:00,12.02,3.2,3.53,2.92,3.13,3.06,12.780000000000001,3.109375,0.2699645520711933,31.323020833333334,84.06,0.9914448613738104,0.1305261922200517,-0.433883739117558,-0.9009688679024191,0,5.04,0.0,53.6,100.0
2018-10-26 05:30:00,2018-10-26 05:45:00,2018-10-26 06:30:00,11.450000000000001,3.38,3.2,2.88,3.06,3.02,13.279999999999998,3.1,0.2575121356363618,31.326354166666665,84.06,0.9978589232386035,0.06540312923014327,-0.433883739117558,-0.9009688679024191,0,5.62,0.0,51.54,100.0
2018-10-26 05:45:00,2018-10-26 06:00:00,2018-10-26 06:45:00,11.41,2.88,3.38,3.17,3.02,3.02,12.989999999999998,3.0618749999999997,0.24161484717417517,31.324895833333333,84.06,1.0,6.123233995736766e-17,-0.433883739117558,-0.9009688679024191,0,4.43,0.0,54.51,100.0
2018-10-26 06:00:00,2018-10-26 06:15:00,2018-10-26 07:00:00,11.3,2.92,2.88,3.53,3.35,2.99,12.38,3.02625,0.2165893291461978,31.32041666666667,84.06,0.9978589232386035,-0.06540312923014314,-0.433883739117558,-0.9009688679024191,0,4.36,0.0,55.65,100.0
2018-10-26 06:15:00,2018-10-26 06:30:00,2018-10-26 07:15:00,11.3,2.84,2.92,3.2,3.42,3.02,12.02,2.994375,0.2037452069988396,31.314375000000002,84.06,0.9914448613738104,-0.1305261922200516,-0.433883739117558,-0.9009688679024191,0,4.28,0.0,55.29,100.0
2018-10-26 06:30:00,2018-10-26 06:45:00,2018-10-26 07:30:00,11.77,2.81,2.84,3.38,2.95,3.02,11.450000000000001,2.9875,0.20795131641805012,31.312916666666666,84.06,0.9807852804032304,-0.1950903220161282,-0.433883739117558,-0.9009688679024191,0,4.28,0.0,54.88,100.0
2018-10-26 06:45:00,2018-10-26 07:00:00,2018-10-26 07:45:00,14.83,2.84,2.81,2.88,2.95,3.56,11.41,2.985,0.20946360065653413,31.31177083333333,84.06,0.9659258262890683,-0.25881904510252063,-0.433883739117558,-0.9009688679024191,0,4.36,0.0,54.58,100.0
2018-10-26 07:00:00,2018-10-26 07:15:00,2018-10-26 08:00:00,17.56,2.81,2.84,2.92,2.95,3.1,11.3,2.980625,0.21232253619199257,31.3103125,84.06,0.9469301294951057,-0.3214394653031616,-0.433883739117558,-0.9009688679024191,0,4.21,0.0,55.52,100.0
2018-10-26 07:15:00,2018-10-26 07:30:00,2018-10-26 08:15:00,40.709999999999994,2.84,2.81,2.84,2.84,2.95,11.3,2.978125,0.21372349981927585,31.3103125,84.06,0.9238795325112868,-0.3826834323650895,-0.433883739117558,-0.9009688679024191,0,4.72,0.0,51.56,100.0
2018-10-26 07:30:00,2018-10-26 07:45:00,2018-10-26 08:30:00,138.12,3.28,2.84,2.81,2.92,4.03,11.77,2.99875,0.22560682059725057,31.314062499999995,84.06,0.8968727415326884,-0.44228869021900113,-0.433883739117558,-0.9009688679024191,0,4.97,0.0,55.08,100.0
2018-10-26 07:45:00,2018-10-26 08:00:00,2018-10-26 08:45:00,212.9,5.9,3.28,2.84,4.43,4.68,14.83,3.19,0.7340470012199493,31.329375,84.06,0.8660254037844387,-0.4999999999999998,-0.433883739117558,-0.9009688679024191,0,6.59,0.0,66.7,100.0
2018-10-26 08:00:00,2018-10-26 08:15:00,2018-10-26 09:00:00,312.01,5.54,5.9,2.81,5.9,4.57,17.56,3.3587499999999997,0.920786857801522,31.325625,84.06,0.8314696123025451,-0.5555702330196023,-0.433883739117558,-0.9009688679024191,0,6.23,0.0,66.45,100.0
2018-10-26 08:15:00,2018-10-26 08:30:00,2018-10-26 09:15:00,407.2,25.99,5.54,2.84,36.58,36.68,40.709999999999994,4.800625,5.546859999979718,31.215312499999992,84.06,0.7933533402912352,-0.6087614290087207,-0.433883739117558,-0.9009688679024191,0,20.59,0.0,78.38,100.0
2018-10-26 08:30:00,2018-10-26 08:45:00,2018-10-26 09:30:00,412.57,100.69,25.99,3.28,54.36,93.46,138.12,10.91375,23.829395154671886,31.69791666666666,100.69,0.7518398074789774,-0.6593458151000688,-0.433883739117558,-0.9009688679024191,0,65.77,0.0,83.72,100.0
2018-10-26 08:45:00,2018-10-26 09:00:00,2018-10-26 09:45:00,438.40999999999997,80.68,100.69,5.9,76.25,122.4,212.9,15.758125,29.065999943823968,31.744062499999995,100.69,0.7071067811865476,-0.7071067811865475,-0.433883739117558,-0.9009688679024191,0,53.24,0.0,83.47,100.0
2018-10-26 09:00:00,2018-10-26 09:15:00,2018-10-26 10:00:00,456.45,104.65,80.68,5.54,74.56,66.35,312.01,22.078125,35.90828390127235,32.0575,104.65,0.659345815100069,-0.7518398074789773,-0.433883739117558,-0.9009688679024191,0,53.71,0.0,88.97,100.0
2018-10-26 09:15:00,2018-10-26 09:30:00,2018-10-26 10:15:00,428.46999999999997,121.18,104.65,25.99,64.84,122.98,407.2,29.451875,42.738536945412335,32.644375,121.18,0.6087614290087209,-0.793353340291235,-0.433883739117558,-0.9009688679024191,0,56.12,0.0,90.74,100.0
2018-10-26 09:30:00,2018-10-26 09:45:00,2018-10-26 10:30:00,374.85999999999996,106.06,121.18,100.69,55.26,115.45,412.57,35.869375000000005,45.93162982476645,33.17354166666666,121.18,0.5555702330196025,-0.831469612302545,-0.433883739117558,-0.9009688679024191,0,51.44,0.0,89.98,100.0
2018-10-26 09:45:00,2018-10-26 10:00:00,2018-10-26 10:45:00,342.60999999999996,106.52,106.06,80.68,84.06,78.66,438.40999999999997,42.346875,48.08021795899406,33.4075,121.18,0.49999999999999994,-0.8660254037844387,-0.433883739117558,-0.9009688679024191,0,55.01,0.0,88.85,100.0
2018-10-26 10:00:00,2018-10-26 10:15:00,2018-10-26 11:00:00,280.18,122.69,106.52,104.65,67.79,67.18,456.45,49.832499999999996,50.615773048033155,33.979375,122.69,0.4422886902190017,-0.8968727415326881,-0.433883739117558,-0.9009688679024191,0,55.48,0.0,91.12,100.0
2018-10-26 10:15:00,2018-10-26 10:30:00,2018-10-26 11:15:00,259.15999999999997,93.2,122.69,121.18,78.12,51.77,428.46999999999997,55.48,50.095808582155854,34.13645833333333,122.69,0.3826834323650899,-0.9238795325112867,-0.433883739117558,-0.9009688679024191,0,37.91,0.0,92.63,100.0
2018-10-26 10:30:00,2018-10-26 10:45:00,2018-10-26 11:30:00,279.61,52.45,93.2,106.06,58.72,52.38,374.85999999999996,58.5825,48.24059785336413,34.071145833333325,122.69,0.32143946530316175,-0.9469301294951056,-0.433883739117558,-0.9009688679024191,0,27.18,0.0,88.79,100.0
2018-10-26 10:45:00,2018-10-26 11:00:00,2018-10-26 11:45:00,270.54,74.27,52.45,106.52,70.2,50.94,342.60999999999996,63.046875,46.134630121898404,34.11354166666666,122.69,0.258819045102521,-0.9659258262890682,-0.433883739117558,-0.9009688679024191,0,44.86,0.0,85.6,100.0
2018-10-26 11:00:00,2018-10-26 11:15:00,2018-10-26 12:00:00,270.51000000000005,60.26,74.27,122.69,67.43,52.74,280.18,66.6375,43.46512229650344,34.03885416666666,122.69,0.19509032201612816,-0.9807852804032304,-0.433883739117558,-0.9009688679024191,0,33.73,0.0,87.26,100.0
2018-10-26 11:15:00,2018-10-26 11:30:00,2018-10-26 12:15:00,206.72000000000003,72.18,60.26,93.2,74.34,57.67,259.15999999999997,70.97125,40.22403337480591,34.016354166666666,122.69,0.130526192220052,-0.9914448613738104,-0.433883739117558,-0.9009688679024191,0,45.07,0.0,84.82,100.0
2018-10-26 11:30:00,2018-10-26 11:45:00,2018-10-26 12:30:00,138.14,72.9,72.18,52.45,58.93,52.38,279.61,75.3225,36.23382958300157,34.161875,122.69,0.06540312923014312,-0.9978589232386035,-0.433883739117558,-0.9009688679024191,0,43.52,0.0,85.86,100.0
2018-10-26 11:45:00,2018-10-26 12:00:00,2018-10-26 12:45:00,77.62,65.2,72.9,74.27,79.92,42.08,270.54,79.02875,31.69133100608903,34.008541666666666,122.69,1.2246467991473532e-16,-1.0,-0.433883739117558,-0.9009688679024191,0,34.34,0.0,88.48,100.0
2018-10-26 12:00:00,2018-10-26 12:15:00,2018-10-26 13:00:00,21.67,60.23,65.2,60.26,52.45,37.26,270.51000000000005,82.446875,26.023194874657015,34.08958333333333,122.69,-0.06540312923014287,-0.9978589232386035,-0.433883739117558,-0.9009688679024191,0,33.52,0.0,87.38,100.0
2018-10-26 12:15:00,2018-10-26 12:30:00,2018-10-26 13:15:00,46.94,8.39,60.23,72.18,8.46,5.15,206.72000000000003,81.346875,28.62798973879191,34.088854166666664,122.69,-0.13052619222005177,-0.9914448613738104,-0.433883739117558,-0.9009688679024191,0,0.25,15.41,99.96,47.82
2018-10-26 12:30:00,2018-10-26 12:45:00,2018-10-26 13:30:00,108.63999999999999,4.32,8.39,72.9,5.83,5.18,138.14,75.32375,33.62618322732302,34.073125,122.69,-0.19509032201612792,-0.9807852804032305,-0.433883739117558,-0.9009688679024191,0,0.0,17.53,100.0,23.93
2018-10-26 12:45:00,2018-10-26 13:00:00,2018-10-26 13:45:00,167.72,4.68,4.32,65.2,4.93,5.33,77.62,70.57375,37.659969774782084,34.070520833333326,122.69,-0.2588190451025208,-0.9659258262890683,-0.433883739117558,-0.9009688679024191,0,0.0,16.99,100.0,26.56
2018-10-26 13:00:00,2018-10-26 13:15:00,2018-10-26 14:00:00,231.55,4.28,4.68,60.23,4.68,4.14,21.67,64.300625,39.762113007980034,34.06635416666666,122.69,-0.32143946530316153,-0.9469301294951057,-0.433883739117558,-0.9009688679024191,0,0.0,17.28,100.0,24.04
2018-10-26 13:15:00,2018-10-26 13:30:00,2018-10-26 14:15:00,267.79999999999995,33.66,4.28,8.39,29.48,26.21,46.94,58.830625000000005,37.51771272824844,34.10989583333333,122.69,-0.38268343236508967,-0.9238795325112868,-0.433883739117558,-0.9009688679024191,0,15.37,5.0,90.97,98.91
2018-10-26 13:30:00,2018-10-26 13:45:00,2018-10-26 14:30:00,257.33,66.02,33.66,4.32,50.26,51.26,108.63999999999999,56.328125,35.568712940369025,34.2740625,122.69,-0.44228869021900147,-0.8968727415326883,-0.433883739117558,-0.9009688679024191,0,40.1,0.0,85.47,100.0
2018-10-26 13:45:00,2018-10-26 14:00:00,2018-10-26 14:45:00,245.91,63.76,66.02,4.68,58.36,53.39,167.72,53.655625,33.22636922851149,34.3303125,122.69,-0.4999999999999997,-0.8660254037844388,-0.433883739117558,-0.9009688679024191,0,39.74,0.0,84.87,100.0
2018-10-26 14:00:00,2018-10-26 14:15:00,2018-10-26 15:00:00,236.44,68.11,63.76,4.28,59.15,49.1,231.55,50.244375000000005,28.41749438478655,34.42364583333333,122.69,-0.555570233019602,-0.8314696123025455,-0.433883739117558,-0.9009688679024191,0,42.52,0.0,84.83,100.0
2018-10-26 14:15:00,2018-10-26 14:30:00,2018-10-26 15:15:00,234.14,69.91,68.11,33.66,54.97,64.19,267.79999999999995,48.78875,26.726056310976748,34.57927083333333,122.69,-0.6087614290087207,-0.7933533402912352,-0.433883739117558,-0.9009688679024191,0,40.79,0.0,86.37,100.0
2018-10-26 14:30:00,2018-10-26 14:45:00,2018-10-26 15:30:00,223.95,55.55,69.91,66.02,60.16,57.38,257.33,48.9825,26.763107186012615,34.53125,122.69,-0.6593458151000688,-0.7518398074789774,-0.433883739117558,-0.9009688679024191,0,26.96,0.0,89.96,100.0
2018-10-26 14:45:00,2018-10-26 15:00:00,2018-10-26 15:45:00,220.71,52.34,55.55,63.76,58.28,54.36,245.91,47.611875,25.98314338632597,34.46937500000001,122.69,-0.7071067811865471,-0.7071067811865479,-0.433883739117558,-0.9009688679024191,0,24.95,0.0,90.27,100.0
2018-10-26 15:00:00,2018-10-26 15:15:00,2018-10-26 16:00:00,220.14,58.64,52.34,68.11,60.23,56.63,236.44,47.510625000000005,25.93677444015302,34.4528125,122.69,-0.7518398074789773,-0.6593458151000691,-0.433883739117558,-0.9009688679024191,0,27.32,0.0,90.65,100.0
2018-10-26 15:15:00,2018-10-26 15:30:00,2018-10-26 16:15:00,202.97,67.61,58.64,69.91,47.41,62.5,234.14,47.224999999999994,25.68749914841848,34.66322916666667,122.69,-0.7933533402912349,-0.6087614290087209,-0.433883739117558,-0.9009688679024191,0,41.58,0.0,85.18,100.0
2018-10-26 15:30:00,2018-10-26 15:45:00,2018-10-26 16:30:00,205.67000000000002,45.36,67.61,55.55,47.38,89.68,223.95,45.50375,24.817371908352822,34.6421875,122.69,-0.8314696123025452,-0.5555702330196022,-0.433883739117558,-0.9009688679024191,0,17.86,0.0,93.05,100.0
2018-10-26 15:45:00,2018-10-26 16:00:00,2018-10-26 16:45:00,212.19,49.1,45.36,52.34,66.53,61.42,220.71,44.4975,24.319772434173803,34.460625,122.69,-0.8660254037844385,-0.5000000000000004,-0.433883739117558,-0.9009688679024191,0,23.65,0.0,90.09,100.0
2018-10-26 16:00:00,2018-10-26 16:15:00,2018-10-26 17:00:00,201.24,58.07,49.1,58.64,66.28,99.36,220.14,44.3625,24.237923410432668,34.37510416666667,122.69,-0.8968727415326883,-0.44228869021900136,-0.433883739117558,-0.9009688679024191,0,30.38,0.0,88.61,100.0
2018-10-26 16:15:00,2018-10-26 16:30:00,2018-10-26 17:15:00,205.66000000000003,50.44,58.07,67.61,60.37,88.49,202.97,46.990624999999994,22.40540321796006,34.27166666666667,122.69,-0.9238795325112868,-0.3826834323650895,-0.433883739117558,-0.9009688679024191,0,24.44,0.0,89.99,100.0
2018-10-26 16:30:00,2018-10-26 16:45:00,2018-10-26 17:30:00,220.13,48.06,50.44,45.36,57.67,89.86,205.67000000000002,49.724374999999995,19.514130447175326,34.1715625,122.69,-0.9469301294951056,-0.3214394653031618,-0.433883739117558,-0.9009688679024191,0,25.99,0.0,87.96,100.0
2018-10-26 16:45:00,2018-10-26 17:00:00,2018-10-26 17:45:00,196.01,55.62,48.06,49.1,57.42,56.66,212.19,52.908125,15.68519015614331,34.1528125,122.69,-0.9659258262890683,-0.25881904510252063,-0.433883739117558,-0.9009688679024191,0,29.09,0.0,88.61,100.0
2018-10-26 17:00:00,2018-10-26 17:15:00,2018-10-26 18:00:00,180.1,47.12,55.62,58.07,46.84,56.95,201.24,55.58562499999999,9.651770542722977,34.15572916666667,122.69,-0.9807852804032303,-0.19509032201612866,-0.433883739117558,-0.9009688679024191,0,21.96,0.0,90.64,100.0
2018-10-26 17:15:00,2018-10-26 17:30:00,2018-10-26 18:15:00,165.16000000000003,54.86,47.12,50.44,60.19,48.56,205.66000000000003,56.910624999999996,7.835058605994915,34.100208333333335,122.69,-0.9914448613738104,-0.13052619222005163,-0.433883739117558,-0.9009688679024191,0,27.29,0.0,89.53,100.0
2018-10-26 17:30:00,2018-10-26 17:45:00,2018-10-26 18:30:00,154.4,62.53,54.86,48.06,51.73,39.71,220.13,56.6925,7.624162658941636,34.21270833333333,122.69,-0.9978589232386035,-0.06540312923014273,-0.433883739117558,-0.9009688679024191,0,36.79,0.0,86.19,100.0
2018-10-26 17:45:00,2018-10-26 18:00:00,2018-10-26 18:45:00,174.96,31.5,62.53,55.62,29.84,30.64,196.01,54.67625,9.518777412961184,34.23,122.69,-1.0,-1.8369701987210297e-16,-0.433883739117558,-0.9009688679024191,0,1.58,1.55,99.87,99.88
2018-10-26 18:00:00,2018-10-26 18:15:00,2018-10-26 19:00:00,194.87,31.21,31.5,47.12,30.02,30.74,180.1,52.37,10.412770404652164,34.24239583333333,122.69,-0.9978589232386036,0.06540312923014237,-0.433883739117558,-0.9009688679024191,0,5.58,0.86,98.44,99.96
2018-10-26 18:15:00,2018-10-26 18:30:00,2018-10-26 19:15:00,218.09000000000003,39.92,31.21,54.86,51.98,43.13,165.16000000000003,50.495625,9.765855677275546,34.116770833333334,122.69,-0.9914448613738105,0.13052619222005127,-0.433883739117558,-0.9009688679024191,0,21.64,0.0,87.91,100.0
2018-10-26 18:30:00,2018-10-26 18:45:00,2018-10-26 19:30:00,231.33999999999997,51.77,39.92,62.53,57.6,63.9,154.4,50.259375000000006,9.686121817289674,34.056041666666665,122.69,-0.9807852804032304,0.1950903220161283,-0.433883739117558,-0.9009688679024191,0,33.08,0.0,84.27,100.0
2018-10-26 18:45:00,2018-10-26 19:00:00,2018-10-26 19:45:00,230.64999999999998,52.06,51.77,31.5,65.12,53.6,174.96,50.241875,9.68259922409138,33.92,122.69,-0.9659258262890684,0.2588190451025203,-0.433883739117558,-0.9009688679024191,0,27.32,0.0,88.55,100.0
2018-10-26 19:00:00,2018-10-26 19:15:00,2018-10-26 20:00:00,238.25,51.12,52.06,31.21,67.32,69.52,194.87,49.771875,9.443092196646974,33.75125,122.69,-0.9469301294951057,0.3214394653031615,-0.433883739117558,-0.9009688679024191,0,24.7,0.0,90.04,100.0
2018-10-26 19:15:00,2018-10-26 19:30:00,2018-10-26 20:15:00,226.23,63.14,51.12,39.92,48.49,68.08,218.09000000000003,49.4925,8.965249229664504,33.90385416666666,122.69,-0.923879532511287,0.38268343236508917,-0.433883739117558,-0.9009688679024191,0,38.48,0.0,85.39,100.0
2018-10-26 19:30:00,2018-10-26 19:45:00,2018-10-26 20:30:00,211.18,65.02,63.14,51.77,51.3,50.54,231.33999999999997,50.72125,9.636777129180688,34.04677083333333,122.69,-0.8968727415326884,0.442288690219001,-0.433883739117558,-0.9009688679024191,0,40.79,0.0,84.71,100.0
2018-10-26 19:45:00,2018-10-26 20:00:00,2018-10-26 20:45:00,220.07,51.37,65.02,52.06,56.34,43.96,230.64999999999998,50.863125,9.628570583652332,33.995,122.69,-0.8660254037844386,0.5000000000000001,-0.433883739117558,-0.9009688679024191,0,27.18,0.0,88.39,100.0
2018-10-26 20:00:00,2018-10-26 20:15:00,2018-10-26 21:00:00,208.37,58.72,51.37,51.12,57.06,60.19,238.25,50.90375,9.660211485133232,34.01229166666666,122.69,-0.8314696123025455,0.5555702330196018,-0.433883739117558,-0.9009688679024191,0,32.29,0.0,87.63,100.0
2018-10-26 20:15:00,2018-10-26 20:30:00,2018-10-26 21:15:00,162.97,51.12,58.72,63.14,53.5,55.8,226.23,50.94625,9.6595735380761,33.9875,122.69,-0.7933533402912357,0.6087614290087199,-0.433883739117558,-0.9009688679024191,0,26.75,0.0,88.6,100.0
2018-10-26 20:30:00,2018-10-26 20:45:00,2018-10-26 21:30:00,118.04,49.97,51.12,65.02,56.66,61.52,211.18,51.065625000000004,9.634937706564324,33.9178125,122.69,-0.7518398074789772,0.6593458151000691,-0.433883739117558,-0.9009688679024191,0,25.42,0.0,89.13,100.0
2018-10-26 20:45:00,2018-10-26 21:00:00,2018-10-26 21:45:00,61.85,60.26,49.97,51.37,81.0,48.78,220.07,51.355625,9.835398421486289,33.701770833333335,122.69,-0.7071067811865477,0.7071067811865474,-0.433883739117558,-0.9009688679024191,0,31.18,0.0,88.82,100.0
2018-10-26 21:00:00,2018-10-26 21:15:00,2018-10-26 22:00:00,18.79,47.02,60.26,58.72,75.02,39.35,208.37,51.349375,9.838119401561205,33.41010416666666,122.69,-0.6593458151000687,0.7518398074789775,-0.433883739117558,-0.9009688679024191,0,24.48,0.18,88.7,100.0
2018-10-26 21:15:00,2018-10-26 21:30:00,2018-10-26 22:15:00,16.85,5.72,47.02,51.12,8.89,65.92,162.97,48.278125,14.721182959748003,33.37708333333333,122.69,-0.608761429008721,0.7933533402912349,-0.433883739117558,-0.9009688679024191,0,0.0,15.52,100.0,34.58
2018-10-26 21:30:00,2018-10-26 21:45:00,2018-10-26 22:30:00,15.66,5.04,5.72,49.97,4.07,74.95,118.04,44.685,17.548615329991136,33.387187499999996,122.69,-0.555570233019603,0.8314696123025447,-0.433883739117558,-0.9009688679024191,0,0.0,15.66,100.0,30.64
2018-10-26 21:45:00,2018-10-26 22:00:00,2018-10-26 22:45:00,15.26,4.07,5.04,60.26,3.89,47.99,61.85,42.970625,19.931086105864253,33.3890625,122.69,-0.5000000000000004,0.8660254037844384,-0.433883739117558,-0.9009688679024191,0,0.0,16.34,100.0,24.17
2018-10-26 22:00:00,2018-10-26 22:15:00,2018-10-26 23:00:00,15.010000000000002,3.96,4.07,47.02,3.89,74.84,18.79,41.2675,21.92754759999394,33.38979166666667,122.69,-0.4422886902190014,0.8968727415326883,-0.433883739117558,-0.9009688679024191,0,0.0,15.7,100.0,24.46
2018-10-26 22:15:00,2018-10-26 22:30:00,2018-10-26 23:15:00,14.870000000000001,3.78,3.96,5.72,3.71,47.59,16.85,39.00875,23.7367636470834,33.39052083333333,122.69,-0.38268343236508956,0.9238795325112868,-0.433883739117558,-0.9009688679024191,0,6.01,0.11,53.24,99.96
2018-10-26 22:30:00,2018-10-26 22:45:00,2018-10-26 23:30:00,14.58,3.85,3.78,5.04,3.64,44.5,15.66,36.01375,24.930792926369186,33.39270833333333,122.69,-0.32143946530316186,0.9469301294951056,-0.433883739117558,-0.9009688679024191,0,6.52,0.0,50.85,100.0
2018-10-26 22:45:00,2018-10-26 23:00:00,2018-10-26 23:45:00,14.58,3.67,3.85,4.07,3.53,80.96,15.26,32.989374999999995,25.723284070261617,33.39416666666667,122.69,-0.25881904510252157,0.9659258262890681,-0.433883739117558,-0.9009688679024191,0,7.27,0.0,45.06,100.0
2018-10-26 23:00:00,2018-10-26 23:15:00,2018-10-27 00:00:00,13.610000000000001,3.71,3.67,3.96,3.56,54.07,15.010000000000002,30.02625,26.190501588123507,33.39572916666666,122.69,-0.19509032201612872,0.9807852804032303,-0.433883739117558,-0.9009688679024191,0,7.38,0.0,44.91,100.0
2018-10-26 23:15:00,2018-10-26 23:30:00,2018-10-27 00:15:00,13.610000000000001,3.64,3.71,3.78,3.46,42.44,14.870000000000001,26.307499999999997,25.43806952679389,33.39760416666667,122.69,-0.13052619222005168,0.9914448613738104,-0.433883739117558,-0.9009688679024191,0,6.66,0.0,47.96,100.0
2018-10-26 23:30:00,2018-10-26 23:45:00,2018-10-27 00:30:00,13.690000000000001,3.56,3.64,3.85,3.53,73.01,14.58,22.466250000000002,23.89591227464438,33.39791666666667,122.69,-0.0654031292301428,0.9978589232386035,-0.433883739117558,-0.9009688679024191,0,6.37,0.0,48.79,100.0
2018-10-26 23:45:00,2018-10-27 00:00:00,2018-10-27 00:45:00,13.690000000000001,3.67,3.56,3.67,3.42,61.2,14.58,19.485,23.064990515931285,33.40052083333333,122.69,0.0,1.0,-0.9749279121818236,-0.2225209339563146,1,6.77,0.0,47.66,100.0
2018-10-27 00:00:00,2018-10-27 00:15:00,2018-10-27 01:00:00,14.62,2.74,3.67,3.71,3.6,2.81,13.610000000000001,15.98625,21.001562999869794,33.3915625,122.69,0.06540312923014306,0.9978589232386035,-0.9749279121818236,-0.2225209339563146,1,4.72,0.0,50.2,100.0
2018-10-27 00:15:00,2018-10-27 00:30:00,2018-10-27 01:15:00,14.72,3.64,2.74,3.64,4.57,64.33,13.610000000000001,13.01875,19.095488627880144,33.381875,122.69,0.13052619222005157,0.9914448613738104,-0.9749279121818236,-0.2225209339563146,1,7.13,0.0,45.47,100.0
2018-10-27 00:30:00,2018-10-27 00:45:00,2018-10-27 01:30:00,14.72,3.64,3.64,3.56,3.49,45.22,13.690000000000001,10.123125,16.6256855944161,33.38343749999999,122.69,0.19509032201612825,0.9807852804032304,-0.9749279121818236,-0.2225209339563146,1,6.44,0.0,49.21,100.0
2018-10-27 00:45:00,2018-10-27 01:00:00,2018-10-27 01:45:00,14.690000000000001,3.67,3.64,3.67,3.53,19.84,13.690000000000001,6.586250000000001,10.459444222208942,33.38489583333333,122.69,0.25881904510252074,0.9659258262890683,-0.9749279121818236,-0.2225209339563146,1,6.8,0.0,47.49,100.0
2018-10-27 01:00:00,2018-10-27 01:15:00,2018-10-27 02:00:00,15.520000000000001,3.67,3.67,2.74,3.49,7.09,14.62,3.876875,0.6405341398981009,33.38677083333333,122.69,0.3214394653031616,0.9469301294951057,-0.9749279121818236,-0.2225209339563146,1,6.88,0.0,47.07,100.0
2018-10-27 01:15:00,2018-10-27 01:30:00,2018-10-27 02:15:00,15.38,3.74,3.67,3.64,3.53,5.72,14.72,3.7531250000000003,0.4287440779474394,33.38895833333333,122.69,0.3826834323650898,0.9238795325112867,-0.9749279121818236,-0.2225209339563146,1,7.42,0.0,45.01,100.0
2018-10-27 01:30:00,2018-10-27 01:45:00,2018-10-27 02:30:00,14.91,3.64,3.74,3.64,3.53,4.75,14.72,3.6656250000000004,0.2710389443880713,33.39010416666667,122.69,0.44228869021900125,0.8968727415326884,-0.9749279121818236,-0.2225209339563146,1,7.16,0.0,45.32,100.0
2018-10-27 01:45:00,2018-10-27 02:00:00,2018-10-27 02:45:00,14.399999999999999,3.64,3.64,3.67,3.49,4.68,14.690000000000001,3.6387500000000004,0.250121845307442,33.391666666666666,122.69,0.49999999999999994,0.8660254037844387,-0.9749279121818236,-0.2225209339563146,1,6.37,0.0,49.61,100.0
2018-10-27 02:00:00,2018-10-27 02:15:00,2018-10-27 03:00:00,13.069999999999999,4.5,3.64,3.67,3.49,4.64,15.520000000000001,3.6725000000000003,0.31832569798871085,33.4021875,122.69,0.5555702330196022,0.8314696123025452,-0.9749279121818236,-0.2225209339563146,1,7.99,0.0,49.07,100.0
2018-10-27 02:15:00,2018-10-27 02:30:00,2018-10-27 03:15:00,12.599999999999998,3.6,4.5,3.74,3.35,3.6,15.38,3.6612500000000003,0.3175073818039511,33.40479166666666,122.69,0.6087614290087207,0.7933533402912352,-0.9749279121818236,-0.2225209339563146,1,7.2,0.0,44.72,100.0
2018-10-27 02:30:00,2018-10-27 02:45:00,2018-10-27 03:30:00,12.559999999999999,3.17,3.6,3.64,2.92,3.56,14.91,3.6187500000000004,0.33445618173387076,33.40739583333333,122.69,0.6593458151000688,0.7518398074789774,-0.9749279121818236,-0.2225209339563146,1,6.05,0.0,46.41,100.0
2018-10-27 02:45:00,2018-10-27 03:00:00,2018-10-27 03:45:00,12.559999999999999,3.13,3.17,3.64,2.88,3.6,14.399999999999999,3.585,0.3542421488191375,33.410000000000004,122.69,0.7071067811865476,0.7071067811865476,-0.9749279121818236,-0.2225209339563146,1,6.16,0.0,45.3,100.0
2018-10-27 03:00:00,2018-10-27 03:15:00,2018-10-27 04:00:00,12.56,3.17,3.13,4.5,2.88,3.53,13.069999999999999,3.5512500000000005,0.3662457337635484,33.413020833333334,122.69,0.7518398074789774,0.6593458151000688,-0.9749279121818236,-0.2225209339563146,1,6.37,0.0,44.55,100.0
2018-10-27 03:15:00,2018-10-27 03:30:00,2018-10-27 04:15:00,12.6,3.13,3.17,3.6,2.88,3.49,12.599999999999998,3.519375,0.37910204348565574,33.415625000000006,122.69,0.7933533402912352,0.6087614290087207,-0.9749279121818236,-0.2225209339563146,1,6.12,0.0,45.53,100.0
2018-10-27 03:30:00,2018-10-27 03:45:00,2018-10-27 04:30:00,12.599999999999998,3.13,3.13,3.17,2.95,3.49,12.559999999999999,3.4925,0.3903443992168967,33.4175,122.69,0.8314696123025451,0.5555702330196024,-0.9749279121818236,-0.2225209339563146,1,6.19,0.0,45.12,100.0
2018-10-27 03:45:00,2018-10-27 04:00:00,2018-10-27 04:45:00,12.569999999999999,3.13,3.13,3.13,2.84,3.53,12.559999999999999,3.45875,0.39682922964418843,33.420520833333335,122.69,0.8660254037844386,0.5000000000000001,-0.9749279121818236,-0.2225209339563146,1,6.12,0.0,45.53,100.0
2018-10-27 04:00:00,2018-10-27 04:15:00,2018-10-27 05:00:00,12.82,3.17,3.13,3.17,2.84,3.49,12.56,3.4856249999999998,0.36010360922240153,33.42395833333334,122.69,0.8968727415326884,0.44228869021900125,-0.9749279121818236,-0.2225209339563146,1,6.05,0.0,46.41,100.0
2018-10-27 04:15:00,2018-10-27 04:30:00,2018-10-27 05:15:00,13.290000000000001,3.17,3.17,3.13,2.92,3.49,12.6,3.45625,0.3654427964812004,33.4265625,122.69,0.9238795325112867,0.38268343236508984,-0.9749279121818236,-0.2225209339563146,1,6.16,0.0,45.76,100.0
2018-10-27 04:30:00,2018-10-27 04:45:00,2018-10-27 05:30:00,13.26,3.13,3.17,3.13,2.88,3.49,12.599999999999998,3.424375,0.37023588342433805,33.42916666666667,122.69,0.9469301294951056,0.3214394653031617,-0.9749279121818236,-0.2225209339563146,1,6.12,0.0,45.53,100.0
2018-10-27 04:45:00,2018-10-27 05:00:00,2018-10-27 05:45:00,13.26,3.1,3.13,3.13,3.17,3.53,12.569999999999999,3.38875,0.37230489857105026,33.4284375,122.69,0.9659258262890683,0.25881904510252074,-0.9749279121818236,-0.2225209339563146,1,5.94,0.0,46.27,100.0
2018-10-27 05:00:00,2018-10-27 05:15:00,2018-10-27 06:00:00,12.9,3.42,3.1,3.17,3.53,3.53,12.82,3.373125,0.3653546008674313,33.42729166666667,122.69,0.9807852804032304,0.19509032201612833,-0.9749279121818236,-0.2225209339563146,1,6.37,0.0,47.3,100.0
2018-10-27 05:15:00,2018-10-27 05:30:00,2018-10-27 06:15:00,12.36,3.64,3.42,3.17,3.2,3.6,13.290000000000001,3.366875,0.35983883111054044,33.431875,122.69,0.9914448613738104,0.1305261922200517,-0.9749279121818236,-0.2225209339563146,1,6.01,0.0,51.8,100.0
2018-10-27 05:30:00,2018-10-27 05:45:00,2018-10-27 06:30:00,12.93,3.1,3.64,3.13,3.38,3.42,13.26,3.333125,0.35795807628128745,33.428958333333334,122.69,0.9978589232386035,0.06540312923014327,-0.9749279121818236,-0.2225209339563146,1,5.9,0.0,46.51,100.0
2018-10-27 05:45:00,2018-10-27 06:00:00,2018-10-27 06:45:00,13.32,3.1,3.1,3.1,2.88,2.99,13.26,3.299375,0.3528538782201494,33.43125,122.69,1.0,6.123233995736766e-17,-0.9749279121818236,-0.2225209339563146,1,5.9,0.0,46.51,100.0
2018-10-27 06:00:00,2018-10-27 06:15:00,2018-10-27 07:00:00,13.36,3.06,3.1,3.42,2.92,3.56,12.9,3.209375,0.17289696172865507,33.43270833333333,122.69,0.9978589232386035,-0.06540312923014314,-0.9749279121818236,-0.2225209339563146,1,5.87,0.0,46.23,100.0
2018-10-27 06:15:00,2018-10-27 06:30:00,2018-10-27 07:15:00,13.39,3.1,3.06,3.64,2.84,3.17,12.36,3.178125,0.1418722466693187,33.43541666666667,122.69,0.9914448613738104,-0.1305261922200516,-0.9749279121818236,-0.2225209339563146,1,6.05,0.0,45.6,100.0
2018-10-27 06:30:00,2018-10-27 06:45:00,2018-10-27 07:30:00,12.959999999999999,3.67,3.1,3.1,2.81,2.81,12.93,3.209375,0.18511715040751897,33.444375,122.69,0.9807852804032304,-0.1950903220161282,-0.9749279121818236,-0.2225209339563146,1,7.31,0.0,44.87,100.0
2018-10-27 06:45:00,2018-10-27 07:00:00,2018-10-27 07:45:00,12.670000000000002,3.49,3.67,3.1,2.84,2.84,13.32,3.231875,0.1956789063108234,33.451145833333335,122.69,0.9659258262890683,-0.25881904510252063,-0.9749279121818236,-0.2225209339563146,1,7.2,0.0,43.62,100.0
2018-10-27 07:00:00,2018-10-27 07:15:00,2018-10-27 08:00:00,12.95,3.1,3.49,3.06,2.81,2.84,13.36,3.2275,0.19778460506318485,33.45416666666667,122.69,0.9469301294951057,-0.3214394653031616,-0.9749279121818236,-0.2225209339563146,1,6.41,0.0,43.54,100.0
2018-10-27 07:15:00,2018-10-27 07:30:00,2018-10-27 08:15:00,40.56,3.13,3.1,3.1,2.84,2.88,13.39,3.2275,0.19778460506318485,33.4571875,122.69,0.9238795325112868,-0.3826834323650895,-0.9749279121818236,-0.2225209339563146,1,6.23,0.0,44.89,100.0
2018-10-27 07:30:00,2018-10-27 07:45:00,2018-10-27 08:30:00,83.87,3.24,3.13,3.67,3.28,2.88,12.959999999999999,3.234375,0.1961813175993066,33.45677083333334,122.69,0.8968727415326884,-0.44228869021900113,-0.9749279121818236,-0.2225209339563146,1,6.34,0.0,45.51,100.0
2018-10-27 07:45:00,2018-10-27 08:00:00,2018-10-27 08:45:00,127.69,3.2,3.24,3.49,5.9,3.6,12.670000000000002,3.23875,0.19457887218297878,33.428645833333334,122.69,0.8660254037844387,-0.4999999999999998,-0.9749279121818236,-0.2225209339563146,1,6.01,0.0,47.0,100.0
2018-10-27 08:00:00,2018-10-27 08:15:00,2018-10-27 09:00:00,170.03,3.38,3.2,3.1,5.54,3.78,12.95,3.251875,0.19657119416384486,33.40614583333333,122.69,0.8314696123025451,-0.5555702330196023,-0.9749279121818236,-0.2225209339563146,1,6.12,0.0,48.35,100.0
2018-10-27 08:15:00,2018-10-27 08:30:00,2018-10-27 09:15:00,185.44,30.74,3.38,3.13,25.99,18.0,40.56,4.975,6.6553643777031475,33.455625,122.69,0.7933533402912352,-0.6087614290087207,-0.9749279121818236,-0.2225209339563146,1,31.28,0.0,70.09,100.0
2018-10-27 08:30:00,2018-10-27 08:45:00,2018-10-27 09:30:00,183.60000000000002,46.55,30.74,3.24,100.69,43.06,83.87,7.68875,12.03107324545487,32.89166666666667,122.69,0.7518398074789774,-0.6593458151000688,-0.9749279121818236,-0.2225209339563146,1,43.31,0.0,73.21,100.0
2018-10-27 08:45:00,2018-10-27 09:00:00,2018-10-27 09:45:00,181.83,47.02,46.55,3.2,80.68,52.81,127.69,10.43375,15.25056920044298,32.541041666666665,122.69,0.7071067811865476,-0.7071067811865475,-0.9749279121818236,-0.2225209339563146,1,36.5,0.0,78.99,100.0
2018-10-27 09:00:00,2018-10-27 09:15:00,2018-10-27 10:00:00,182.19,45.72,47.02,3.38,104.65,39.92,170.03,13.0775,17.330201059133735,31.927187500000002,122.69,0.659345815100069,-0.7518398074789773,-0.9749279121818236,-0.2225209339563146,1,18.94,0.0,92.39,100.0
2018-10-27 09:15:00,2018-10-27 09:30:00,2018-10-27 10:15:00,178.38000000000002,46.15,45.72,30.74,121.18,62.5,185.44,15.734374999999998,18.86987346564293,31.145625,122.69,0.6087614290087209,-0.793353340291235,-0.9749279121818236,-0.2225209339563146,1,21.24,0.0,90.84,100.0
2018-10-27 09:30:00,2018-10-27 09:45:00,2018-10-27 10:30:00,182.27,44.71,46.15,46.55,106.06,48.1,183.60000000000002,18.335,19.79409855234635,30.5065625,122.69,0.5555702330196025,-0.831469612302545,-0.9749279121818236,-0.2225209339563146,1,19.8,0.0,91.44,100.0
2018-10-27 09:45:00,2018-10-27 10:00:00,2018-10-27 10:45:00,174.5,45.25,44.71,47.02,106.52,50.26,181.83,20.969375,20.387150508577086,29.86833333333333,122.69,0.49999999999999994,-0.8660254037844387,-0.9749279121818236,-0.2225209339563146,1,20.56,0.0,91.04,100.0
2018-10-27 10:00:00,2018-10-27 10:15:00,2018-10-27 11:00:00,168.77999999999997,46.08,45.25,45.72,122.69,50.87,182.19,23.658125,20.682574555271763,29.070312500000004,93.2,0.4422886902190017,-0.8968727415326881,-0.9749279121818236,-0.2225209339563146,1,19.73,0.0,91.93,100.0
2018-10-27 10:15:00,2018-10-27 10:30:00,2018-10-27 11:15:00,173.01999999999998,42.34,46.08,46.15,93.2,45.22,178.38000000000002,26.110625,20.424314697423142,28.540520833333332,74.27,0.3826834323650899,-0.9238795325112867,-0.9749279121818236,-0.2225209339563146,1,15.55,0.0,93.87,100.0
2018-10-27 10:30:00,2018-10-27 10:45:00,2018-10-27 11:30:00,170.0,48.6,42.34,44.71,52.45,59.18,182.27,28.91875,20.233733242718703,28.500416666666666,74.27,0.32143946530316175,-0.9469301294951056,-0.9749279121818236,-0.2225209339563146,1,22.28,0.0,90.9,100.0
2018-10-27 10:45:00,2018-10-27 11:00:00,2018-10-27 11:45:00,179.82,37.48,48.6,45.25,74.27,71.42,174.5,31.043125,19.210884843868463,28.1171875,72.9,0.258819045102521,-0.9659258262890682,-0.9749279121818236,-0.2225209339563146,1,13.07,0.0,94.42,100.0
2018-10-27 11:00:00,2018-10-27 11:15:00,2018-10-27 12:00:00,162.45999999999998,40.36,37.48,46.08,60.26,95.62,168.77999999999997,33.371875,17.895785543931147,27.909895833333334,72.9,0.19509032201612816,-0.9807852804032304,-0.9749279121818236,-0.2225209339563146,1,15.66,0.0,93.23,100.0
2018-10-27 11:15:00,2018-10-27 11:30:00,2018-10-27 12:15:00,119.69999999999999,46.58,40.36,42.34,72.18,59.98,173.01999999999998,36.087500000000006,16.328724498563872,27.643229166666668,72.9,0.130526192220052,-0.9914448613738104,-0.9749279121818236,-0.2225209339563146,1,19.69,0.0,92.11,100.0
2018-10-27 11:30:00,2018-10-27 11:45:00,2018-10-27 12:30:00,78.57999999999998,45.58,46.58,48.6,72.9,64.26,170.0,38.73375,14.064900850610357,27.35864583333333,69.91,0.06540312923014312,-0.9978589232386035,-0.9749279121818236,-0.2225209339563146,1,20.99,0.0,90.83,100.0
2018-10-27 11:45:00,2018-10-27 12:00:00,2018-10-27 12:45:00,36.82,47.3,45.58,37.48,65.2,60.08,179.82,41.489999999999995,10.765470263764605,27.172187499999996,69.91,1.2246467991473532e-16,-1.0,-0.9749279121818236,-0.2225209339563146,1,23.04,0.0,89.9,100.0
2018-10-27 12:00:00,2018-10-27 12:15:00,2018-10-27 13:00:00,18.79,23.0,47.3,40.36,60.23,28.73,162.45999999999998,42.71625,6.707153713573292,26.784374999999994,69.91,-0.06540312923014287,-0.9978589232386035,-0.9749279121818236,-0.2225209339563146,1,7.02,4.03,95.64,98.5
2018-10-27 12:15:00,2018-10-27 12:30:00,2018-10-27 13:15:00,44.629999999999995,3.82,23.0,46.58,8.39,5.65,119.69999999999999,41.03375,11.302569882000288,26.736770833333328,69.91,-0.13052619222005177,-0.9914448613738104,-0.9749279121818236,-0.2225209339563146,1,0.0,10.04,100.0,35.56
2018-10-27 12:30:00,2018-10-27 12:45:00,2018-10-27 13:30:00,77.93,4.46,3.82,45.58,4.32,6.01,78.57999999999998,38.403125,14.231252017457036,26.738229166666667,69.91,-0.19509032201612792,-0.9807852804032305,-0.9749279121818236,-0.2225209339563146,1,0.0,12.85,100.0,32.79
2018-10-27 12:45:00,2018-10-27 13:00:00,2018-10-27 13:45:00,109.28999999999999,5.54,4.46,47.3,4.68,6.59,36.82,35.810625,16.083093012831053,26.747187499999995,69.91,-0.2588190451025208,-0.9659258262890683,-0.9749279121818236,-0.2225209339563146,1,0.0,16.31,100.0,32.16
2018-10-27 13:00:00,2018-10-27 13:15:00,2018-10-27 14:00:00,153.17,4.97,5.54,23.0,4.28,6.52,18.79,33.26375,17.478231773766478,26.754375,69.91,-0.32143946530316153,-0.9469301294951057,-0.9749279121818236,-0.2225209339563146,1,0.0,16.49,100.0,28.86
2018-10-27 13:15:00,2018-10-27 13:30:00,2018-10-27 14:15:00,163.43,29.66,4.97,3.82,33.66,26.57,44.629999999999995,32.233125,17.171476974458983,26.712708333333335,69.91,-0.38268343236508967,-0.9238795325112868,-0.9749279121818236,-0.2225209339563146,1,12.17,7.67,92.51,96.82
2018-10-27 13:30:00,2018-10-27 13:45:00,2018-10-27 14:30:00,172.76,37.76,29.66,4.46,66.02,62.96,77.93,31.79875,16.936663217337117,26.418333333333333,69.91,-0.44228869021900147,-0.8968727415326883,-0.9749279121818236,-0.2225209339563146,1,11.7,0.0,95.52,100.0
2018-10-27 13:45:00,2018-10-27 14:00:00,2018-10-27 14:45:00,170.28000000000003,36.9,37.76,5.54,63.76,104.44,109.28999999999999,31.276875,16.640195956910333,26.138541666666665,69.91,-0.4999999999999997,-0.8660254037844388,-0.9749279121818236,-0.2225209339563146,1,10.91,0.0,95.9,100.0
2018-10-27 14:00:00,2018-10-27 14:15:00,2018-10-27 15:00:00,165.06,48.85,36.9,4.97,68.11,66.35,153.17,31.45,16.806882146906368,25.937916666666666,69.91,-0.555570233019602,-0.8314696123025455,-0.9749279121818236,-0.2225209339563146,1,24.77,0.0,89.19,100.0
2018-10-27 14:15:00,2018-10-27 14:30:00,2018-10-27 15:15:00,175.32000000000002,39.92,48.85,29.66,69.91,80.96,163.43,31.29875,16.71885794357677,25.62552083333333,67.61,-0.6087614290087207,-0.7933533402912352,-0.9749279121818236,-0.2225209339563146,1,13.36,0.0,94.83,100.0
2018-10-27 14:30:00,2018-10-27 14:45:00,2018-10-27 15:30:00,168.77,47.09,39.92,37.76,55.55,84.49,172.76,31.204375,16.624927055761027,25.537395833333335,67.61,-0.6593458151000688,-0.7518398074789774,-0.9749279121818236,-0.2225209339563146,1,24.23,0.0,88.92,100.0
2018-10-27 14:45:00,2018-10-27 15:00:00,2018-10-27 15:45:00,188.24,34.42,47.09,36.9,52.34,67.14,170.28000000000003,31.013125000000002,16.56914063807701,25.350729166666667,67.61,-0.7071067811865471,-0.7071067811865479,-0.9749279121818236,-0.2225209339563146,1,9.9,0.0,96.1,100.0
2018-10-27 15:00:00,2018-10-27 15:15:00,2018-10-27 16:00:00,198.11,43.63,34.42,48.85,58.64,67.61,165.06,31.2175,16.702798979512387,25.194374999999997,67.61,-0.7518398074789773,-0.6593458151000691,-0.9749279121818236,-0.2225209339563146,1,17.28,0.0,92.97,100.0
2018-10-27 15:15:00,2018-10-27 15:30:00,2018-10-27 16:15:00,197.32,50.18,43.63,39.92,67.61,104.51,175.32000000000002,31.4425,16.930918278404157,25.012812499999995,65.02,-0.7933533402912349,-0.6087614290087209,-0.9749279121818236,-0.2225209339563146,1,25.34,0.0,89.26,100.0
2018-10-27 15:30:00,2018-10-27 15:45:00,2018-10-27 16:30:00,198.65,40.54,50.18,47.09,45.36,79.24,168.77,31.127499999999998,16.7104082460603,24.962604166666665,65.02,-0.8314696123025452,-0.5555702330196022,-0.9749279121818236,-0.2225209339563146,1,12.35,0.0,95.66,100.0
2018-10-27 15:45:00,2018-10-27 16:00:00,2018-10-27 16:45:00,193.07,53.89,40.54,34.42,49.1,73.84,188.24,31.539375,17.178604595815546,25.0125,65.02,-0.8660254037844385,-0.5000000000000004,-0.9749279121818236,-0.2225209339563146,1,25.42,0.0,90.44,100.0
2018-10-27 16:00:00,2018-10-27 16:15:00,2018-10-27 17:00:00,148.64,53.5,53.89,43.63,58.07,72.9,198.11,33.445625,17.8060361846587,24.964895833333333,65.02,-0.8968727415326883,-0.44228869021900136,-0.9749279121818236,-0.2225209339563146,1,24.62,0.0,90.84,100.0
2018-10-27 16:15:00,2018-10-27 16:30:00,2018-10-27 17:15:00,104.29,49.39,53.5,50.18,50.44,74.45,197.32,36.29375,16.430982881054316,24.953958333333333,65.02,-0.9238795325112868,-0.3826834323650895,-0.9749279121818236,-0.2225209339563146,1,20.7,0.0,92.23,100.0
2018-10-27 16:30:00,2018-10-27 16:45:00,2018-10-27 17:30:00,66.06,41.87,49.39,40.54,48.06,71.78,198.65,38.631874999999994,14.251914002490157,24.88947916666667,65.02,-0.9469301294951056,-0.3214394653031618,-0.9749279121818236,-0.2225209339563146,1,15.16,0.0,94.03,100.0
2018-10-27 16:45:00,2018-10-27 17:00:00,2018-10-27 17:45:00,21.28,48.31,41.87,53.89,55.62,103.82,193.07,41.305,11.549180706872674,24.813333333333333,65.02,-0.9659258262890683,-0.25881904510252063,-0.9749279121818236,-0.2225209339563146,1,21.71,0.07,91.21,100.0
2018-10-27 17:00:00,2018-10-27 17:15:00,2018-10-27 18:00:00,15.809999999999999,9.07,48.31,53.5,47.12,38.12,148.64,41.56125,10.758570929147607,24.416979166666668,65.02,-0.9807852804032303,-0.19509032201612866,-0.9749279121818236,-0.2225209339563146,1,0.29,14.0,99.95,54.37
2018-10-27 17:15:00,2018-10-27 17:30:00,2018-10-27 18:15:00,14.299999999999999,5.04,9.07,49.39,54.86,47.7,104.29,40.0225,13.707268828982674,23.898020833333334,65.02,-0.9914448613738104,-0.13052619222005163,-0.9749279121818236,-0.2225209339563146,1,0.0,17.86,100.0,27.16
2018-10-27 17:30:00,2018-10-27 17:45:00,2018-10-27 18:30:00,14.19,3.64,5.04,41.87,62.53,32.36,66.06,37.89,16.30190556346098,23.284583333333334,65.02,-0.9978589232386035,-0.06540312923014273,-0.9749279121818236,-0.2225209339563146,1,0.0,17.86,100.0,19.97
2018-10-27 17:45:00,2018-10-27 18:00:00,2018-10-27 18:45:00,14.33,3.53,3.64,48.31,31.5,34.2,21.28,35.804375,18.306532634810313,22.993229166666666,65.02,-1.0,-1.8369701987210297e-16,-0.9749279121818236,-0.2225209339563146,1,0.0,17.86,100.0,19.39
2018-10-27 18:00:00,2018-10-27 18:15:00,2018-10-27 19:00:00,14.370000000000001,3.6,3.53,9.07,31.21,40.18,15.809999999999999,32.97625000000001,19.527267754027957,22.705624999999998,65.02,-0.9978589232386036,0.06540312923014237,-0.9749279121818236,-0.2225209339563146,1,0.0,11.92,100.0,28.91
2018-10-27 18:15:00,2018-10-27 18:30:00,2018-10-27 19:15:00,14.55,3.53,3.6,5.04,39.92,33.91,14.299999999999999,30.701875,20.67173257698481,22.326562500000005,65.02,-0.9914448613738105,0.13052619222005127,-0.9749279121818236,-0.2225209339563146,1,0.0,6.84,100.0,45.86
2018-10-27 18:30:00,2018-10-27 18:45:00,2018-10-27 19:30:00,14.66,3.53,3.53,3.64,51.77,10.51,14.19,27.979375,21.19592604392115,21.8240625,65.02,-0.9807852804032304,0.1950903220161283,-0.9749279121818236,-0.2225209339563146,1,0.0,10.26,100.0,32.53
2018-10-27 18:45:00,2018-10-27 19:00:00,2018-10-27 19:45:00,14.59,3.67,3.53,3.53,52.06,5.29,14.33,26.057499999999997,21.90696650040804,21.32,65.02,-0.9659258262890684,0.2588190451025203,-0.9749279121818236,-0.2225209339563146,1,0.0,17.64,100.0,20.37
2018-10-27 19:00:00,2018-10-27 19:15:00,2018-10-27 20:00:00,14.549999999999999,3.64,3.67,3.6,51.12,4.93,14.370000000000001,23.558125,22.04036700543743,20.825416666666666,65.02,-0.9469301294951057,0.3214394653031615,-0.9749279121818236,-0.2225209339563146,1,0.0,17.57,100.0,20.29
2018-10-27 19:15:00,2018-10-27 19:30:00,2018-10-27 20:15:00,14.51,3.71,3.64,3.53,63.14,4.18,14.55,20.653750000000002,21.393196896151355,20.206354166666667,65.02,-0.923879532511287,0.38268343236508917,-0.9749279121818236,-0.2225209339563146,1,0.0,17.53,100.0,20.71
2018-10-27 19:30:00,2018-10-27 19:45:00,2018-10-27 20:30:00,14.540000000000001,3.64,3.71,3.53,65.02,3.71,14.66,18.3475,21.112209293439662,19.566979166666666,60.26,-0.8968727415326884,0.442288690219001,-0.9749279121818236,-0.2225209339563146,1,0.0,17.5,100.0,20.36
2018-10-27 19:45:00,2018-10-27 20:00:00,2018-10-27 20:45:00,14.58,3.6,3.64,3.67,51.37,3.71,14.59,15.204375,19.247983325776627,19.069374999999997,60.26,-0.8660254037844386,0.5000000000000001,-0.9749279121818236,-0.2225209339563146,1,0.0,17.5,100.0,20.15
2018-10-27 20:00:00,2018-10-27 20:15:00,2018-10-27 21:00:00,15.120000000000001,3.6,3.6,3.64,58.72,3.74,14.549999999999999,12.085625,16.658779205253158,18.49520833333333,60.26,-0.8314696123025455,0.5555702330196018,-0.9749279121818236,-0.2225209339563146,1,0.0,17.5,100.0,20.15
2018-10-27 20:15:00,2018-10-27 20:30:00,2018-10-27 21:15:00,16.06,3.67,3.6,3.71,51.12,3.67,14.51,9.228125,13.667480207937928,18.000937499999996,60.26,-0.7933533402912357,0.6087614290087199,-0.9749279121818236,-0.2225209339563146,1,0.0,17.57,100.0,20.45
2018-10-27 20:30:00,2018-10-27 20:45:00,2018-10-27 21:30:00,16.060000000000002,3.67,3.67,3.64,49.97,3.6,14.540000000000001,6.840624999999999,10.790616565302235,17.51864583333333,60.26,-0.7518398074789772,0.6593458151000691,-0.9749279121818236,-0.2225209339563146,1,0.0,17.6,100.0,20.41
2018-10-27 20:45:00,2018-10-27 21:00:00,2018-10-27 21:45:00,16.06,3.64,3.67,3.6,60.26,3.64,14.58,4.04875,1.3421152847278062,16.928854166666664,53.89,-0.7071067811865477,0.7071067811865474,-0.9749279121818236,-0.2225209339563146,1,0.0,17.6,100.0,20.25
2018-10-27 21:00:00,2018-10-27 21:15:00,2018-10-27 22:00:00,15.590000000000002,4.14,3.64,3.6,47.02,3.64,15.120000000000001,3.7406249999999996,0.36199911515775834,16.4821875,53.89,-0.6593458151000687,0.7518398074789775,-0.9749279121818236,-0.2225209339563146,1,0.0,17.68,100.0,22.8
2018-10-27 21:15:00,2018-10-27 21:30:00,2018-10-27 22:15:00,14.36,4.61,4.14,3.67,5.72,3.67,16.06,3.71375,0.268395114523346,16.470625,53.89,-0.608761429008721,0.7933533402912349,-0.9749279121818236,-0.2225209339563146,1,0.0,17.68,100.0,25.23
2018-10-27 21:30:00,2018-10-27 21:45:00,2018-10-27 22:30:00,14.040000000000001,3.67,4.61,3.67,5.04,3.71,16.060000000000002,3.7156249999999997,0.26797781507990553,16.456354166666664,53.89,-0.555570233019603,0.8314696123025447,-0.9749279121818236,-0.2225209339563146,1,0.0,17.6,100.0,20.41
2018-10-27 21:45:00,2018-10-27 22:00:00,2018-10-27 22:45:00,13.82,3.64,3.67,3.64,4.07,3.64,16.06,3.7225,0.2645160675649024,16.451874999999998,53.89,-0.5000000000000004,0.8660254037844384,-0.9749279121818236,-0.2225209339563146,1,0.0,17.64,100.0,20.21
2018-10-27 22:00:00,2018-10-27 22:15:00,2018-10-27 23:00:00,13.5,3.67,3.64,4.14,3.96,3.6,15.590000000000002,3.7268749999999997,0.2630284858622731,16.448854166666663,53.89,-0.4422886902190014,0.8968727415326883,-0.9749279121818236,-0.2225209339563146,1,0.0,17.14,100.0,20.94
2018-10-27 22:15:00,2018-10-27 22:30:00,2018-10-27 23:15:00,13.5,3.38,3.67,4.61,3.78,3.42,14.36,3.7175000000000002,0.27238529696002317,16.444687499999997,53.89,-0.38268343236508956,0.9238795325112868,-0.9749279121818236,-0.2225209339563146,1,6.23,0.18,47.69,99.86
2018-10-27 22:30:00,2018-10-27 22:45:00,2018-10-27 23:30:00,12.989999999999998,3.35,3.38,3.67,3.85,3.42,14.040000000000001,3.70625,0.2833918444486362,16.439479166666665,53.89,-0.32143946530316186,0.9469301294951056,-0.9749279121818236,-0.2225209339563146,1,6.37,0.0,46.55,100.0
2018-10-27 22:45:00,2018-10-27 23:00:00,2018-10-27 23:45:00,12.27,3.42,3.35,3.64,3.67,3.46,13.82,3.690625,0.2917290855828401,16.436874999999997,53.89,-0.25881904510252157,0.9659258262890681,-0.9749279121818236,-0.2225209339563146,1,6.98,0.0,44.0,100.0
2018-10-27 23:00:00,2018-10-27 23:15:00,2018-10-28 00:00:00,11.66,3.35,3.42,3.67,3.71,4.0,13.5,3.6725000000000003,0.30309858132297485,16.433124999999997,53.89,-0.19509032201612872,0.9807852804032303,-0.9749279121818236,-0.2225209339563146,1,6.8,0.0,44.19,100.0
2018-10-27 23:15:00,2018-10-27 23:30:00,2018-10-28 00:15:00,11.020000000000001,3.38,3.35,3.38,3.64,4.39,13.5,3.6518750000000004,0.31097063265684755,16.430416666666662,53.89,-0.13052619222005168,0.9914448613738104,-0.9749279121818236,-0.2225209339563146,1,6.08,0.0,48.59,100.0
2018-10-27 23:30:00,2018-10-27 23:45:00,2018-10-28 00:30:00,11.129999999999999,2.84,3.38,3.35,3.56,3.35,12.989999999999998,3.6018749999999997,0.3679541199320916,16.422916666666666,53.89,-0.0654031292301428,0.9978589232386035,-0.9749279121818236,-0.2225209339563146,1,4.68,0.0,51.88,100.0
2018-10-27 23:45:00,2018-10-28 00:00:00,2018-10-28 00:45:00,11.809999999999999,2.7,2.84,3.42,3.67,3.06,12.27,3.545625,0.4278575807146579,16.412812499999998,53.89,0.0,1.0,-0.7818314824680299,0.6234898018587334,1,4.43,0.0,52.04,100.0
2018-10-28 00:00:00,2018-10-28 00:15:00,2018-10-28 01:00:00,12.06,2.74,2.7,3.35,2.74,3.31,11.66,3.4918750000000003,0.46963042317869486,16.412812499999998,53.89,0.06540312923014306,0.9978589232386035,-0.7818314824680299,0.6234898018587334,1,5.0,0.0,48.06,100.0
2018-10-28 00:15:00,2018-10-28 00:30:00,2018-10-28 01:15:00,12.16,2.74,2.74,3.38,3.64,2.74,11.020000000000001,3.4337500000000003,0.5005231637996387,16.4034375,53.89,0.13052619222005157,0.9914448613738104,-0.7818314824680299,0.6234898018587334,1,4.64,0.0,50.85,100.0
2018-10-28 00:30:00,2018-10-28 00:45:00,2018-10-28 01:30:00,12.020000000000001,2.95,2.74,2.84,3.64,2.74,11.129999999999999,3.38875,0.5095448336505827,16.39625,53.89,0.19509032201612825,0.9807852804032304,-0.7818314824680299,0.6234898018587334,1,5.15,0.0,49.7,100.0
2018-10-28 00:45:00,2018-10-28 01:00:00,2018-10-28 01:45:00,11.450000000000001,3.38,2.95,2.7,3.67,2.77,11.809999999999999,3.3725,0.5054020676649433,16.393229166666668,53.89,0.25881904510252074,0.9659258262890683,-0.7818314824680299,0.6234898018587334,1,6.48,0.0,46.25,100.0
2018-10-28 01:00:00,2018-10-28 01:15:00,2018-10-28 02:00:00,11.3,2.99,3.38,2.74,3.67,2.81,12.06,3.300625,0.47179800696378527,16.38614583333333,53.89,0.3214394653031616,0.9469301294951057,-0.7818314824680299,0.6234898018587334,1,5.58,0.0,47.23,100.0
2018-10-28 01:15:00,2018-10-28 01:30:00,2018-10-28 02:15:00,11.270000000000001,2.84,2.99,2.74,3.74,2.84,12.16,3.1900000000000004,0.34126602526474853,16.37677083333333,53.89,0.3826834323650898,0.9238795325112867,-0.7818314824680299,0.6234898018587334,1,5.18,0.0,48.07,100.0
2018-10-28 01:30:00,2018-10-28 01:45:00,2018-10-28 02:30:00,11.3,2.81,2.84,2.95,3.64,2.77,12.020000000000001,3.1362500000000004,0.3289353089894728,16.368124999999996,53.89,0.44228869021900125,0.8968727415326884,-0.7818314824680299,0.6234898018587334,1,5.18,0.0,47.68,100.0
2018-10-28 01:45:00,2018-10-28 02:00:00,2018-10-28 02:45:00,11.26,2.81,2.81,3.38,3.64,2.74,11.450000000000001,3.084375,0.31032178359728463,16.359479166666663,53.89,0.49999999999999994,0.8660254037844387,-0.7818314824680299,0.6234898018587334,1,5.08,0.0,48.4,100.0
2018-10-28 02:00:00,2018-10-28 02:15:00,2018-10-28 03:00:00,11.370000000000001,2.84,2.81,2.99,4.5,2.77,11.3,3.0325,0.2755108890770018,16.342187499999998,53.89,0.5555702330196022,0.8314696123025452,-0.7818314824680299,0.6234898018587334,1,5.18,0.0,48.07,100.0
2018-10-28 02:15:00,2018-10-28 02:30:00,2018-10-28 03:15:00,12.02,2.81,2.84,2.84,3.6,2.77,11.270000000000001,2.996875,0.2649226007251929,16.33395833333333,53.89,0.6087614290087207,0.7933533402912352,-0.7818314824680299,0.6234898018587334,1,5.36,0.0,46.43,100.0
2018-10-28 02:30:00,2018-10-28 02:45:00,2018-10-28 03:30:00,12.059999999999999,2.84,2.81,2.81,3.17,2.74,11.3,2.965,0.2508236432236801,16.33052083333333,53.89,0.6593458151000688,0.7518398074789774,-0.7818314824680299,0.6234898018587334,1,5.29,0.0,47.3,100.0
2018-10-28 02:45:00,2018-10-28 03:00:00,2018-10-28 03:45:00,12.129999999999999,2.77,2.84,2.81,3.13,3.13,11.26,2.924375,0.22516573756901823,16.32677083333333,53.89,0.7071067811865476,0.7071067811865476,-0.7818314824680299,0.6234898018587334,1,5.11,0.0,47.66,100.0
2018-10-28 03:00:00,2018-10-28 03:15:00,2018-10-28 04:00:00,11.99,2.95,2.77,2.84,3.17,3.85,11.370000000000001,2.899375,0.19696029898179981,16.324479166666663,53.89,0.7518398074789774,0.6593458151000688,-0.7818314824680299,0.6234898018587334,1,5.4,0.0,47.94,100.0
2018-10-28 03:15:00,2018-10-28 03:30:00,2018-10-28 04:15:00,11.34,3.46,2.95,2.81,3.13,3.89,12.02,2.904375,0.2097012383725952,16.327916666666663,53.89,0.7933533402912352,0.6087614290087207,-0.7818314824680299,0.6234898018587334,1,6.12,0.0,49.22,100.0
2018-10-28 03:30:00,2018-10-28 03:45:00,2018-10-28 04:30:00,11.3,2.88,3.46,2.84,3.13,2.92,12.059999999999999,2.906875,0.2091566025135233,16.3253125,53.89,0.8314696123025451,0.5555702330196024,-0.7818314824680299,0.6234898018587334,1,5.36,0.0,47.33,100.0
2018-10-28 03:45:00,2018-10-28 04:00:00,2018-10-28 04:45:00,11.270000000000001,2.84,2.88,2.77,3.13,2.74,12.129999999999999,2.915625,0.20316153517582994,16.322291666666665,53.89,0.8660254037844386,0.5000000000000001,-0.7818314824680299,0.6234898018587334,1,5.26,0.0,47.51,100.0
2018-10-28 04:00:00,2018-10-28 04:15:00,2018-10-28 05:00:00,11.74,2.81,2.84,2.95,3.17,2.81,11.99,2.92,0.20006249023742553,16.318541666666665,53.89,0.8968727415326884,0.44228869021900125,-0.7818314824680299,0.6234898018587334,1,5.18,0.0,47.68,100.0
2018-10-28 04:15:00,2018-10-28 04:30:00,2018-10-28 05:15:00,12.209999999999999,2.81,2.81,3.46,3.17,2.81,11.34,2.924375,0.1968174519065827,16.314791666666665,53.89,0.9238795325112867,0.38268343236508984,-0.7818314824680299,0.6234898018587334,1,5.08,0.0,48.4,100.0
2018-10-28 04:30:00,2018-10-28 04:45:00,2018-10-28 05:30:00,12.209999999999999,2.84,2.81,2.88,3.13,2.77,11.3,2.9175,0.19772139489696103,16.31177083333333,53.89,0.9469301294951056,0.3214394653031617,-0.7818314824680299,0.6234898018587334,1,5.22,0.0,47.79,100.0
2018-10-28 04:45:00,2018-10-28 05:00:00,2018-10-28 05:45:00,12.139999999999999,2.81,2.84,2.84,3.1,2.77,11.270000000000001,2.881875,0.158674933039217,16.30875,53.89,0.9659258262890683,0.25881904510252074,-0.7818314824680299,0.6234898018587334,1,5.29,0.0,46.91,100.0
2018-10-28 05:00:00,2018-10-28 05:15:00,2018-10-28 06:00:00,11.7,3.28,2.81,2.81,3.42,2.81,11.74,2.9,0.18445866745696712,16.307291666666668,53.89,0.9807852804032304,0.19509032201612833,-0.7818314824680299,0.6234898018587334,1,6.44,0.0,45.38,100.0
2018-10-28 05:15:00,2018-10-28 05:30:00,2018-10-28 06:15:00,11.77,3.28,3.28,2.81,3.64,2.77,12.209999999999999,2.9275,0.20510667955968664,16.303541666666664,53.89,0.9914448613738104,0.1305261922200517,-0.7818314824680299,0.6234898018587334,1,6.34,0.0,45.95,100.0
2018-10-28 05:30:00,2018-10-28 05:45:00,2018-10-28 06:30:00,11.85,2.84,3.28,2.84,3.1,2.81,12.209999999999999,2.9293750000000003,0.20415890716547241,16.300833333333333,53.89,0.9978589232386035,0.06540312923014327,-0.7818314824680299,0.6234898018587334,1,5.08,0.0,48.8,100.0
2018-10-28 05:45:00,2018-10-28 06:00:00,2018-10-28 06:45:00,11.85,2.74,2.84,2.81,3.1,2.81,12.139999999999999,2.9250000000000003,0.20739455151956135,16.297083333333333,53.89,1.0,6.123233995736766e-17,-0.7818314824680299,0.6234898018587334,1,4.9,0.0,48.81,100.0
2018-10-28 06:00:00,2018-10-28 06:15:00,2018-10-28 07:00:00,11.75,2.84,2.74,3.28,3.06,2.81,11.7,2.925,0.20739455151956135,16.294791666666665,53.89,0.9978589232386035,-0.06540312923014314,-0.7818314824680299,0.6234898018587334,1,5.04,0.0,49.09,100.0
2018-10-28 06:15:00,2018-10-28 06:30:00,2018-10-28 07:15:00,11.21,3.35,2.84,3.28,3.1,2.74,11.77,2.95875,0.22877049088551604,16.29739583333333,53.89,0.9914448613738104,-0.1305261922200516,-0.7818314824680299,0.6234898018587334,1,6.91,0.0,43.62,100.0
2018-10-28 06:30:00,2018-10-28 06:45:00,2018-10-28 07:30:00,10.990000000000002,2.92,3.35,2.84,3.67,2.74,11.85,2.96375,0.22698774746668593,16.289583333333333,53.89,0.9807852804032304,-0.1950903220161282,-0.7818314824680299,0.6234898018587334,1,5.62,0.0,46.11,100.0
2018-10-28 06:45:00,2018-10-28 07:00:00,2018-10-28 07:45:00,11.02,2.74,2.92,2.74,3.49,3.06,11.85,2.961875,0.22869791073597498,16.281770833333333,53.89,0.9659258262890683,-0.25881904510252063,-0.7818314824680299,0.6234898018587334,1,5.26,0.0,46.2,100.0
2018-10-28 07:00:00,2018-10-28 07:15:00,2018-10-28 08:00:00,11.02,2.74,2.74,2.84,3.1,3.31,11.75,2.9487500000000004,0.2349434772450599,16.278020833333333,53.89,0.9469301294951057,-0.3214394653031616,-0.7818314824680299,0.6234898018587334,1,5.04,0.0,47.76,100.0
2018-10-28 07:15:00,2018-10-28 07:30:00,2018-10-28 08:15:00,10.98,2.81,2.74,3.35,3.13,2.74,11.21,2.908125,0.19599804686526848,16.2746875,53.89,0.9238795325112868,-0.3826834323650895,-0.7818314824680299,0.6234898018587334,1,5.15,0.0,47.9,100.0
2018-10-28 07:30:00,2018-10-28 07:45:00,2018-10-28 08:30:00,11.09,2.7,2.81,2.92,3.24,2.77,10.990000000000002,2.8968749999999996,0.20235237674660503,16.2690625,53.89,0.8968727415326884,-0.44228869021900113,-0.7818314824680299,0.6234898018587334,1,5.04,0.0,47.22,100.0
2018-10-28 07:45:00,2018-10-28 08:00:00,2018-10-28 08:45:00,11.27,2.77,2.7,2.74,3.2,2.74,11.02,2.8925,0.20428228019091615,16.26458333333333,53.89,0.8660254037844387,-0.4999999999999998,-0.7818314824680299,0.6234898018587334,1,5.4,0.0,45.64,100.0
2018-10-28 08:00:00,2018-10-28 08:15:00,2018-10-28 09:00:00,12.06,2.74,2.77,2.74,3.38,3.42,11.02,2.888125,0.20673711416917853,16.257916666666663,53.89,0.8314696123025451,-0.5555702330196023,-0.7818314824680299,0.6234898018587334,1,5.33,0.0,45.72,100.0
2018-10-28 08:15:00,2018-10-28 08:30:00,2018-10-28 09:15:00,12.959999999999999,2.77,2.74,2.81,30.74,3.17,10.98,2.885625,0.20790528943487696,15.9665625,53.89,0.7933533402912352,-0.6087614290087207,-0.7818314824680299,0.6234898018587334,1,5.4,0.0,45.64,100.0
2018-10-28 08:30:00,2018-10-28 08:45:00,2018-10-28 09:30:00,13.64,2.81,2.77,2.7,46.55,2.74,11.09,2.88375,0.2084428878613995,15.510937499999999,53.89,0.7518398074789774,-0.6593458151000688,-0.7818314824680299,0.6234898018587334,1,5.58,0.0,44.98,100.0
2018-10-28 08:45:00,2018-10-28 09:00:00,2018-10-28 09:45:00,13.709999999999999,2.95,2.81,2.77,47.02,2.88,11.27,2.8925,0.2081015377165675,15.051875,53.89,0.7071067811865476,-0.7071067811865475,-0.7818314824680299,0.6234898018587334,1,2.66,1.98,74.27,83.03
2018-10-28 09:00:00,2018-10-28 09:15:00,2018-10-28 10:00:00,13.35,3.53,2.95,2.74,45.72,3.02,12.06,2.908125,0.24305911703739888,14.612395833333332,53.89,0.659345815100069,-0.7518398074789773,-0.7818314824680299,0.6234898018587334,1,0.0,16.38,100.0,21.07
2018-10-28 09:15:00,2018-10-28 09:30:00,2018-10-28 10:15:00,12.74,3.67,3.53,2.77,46.15,2.99,12.959999999999999,2.9325,0.2934599631977077,14.169895833333333,53.89,0.6087614290087209,-0.793353340291235,-0.7818314824680299,0.6234898018587334,1,0.0,15.66,100.0,22.82
2018-10-28 09:30:00,2018-10-28 09:45:00,2018-10-28 10:30:00,12.27,3.49,3.67,2.81,44.71,3.06,13.64,2.9731250000000005,0.32149492122738105,13.740520833333335,53.89,0.5555702330196025,-0.831469612302545,-0.7818314824680299,0.6234898018587334,1,0.0,13.68,100.0,24.72
2018-10-28 09:45:00,2018-10-28 10:00:00,2018-10-28 10:45:00,12.24,3.02,3.49,2.95,45.25,3.56,13.709999999999999,2.990625,0.31590086953821445,13.300625000000002,53.89,0.49999999999999994,-0.8660254037844387,-0.7818314824680299,0.6234898018587334,1,0.0,10.73,100.0,27.09
2018-10-28 10:00:00,2018-10-28 10:15:00,2018-10-28 11:00:00,12.06,3.17,3.02,3.53,46.08,3.35,13.35,3.0112500000000004,0.3161659967485434,12.853645833333333,53.89,0.4422886902190017,-0.8968727415326881,-0.7818314824680299,0.6234898018587334,1,0.0,10.58,100.0,28.7
2018-10-28 10:15:00,2018-10-28 10:30:00,2018-10-28 11:15:00,12.06,3.06,3.17,3.67,42.34,2.99,12.74,2.993125,0.3043172429800848,12.444479166666667,53.89,0.3826834323650899,-0.9238795325112867,-0.7818314824680299,0.6234898018587334,1,0.0,10.62,100.0,27.69
2018-10-28 10:30:00,2018-10-28 10:45:00,2018-10-28 11:30:00,12.14,3.02,3.06,3.49,48.6,2.99,12.27,2.999375,0.3037776479186709,11.9696875,53.89,0.32143946530316175,-0.9469301294951056,-0.7818314824680299,0.6234898018587334,1,0.0,10.8,100.0,26.93
2018-10-28 10:45:00,2018-10-28 11:00:00,2018-10-28 11:45:00,12.21,2.99,3.02,3.02,37.48,2.99,12.24,3.0149999999999997,0.2963739192304208,11.610416666666666,53.89,0.258819045102521,-0.9659258262890682,-0.7818314824680299,0.6234898018587334,1,0.0,10.87,100.0,26.52
2018-10-28 11:00:00,2018-10-28 11:15:00,2018-10-28 12:00:00,12.280000000000001,2.99,2.99,3.17,40.36,3.02,12.06,3.030625,0.2879337760232376,11.221145833333333,53.89,0.19509032201612816,-0.9807852804032304,-0.7818314824680299,0.6234898018587334,1,0.0,10.84,100.0,26.59
2018-10-28 11:15:00,2018-10-28 11:30:00,2018-10-28 12:15:00,12.420000000000002,3.06,2.99,3.06,46.58,2.95,12.06,3.0462499999999997,0.28226483574827377,10.7678125,53.89,0.130526192220052,-0.9914448613738104,-0.7818314824680299,0.6234898018587334,1,0.0,10.8,100.0,27.26
2018-10-28 11:30:00,2018-10-28 11:45:00,2018-10-28 12:30:00,13.06,3.1,3.06,3.02,45.58,2.95,12.14,3.07125,0.2678356538999242,10.325312499999999,53.89,0.06540312923014312,-0.9978589232386035,-0.7818314824680299,0.6234898018587334,1,0.0,10.69,100.0,27.85
2018-10-28 11:45:00,2018-10-28 12:00:00,2018-10-28 12:45:00,13.17,3.06,3.1,2.99,47.3,3.02,12.21,3.089375,0.2564046789257169,9.864479166666666,53.89,1.2246467991473532e-16,-1.0,-0.7818314824680299,0.6234898018587334,1,0.0,10.66,100.0,27.59
2018-10-28 12:00:00,2018-10-28 12:15:00,2018-10-28 13:00:00,13.309999999999999,3.06,3.06,2.99,23.0,2.99,12.280000000000001,3.109375,0.24035049277045384,9.656770833333333,53.89,-0.06540312923014287,-0.9978589232386035,-0.7818314824680299,0.6234898018587334,1,0.0,10.51,100.0,27.95
2018-10-28 12:15:00,2018-10-28 12:30:00,2018-10-28 13:15:00,13.489999999999998,3.2,3.06,3.06,3.82,3.1,12.420000000000002,3.13625,0.2244124272405608,9.6503125,53.89,-0.13052619222005177,-0.9914448613738104,-0.7818314824680299,0.6234898018587334,1,0.0,10.84,100.0,28.31
2018-10-28 12:30:00,2018-10-28 12:45:00,2018-10-28 13:30:00,13.42,3.74,3.2,3.1,4.46,3.02,13.06,3.194375,0.2512212359156765,9.6428125,53.89,-0.19509032201612792,-0.9807852804032305,-0.7818314824680299,0.6234898018587334,1,0.0,13.28,100.0,27.11
2018-10-28 12:45:00,2018-10-28 13:00:00,2018-10-28 13:45:00,13.45,3.17,3.74,3.06,5.54,3.1,13.17,3.208125,0.24336748832783722,9.618125,53.89,-0.2588190451025208,-0.9659258262890683,-0.7818314824680299,0.6234898018587334,1,0.0,10.19,100.0,29.7
2018-10-28 13:00:00,2018-10-28 13:15:00,2018-10-28 14:00:00,13.27,3.2,3.17,3.06,4.97,3.53,13.309999999999999,3.1875,0.22876024567218842,9.5996875,53.89,-0.32143946530316153,-0.9469301294951057,-0.7818314824680299,0.6234898018587334,1,0.0,10.15,100.0,30.07
2018-10-28 13:15:00,2018-10-28 13:30:00,2018-10-28 14:15:00,12.99,3.38,3.2,3.2,29.66,3.49,13.489999999999998,3.1693749999999996,0.1994200576045449,9.3259375,53.89,-0.38268343236508967,-0.9238795325112868,-0.7818314824680299,0.6234898018587334,1,0.0,13.39,100.0,24.47
2018-10-28 13:30:00,2018-10-28 13:45:00,2018-10-28 14:30:00,12.38,3.67,3.38,3.74,37.76,2.99,13.42,3.180625,0.22109016118995434,8.970833333333333,53.89,-0.44228869021900147,-0.8968727415326883,-0.7818314824680299,0.6234898018587334,1,0.0,16.38,100.0,21.86
2018-10-28 13:45:00,2018-10-28 14:00:00,2018-10-28 14:45:00,12.24,3.2,3.67,3.17,36.9,3.31,13.45,3.1918749999999996,0.21717558420549946,8.619791666666666,53.89,-0.4999999999999997,-0.8660254037844388,-0.7818314824680299,0.6234898018587334,1,0.0,11.77,100.0,26.24
2018-10-28 14:00:00,2018-10-28 14:15:00,2018-10-28 15:00:00,12.280000000000001,3.02,3.2,3.2,48.85,3.64,13.27,3.1825,0.22111931168489105,8.142395833333333,53.89,-0.555570233019602,-0.8314696123025455,-0.7818314824680299,0.6234898018587334,1,0.0,10.69,100.0,27.19
2018-10-28 14:15:00,2018-10-28 14:30:00,2018-10-28 15:15:00,12.24,3.1,3.02,3.38,39.92,3.02,12.99,3.1849999999999996,0.21994317447922768,7.758854166666667,53.89,-0.6087614290087207,-0.7933533402912352,-0.7818314824680299,0.6234898018587334,1,0.0,10.66,100.0,27.92
2018-10-28 14:30:00,2018-10-28 14:45:00,2018-10-28 15:30:00,12.709999999999999,3.06,3.1,3.67,47.09,2.99,12.38,3.1875,0.21827448316282871,7.300208333333333,53.89,-0.6593458151000688,-0.7518398074789774,-0.7818314824680299,0.6234898018587334,1,0.0,10.51,100.0,27.95
2018-10-28 14:45:00,2018-10-28 15:00:00,2018-10-28 15:45:00,13.14,3.06,3.06,3.2,34.42,3.06,12.24,3.191875,0.21494821323984062,6.973541666666667,53.89,-0.7071067811865471,-0.7071067811865479,-0.7818314824680299,0.6234898018587334,1,0.0,10.58,100.0,27.78
2018-10-28 15:00:00,2018-10-28 15:15:00,2018-10-28 16:00:00,13.21,3.06,3.06,3.02,43.63,2.99,12.280000000000001,3.19625,0.2114791656404952,6.550937500000001,53.89,-0.7518398074789773,-0.6593458151000691,-0.7818314824680299,0.6234898018587334,1,0.0,10.48,100.0,28.03
2018-10-28 15:15:00,2018-10-28 15:30:00,2018-10-28 16:15:00,13.209999999999999,3.06,3.06,3.1,50.18,3.13,12.24,3.19625,0.2114791656404952,6.060104166666666,53.89,-0.7933533402912349,-0.6087614290087209,-0.7818314824680299,0.6234898018587334,1,0.0,10.48,100.0,28.03
2018-10-28 15:30:00,2018-10-28 15:45:00,2018-10-28 16:30:00,12.7,3.53,3.06,3.06,40.54,3.82,12.709999999999999,3.223125,0.22446377074040255,5.6745833333333335,53.89,-0.8314696123025452,-0.5555702330196022,-0.7818314824680299,0.6234898018587334,1,0.0,12.24,100.0,27.71
2018-10-28 15:45:00,2018-10-28 16:00:00,2018-10-28 16:45:00,12.229999999999999,3.49,3.53,3.06,53.89,10.37,13.14,3.25,0.22901964981197573,5.149583333333333,53.5,-0.8660254037844385,-0.5000000000000004,-0.7818314824680299,0.6234898018587334,1,0.0,13.68,100.0,24.72
2018-10-28 16:00:00,2018-10-28 16:15:00,2018-10-28 17:00:00,12.12,3.13,3.49,3.06,53.5,24.88,13.21,3.254375,0.22599692337507604,4.624895833333334,49.39,-0.8968727415326883,-0.44228869021900136,-0.7818314824680299,0.6234898018587334,1,0.0,10.51,100.0,28.54
2018-10-28 16:15:00,2018-10-28 16:30:00,2018-10-28 17:15:00,12.08,3.06,3.13,3.06,49.39,24.62,13.209999999999999,3.2456250000000004,0.2305962041643357,4.142291666666668,48.31,-0.9238795325112868,-0.3826834323650895,-0.7818314824680299,0.6234898018587334,1,0.0,10.62,100.0,27.69
2018-10-28 16:30:00,2018-10-28 16:45:00,2018-10-28 17:30:00,12.120000000000001,3.02,3.06,3.53,41.87,20.41,12.7,3.2006249999999996,0.19762555344641033,3.7376041666666673,48.31,-0.9469301294951056,-0.3214394653031618,-0.7818314824680299,0.6234898018587334,1,0.0,10.66,100.0,27.26
2018-10-28 16:45:00,2018-10-28 17:00:00,2018-10-28 17:45:00,12.12,3.02,3.02,3.49,48.31,3.92,12.229999999999999,3.19125,0.20235720273812838,3.265833333333333,9.07,-0.9659258262890683,-0.25881904510252063,-0.7818314824680299,0.6234898018587334,1,0.0,10.73,100.0,27.09
2018-10-28 17:00:00,2018-10-28 17:15:00,2018-10-28 18:00:00,12.02,3.02,3.02,3.13,9.07,4.75,12.12,3.1799999999999997,0.20651876428063382,3.2028125000000003,5.04,-0.9807852804032303,-0.19509032201612866,-0.7818314824680299,0.6234898018587334,1,0.0,10.76,100.0,27.02
2018-10-28 17:15:00,2018-10-28 17:30:00,2018-10-28 18:15:00,11.95,3.02,3.02,3.06,5.04,3.49,12.08,3.1575,0.20308557309666286,3.1817708333333337,4.61,-0.9914448613738104,-0.13052619222005163,-0.7818314824680299,0.6234898018587334,1,0.0,10.76,100.0,27.02
2018-10-28 17:30:00,2018-10-28 17:45:00,2018-10-28 18:30:00,12.17,3.06,3.02,3.02,3.64,2.95,12.120000000000001,3.119375,0.15481718049040938,3.175729166666667,4.61,-0.9978589232386035,-0.06540312923014273,-0.7818314824680299,0.6234898018587334,1,0.0,10.76,100.0,27.35
2018-10-28 17:45:00,2018-10-28 18:00:00,2018-10-28 18:45:00,13.97,3.02,3.06,3.02,3.53,2.95,12.12,3.108125,0.15508943992096946,3.1704166666666667,4.61,-1.0,-1.8369701987210297e-16,-0.7818314824680299,0.6234898018587334,1,0.0,10.8,100.0,26.93
2018-10-28 18:00:00,2018-10-28 18:15:00,2018-10-28 19:00:00,14.540000000000001,2.92,3.02,3.02,3.6,2.95,12.02,3.1018749999999997,0.16043763391112448,3.1633333333333336,4.61,-0.9978589232386036,0.06540312923014237,-0.7818314824680299,0.6234898018587334,1,0.0,7.16,100.0,37.76
2018-10-28 18:15:00,2018-10-28 18:30:00,2018-10-28 19:15:00,14.54,2.95,2.92,3.02,3.53,2.99,11.95,3.0925,0.1646017922138152,3.157291666666667,4.61,-0.9914448613738105,0.13052619222005127,-0.7818314824680299,0.6234898018587334,1,0.0,3.74,100.0,61.93
2018-10-28 18:30:00,2018-10-28 18:45:00,2018-10-28 19:30:00,14.250000000000002,3.28,2.95,3.06,3.53,2.99,12.17,3.1062499999999997,0.1703993471231624,3.1546875,4.61,-0.9807852804032304,0.1950903220161283,-0.7818314824680299,0.6234898018587334,1,0.0,8.28,100.0,36.83
2018-10-28 18:45:00,2018-10-28 19:00:00,2018-10-28 19:45:00,12.379999999999999,4.82,3.28,3.02,3.67,3.02,13.97,3.2162499999999996,0.44761695399079793,3.1666666666666665,4.82,-0.9659258262890684,0.2588190451025203,-0.7818314824680299,0.6234898018587334,1,0.0,17.1,100.0,27.13
2018-10-28 19:00:00,2018-10-28 19:15:00,2018-10-28 20:00:00,11.81,3.49,4.82,2.92,3.64,3.02,14.540000000000001,3.2431249999999996,0.4503293065912989,3.165104166666667,4.82,-0.9469301294951057,0.3214394653031615,-0.7818314824680299,0.6234898018587334,1,0.0,14.65,100.0,23.17
2018-10-28 19:15:00,2018-10-28 19:30:00,2018-10-28 20:15:00,11.92,2.95,3.49,2.95,3.71,3.06,14.54,3.23625,0.4538980474732184,3.1571875000000005,4.82,-0.923879532511287,0.38268343236508917,-0.7818314824680299,0.6234898018587334,1,0.0,11.34,100.0,25.18
2018-10-28 19:30:00,2018-10-28 19:45:00,2018-10-28 20:30:00,11.879999999999999,2.99,2.95,3.28,3.64,3.1,14.250000000000002,3.2024999999999997,0.45086721992178586,3.150416666666667,4.82,-0.8968727415326884,0.442288690219001,-0.7818314824680299,0.6234898018587334,1,0.0,11.34,100.0,25.5
2018-10-28 19:45:00,2018-10-28 20:00:00,2018-10-28 20:45:00,11.879999999999999,2.95,2.99,4.82,3.6,3.02,12.379999999999999,3.16875,0.4482866688849893,3.143645833333334,4.82,-0.8660254037844386,0.5000000000000001,-0.7818314824680299,0.6234898018587334,1,0.0,11.41,100.0,25.03
2018-10-28 20:00:00,2018-10-28 20:15:00,2018-10-28 21:00:00,11.950000000000001,2.92,2.95,3.49,3.6,2.99,11.81,3.1556249999999997,0.4522854290987054,3.1365625,4.82,-0.8314696123025455,0.5555702330196018,-0.7818314824680299,0.6234898018587334,1,0.0,11.45,100.0,24.71
2018-10-28 20:15:00,2018-10-28 20:30:00,2018-10-28 21:15:00,11.88,3.06,2.92,2.95,3.67,3.49,11.92,3.155625,0.4522854290987054,3.130208333333334,4.82,-0.7933533402912357,0.6087614290087199,-0.7818314824680299,0.6234898018587334,1,0.0,11.41,100.0,25.9
2018-10-28 20:30:00,2018-10-28 20:45:00,2018-10-28 21:30:00,11.95,2.95,3.06,2.99,3.67,3.71,11.879999999999999,3.15125,0.45391181687636206,3.122708333333333,4.82,-0.7518398074789772,0.6593458151000691,-0.7818314824680299,0.6234898018587334,1,0.0,11.34,100.0,25.18
2018-10-28 20:45:00,2018-10-28 21:00:00,2018-10-28 21:45:00,11.95,2.95,2.95,2.95,3.64,3.24,11.879999999999999,3.146875,0.45549037791703134,3.1155208333333335,4.82,-0.7071067811865477,0.7071067811865474,-0.7818314824680299,0.6234898018587334,1,0.0,11.38,100.0,25.09
2018-10-28 21:00:00,2018-10-28 21:15:00,2018-10-28 22:00:00,11.950000000000001,2.99,2.95,2.92,4.14,3.28,11.950000000000001,3.1450000000000005,0.4560701700396553,3.1035416666666666,4.82,-0.6593458151000687,0.7518398074789775,-0.7818314824680299,0.6234898018587334,1,0.0,11.41,100.0,25.35
2018-10-28 21:15:00,2018-10-28 21:30:00,2018-10-28 22:15:00,12.13,2.99,2.99,3.06,4.61,3.67,11.88,3.1431250000000004,0.45664152721253903,3.0866666666666673,4.82,-0.608761429008721,0.7933533402912349,-0.7818314824680299,0.6234898018587334,1,0.0,11.38,100.0,25.41
2018-10-28 21:30:00,2018-10-28 21:45:00,2018-10-28 22:30:00,12.42,3.02,2.99,2.95,3.67,3.31,11.95,3.140625,0.4571989275742016,3.079895833333333,4.82,-0.555570233019603,0.8314696123025447,-0.7818314824680299,0.6234898018587334,1,0.0,11.3,100.0,25.82
2018-10-28 21:45:00,2018-10-28 22:00:00,2018-10-28 22:45:00,12.24,2.95,3.02,2.95,3.64,3.02,11.95,3.1362500000000004,0.4586648422323211,3.0727083333333334,4.82,-0.5000000000000004,0.8660254037844384,-0.7818314824680299,0.6234898018587334,1,0.0,11.34,100.0,25.18
2018-10-28 22:00:00,2018-10-28 22:15:00,2018-10-28 23:00:00,12.45,2.99,2.95,2.99,3.67,3.06,11.950000000000001,3.140625,0.45691176322677446,3.0656250000000003,4.82,-0.4422886902190014,0.8968727415326883,-0.7818314824680299,0.6234898018587334,1,0.0,11.05,100.0,26.12
2018-10-28 22:15:00,2018-10-28 22:30:00,2018-10-28 23:15:00,12.41,3.17,2.99,2.99,3.38,2.88,12.13,3.154375,0.45427096470608824,3.0634375000000005,4.82,-0.38268343236508956,0.9238795325112868,-0.7818314824680299,0.6234898018587334,1,6.16,0.11,45.76,99.94
2018-10-28 22:30:00,2018-10-28 22:45:00,2018-10-28 23:30:00,11.840000000000002,3.31,3.17,3.02,3.35,2.88,12.42,3.15625,0.45484715839499323,3.063020833333333,4.82,-0.32143946530316186,0.9469301294951056,-0.7818314824680299,0.6234898018587334,1,6.73,0.0,44.13,100.0
2018-10-28 22:45:00,2018-10-28 23:00:00,2018-10-28 23:45:00,11.84,2.77,3.31,2.95,3.42,2.84,12.24,3.028125,0.16367722619533848,3.05625,4.82,-0.25881904510252157,0.9659258262890681,-0.7818314824680299,0.6234898018587334,1,5.18,0.0,47.16,100.0
2018-10-28 23:00:00,2018-10-28 23:15:00,2018-10-29 00:00:00,12.280000000000001,3.2,2.77,2.99,3.35,2.81,12.45,3.01,0.12237238250520416,3.0546875,4.82,-0.19509032201612872,0.9807852804032303,-0.7818314824680299,0.6234898018587334,1,6.44,0.0,44.5,100.0
2018-10-28 23:15:00,2018-10-28 23:30:00,2018-10-29 00:15:00,11.92,3.13,3.2,3.17,3.38,2.81,12.41,3.02125,0.12459308768948618,3.0520833333333335,4.82,-0.13052619222005168,0.9914448613738104,-0.7818314824680299,0.6234898018587334,1,5.8,0.0,47.49,100.0
2018-10-28 23:30:00,2018-10-28 23:45:00,2018-10-29 00:30:00,11.95,2.74,3.13,3.31,2.84,2.81,11.840000000000002,3.005625,0.14199334271366384,3.0510416666666664,4.82,-0.0654031292301428,0.9978589232386035,-0.7818314824680299,0.6234898018587334,1,4.75,0.0,49.97,100.0
2018-10-28 23:45:00,2018-10-29 00:00:00,2018-10-29 00:45:00,12.02,2.77,2.74,2.77,2.7,3.2,11.84,2.994375,0.15268303564902028,3.0517708333333338,4.82,0.0,1.0,0.0,1.0,0,4.9,0.0,49.21,100.0
2018-10-29 00:00:00,2018-10-29 00:15:00,2018-10-29 01:00:00,11.12,3.64,2.77,3.2,2.74,3.67,12.280000000000001,3.0393749999999997,0.21677951788626154,3.0611458333333332,4.82,0.06540312923014306,0.9978589232386035,0.0,1.0,0,6.41,0.0,49.38,100.0
2018-10-29 00:15:00,2018-10-29 00:30:00,2018-10-29 01:15:00,11.16,2.77,3.64,3.13,2.74,2.81,11.92,3.02125,0.2262154669778351,3.061458333333334,4.82,0.13052619222005157,0.9914448613738104,0.0,1.0,0,5.11,0.0,47.66,100.0
2018-10-29 00:30:00,2018-10-29 00:45:00,2018-10-29 01:30:00,11.59,2.77,2.77,2.74,2.95,2.81,11.95,3.01,0.23382685902179845,3.0595833333333338,4.82,0.19509032201612825,0.9807852804032304,0.0,1.0,0,5.11,0.0,47.66,100.0
2018-10-29 00:45:00,2018-10-29 01:00:00,2018-10-29 01:45:00,12.129999999999999,2.84,2.77,2.77,3.38,2.88,12.02,3.003125,0.23708434021461647,3.0539583333333336,4.82,0.25881904510252074,0.9659258262890683,0.0,1.0,0,5.08,0.0,48.8,100.0
2018-10-29 01:00:00,2018-10-29 01:15:00,2018-10-29 02:00:00,12.16,2.74,2.84,3.64,2.99,2.88,11.12,2.9875,0.24552240223653726,3.0513541666666666,4.82,0.3214394653031616,0.9469301294951057,0.0,1.0,0,5.08,0.0,47.47,100.0
2018-10-29 01:15:00,2018-10-29 01:30:00,2018-10-29 02:15:00,12.12,2.81,2.74,2.77,2.84,2.88,11.16,2.9762500000000003,0.2492457371751822,3.0510416666666664,4.82,0.3826834323650898,0.9238795325112867,0.0,1.0,0,5.18,0.0,47.68,100.0
2018-10-29 01:30:00,2018-10-29 01:45:00,2018-10-29 02:30:00,12.16,3.2,2.81,2.77,2.81,2.84,11.59,2.9875,0.2549632326434539,3.0551041666666667,4.82,0.44228869021900125,0.8968727415326884,0.0,1.0,0,6.34,0.0,45.06,100.0
2018-10-29 01:45:00,2018-10-29 02:00:00,2018-10-29 02:45:00,12.16,3.38,3.2,2.84,2.81,2.99,12.129999999999999,3.014375,0.271706844549415,3.0610416666666667,4.82,0.49999999999999994,0.8660254037844387,0.0,1.0,0,6.48,0.0,46.25,100.0
2018-10-29 02:00:00,2018-10-29 02:15:00,2018-10-29 03:00:00,12.16,2.77,3.38,2.74,2.84,3.53,12.16,3.000625,0.27808426668008385,3.0603125,4.82,0.5555702330196022,0.8314696123025452,0.0,1.0,0,5.15,0.0,47.37,100.0
2018-10-29 02:15:00,2018-10-29 02:30:00,2018-10-29 03:15:00,12.200000000000001,2.77,2.77,2.81,2.81,3.13,12.12,2.975625,0.27970897263942035,3.0598958333333335,4.82,0.6087614290087207,0.7933533402912352,0.0,1.0,0,5.11,0.0,47.66,100.0
2018-10-29 02:30:00,2018-10-29 02:45:00,2018-10-29 03:30:00,11.770000000000001,3.24,2.77,3.2,2.84,2.88,12.16,2.97125,0.27495170030388977,3.0640625000000004,4.82,0.6593458151000688,0.7518398074789774,0.0,1.0,0,6.3,0.0,45.73,100.0
2018-10-29 02:45:00,2018-10-29 03:00:00,2018-10-29 03:45:00,11.200000000000001,3.38,3.24,3.38,2.77,2.88,12.16,3.009375,0.28645393936023994,3.0704166666666666,4.82,0.7071067811865476,0.7071067811865476,0.0,1.0,0,7.06,0.0,43.18,100.0
2018-10-29 03:00:00,2018-10-29 03:15:00,2018-10-29 04:00:00,11.24,2.77,3.38,2.77,2.95,3.46,12.16,2.9825,0.28747826004760774,3.068541666666667,4.82,0.7518398074789774,0.6593458151000688,0.0,1.0,0,5.18,0.0,47.16,100.0
2018-10-29 03:15:00,2018-10-29 03:30:00,2018-10-29 04:15:00,11.17,2.81,2.77,2.77,3.46,3.24,12.200000000000001,2.9625,0.2876521336614766,3.0617708333333336,4.82,0.7933533402912352,0.6087614290087207,0.0,1.0,0,5.29,0.0,46.91,100.0
2018-10-29 03:30:00,2018-10-29 03:45:00,2018-10-29 04:30:00,11.17,2.81,2.81,3.24,2.88,2.92,11.770000000000001,2.966875,0.2847524966966927,3.0610416666666667,4.82,0.8314696123025451,0.5555702330196024,0.0,1.0,0,5.18,0.0,47.68,100.0
2018-10-29 03:45:00,2018-10-29 04:00:00,2018-10-29 04:45:00,11.13,2.81,2.81,3.38,2.84,2.92,11.200000000000001,2.969375,0.28318432049638625,3.060729166666667,4.82,0.8660254037844386,0.5000000000000001,0.0,1.0,0,5.18,0.0,47.68,100.0
2018-10-29 04:00:00,2018-10-29 04:15:00,2018-10-29 05:00:00,11.09,2.81,2.81,2.77,2.81,2.95,11.24,2.9175,0.22579027879871177,3.060729166666667,4.82,0.8968727415326884,0.44228869021900125,0.0,1.0,0,5.15,0.0,47.9,100.0
2018-10-29 04:15:00,2018-10-29 04:30:00,2018-10-29 05:15:00,11.77,2.74,2.81,2.81,2.81,2.88,11.17,2.915625,0.2271279581535483,3.06,4.82,0.9238795325112867,0.38268343236508984,0.0,1.0,0,5.15,0.0,46.97,100.0
2018-10-29 04:30:00,2018-10-29 04:45:00,2018-10-29 05:30:00,12.13,2.81,2.74,2.81,2.84,2.92,11.17,2.918125,0.2257271237024917,3.0596875000000003,4.82,0.9469301294951056,0.3214394653031617,0.0,1.0,0,5.15,0.0,47.9,100.0
2018-10-29 04:45:00,2018-10-29 05:00:00,2018-10-29 05:45:00,12.1,2.77,2.81,2.81,2.81,2.92,11.13,2.91375,0.22786714879508188,3.059270833333334,4.82,0.9659258262890683,0.25881904510252074,0.0,1.0,0,5.04,0.0,48.17,100.0
2018-10-29 05:00:00,2018-10-29 05:15:00,2018-10-29 06:00:00,12.030000000000001,2.77,2.77,2.81,3.28,2.88,11.09,2.915625,0.22654935306683177,3.053958333333334,4.82,0.9807852804032304,0.19509032201612833,0.0,1.0,0,5.15,0.0,47.37,100.0
2018-10-29 05:15:00,2018-10-29 05:30:00,2018-10-29 06:15:00,11.27,3.42,2.77,2.74,3.28,2.88,11.77,2.95375,0.25509495780983205,3.0554166666666673,4.82,0.9914448613738104,0.1305261922200517,0.0,1.0,0,6.95,0.0,44.15,100.0
2018-10-29 05:30:00,2018-10-29 05:45:00,2018-10-29 06:30:00,10.8,3.17,3.42,2.81,2.84,2.84,12.13,2.9518750000000002,0.25338258498760324,3.058854166666667,4.82,0.9978589232386035,0.06540312923014327,0.0,1.0,0,5.72,0.0,48.47,100.0
2018-10-29 05:45:00,2018-10-29 06:00:00,2018-10-29 06:45:00,11.08,2.74,3.17,2.77,2.74,2.84,12.1,2.911875,0.2322772790761076,3.058854166666667,4.82,1.0,6.123233995736766e-17,0.0,1.0,0,4.82,0.0,49.42,100.0
2018-10-29 06:00:00,2018-10-29 06:15:00,2018-10-29 07:00:00,11.66,2.7,2.74,2.77,2.84,2.84,12.030000000000001,2.9075,0.23554458176744372,3.057395833333333,4.82,0.9978589232386035,-0.06540312923014314,0.0,1.0,0,4.79,0.0,49.1,100.0
2018-10-29 06:15:00,2018-10-29 06:30:00,2018-10-29 07:15:00,11.84,2.66,2.7,3.42,3.35,2.81,11.27,2.900625,0.24099970824671132,3.0502083333333334,4.82,0.9914448613738104,-0.1305261922200516,0.0,1.0,0,4.75,0.0,48.86,100.0
2018-10-29 06:30:00,2018-10-29 06:45:00,2018-10-29 07:30:00,12.06,2.7,2.66,3.17,2.92,3.89,10.8,2.8668750000000003,0.2286022405292651,3.047916666666667,4.82,0.9807852804032304,-0.1950903220161282,0.0,1.0,0,4.61,0.0,50.54,100.0
2018-10-29 06:45:00,2018-10-29 07:00:00,2018-10-29 07:45:00,13.04,3.02,2.7,2.74,2.74,4.1,11.08,2.8443750000000003,0.1917344762294981,3.0508333333333333,4.82,0.9659258262890683,-0.25881904510252063,0.0,1.0,0,5.51,0.0,48.06,100.0
2018-10-29 07:00:00,2018-10-29 07:15:00,2018-10-29 08:00:00,13.65,3.28,3.02,2.7,2.74,2.84,11.66,2.87625,0.2173958083772545,3.0564583333333335,4.82,0.9469301294951057,-0.3214394653031616,0.0,1.0,0,6.37,0.0,45.78,100.0
2018-10-29 07:15:00,2018-10-29 07:30:00,2018-10-29 08:15:00,34.53,2.84,3.28,2.66,2.81,2.99,11.84,2.878125,0.21694523358442325,3.056770833333333,4.82,0.9238795325112868,-0.3826834323650895,0.0,1.0,0,5.0,0.0,49.39,100.0
2018-10-29 07:30:00,2018-10-29 07:45:00,2018-10-29 08:30:00,99.9,2.92,2.84,2.7,2.7,3.6,12.06,2.885,0.21641973107829138,3.0590625,4.82,0.8968727415326884,-0.44228869021900113,0.0,1.0,0,4.82,0.0,51.81,100.0
2018-10-29 07:45:00,2018-10-29 08:00:00,2018-10-29 08:45:00,153.86,4.0,2.92,3.02,2.77,3.92,13.04,2.959375,0.3444645981447149,3.071875,4.82,0.8660254037844387,-0.4999999999999998,0.0,1.0,0,6.19,0.0,54.27,100.0
2018-10-29 08:00:00,2018-10-29 08:15:00,2018-10-29 09:00:00,217.79,3.89,4.0,3.28,2.74,3.96,13.65,3.026875,0.4084531605643418,3.083854166666667,4.82,0.8314696123025451,-0.5555702330196023,0.0,1.0,0,5.58,0.0,57.19,100.0
2018-10-29 08:15:00,2018-10-29 08:30:00,2018-10-29 09:15:00,301.71,23.72,3.89,2.84,2.77,13.5,34.53,4.338125,5.020473357600357,3.3020833333333335,23.72,0.7933533402912352,-0.6087614290087207,0.0,1.0,0,20.41,0.0,75.8,100.0
2018-10-29 08:30:00,2018-10-29 08:45:00,2018-10-29 09:30:00,334.65000000000003,68.29,23.72,2.92,2.81,43.52,99.9,8.430625,16.245793097272138,3.984166666666667,68.29,0.7518398074789774,-0.6593458151000688,0.0,1.0,0,55.01,0.0,77.88,100.0
2018-10-29 08:45:00,2018-10-29 09:00:00,2018-10-29 09:45:00,388.69,57.96,68.29,4.0,2.95,48.35,153.86,11.880000000000003,20.083510026885243,4.5571875,68.29,0.7071067811865476,-0.7071067811865475,0.0,1.0,0,40.79,0.0,81.78,100.0
2018-10-29 09:00:00,2018-10-29 09:15:00,2018-10-29 10:00:00,414.61,67.82,57.96,3.89,3.53,61.13,217.79,15.945625,24.025221895112125,5.226875,68.29,0.659345815100069,-0.7518398074789773,0.0,1.0,0,22.68,0.0,94.84,100.0
2018-10-29 09:15:00,2018-10-29 09:30:00,2018-10-29 10:15:00,401.90000000000003,107.64,67.82,23.72,3.67,47.41,301.71,22.459375,32.410920896503,6.309895833333333,107.64,0.6087614290087209,-0.793353340291235,0.0,1.0,0,35.39,0.0,95.0,100.0
2018-10-29 09:30:00,2018-10-29 09:45:00,2018-10-29 10:30:00,414.18,101.23,107.64,68.29,3.49,48.38,334.65000000000003,28.588124999999998,37.11403949631965,7.328020833333333,107.64,0.5555702330196025,-0.831469612302545,0.0,1.0,0,46.3,0.0,90.94,100.0
2018-10-29 09:45:00,2018-10-29 10:00:00,2018-10-29 10:45:00,380.62,112.0,101.23,57.96,3.02,49.1,388.69,35.416875000000005,41.519977829767384,8.463229166666666,112.0,0.49999999999999994,-0.8660254037844387,0.0,1.0,0,38.34,0.0,94.61,100.0
2018-10-29 10:00:00,2018-10-29 10:15:00,2018-10-29 11:00:00,398.08,93.74,112.0,67.82,3.17,53.6,414.61,41.106875,42.862944619850545,9.406666666666666,112.0,0.4422886902190017,-0.8968727415326881,0.0,1.0,0,30.35,0.0,95.14,100.0
2018-10-29 10:15:00,2018-10-29 10:30:00,2018-10-29 11:15:00,393.97999999999996,94.93,93.74,107.64,3.06,49.39,401.90000000000003,46.87375,43.504575459800776,10.363645833333333,112.0,0.3826834323650899,-0.9238795325112867,0.0,1.0,0,37.76,0.0,92.92,100.0
2018-10-29 10:30:00,2018-10-29 10:45:00,2018-10-29 11:30:00,388.4,113.51,94.93,101.23,3.02,40.75,414.18,53.799375,44.7241618798986,11.514583333333334,113.51,0.32143946530316175,-0.9469301294951056,0.0,1.0,0,44.32,0.0,93.15,100.0
2018-10-29 10:45:00,2018-10-29 11:00:00,2018-10-29 11:45:00,398.38000000000005,78.44,113.51,112.0,2.99,41.94,380.62,58.513125,43.067617579619785,12.300520833333332,113.51,0.258819045102521,-0.9659258262890682,0.0,1.0,0,24.95,0.0,95.3,100.0
2018-10-29 11:00:00,2018-10-29 11:15:00,2018-10-29 12:00:00,374.48,111.2,78.44,93.74,2.99,63.97,398.08,65.258125,42.3337950429013,13.427708333333333,113.51,0.19509032201612816,-0.9807852804032304,0.0,1.0,0,37.04,0.0,94.88,100.0
2018-10-29 11:15:00,2018-10-29 11:30:00,2018-10-29 12:15:00,288.98,90.83,111.2,94.93,3.06,58.1,393.97999999999996,70.75750000000001,39.48766555837405,14.341979166666667,113.51,0.130526192220052,-0.9914448613738104,0.0,1.0,0,32.0,0.0,94.32,100.0
2018-10-29 11:30:00,2018-10-29 11:45:00,2018-10-29 12:30:00,187.06,107.93,90.83,113.51,3.1,94.0,388.4,77.320625,36.26214132341573,15.433958333333331,113.51,0.06540312923014312,-0.9978589232386035,0.0,1.0,0,35.78,0.0,94.92,100.0
2018-10-29 11:45:00,2018-10-29 12:00:00,2018-10-29 12:45:00,104.65,88.42,107.93,78.44,3.06,88.42,398.38000000000005,82.59687500000001,30.964644499563935,16.323125,113.51,1.2246467991473532e-16,-1.0,0.0,1.0,0,29.48,0.0,94.87,100.0
2018-10-29 12:00:00,2018-10-29 12:15:00,2018-10-29 13:00:00,22.64,87.3,88.42,111.2,3.06,112.61,374.48,87.81,23.363256140786543,17.200625,113.51,-0.06540312923014287,-0.9978589232386035,0.0,1.0,0,27.76,2.88,95.3,99.95
2018-10-29 12:15:00,2018-10-29 12:30:00,2018-10-29 13:15:00,78.87,5.33,87.3,90.83,3.2,5.44,288.98,86.66062500000001,26.70177088433228,17.2228125,113.51,-0.13052619222005177,-0.9914448613738104,0.0,1.0,0,0.0,18.61,100.0,27.53
2018-10-29 12:30:00,2018-10-29 12:45:00,2018-10-29 13:30:00,162.32,6.01,5.33,107.93,3.74,5.26,187.06,82.768125,32.913116347960354,17.246458333333333,113.51,-0.19509032201612792,-0.9807852804032305,0.0,1.0,0,0.0,17.89,100.0,31.85
2018-10-29 12:45:00,2018-10-29 13:00:00,2018-10-29 13:45:00,257.79,6.01,6.01,88.42,3.17,4.61,104.65,79.52125000000001,37.45001933827939,17.276041666666668,113.51,-0.2588190451025208,-0.9659258262890683,0.0,1.0,0,0.0,17.64,100.0,32.25
2018-10-29 13:00:00,2018-10-29 13:15:00,2018-10-29 14:00:00,340.48,5.29,6.01,87.3,3.2,4.46,22.64,75.613125,41.50982364434201,17.297812500000003,113.51,-0.32143946530316153,-0.9469301294951057,0.0,1.0,0,0.0,17.89,100.0,28.36
2018-10-29 13:15:00,2018-10-29 13:30:00,2018-10-29 14:15:00,397.07000000000005,61.56,5.29,5.33,3.38,25.56,78.87,72.733125,40.77997865355468,17.903854166666665,113.51,-0.38268343236508967,-0.9238795325112868,0.0,1.0,0,22.14,5.4,94.1,99.62
2018-10-29 13:30:00,2018-10-29 13:45:00,2018-10-29 14:30:00,390.77,89.46,61.56,6.01,3.67,63.11,162.32,71.9975,40.36332238245509,18.7975,113.51,-0.44228869021900147,-0.8968727415326883,0.0,1.0,0,33.77,0.0,93.56,100.0
2018-10-29 13:45:00,2018-10-29 14:00:00,2018-10-29 14:45:00,366.61999999999995,101.48,89.46,6.01,3.2,120.28,257.79,71.34,39.787926560704314,19.821250000000003,113.51,-0.4999999999999997,-0.8660254037844388,0.0,1.0,0,33.3,0.0,95.02,100.0
2018-10-29 14:00:00,2018-10-29 14:15:00,2018-10-29 15:00:00,362.12,87.98,101.48,5.29,3.02,85.97,340.48,70.98,39.60928047819097,20.70625,113.51,-0.555570233019602,-0.8314696123025455,0.0,1.0,0,30.46,0.0,94.5,100.0
2018-10-29 14:15:00,2018-10-29 14:30:00,2018-10-29 15:15:00,353.12,118.15,87.98,61.56,3.1,99.97,397.07000000000005,72.43125,40.8656564053179,21.904687499999998,118.15,-0.6087614290087207,-0.7933533402912352,0.0,1.0,0,46.62,0.0,93.02,100.0
2018-10-29 14:30:00,2018-10-29 14:45:00,2018-10-29 15:30:00,358.92,83.16,118.15,89.46,3.06,105.73,390.77,70.53437500000001,39.5996387244805,22.7390625,118.15,-0.6593458151000688,-0.7518398074789774,0.0,1.0,0,27.18,0.0,95.05,100.0
2018-10-29 14:45:00,2018-10-29 15:00:00,2018-10-29 15:45:00,392.9,77.33,83.16,101.48,3.06,92.56,366.61999999999995,70.465,39.58669820785765,23.512708333333336,118.15,-0.7071067811865471,-0.7071067811865479,0.0,1.0,0,27.18,0.0,94.34,100.0
2018-10-29 15:00:00,2018-10-29 15:15:00,2018-10-29 16:00:00,424.66,83.48,77.33,87.98,3.06,65.63,362.12,68.7325,38.353399376717576,24.35041666666667,118.15,-0.7518398074789773,-0.6593458151000691,0.0,1.0,0,39.89,0.0,90.23,100.0
2018-10-29 15:15:00,2018-10-29 15:30:00,2018-10-29 16:15:00,389.27,109.15,83.48,118.15,3.06,40.43,353.12,69.8775,39.25878110372252,25.455520833333335,118.15,-0.7933533402912349,-0.6087614290087209,0.0,1.0,0,46.66,0.0,91.95,100.0
2018-10-29 15:30:00,2018-10-29 15:45:00,2018-10-29 16:30:00,434.90999999999997,88.96,109.15,83.16,3.53,47.84,358.92,68.69187500000001,38.3680270894188,26.345416666666665,118.15,-0.8314696123025452,-0.5555702330196022,0.0,1.0,0,37.62,0.0,92.1,100.0
2018-10-29 15:45:00,2018-10-29 16:00:00,2018-10-29 16:45:00,424.87,111.31,88.96,77.33,3.49,46.51,392.9,70.1225,39.48737670129531,27.468541666666667,118.15,-0.8660254037844385,-0.5000000000000004,0.0,1.0,0,48.17,0.0,91.77,100.0
2018-10-29 16:00:00,2018-10-29 16:15:00,2018-10-29 17:00:00,384.69,115.24,111.31,83.48,3.13,50.65,424.66,71.86875,40.80424210100587,28.636354166666667,118.15,-0.8968727415326883,-0.44228869021900136,0.0,1.0,0,51.12,0.0,91.41,100.0
2018-10-29 16:15:00,2018-10-29 16:30:00,2018-10-29 17:15:00,366.51,73.76,115.24,109.15,3.06,52.38,389.27,76.145625,37.01628340486623,29.3728125,118.15,-0.9238795325112868,-0.3826834323650895,0.0,1.0,0,30.49,0.0,92.42,100.0
2018-10-29 16:30:00,2018-10-29 16:45:00,2018-10-29 17:30:00,291.84999999999997,134.6,73.76,88.96,3.02,51.12,434.90999999999997,84.1825,34.809957357773364,30.7434375,134.6,-0.9469301294951056,-0.3214394653031618,0.0,1.0,0,66.24,0.0,89.72,100.0
2018-10-29 16:45:00,2018-10-29 17:00:00,2018-10-29 17:45:00,221.96999999999997,101.27,134.6,111.31,3.02,52.52,424.87,90.13625,28.506160271728984,31.766875,134.6,-0.9659258262890683,-0.25881904510252063,0.0,1.0,0,47.59,0.0,90.5,100.0
2018-10-29 17:00:00,2018-10-29 17:15:00,2018-10-29 18:00:00,177.55,75.06,101.27,115.24,3.02,42.01,384.69,94.49687499999999,18.917229487543228,32.517291666666665,134.6,-0.9807852804032303,-0.19509032201612866,0.0,1.0,0,44.68,0.0,85.93,100.0
2018-10-29 17:15:00,2018-10-29 17:30:00,2018-10-29 18:15:00,169.35,55.58,75.06,73.76,3.02,55.66,366.51,94.12312500000002,19.610640516933017,33.064791666666665,134.6,-0.9914448613738104,-0.13052619222005163,0.0,1.0,0,26.64,0.0,90.18,100.0
2018-10-29 17:30:00,2018-10-29 17:45:00,2018-10-29 18:30:00,168.59,59.94,55.58,134.6,3.06,52.13,291.84999999999997,92.278125,21.280143978234147,33.65729166666666,134.6,-0.9978589232386035,-0.06540312923014273,0.0,1.0,0,27.29,0.54,91.01,100.0
2018-10-29 17:45:00,2018-10-29 18:00:00,2018-10-29 18:45:00,209.63000000000002,31.39,59.94,101.27,3.02,32.04,221.96999999999997,87.89750000000001,25.69188064836827,33.9528125,134.6,-1.0,-1.8369701987210297e-16,0.0,1.0,0,0.83,1.58,99.97,99.87
2018-10-29 18:00:00,2018-10-29 18:15:00,2018-10-29 19:00:00,228.71,30.64,31.39,75.06,2.92,30.67,177.55,84.31375,29.191272213411665,34.24156249999999,134.6,-0.9978589232386036,0.06540312923014237,0.0,1.0,0,5.69,0.76,98.32,99.97
2018-10-29 18:15:00,2018-10-29 18:30:00,2018-10-29 19:15:00,229.10000000000002,47.38,30.64,55.58,2.95,40.1,169.35,79.890625,29.090668063132803,34.704375,134.6,-0.9914448613738105,0.13052619222005127,0.0,1.0,0,29.63,0.0,84.79,100.0
2018-10-29 18:30:00,2018-10-29 18:45:00,2018-10-29 19:30:00,224.78000000000003,59.18,47.38,59.94,3.28,93.02,168.59,78.391875,29.498487931322426,35.28666666666666,134.6,-0.9807852804032304,0.1950903220161283,0.0,1.0,0,34.49,0.0,86.4,100.0
2018-10-29 18:45:00,2018-10-29 19:00:00,2018-10-29 19:45:00,210.17000000000002,72.43,59.18,31.39,4.82,82.26,209.63000000000002,78.085625,29.53333751219755,35.9909375,134.6,-0.9659258262890684,0.2588190451025203,0.0,1.0,0,46.12,0.0,84.35,100.0
2018-10-29 19:00:00,2018-10-29 19:15:00,2018-10-29 20:00:00,212.47,49.72,72.43,30.64,3.49,105.08,228.71,75.97562500000001,30.269378290764,36.4725,134.6,-0.9469301294951057,0.3214394653031615,0.0,1.0,0,23.8,0.0,90.2,100.0
2018-10-29 19:15:00,2018-10-29 19:30:00,2018-10-29 20:15:00,225.72000000000003,47.77,49.72,47.38,2.95,76.18,229.10000000000002,72.139375,29.706179169650458,36.939375,134.6,-0.923879532511287,0.38268343236508917,0.0,1.0,0,21.42,0.0,91.25,100.0
2018-10-29 19:30:00,2018-10-29 19:45:00,2018-10-29 20:30:00,228.28000000000003,54.86,47.77,59.18,2.99,95.22,224.78000000000003,70.008125,29.6461222630275,37.4796875,134.6,-0.8968727415326884,0.442288690219001,0.0,1.0,0,27.04,0.0,89.7,100.0
2018-10-29 19:45:00,2018-10-29 20:00:00,2018-10-29 20:45:00,219.28,57.82,54.86,72.43,2.95,46.15,210.17000000000002,66.66499999999999,27.755813355043298,38.05125,134.6,-0.8660254037844386,0.5000000000000001,0.0,1.0,0,28.98,0.0,89.4,100.0
2018-10-29 20:00:00,2018-10-29 20:15:00,2018-10-29 21:00:00,198.76,52.02,57.82,49.72,2.92,62.17,212.47,62.713750000000005,24.913989763534463,38.56270833333333,134.6,-0.8314696123025455,0.5555702330196018,0.0,1.0,0,23.26,0.0,91.29,100.0
2018-10-29 20:15:00,2018-10-29 20:30:00,2018-10-29 21:15:00,160.49,61.02,52.02,47.77,3.06,65.59,225.72000000000003,61.917500000000004,24.751281658734356,39.16645833333333,134.6,-0.7933533402912357,0.6087614290087199,0.0,1.0,0,30.92,0.0,89.2,100.0
2018-10-29 20:30:00,2018-10-29 20:45:00,2018-10-29 21:30:00,107.1,57.42,61.02,54.86,2.95,69.84,228.28000000000003,57.09375,16.138462936026468,39.73385416666667,134.6,-0.7518398074789772,0.6593458151000691,0.0,1.0,0,25.74,0.0,91.25,100.0
2018-10-29 20:45:00,2018-10-29 21:00:00,2018-10-29 21:45:00,62.28,48.82,57.42,57.82,2.95,61.6,219.28,53.815625,11.489603979658089,40.211666666666666,134.6,-0.7071067811865477,0.7071067811865474,0.0,1.0,0,21.24,0.0,91.7,100.0
2018-10-29 21:00:00,2018-10-29 21:15:00,2018-10-29 22:00:00,34.78,31.5,48.82,52.02,2.99,17.06,198.76,51.093125,11.292274858697649,40.50864583333333,134.6,-0.6593458151000687,0.7518398074789775,0.0,1.0,0,3.85,1.55,99.26,99.88
2018-10-29 21:15:00,2018-10-29 21:30:00,2018-10-29 22:15:00,15.670000000000002,22.75,31.5,61.02,2.99,5.51,160.49,49.041250000000005,13.124607553656604,40.71447916666667,134.6,-0.608761429008721,0.7933533402912349,0.0,1.0,0,0.65,5.11,99.96,97.57
2018-10-29 21:30:00,2018-10-29 21:45:00,2018-10-29 22:30:00,15.24,4.03,22.75,57.42,3.02,4.07,107.1,45.546875,16.71067126073561,40.725,134.6,-0.555570233019603,0.8314696123025447,0.0,1.0,0,0.0,17.68,100.0,22.22
2018-10-29 21:45:00,2018-10-29 22:00:00,2018-10-29 22:45:00,15.13,4.0,4.03,48.82,2.95,4.1,62.28,43.835,19.278845271436776,40.7359375,134.6,-0.5000000000000004,0.8660254037844384,0.0,1.0,0,0.0,17.57,100.0,22.2
2018-10-29 22:00:00,2018-10-29 22:15:00,2018-10-29 23:00:00,15.81,4.0,4.0,31.5,2.99,4.0,34.78,42.17,21.382156112048197,40.74645833333333,134.6,-0.4422886902190014,0.8968727415326883,0.0,1.0,0,0.0,17.35,100.0,22.47
2018-10-29 22:15:00,2018-10-29 22:30:00,2018-10-29 23:15:00,16.63,3.64,4.0,22.75,3.17,3.85,15.670000000000002,39.43625,23.25535983246658,40.751354166666665,134.6,-0.38268343236508956,0.9238795325112868,0.0,1.0,0,5.87,0.14,52.7,99.93
2018-10-29 22:30:00,2018-10-29 22:45:00,2018-10-29 23:30:00,16.67,3.6,3.64,4.03,3.31,3.82,15.24,35.9625,24.17945706069514,40.754375,134.6,-0.32143946530316186,0.9469301294951056,0.0,1.0,0,5.72,0.0,53.27,100.0
2018-10-29 22:45:00,2018-10-29 23:00:00,2018-10-29 23:45:00,16.450000000000003,3.89,3.6,4.0,2.77,3.74,15.13,31.678750000000004,23.398045825185914,40.766041666666666,134.6,-0.25881904510252157,0.9659258262890681,0.0,1.0,0,5.65,0.0,56.71,100.0
2018-10-29 23:00:00,2018-10-29 23:15:00,2018-10-30 00:00:00,15.44,4.68,3.89,4.0,3.2,3.71,15.81,28.863750000000003,23.764673066076462,40.78145833333333,134.6,-0.19509032201612872,0.9807852804032303,0.0,1.0,0,5.51,0.0,64.74,100.0
2018-10-29 23:15:00,2018-10-29 23:30:00,2018-10-30 00:15:00,14.58,4.46,4.68,3.64,3.13,4.61,16.63,26.156875,23.923075867964283,40.795312499999994,134.6,-0.13052619222005168,0.9914448613738104,0.0,1.0,0,5.18,0.0,65.25,100.0
2018-10-29 23:30:00,2018-10-29 23:45:00,2018-10-30 00:30:00,14.61,3.64,4.46,3.6,2.74,4.32,16.67,22.955625,23.28651593968868,40.8046875,134.6,-0.0654031292301428,0.9978589232386035,0.0,1.0,0,6.3,0.0,50.03,100.0
2018-10-29 23:45:00,2018-10-30 00:00:00,2018-10-30 00:45:00,14.649999999999999,3.67,3.64,3.89,2.77,3.6,16.450000000000003,19.571250000000003,21.865120590508987,40.8140625,134.6,0.0,1.0,0.7818314824680298,0.6234898018587336,0,6.41,0.0,49.69,100.0
2018-10-30 00:00:00,2018-10-30 00:15:00,2018-10-30 01:00:00,14.65,3.67,3.67,4.68,3.64,4.82,15.44,16.549374999999998,20.468202006023272,40.814375,134.6,0.06540312923014306,0.9978589232386035,0.7818314824680298,0.6234898018587336,0,6.41,0.0,49.69,100.0
2018-10-30 00:15:00,2018-10-30 00:30:00,2018-10-30 01:15:00,14.690000000000001,3.6,3.67,4.46,2.77,3.64,14.58,12.960625,17.11567354384206,40.82302083333333,134.6,0.13052619222005157,0.9914448613738104,0.7818314824680298,0.6234898018587336,0,6.44,0.0,48.79,100.0
2018-10-30 00:30:00,2018-10-30 00:45:00,2018-10-30 01:30:00,14.69,3.67,3.6,3.64,2.77,3.6,14.61,9.60125,12.7873320492392,40.83239583333333,134.6,0.19509032201612825,0.9807852804032304,0.7818314824680298,0.6234898018587336,0,6.95,0.0,46.7,100.0
2018-10-30 00:45:00,2018-10-30 01:00:00,2018-10-30 01:45:00,14.690000000000001,3.71,3.67,3.67,2.84,3.71,14.649999999999999,6.781875,7.848838464026063,40.84145833333333,134.6,0.25881904510252074,0.9659258262890683,0.7818314824680298,0.6234898018587336,0,6.88,0.0,47.46,100.0
2018-10-30 01:00:00,2018-10-30 01:15:00,2018-10-30 02:00:00,14.73,3.67,3.71,3.67,2.74,3.71,14.65,5.0425,4.582299504615559,40.851145833333334,134.6,0.3214394653031616,0.9469301294951057,0.7818314824680298,0.6234898018587336,0,6.66,0.0,48.26,100.0
2018-10-30 01:15:00,2018-10-30 01:30:00,2018-10-30 02:15:00,14.76,3.64,3.67,3.6,2.81,3.71,14.690000000000001,3.848125,0.3108902288187906,40.859791666666666,134.6,0.3826834323650898,0.9238795325112867,0.7818314824680298,0.6234898018587336,0,6.84,0.0,46.98,100.0
2018-10-30 01:30:00,2018-10-30 01:45:00,2018-10-30 02:30:00,14.69,3.67,3.64,3.67,3.2,3.67,14.69,3.825625,0.3099388800634731,40.864687499999995,134.6,0.44228869021900125,0.8968727415326884,0.7818314824680298,0.6234898018587336,0,6.88,0.0,47.07,100.0
2018-10-30 01:45:00,2018-10-30 02:00:00,2018-10-30 02:45:00,14.58,3.71,3.67,3.71,3.38,3.67,14.690000000000001,3.8075,0.3076828724514902,40.868125,134.6,0.49999999999999994,0.8660254037844387,0.7818314824680298,0.6234898018587336,0,7.13,0.0,46.16,100.0
2018-10-30 02:00:00,2018-10-30 02:15:00,2018-10-30 03:00:00,14.07,3.71,3.71,3.67,2.77,3.64,14.73,3.789375,0.30433264592383114,40.877916666666664,134.6,0.5555702330196022,0.8314696123025452,0.7818314824680298,0.6234898018587336,0,6.73,0.0,48.28,100.0
2018-10-30 02:15:00,2018-10-30 02:30:00,2018-10-30 03:15:00,13.39,3.67,3.71,3.64,2.77,3.71,14.76,3.79125,0.3034978377188213,40.88729166666666,134.6,0.6087614290087207,0.7933533402912352,0.7818314824680298,0.6234898018587336,0,7.09,0.0,45.97,100.0
2018-10-30 02:30:00,2018-10-30 02:45:00,2018-10-30 03:30:00,12.670000000000002,3.6,3.67,3.67,3.24,3.82,14.69,3.79125,0.3034978377188213,40.891041666666666,134.6,0.6593458151000688,0.7518398074789774,0.7818314824680298,0.6234898018587336,0,6.23,0.0,50.03,100.0
2018-10-30 02:45:00,2018-10-30 03:00:00,2018-10-30 03:45:00,11.95,3.6,3.6,3.71,3.38,4.86,14.58,3.773125,0.3057106219531797,40.89333333333333,134.6,0.7071067811865476,0.7071067811865476,0.7818314824680298,0.6234898018587336,0,5.76,0.0,53.0,100.0
2018-10-30 03:00:00,2018-10-30 03:15:00,2018-10-30 04:00:00,11.67,3.2,3.6,3.71,2.77,4.1,14.07,3.680625,0.2324453900919525,40.89781249999999,134.6,0.7518398074789774,0.6593458151000688,0.7818314824680298,0.6234898018587336,0,4.79,0.0,55.55,100.0
2018-10-30 03:15:00,2018-10-30 03:30:00,2018-10-30 04:15:00,11.559999999999999,2.99,3.2,3.67,2.81,3.38,13.39,3.58875,0.19348368794293738,40.8996875,134.6,0.7933533402912352,0.6087614290087207,0.7818314824680298,0.6234898018587336,0,4.32,0.0,56.91,100.0
2018-10-30 03:30:00,2018-10-30 03:45:00,2018-10-30 04:30:00,11.879999999999999,2.88,2.99,3.6,2.81,3.06,12.670000000000002,3.54125,0.2577031965265468,40.900416666666665,134.6,0.8314696123025451,0.5555702330196024,0.7818314824680298,0.6234898018587336,0,4.03,0.0,58.14,100.0
2018-10-30 03:45:00,2018-10-30 04:00:00,2018-10-30 04:45:00,12.56,2.88,2.88,3.6,2.81,3.1,11.95,3.491875,0.3004417320796164,40.90114583333333,134.6,0.8660254037844386,0.5000000000000001,0.7818314824680298,0.6234898018587336,0,4.14,0.0,57.11,100.0
2018-10-30 04:00:00,2018-10-30 04:15:00,2018-10-30 05:00:00,12.59,2.92,2.88,3.2,2.81,3.2,11.67,3.445,0.32638167840735177,40.90229166666666,134.6,0.8968727415326884,0.44228869021900125,0.7818314824680298,0.6234898018587336,0,4.03,0.0,58.67,100.0
2018-10-30 04:15:00,2018-10-30 04:30:00,2018-10-30 05:15:00,12.55,2.88,2.92,2.99,2.74,3.1,11.559999999999999,3.4,0.35064226784573477,40.903749999999995,134.6,0.9238795325112867,0.38268343236508984,0.7818314824680298,0.6234898018587336,0,4.07,0.0,57.76,100.0
2018-10-30 04:30:00,2018-10-30 04:45:00,2018-10-30 05:30:00,12.19,3.2,2.88,2.88,2.81,3.02,11.879999999999999,3.370625,0.3464547003217015,40.9078125,134.6,0.9469301294951056,0.3214394653031617,0.7818314824680298,0.6234898018587336,0,4.75,0.0,55.87,100.0
2018-10-30 04:45:00,2018-10-30 05:00:00,2018-10-30 05:45:00,11.509999999999998,3.56,3.2,2.88,2.77,3.1,12.56,3.36125,0.3390957644972877,40.916041666666665,134.6,0.9659258262890683,0.25881904510252074,0.7818314824680298,0.6234898018587336,0,5.58,0.0,53.79,100.0
2018-10-30 05:00:00,2018-10-30 05:15:00,2018-10-30 06:00:00,11.439999999999998,2.95,3.56,2.92,2.77,3.1,12.59,3.31625,0.34288983289097386,40.91791666666666,134.6,0.9807852804032304,0.19509032201612833,0.7818314824680298,0.6234898018587336,0,4.03,0.0,59.07,100.0
2018-10-30 05:15:00,2018-10-30 05:30:00,2018-10-30 06:15:00,11.41,2.84,2.95,2.88,3.42,3.1,12.55,3.2662500000000003,0.35028336743271155,40.911875,134.6,0.9914448613738104,0.1305261922200517,0.7818314824680298,0.6234898018587336,0,3.85,0.0,59.36,100.0
2018-10-30 05:30:00,2018-10-30 05:45:00,2018-10-30 06:30:00,11.38,2.84,2.84,3.2,3.17,3.38,12.19,3.214375,0.3481014354681693,40.9084375,134.6,0.9978589232386035,0.06540312923014327,0.7818314824680298,0.6234898018587336,0,3.78,0.0,60.07,100.0
2018-10-30 05:45:00,2018-10-30 06:00:00,2018-10-30 06:45:00,11.34,2.88,2.84,3.56,2.74,3.64,11.509999999999998,3.1625,0.331841453106751,40.90989583333334,134.6,1.0,6.123233995736766e-17,0.7818314824680298,0.6234898018587336,0,3.85,0.0,59.9,100.0
2018-10-30 06:00:00,2018-10-30 06:15:00,2018-10-30 07:00:00,11.38,2.88,2.88,2.95,2.7,4.68,11.439999999999998,3.110625,0.3060732908553114,40.911770833333335,134.6,0.9978589232386035,-0.06540312923014314,0.7818314824680298,0.6234898018587336,0,3.71,0.0,61.32,100.0
2018-10-30 06:15:00,2018-10-30 06:30:00,2018-10-30 07:15:00,12.1,2.81,2.88,2.84,2.66,4.32,11.41,3.056875,0.27727961406313306,40.913333333333334,134.6,0.9914448613738104,-0.1305261922200516,0.7818314824680298,0.6234898018587336,0,3.71,0.0,60.38,100.0
2018-10-30 06:30:00,2018-10-30 06:45:00,2018-10-30 07:30:00,13.069999999999999,2.81,2.81,2.84,2.7,2.99,11.38,3.0075,0.24457871943405057,40.914479166666666,134.6,0.9807852804032304,-0.1950903220161282,0.7818314824680298,0.6234898018587336,0,3.67,0.0,60.79,100.0
2018-10-30 06:45:00,2018-10-30 07:00:00,2018-10-30 07:45:00,14.729999999999999,2.84,2.81,2.88,3.02,3.06,11.34,2.96,0.1933261492918121,40.91260416666667,134.6,0.9659258262890683,-0.25881904510252063,0.7818314824680298,0.6234898018587336,0,4.1,0.0,56.94,100.0
2018-10-30 07:00:00,2018-10-30 07:15:00,2018-10-30 08:00:00,16.96,2.92,2.84,2.88,3.28,2.95,11.38,2.9425,0.18321776660575256,40.908854166666664,134.6,0.9469301294951057,-0.3214394653031616,0.7818314824680298,0.6234898018587336,0,4.64,0.0,53.26,100.0
2018-10-30 07:15:00,2018-10-30 07:30:00,2018-10-30 08:15:00,39.78,3.53,2.92,2.81,2.84,3.02,12.1,2.97625,0.2320795930279093,40.916041666666665,134.6,0.9238795325112868,-0.3826834323650895,0.7818314824680298,0.6234898018587336,0,6.08,0.0,50.21,100.0
2018-10-30 07:30:00,2018-10-30 07:45:00,2018-10-30 08:30:00,102.46,3.78,3.53,2.81,2.92,3.17,13.069999999999999,3.0324999999999998,0.3008217910989827,40.925000000000004,134.6,0.8968727415326884,-0.44228869021900113,0.7818314824680298,0.6234898018587336,0,5.65,0.0,55.61,100.0
2018-10-30 07:45:00,2018-10-30 08:00:00,2018-10-30 08:45:00,152.18,4.5,3.78,2.84,4.0,4.0,14.729999999999999,3.13375,0.4619371575225358,40.93020833333333,134.6,0.8660254037844387,-0.4999999999999998,0.7818314824680298,0.6234898018587336,0,5.47,0.0,63.53,100.0
2018-10-30 08:00:00,2018-10-30 08:15:00,2018-10-30 09:00:00,222.51999999999998,5.15,4.5,2.92,3.89,4.68,16.96,3.273125,0.6672210910747651,40.94333333333333,134.6,0.8314696123025451,-0.5555702330196023,0.7818314824680298,0.6234898018587336,0,4.72,0.0,73.72,100.0
2018-10-30 08:15:00,2018-10-30 08:30:00,2018-10-30 09:15:00,264.53,26.35,5.15,3.53,23.72,37.33,39.78,4.74,5.6185129260330084,40.970729166666665,134.6,0.7933533402912352,-0.6087614290087207,0.7818314824680298,0.6234898018587336,0,21.85,0.0,76.98,100.0
2018-10-30 08:30:00,2018-10-30 08:45:00,2018-10-30 09:30:00,261.32,66.46,26.35,3.78,68.29,81.86,102.46,8.69375,15.933368238934916,40.95166666666666,134.6,0.7518398074789774,-0.6593458151000688,0.7818314824680298,0.6234898018587336,0,57.2,0.0,75.79,100.0
2018-10-30 08:45:00,2018-10-30 09:00:00,2018-10-30 09:45:00,273.12,54.22,66.46,4.5,57.96,86.98,152.18,11.86,19.280555943748094,40.912708333333335,134.6,0.7071067811865476,-0.7071067811865475,0.7818314824680298,0.6234898018587336,0,42.16,0.0,78.94,100.0
2018-10-30 09:00:00,2018-10-30 09:15:00,2018-10-30 10:00:00,257.39,75.49,54.22,5.15,67.82,68.76,222.51999999999998,16.393749999999997,24.48002754160011,40.99260416666666,134.6,0.659345815100069,-0.7518398074789773,0.7818314824680298,0.6234898018587336,0,45.11,0.0,85.84,100.0
2018-10-30 09:15:00,2018-10-30 09:30:00,2018-10-30 10:15:00,244.57999999999998,68.36,75.49,26.35,107.64,66.85,264.53,20.48875,27.199299824398054,40.5834375,134.6,0.6087614290087209,-0.793353340291235,0.7818314824680298,0.6234898018587336,0,35.82,0.0,88.58,100.0
2018-10-30 09:30:00,2018-10-30 09:45:00,2018-10-30 10:30:00,255.63,63.25,68.36,66.46,101.23,66.67,261.32,24.264374999999998,28.64196134361917,40.1878125,134.6,0.5555702330196025,-0.831469612302545,0.7818314824680298,0.6234898018587336,0,33.62,0.0,88.3,100.0
2018-10-30 09:45:00,2018-10-30 10:00:00,2018-10-30 10:45:00,254.12,66.02,63.25,54.22,112.0,56.48,273.12,28.210625,29.751959697797638,39.70885416666667,134.6,0.49999999999999994,-0.8660254037844387,0.7818314824680298,0.6234898018587336,0,36.22,0.0,87.67,100.0
2018-10-30 10:00:00,2018-10-30 10:15:00,2018-10-30 11:00:00,260.13,59.76,66.02,75.49,93.74,46.62,257.39,31.765625,29.910679315411326,39.35489583333333,134.6,0.4422886902190017,-0.8968727415326881,0.7818314824680298,0.6234898018587336,0,30.96,0.0,88.79,100.0
2018-10-30 10:15:00,2018-10-30 10:30:00,2018-10-30 11:15:00,265.89,55.55,59.76,68.36,94.93,52.24,244.57999999999998,35.061875,29.44040998753881,38.9446875,134.6,0.3826834323650899,-0.9238795325112867,0.7818314824680298,0.6234898018587336,0,26.42,0.0,90.31,100.0
2018-10-30 10:30:00,2018-10-30 10:45:00,2018-10-30 11:30:00,261.5,74.3,55.55,63.25,113.51,47.02,255.63,39.53,29.630879796253094,38.536249999999995,134.6,0.32143946530316175,-0.9469301294951056,0.7818314824680298,0.6234898018587336,0,43.92,0.0,86.08,100.0
2018-10-30 10:45:00,2018-10-30 11:00:00,2018-10-30 11:45:00,258.15,64.51,74.3,66.02,78.44,44.32,254.12,43.384375000000006,28.600666069330885,38.39114583333333,134.6,0.258819045102521,-0.9659258262890682,0.7818314824680298,0.6234898018587336,0,35.53,0.0,87.59,100.0
2018-10-30 11:00:00,2018-10-30 11:15:00,2018-10-30 12:00:00,241.12,65.77,64.51,59.76,111.2,48.17,260.13,47.3125,27.047224326166997,37.91791666666666,134.6,0.19509032201612816,-0.9807852804032304,0.7818314824680298,0.6234898018587336,0,38.12,0.0,86.52,100.0
2018-10-30 11:15:00,2018-10-30 11:30:00,2018-10-30 12:15:00,184.78,61.31,65.77,55.55,90.83,54.0,265.89,50.923750000000005,24.71740552601547,37.610416666666666,134.6,0.130526192220052,-0.9914448613738104,0.7818314824680298,0.6234898018587336,0,33.59,0.0,87.7,100.0
2018-10-30 11:30:00,2018-10-30 11:45:00,2018-10-30 12:30:00,119.80000000000001,69.91,61.31,74.3,107.93,62.32,261.5,55.056875000000005,21.851520461614907,37.214375,134.6,0.06540312923014312,-0.9978589232386035,0.7818314824680298,0.6234898018587336,0,40.61,0.0,86.47,100.0
2018-10-30 11:45:00,2018-10-30 12:00:00,2018-10-30 12:45:00,63.25,61.16,69.91,64.51,88.42,69.05,258.15,58.598124999999996,17.536437857625902,36.930416666666666,134.6,1.2246467991473532e-16,-1.0,0.7818314824680298,0.6234898018587336,0,34.85,0.0,86.88,100.0
2018-10-30 12:00:00,2018-10-30 12:15:00,2018-10-30 13:00:00,20.13,48.74,61.16,65.77,87.3,91.3,241.12,61.322500000000005,11.297542597839584,36.52875,134.6,-0.06540312923014287,-0.9978589232386035,0.7818314824680298,0.6234898018587336,0,19.98,0.22,92.53,100.0
2018-10-30 12:15:00,2018-10-30 12:30:00,2018-10-30 13:15:00,49.47,4.97,48.74,61.31,5.33,12.85,184.78,59.98625,15.744266764047794,36.525,134.6,-0.13052619222005177,-0.9914448613738104,0.7818314824680298,0.6234898018587336,0,0.0,17.96,100.0,26.67
2018-10-30 12:30:00,2018-10-30 12:45:00,2018-10-30 13:30:00,109.63000000000001,4.93,4.97,69.91,6.01,4.82,119.80000000000001,56.140625,20.49202725108902,36.51375,134.6,-0.19509032201612792,-0.9807852804032305,0.7818314824680298,0.6234898018587336,0,0.0,18.61,100.0,25.61
2018-10-30 12:45:00,2018-10-30 13:00:00,2018-10-30 13:45:00,162.48000000000002,4.61,4.93,61.16,6.01,4.64,63.25,53.04,24.000866390611815,36.49916666666667,134.6,-0.2588190451025208,-0.9659258262890683,0.7818314824680298,0.6234898018587336,0,0.0,17.93,100.0,24.9
2018-10-30 13:00:00,2018-10-30 13:15:00,2018-10-30 14:00:00,220.36,5.62,4.61,48.74,5.29,4.25,20.13,48.673125,25.807224937687025,36.502604166666664,134.6,-0.32143946530316153,-0.9469301294951057,0.7818314824680298,0.6234898018587336,0,0.0,18.11,100.0,29.64
2018-10-30 13:15:00,2018-10-30 13:30:00,2018-10-30 14:15:00,251.07,34.31,5.62,4.97,61.56,48.35,49.47,46.545,25.498124195712908,36.21875,134.6,-0.38268343236508967,-0.9238795325112868,0.7818314824680298,0.6234898018587336,0,12.82,4.54,93.67,99.14
2018-10-30 13:30:00,2018-10-30 13:45:00,2018-10-30 14:30:00,247.61,65.09,34.31,4.93,89.46,89.89,109.63000000000001,46.66,25.577233284700675,35.96489583333334,134.6,-0.44228869021900147,-0.8968727415326883,0.7818314824680298,0.6234898018587336,0,36.43,0.0,87.26,100.0
2018-10-30 13:45:00,2018-10-30 14:00:00,2018-10-30 14:45:00,249.22999999999996,57.46,65.09,4.61,101.48,96.41,162.48000000000002,46.125,25.254168715283424,35.50635416666666,134.6,-0.4999999999999997,-0.8660254037844388,0.7818314824680298,0.6234898018587336,0,30.2,0.0,88.52,100.0
2018-10-30 14:00:00,2018-10-30 14:15:00,2018-10-30 15:00:00,245.49,63.5,57.46,5.62,87.98,55.76,220.36,46.35875,25.396200226362605,35.251354166666665,134.6,-0.555570233019602,-0.8314696123025455,0.7818314824680298,0.6234898018587336,0,37.08,0.0,86.36,100.0
2018-10-30 14:15:00,2018-10-30 14:30:00,2018-10-30 15:15:00,234.87,65.02,63.5,34.31,118.15,64.37,251.07,46.950625,25.71190129802491,34.697916666666664,134.6,-0.6087614290087207,-0.7933533402912352,0.7818314824680298,0.6234898018587336,0,37.4,0.0,86.68,100.0
2018-10-30 14:30:00,2018-10-30 14:45:00,2018-10-30 15:30:00,231.02,61.63,65.02,65.09,83.16,118.48,247.61,46.15875,25.043827302101807,34.47364583333333,134.6,-0.6593458151000688,-0.7518398074789774,0.7818314824680298,0.6234898018587336,0,35.46,0.0,86.68,100.0
2018-10-30 14:45:00,2018-10-30 15:00:00,2018-10-30 15:45:00,231.84,59.08,61.63,57.46,77.33,110.23,249.22999999999996,45.819375,24.828713334753676,34.283541666666665,134.6,-0.7071067811865471,-0.7071067811865479,0.7818314824680298,0.6234898018587336,0,32.4,0.0,87.68,100.0
2018-10-30 15:00:00,2018-10-30 15:15:00,2018-10-30 16:00:00,227.05,59.76,59.08,63.5,83.48,55.44,245.49,45.44375,24.568140160327562,34.036458333333336,134.6,-0.7518398074789773,-0.6593458151000691,0.7818314824680298,0.6234898018587336,0,28.98,0.0,89.98,100.0
2018-10-30 15:15:00,2018-10-30 15:30:00,2018-10-30 16:15:00,242.81,54.4,59.76,65.02,109.15,78.48,234.87,45.011875,24.345159225898996,33.46614583333333,134.6,-0.7933533402912349,-0.6087614290087209,0.7818314824680298,0.6234898018587336,0,24.19,0.0,91.37,100.0
2018-10-30 15:30:00,2018-10-30 15:45:00,2018-10-30 16:30:00,254.01,57.78,54.4,61.63,88.96,84.1,231.02,44.25375,23.73934073300057,33.141354166666666,134.6,-0.8314696123025452,-0.5555702330196022,0.7818314824680298,0.6234898018587336,0,31.82,0.0,87.6,100.0
2018-10-30 15:45:00,2018-10-30 16:00:00,2018-10-30 16:45:00,251.96,59.9,57.78,59.08,111.31,53.5,231.84,44.175000000000004,23.68515542486475,32.60583333333333,134.6,-0.8660254037844385,-0.5000000000000004,0.7818314824680298,0.6234898018587336,0,35.42,0.0,86.08,100.0
2018-10-30 16:00:00,2018-10-30 16:15:00,2018-10-30 17:00:00,243.28999999999996,54.97,59.9,59.76,115.24,74.52,227.05,44.564375,23.80789311571637,31.978020833333332,134.6,-0.8968727415326883,-0.44228869021900136,0.7818314824680298,0.6234898018587336,0,31.39,0.0,86.84,100.0
2018-10-30 16:15:00,2018-10-30 16:30:00,2018-10-30 17:15:00,234.65,70.16,54.97,54.4,73.76,58.64,242.81,48.63875,22.20763575749341,31.940520833333334,134.6,-0.9238795325112868,-0.3826834323650895,0.7818314824680298,0.6234898018587336,0,39.06,0.0,87.37,100.0
2018-10-30 16:30:00,2018-10-30 16:45:00,2018-10-30 17:30:00,207.47000000000003,68.98,70.16,57.78,134.6,46.8,254.01,52.641875,19.58599123696258,31.256979166666664,101.27,-0.9469301294951056,-0.3214394653031618,0.7818314824680298,0.6234898018587336,0,35.64,0.0,88.84,100.0
2018-10-30 16:45:00,2018-10-30 17:00:00,2018-10-30 17:45:00,179.72,57.85,68.98,59.9,101.27,44.57,251.96,55.96937500000001,15.167160853613144,30.8046875,75.49,-0.9659258262890683,-0.25881904510252063,0.7818314824680298,0.6234898018587336,0,29.34,0.0,89.19,100.0
2018-10-30 17:00:00,2018-10-30 17:15:00,2018-10-30 18:00:00,164.31,46.3,57.85,54.97,75.06,66.74,243.28999999999996,58.511875,8.425009806188655,30.505104166666666,75.49,-0.9807852804032303,-0.19509032201612866,0.7818314824680298,0.6234898018587336,0,18.11,0.0,93.13,100.0
2018-10-30 17:15:00,2018-10-30 17:30:00,2018-10-30 18:15:00,139.08,61.52,46.3,70.16,55.58,55.37,234.65,60.212500000000006,5.66092251757609,30.56697916666667,75.49,-0.9914448613738104,-0.13052619222005163,0.7818314824680298,0.6234898018587336,0,25.74,0.0,92.25,100.0
2018-10-30 17:30:00,2018-10-30 17:45:00,2018-10-30 18:30:00,142.42000000000002,41.8,61.52,68.98,59.94,51.44,207.47000000000003,58.756875,7.044791266203351,30.378020833333334,75.49,-0.9978589232386035,-0.06540312923014273,0.7818314824680298,0.6234898018587336,0,9.79,0.32,97.37,100.0
2018-10-30 17:45:00,2018-10-30 18:00:00,2018-10-30 18:45:00,179.93,30.1,41.8,57.85,31.39,31.0,179.72,57.046875,9.895751436064621,30.364583333333332,75.49,-1.0,-1.8369701987210297e-16,0.7818314824680298,0.6234898018587336,0,0.43,2.7,99.99,99.6
2018-10-30 18:00:00,2018-10-30 18:15:00,2018-10-30 19:00:00,204.70000000000002,30.89,30.1,46.3,30.64,31.1,164.31,55.008750000000006,11.57284098385094,30.3671875,75.49,-0.9978589232386036,0.06540312923014237,0.7818314824680298,0.6234898018587336,0,4.54,1.37,98.94,99.9
2018-10-30 18:15:00,2018-10-30 18:30:00,2018-10-30 19:15:00,220.68,36.29,30.89,61.52,47.38,74.05,139.08,53.213125000000005,12.097180827960496,30.25166666666667,75.49,-0.9914448613738105,0.13052619222005127,0.7818314824680298,0.6234898018587336,0,15.3,0.0,92.15,100.0
2018-10-30 18:30:00,2018-10-30 18:45:00,2018-10-30 19:30:00,228.14,45.14,36.29,41.8,59.18,125.28,142.42000000000002,52.182500000000005,12.038493209284956,30.105416666666667,75.49,-0.9807852804032304,0.1950903220161283,0.7818314824680298,0.6234898018587336,0,22.32,0.0,89.64,100.0
2018-10-30 18:45:00,2018-10-30 19:00:00,2018-10-30 19:45:00,219.89,67.61,45.14,30.1,72.43,75.64,179.93,52.715625,12.511718990985012,30.055208333333336,75.49,-0.9659258262890684,0.2588190451025203,0.7818314824680298,0.6234898018587336,0,34.6,0.0,89.02,100.0
2018-10-30 19:00:00,2018-10-30 19:15:00,2018-10-30 20:00:00,223.31,55.66,67.61,30.89,49.72,47.02,204.70000000000002,52.459375,12.406362515232859,30.11708333333333,75.49,-0.9469301294951057,0.3214394653031615,0.7818314824680298,0.6234898018587336,0,21.89,0.0,93.06,100.0
2018-10-30 19:15:00,2018-10-30 19:30:00,2018-10-30 20:15:00,222.20000000000002,52.27,55.66,36.29,47.77,63.58,220.68,52.32625,12.396248361399508,30.163958333333337,75.49,-0.923879532511287,0.38268343236508917,0.7818314824680298,0.6234898018587336,0,23.29,0.0,91.34,100.0
2018-10-30 19:30:00,2018-10-30 19:45:00,2018-10-30 20:30:00,283.58,52.6,52.27,45.14,54.86,59.26,228.14,52.0025,12.316975328789127,30.140416666666667,75.49,-0.8968727415326884,0.442288690219001,0.7818314824680298,0.6234898018587336,0,25.38,0.0,90.06,100.0
2018-10-30 19:45:00,2018-10-30 20:00:00,2018-10-30 20:45:00,334.31,59.36,52.6,67.61,57.82,70.74,219.89,51.96875,12.296010976633845,30.156458333333333,75.49,-0.8660254037844386,0.5000000000000001,0.7818314824680298,0.6234898018587336,0,26.24,0.0,91.46,100.0
2018-10-30 20:00:00,2018-10-30 20:15:00,2018-10-30 21:00:00,338.63,59.08,59.36,55.66,52.02,51.59,223.31,52.225625,12.398530139067896,30.23,75.49,-0.8314696123025455,0.5555702330196018,0.7818314824680298,0.6234898018587336,0,23.87,0.0,92.72,100.0
2018-10-30 20:15:00,2018-10-30 20:30:00,2018-10-30 21:15:00,292.10999999999996,51.16,59.08,52.27,61.02,61.2,222.20000000000002,51.038125,11.501380470811972,30.127291666666668,75.49,-0.7933533402912357,0.6087614290087199,0.7818314824680298,0.6234898018587336,0,22.46,0.0,91.56,100.0
2018-10-30 20:30:00,2018-10-30 20:45:00,2018-10-30 21:30:00,182.56,113.98,51.16,52.6,57.42,55.51,283.58,53.850625,18.75785551067539,30.716458333333335,113.98,-0.7518398074789772,0.6593458151000691,0.7818314824680298,0.6234898018587336,0,61.92,0.0,87.87,100.0
2018-10-30 20:45:00,2018-10-30 21:00:00,2018-10-30 21:45:00,76.5,110.09,113.98,59.36,48.82,62.75,334.31,57.115625,23.19216326928937,31.3546875,113.98,-0.7071067811865477,0.7071067811865474,0.7818314824680298,0.6234898018587336,0,50.58,0.0,90.87,100.0
2018-10-30 21:00:00,2018-10-30 21:15:00,2018-10-30 22:00:00,17.17,63.4,110.09,59.08,31.5,34.09,338.63,58.184374999999996,23.06277167014787,31.686979166666664,113.98,-0.6593458151000687,0.7518398074789775,0.7818314824680298,0.6234898018587336,0,22.97,1.51,94.02,99.97
2018-10-30 21:15:00,2018-10-30 21:30:00,2018-10-30 22:15:00,16.380000000000003,4.64,63.4,51.16,22.75,32.98,292.10999999999996,54.629374999999996,26.41487305211545,31.498333333333335,113.98,-0.608761429008721,0.7933533402912349,0.7818314824680298,0.6234898018587336,0,0.0,17.57,100.0,25.53
2018-10-30 21:30:00,2018-10-30 21:45:00,2018-10-30 22:30:00,15.770000000000001,4.43,4.64,113.98,4.03,29.99,182.56,52.29375,28.974159149792424,31.5025,113.98,-0.555570233019603,0.8314696123025447,0.7818314824680298,0.6234898018587336,0,0.0,17.17,100.0,24.98
2018-10-30 21:45:00,2018-10-30 22:00:00,2018-10-30 22:45:00,15.74,4.03,4.43,110.09,4.0,29.88,76.5,50.664375,30.84880426547154,31.502812500000005,113.98,-0.5000000000000004,0.8660254037844384,0.7818314824680298,0.6234898018587336,0,0.0,17.71,100.0,22.19
2018-10-30 22:00:00,2018-10-30 22:15:00,2018-10-30 23:00:00,16.21,4.07,4.03,63.4,4.0,37.48,17.17,48.988125,32.55901607442054,31.503541666666667,113.98,-0.4422886902190014,0.8968727415326883,0.7818314824680298,0.6234898018587336,0,0.0,17.35,100.0,22.84
2018-10-30 22:15:00,2018-10-30 22:30:00,2018-10-30 23:15:00,15.92,3.85,4.07,4.64,3.64,62.5,16.380000000000003,46.96062499999999,34.25261695636371,31.50572916666667,113.98,-0.38268343236508956,0.9238795325112868,0.7818314824680298,0.6234898018587336,0,6.7,0.18,49.82,99.89
2018-10-30 22:30:00,2018-10-30 22:45:00,2018-10-30 23:30:00,15.809999999999999,3.82,3.85,4.43,3.6,92.99,15.770000000000001,44.378125,35.814590465819585,31.508020833333337,113.98,-0.32143946530316186,0.9469301294951056,0.7818314824680298,0.6234898018587336,0,7.13,0.0,47.23,100.0
2018-10-30 22:45:00,2018-10-30 23:00:00,2018-10-30 23:45:00,15.37,4.0,3.82,4.03,3.89,76.1,15.74,40.402499999999996,36.538286170125716,31.50916666666667,113.98,-0.25881904510252157,0.9659258262890681,0.7818314824680298,0.6234898018587336,0,6.01,0.0,55.41,100.0
2018-10-30 23:00:00,2018-10-30 23:15:00,2018-10-31 00:00:00,14.68,4.54,4.0,4.07,4.68,71.17,16.21,37.2075,37.29170559588285,31.50770833333333,113.98,-0.19509032201612872,0.9807852804032303,0.7818314824680298,0.6234898018587336,0,5.33,0.0,64.84,100.0
2018-10-30 23:15:00,2018-10-30 23:30:00,2018-10-31 00:15:00,14.76,3.56,4.54,3.85,4.46,32.33,15.92,34.163124999999994,37.92074361723903,31.498333333333335,113.98,-0.13052619222005168,0.9914448613738104,0.7818314824680298,0.6234898018587336,0,5.36,0.0,55.33,100.0
2018-10-30 23:30:00,2018-10-30 23:45:00,2018-10-31 00:30:00,14.65,3.71,3.56,3.82,3.64,17.93,15.809999999999999,31.1075,38.28006147134563,31.499062500000004,113.98,-0.0654031292301428,0.9978589232386035,0.7818314824680298,0.6234898018587336,0,6.05,0.0,52.28,100.0
2018-10-30 23:45:00,2018-10-31 00:00:00,2018-10-31 00:45:00,14.76,3.56,3.71,4.0,3.67,6.37,15.37,27.619999999999997,38.08860410280219,31.49791666666667,113.98,0.0,1.0,0.9749279121818236,-0.22252093395631434,0,6.19,0.0,49.86,100.0
2018-10-31 00:00:00,2018-10-31 00:15:00,2018-10-31 01:00:00,14.47,3.85,3.56,4.54,3.67,2.92,14.68,24.168125000000003,37.5803326586444,31.499791666666667,113.98,0.06540312923014306,0.9978589232386035,0.9749279121818236,-0.22252093395631434,0,5.29,0.0,58.84,100.0
2018-10-31 00:15:00,2018-10-31 00:30:00,2018-10-31 01:15:00,14.43,3.64,3.85,3.56,3.6,4.86,14.76,21.198124999999997,37.20568727001794,31.500208333333333,113.98,0.13052619222005157,0.9914448613738104,0.9749279121818236,-0.22252093395631434,0,6.08,0.0,51.37,100.0
2018-10-31 00:30:00,2018-10-31 00:45:00,2018-10-31 01:30:00,14.43,3.6,3.64,3.71,3.67,4.9,14.65,14.299375000000001,28.60063842573055,31.49947916666667,113.98,0.19509032201612825,0.9807852804032304,0.9749279121818236,-0.22252093395631434,0,5.51,0.0,54.7,100.0
2018-10-31 00:45:00,2018-10-31 01:00:00,2018-10-31 01:45:00,14.36,3.67,3.6,3.56,3.71,3.89,14.76,7.648125,14.398910644016617,31.499062499999997,113.98,0.25881904510252074,0.9659258262890683,0.9749279121818236,-0.22252093395631434,0,5.8,0.0,53.47,100.0
2018-10-31 01:00:00,2018-10-31 01:15:00,2018-10-31 02:00:00,14.870000000000001,3.56,3.67,3.85,3.67,3.82,14.47,3.908125,0.34438747708794515,31.49791666666667,113.98,0.3214394653031616,0.9469301294951057,0.9749279121818236,-0.22252093395631434,0,5.69,0.0,53.04,100.0
2018-10-31 01:15:00,2018-10-31 01:30:00,2018-10-31 02:15:00,15.989999999999998,3.6,3.56,3.64,3.64,3.74,14.43,3.843125,0.2946760668513817,31.497500000000002,113.98,0.3826834323650898,0.9238795325112867,0.9749279121818236,-0.22252093395631434,0,5.62,0.0,53.94,100.0
2018-10-31 01:30:00,2018-10-31 01:45:00,2018-10-31 02:30:00,16.03,3.6,3.6,3.6,3.67,3.74,14.43,3.7912500000000002,0.25750910178088854,31.496770833333333,113.98,0.44228869021900125,0.8968727415326884,0.9749279121818236,-0.22252093395631434,0,5.83,0.0,52.54,100.0
2018-10-31 01:45:00,2018-10-31 02:00:00,2018-10-31 02:45:00,16.03,3.6,3.6,3.67,3.71,3.78,14.36,3.7643750000000002,0.2535983228946911,31.495625,113.98,0.49999999999999994,0.8660254037844387,0.9749279121818236,-0.22252093395631434,0,5.76,0.0,53.0,100.0
2018-10-31 02:00:00,2018-10-31 02:15:00,2018-10-31 03:00:00,15.559999999999999,4.07,3.6,3.56,3.71,3.74,14.870000000000001,3.7643750000000002,0.2535983228946911,31.499375,113.98,0.5555702330196022,0.8314696123025452,0.9749279121818236,-0.22252093395631434,0,5.69,0.0,58.18,100.0
2018-10-31 02:15:00,2018-10-31 02:30:00,2018-10-31 03:15:00,14.48,4.72,4.07,3.6,3.67,3.78,15.989999999999998,3.81875,0.3434726153567413,31.5103125,113.98,0.6087614290087207,0.7933533402912352,0.9749279121818236,-0.22252093395631434,0,5.9,0.0,62.47,100.0
2018-10-31 02:30:00,2018-10-31 02:45:00,2018-10-31 03:30:00,14.219999999999999,3.64,4.72,3.6,3.6,3.78,16.03,3.8075,0.34618456060315567,31.510729166666664,113.98,0.6593458151000688,0.7518398074789774,0.9749279121818236,-0.22252093395631434,0,5.8,0.0,53.16,100.0
2018-10-31 02:45:00,2018-10-31 03:00:00,2018-10-31 03:45:00,13.610000000000001,3.6,3.64,3.6,3.6,3.78,16.03,3.7824999999999998,0.3458232930269446,31.510729166666668,113.98,0.7071067811865476,0.7071067811865476,0.9749279121818236,-0.22252093395631434,0,5.98,0.0,51.58,100.0
2018-10-31 03:00:00,2018-10-31 03:15:00,2018-10-31 04:00:00,12.96,3.6,3.6,4.07,3.2,3.78,15.559999999999999,3.72375,0.28698595348901657,31.51489583333333,113.98,0.7518398074789774,0.6593458151000688,0.9749279121818236,-0.22252093395631434,0,5.98,0.0,51.58,100.0
2018-10-31 03:15:00,2018-10-31 03:30:00,2018-10-31 04:15:00,12.27,3.64,3.6,4.72,2.99,3.74,14.48,3.72875,0.2847778739649553,31.521666666666672,113.98,0.7933533402912352,0.6087614290087207,0.9749279121818236,-0.22252093395631434,0,5.9,0.0,52.51,100.0
2018-10-31 03:30:00,2018-10-31 03:45:00,2018-10-31 04:30:00,11.91,3.38,3.64,3.64,2.88,3.78,14.219999999999999,3.708125,0.2970736177700739,31.526875,113.98,0.8314696123025451,0.5555702330196024,0.9749279121818236,-0.22252093395631434,0,5.54,0.0,52.08,100.0
2018-10-31 03:45:00,2018-10-31 04:00:00,2018-10-31 04:45:00,11.870000000000001,2.99,3.38,3.6,2.88,3.82,13.610000000000001,3.6725,0.3432837747403742,31.52802083333334,113.98,0.8660254037844386,0.5000000000000001,0.9749279121818236,-0.22252093395631434,0,4.32,0.0,56.91,100.0
2018-10-31 04:00:00,2018-10-31 04:15:00,2018-10-31 05:00:00,11.840000000000002,2.95,2.99,3.6,2.92,4.68,12.96,3.61625,0.3812295076459848,31.528333333333336,113.98,0.8968727415326884,0.44228869021900125,0.9749279121818236,-0.22252093395631434,0,4.21,0.0,57.39,100.0
2018-10-31 04:15:00,2018-10-31 04:30:00,2018-10-31 05:15:00,11.77,2.95,2.95,3.64,2.88,4.72,12.27,3.573125,0.4137438632475411,31.5290625,113.98,0.9238795325112867,0.38268343236508984,0.9749279121818236,-0.22252093395631434,0,4.21,0.0,57.39,100.0
2018-10-31 04:30:00,2018-10-31 04:45:00,2018-10-31 05:30:00,11.67,3.02,2.95,3.38,3.2,3.2,11.91,3.5368749999999998,0.43467974921199165,31.5271875,113.98,0.9469301294951056,0.3214394653031617,0.9749279121818236,-0.22252093395631434,0,4.03,0.0,59.97,100.0
2018-10-31 04:45:00,2018-10-31 05:00:00,2018-10-31 05:45:00,12.099999999999998,2.95,3.02,2.99,3.56,3.24,11.870000000000001,3.4918750000000003,0.4553462796323255,31.520833333333332,113.98,0.9659258262890683,0.25881904510252074,0.9749279121818236,-0.22252093395631434,0,4.07,0.0,58.69,100.0
2018-10-31 05:00:00,2018-10-31 05:15:00,2018-10-31 06:00:00,12.709999999999999,2.92,2.95,2.95,2.95,3.24,11.840000000000002,3.451875,0.4752791120752099,31.520520833333336,113.98,0.9807852804032304,0.19509032201612833,0.9749279121818236,-0.22252093395631434,0,3.85,0.0,60.43,100.0
2018-10-31 05:15:00,2018-10-31 05:30:00,2018-10-31 06:15:00,12.71,2.88,2.92,2.95,2.84,3.17,11.77,3.4068750000000003,0.49288333748971463,31.5209375,113.98,0.9914448613738104,0.1305261922200517,0.9749279121818236,-0.22252093395631434,0,3.85,0.0,59.9,100.0
2018-10-31 05:30:00,2018-10-31 05:45:00,2018-10-31 06:30:00,12.629999999999999,2.92,2.88,3.02,2.84,3.13,11.67,3.364375,0.5035991554550107,31.521770833333335,113.98,0.9978589232386035,0.06540312923014327,0.9749279121818236,-0.22252093395631434,0,3.78,0.0,61.13,100.0
2018-10-31 05:45:00,2018-10-31 06:00:00,2018-10-31 06:45:00,12.09,3.38,2.92,2.95,2.88,3.13,12.099999999999998,3.350625,0.4999683583738075,31.526979166666667,113.98,1.0,6.123233995736766e-17,0.9749279121818236,-0.22252093395631434,0,4.72,0.0,58.22,100.0
2018-10-31 06:00:00,2018-10-31 06:15:00,2018-10-31 07:00:00,11.979999999999999,3.53,3.38,2.92,2.88,3.13,12.709999999999999,3.316875,0.46743607517499114,31.533749999999998,113.98,0.9978589232386035,-0.06540312923014314,0.9749279121818236,-0.22252093395631434,0,5.33,0.0,55.22,100.0
2018-10-31 06:15:00,2018-10-31 06:30:00,2018-10-31 07:15:00,12.379999999999999,2.88,3.53,2.88,2.81,3.2,12.71,3.2018750000000002,0.30684317553923207,31.534479166666667,113.98,0.9914448613738104,-0.1305261922200516,0.9749279121818236,-0.22252093395631434,0,3.82,0.0,60.2,100.0
2018-10-31 06:30:00,2018-10-31 06:45:00,2018-10-31 07:30:00,12.489999999999998,2.84,2.88,2.92,2.81,3.1,12.629999999999999,3.151875,0.2963785322438182,31.534791666666667,113.98,0.9807852804032304,-0.1950903220161282,0.9749279121818236,-0.22252093395631434,0,3.78,0.0,60.07,100.0
2018-10-31 06:45:00,2018-10-31 07:00:00,2018-10-31 07:45:00,14.04,2.84,2.84,3.38,2.84,3.42,12.09,3.104375,0.28126874937504165,31.534791666666667,113.98,0.9659258262890683,-0.25881904510252063,0.9749279121818236,-0.22252093395631434,0,3.78,0.0,60.07,100.0
2018-10-31 07:00:00,2018-10-31 07:15:00,2018-10-31 08:00:00,14.870000000000001,3.42,2.84,3.53,2.92,3.74,11.979999999999999,3.093125,0.2643085022752768,31.540000000000003,113.98,0.9469301294951057,-0.3214394653031616,0.9749279121818236,-0.22252093395631434,0,4.79,0.0,58.11,100.0
2018-10-31 07:15:00,2018-10-31 07:30:00,2018-10-31 08:15:00,39.379999999999995,3.28,3.42,2.88,3.53,3.64,12.379999999999999,3.0706249999999997,0.2298768352292157,31.537395833333335,113.98,0.9238795325112868,-0.3826834323650895,0.9749279121818236,-0.22252093395631434,0,4.43,0.0,59.51,100.0
2018-10-31 07:30:00,2018-10-31 07:45:00,2018-10-31 08:30:00,95.43,2.95,3.28,2.84,3.78,3.78,12.489999999999998,3.04375,0.21690651788270443,31.528750000000002,113.98,0.8968727415326884,-0.44228869021900113,0.9749279121818236,-0.22252093395631434,0,3.56,0.0,63.81,100.0
2018-10-31 07:45:00,2018-10-31 08:00:00,2018-10-31 08:45:00,206.6,4.39,2.95,2.84,4.5,5.4,14.04,3.13125,0.39049447819399435,31.527604166666663,113.98,0.8660254037844387,-0.4999999999999998,0.9749279121818236,-0.22252093395631434,0,6.19,0.0,57.85,100.0
2018-10-31 08:00:00,2018-10-31 08:15:00,2018-10-31 09:00:00,341.78,4.25,4.39,3.42,5.15,4.18,14.870000000000001,3.2125,0.47122844778302586,31.518229166666668,113.98,0.8314696123025451,-0.5555702330196023,0.9749279121818236,-0.22252093395631434,0,5.98,0.0,57.93,100.0
2018-10-31 08:15:00,2018-10-31 08:30:00,2018-10-31 09:15:00,419.87,27.79,4.25,3.28,26.35,34.16,39.379999999999995,4.765,5.963290828057944,31.53322916666667,113.98,0.7933533402912352,-0.6087614290087207,0.9749279121818236,-0.22252093395631434,0,21.67,0.0,78.86,100.0
2018-10-31 08:30:00,2018-10-31 08:45:00,2018-10-31 09:30:00,425.74,59.0,27.79,2.95,66.46,58.75,95.43,8.26375,14.38641628194805,31.455520833333335,113.98,0.7518398074789774,-0.6593458151000688,0.9749279121818236,-0.22252093395631434,0,51.52,0.0,75.32,100.0
2018-10-31 08:45:00,2018-10-31 09:00:00,2018-10-31 09:45:00,397.16,115.56,59.0,4.39,54.22,68.98,206.6,15.301874999999999,29.583768399823153,32.094479166666666,115.56,0.7071067811865476,-0.7071067811865475,0.9749279121818236,-0.22252093395631434,0,72.36,0.0,84.76,100.0
2018-10-31 09:00:00,2018-10-31 09:15:00,2018-10-31 10:00:00,382.58000000000004,139.43,115.56,4.25,75.49,44.21,341.78,23.83375,41.902404446970586,32.76052083333334,139.43,0.659345815100069,-0.7518398074789773,0.9749279121818236,-0.22252093395631434,0,74.12,0.0,88.3,100.0
2018-10-31 09:15:00,2018-10-31 09:30:00,2018-10-31 10:15:00,365.91,105.88,139.43,27.79,68.36,43.85,419.87,30.27125,45.9091827517927,33.151354166666664,139.43,0.6087614290087209,-0.793353340291235,0.9749279121818236,-0.22252093395631434,0,51.88,0.0,89.8,100.0
2018-10-31 09:30:00,2018-10-31 09:45:00,2018-10-31 10:30:00,378.43999999999994,64.87,105.88,59.0,63.25,66.53,425.74,34.143125,46.05130898231206,33.16822916666666,139.43,0.5555702330196025,-0.831469612302545,0.9749279121818236,-0.22252093395631434,0,36.65,0.0,87.07,100.0
2018-10-31 09:45:00,2018-10-31 10:00:00,2018-10-31 10:45:00,363.17,86.98,64.87,115.56,66.02,52.67,397.16,39.368125,46.99742309674409,33.3865625,139.43,0.49999999999999994,-0.8660254037844387,0.9749279121818236,-0.22252093395631434,0,45.14,0.0,88.76,100.0
2018-10-31 10:00:00,2018-10-31 10:15:00,2018-10-31 11:00:00,349.63,124.85,86.98,139.43,59.76,49.57,382.58000000000004,46.950625,50.27610969296824,34.06458333333333,139.43,0.4422886902190017,-0.8968727415326881,0.9749279121818236,-0.22252093395631434,0,62.75,0.0,89.35,100.0
2018-10-31 10:15:00,2018-10-31 10:30:00,2018-10-31 11:15:00,377.89,89.21,124.85,105.88,55.55,80.78,365.91,52.34625,49.88789042380425,34.41520833333333,139.43,0.3826834323650899,-0.9238795325112867,0.9749279121818236,-0.22252093395631434,0,44.89,0.0,89.33,100.0
2018-10-31 10:30:00,2018-10-31 10:45:00,2018-10-31 11:30:00,403.99,77.4,89.21,64.87,74.3,129.85,378.43999999999994,57.00625,48.50914718831388,34.4475,139.43,0.32143946530316175,-0.9469301294951056,0.9749279121818236,-0.22252093395631434,0,40.57,0.0,88.57,100.0
2018-10-31 10:45:00,2018-10-31 11:00:00,2018-10-31 11:45:00,401.65,71.71,77.4,86.98,64.51,90.43,363.17,61.310625,46.526855883020666,34.5225,139.43,0.258819045102521,-0.9659258262890682,0.9749279121818236,-0.22252093395631434,0,34.27,0.0,90.23,100.0
2018-10-31 11:00:00,2018-10-31 11:15:00,2018-10-31 12:00:00,387.68000000000006,111.31,71.71,124.85,65.77,111.89,349.63,68.05375000000001,45.45400860691497,34.996874999999996,139.43,0.19509032201612816,-0.9807852804032304,0.9749279121818236,-0.22252093395631434,0,59.8,0.0,88.09,100.0
2018-10-31 11:15:00,2018-10-31 11:30:00,2018-10-31 12:15:00,277.23,117.47,111.31,89.21,61.31,91.55,377.89,75.190625,43.65234651034667,35.581875,139.43,0.130526192220052,-0.9914448613738104,0.9749279121818236,-0.22252093395631434,0,60.01,0.0,89.05,100.0
2018-10-31 11:30:00,2018-10-31 11:45:00,2018-10-31 12:30:00,180.07000000000002,103.5,117.47,77.4,69.91,59.36,403.99,81.475,39.87422146575404,35.93177083333333,139.43,0.06540312923014312,-0.9978589232386035,0.9749279121818236,-0.22252093395631434,0,52.34,0.0,89.24,100.0
2018-10-31 11:45:00,2018-10-31 12:00:00,2018-10-31 12:45:00,116.68,69.37,103.5,71.71,61.16,61.63,401.65,85.53625,34.802828885559,36.017291666666665,139.43,1.2246467991473532e-16,-1.0,0.9749279121818236,-0.22252093395631434,0,38.92,0.0,87.21,100.0
2018-10-31 12:00:00,2018-10-31 12:15:00,2018-10-31 13:00:00,25.35,97.34,69.37,111.31,48.74,44.42,387.68000000000006,91.354375,27.80518745862676,36.52354166666667,139.43,-0.06540312923014287,-0.9978589232386035,0.9749279121818236,-0.22252093395631434,0,46.69,0.14,90.16,100.0
2018-10-31 12:15:00,2018-10-31 12:30:00,2018-10-31 13:15:00,57.1,7.02,97.34,117.47,4.97,5.29,277.23,90.05625,31.039239454881947,36.544895833333335,139.43,-0.13052619222005177,-0.9914448613738104,0.9749279121818236,-0.22252093395631434,0,0.0,17.64,100.0,36.98
2018-10-31 12:30:00,2018-10-31 12:45:00,2018-10-31 13:30:00,121.82000000000001,6.34,7.02,103.5,4.93,5.15,180.07000000000002,86.765,36.473922876488075,36.559583333333336,139.43,-0.19509032201612792,-0.9807852804032305,0.9749279121818236,-0.22252093395631434,0,0.0,17.86,100.0,33.45
2018-10-31 12:45:00,2018-10-31 13:00:00,2018-10-31 13:45:00,203.14,5.98,6.34,69.37,4.61,5.44,116.68,79.91625,40.49084076599917,36.57385416666667,139.43,-0.2588190451025208,-0.9659258262890683,0.9749279121818236,-0.22252093395631434,0,0.0,17.03,100.0,33.13
2018-10-31 13:00:00,2018-10-31 13:15:00,2018-10-31 14:00:00,293.5,6.01,5.98,97.34,5.62,4.75,25.35,71.5775,41.10947450101983,36.57791666666667,139.43,-0.32143946530316153,-0.9469301294951057,0.9749279121818236,-0.22252093395631434,0,0.0,17.57,100.0,32.36
2018-10-31 13:15:00,2018-10-31 13:30:00,2018-10-31 14:15:00,366.98,38.77,6.01,7.02,34.31,31.21,57.1,67.383125,40.81820086045409,36.62437499999999,139.43,-0.38268343236508967,-0.9238795325112868,0.9749279121818236,-0.22252093395631434,0,15.62,5.87,92.75,98.87
2018-10-31 13:30:00,2018-10-31 13:45:00,2018-10-31 14:30:00,393.01,71.06,38.77,6.34,65.09,54.07,121.82000000000001,67.77,40.82188230593979,36.6865625,139.43,-0.44228869021900147,-0.8968727415326883,0.9749279121818236,-0.22252093395631434,0,35.46,0.0,89.48,100.0
2018-10-31 13:45:00,2018-10-31 14:00:00,2018-10-31 14:45:00,354.27000000000004,87.3,71.06,5.98,57.46,60.3,203.14,67.78999999999999,40.83136631316665,36.997395833333336,139.43,-0.4999999999999997,-0.8660254037844388,0.9749279121818236,-0.22252093395631434,0,46.12,0.0,88.42,100.0
2018-10-31 14:00:00,2018-10-31 14:15:00,2018-10-31 15:00:00,307.08,96.37,87.3,6.01,63.5,69.52,293.5,66.01,38.87920877538533,37.33979166666666,139.43,-0.555570233019602,-0.8314696123025455,0.9749279121818236,-0.22252093395631434,0,50.0,0.0,88.76,100.0
2018-10-31 14:15:00,2018-10-31 14:30:00,2018-10-31 15:15:00,244.29000000000002,112.25,96.37,38.77,65.02,52.99,366.98,67.45,40.118734713348076,37.83177083333333,139.43,-0.6087614290087207,-0.7933533402912352,0.9749279121818236,-0.22252093395631434,0,60.73,0.0,87.95,100.0
2018-10-31 14:30:00,2018-10-31 14:45:00,2018-10-31 15:30:00,208.36,97.09,112.25,71.06,61.63,54.07,393.01,68.68062499999999,40.70281170704765,38.20114583333333,139.43,-0.6593458151000688,-0.7518398074789774,0.9749279121818236,-0.22252093395631434,0,59.44,0.0,85.29,100.0
2018-10-31 14:45:00,2018-10-31 15:00:00,2018-10-31 15:45:00,217.9,48.56,97.09,87.3,59.08,59.83,354.27000000000004,67.23375,40.97992601185975,38.0915625,139.43,-0.7071067811865471,-0.7071067811865479,0.9749279121818236,-0.22252093395631434,0,21.13,0.0,91.7,100.0
2018-10-31 15:00:00,2018-10-31 15:15:00,2018-10-31 16:00:00,225.6,49.18,48.56,96.37,59.76,51.19,307.08,63.35062500000001,39.53766629252889,37.98135416666666,139.43,-0.7518398074789773,-0.6593458151000691,0.9749279121818236,-0.22252093395631434,0,23.0,0.0,90.58,100.0
2018-10-31 15:15:00,2018-10-31 15:30:00,2018-10-31 16:15:00,226.89999999999998,49.46,49.18,112.25,54.4,57.96,244.29000000000002,59.10000000000001,37.06968994340255,37.929895833333326,139.43,-0.7933533402912349,-0.6087614290087209,0.9749279121818236,-0.22252093395631434,0,26.6,0.0,88.07,100.0
2018-10-31 15:30:00,2018-10-31 15:45:00,2018-10-31 16:30:00,233.49,61.16,49.46,97.09,57.78,55.33,208.36,56.45375,35.273424818657745,37.96510416666666,139.43,-0.8314696123025452,-0.5555702330196022,0.9749279121818236,-0.22252093395631434,0,38.3,0.0,84.75,100.0
2018-10-31 15:45:00,2018-10-31 16:00:00,2018-10-31 16:45:00,235.29,58.1,61.16,48.56,59.9,59.69,217.9,55.749375,35.12066191516576,37.946354166666666,139.43,-0.8660254037844385,-0.5000000000000004,0.9749279121818236,-0.22252093395631434,0,37.15,0.0,84.25,100.0
2018-10-31 16:00:00,2018-10-31 16:15:00,2018-10-31 17:00:00,251.92000000000002,56.88,58.1,49.18,54.97,46.87,225.6,53.220625,33.45197984961989,37.966249999999995,139.43,-0.8968727415326883,-0.44228869021900136,0.9749279121818236,-0.22252093395631434,0,34.42,0.0,85.55,100.0
2018-10-31 16:15:00,2018-10-31 16:30:00,2018-10-31 17:15:00,263.51000000000005,50.76,56.88,49.46,70.16,56.99,226.89999999999998,55.954375,31.281526091438934,37.76416666666666,139.43,-0.9238795325112868,-0.3826834323650895,0.9749279121818236,-0.22252093395631434,0,26.86,0.0,88.39,100.0
2018-10-31 16:30:00,2018-10-31 16:45:00,2018-10-31 17:30:00,293.71999999999997,67.75,50.76,61.16,68.98,55.48,233.49,59.792500000000004,28.61205307645713,37.751354166666665,139.43,-0.9469301294951056,-0.3214394653031618,0.9749279121818236,-0.22252093395631434,0,36.0,0.0,88.31,100.0
2018-10-31 16:45:00,2018-10-31 17:00:00,2018-10-31 17:45:00,265.18,59.9,67.75,58.1,57.85,52.13,235.29,63.162499999999994,25.02612297680166,37.772708333333334,139.43,-0.9659258262890683,-0.25881904510252063,0.9749279121818236,-0.22252093395631434,0,30.67,0.0,89.01,100.0
2018-10-31 17:00:00,2018-10-31 17:15:00,2018-10-31 18:00:00,223.39000000000001,73.51,59.9,56.88,46.3,56.23,251.92000000000002,67.38125,20.27437757213523,38.05614583333333,139.43,-0.9807852804032303,-0.19509032201612866,0.9749279121818236,-0.22252093395631434,0,39.38,0.0,88.15,100.0
2018-10-31 17:15:00,2018-10-31 17:30:00,2018-10-31 18:15:00,207.79999999999998,62.35,73.51,50.76,61.52,57.78,263.51000000000005,68.855,18.95515266358992,38.064791666666665,139.43,-0.9914448613738104,-0.13052619222005163,0.9749279121818236,-0.22252093395631434,0,32.62,0.0,88.61,100.0
2018-10-31 17:30:00,2018-10-31 17:45:00,2018-10-31 18:30:00,160.17000000000002,97.96,62.35,67.75,41.8,62.28,293.71999999999997,70.53625,20.226496197747647,38.649791666666665,139.43,-0.9978589232386035,-0.06540312923014273,0.9749279121818236,-0.22252093395631434,0,41.44,0.18,92.1,100.0
2018-10-31 17:45:00,2018-10-31 18:00:00,2018-10-31 18:45:00,242.39,31.36,97.96,59.9,30.1,52.92,265.18,67.03999999999999,21.80016255673338,38.66291666666666,139.43,-1.0,-1.8369701987210297e-16,0.9749279121818236,-0.22252093395631434,0,1.19,1.98,99.93,99.8
2018-10-31 18:00:00,2018-10-31 18:15:00,2018-10-31 19:00:00,307.91,31.72,31.36,73.51,30.89,33.52,223.39000000000001,62.999375,21.980076907494546,38.6715625,139.43,-0.9978589232386036,0.06540312923014237,0.9749279121818236,-0.22252093395631434,0,5.65,0.94,98.45,99.96
2018-10-31 18:15:00,2018-10-31 18:30:00,2018-10-31 19:15:00,357.63,46.76,31.72,62.35,36.29,15.91,207.79999999999998,58.90625,18.200300435363697,38.78062499999999,139.43,-0.9914448613738105,0.13052619222005127,0.9749279121818236,-0.22252093395631434,0,27.47,0.0,86.22,100.0
2018-10-31 18:30:00,2018-10-31 18:45:00,2018-10-31 19:30:00,426.53000000000003,50.33,46.76,97.96,45.14,3.89,160.17000000000002,55.98375,15.368214305425989,38.8346875,139.43,-0.9807852804032304,0.1950903220161283,0.9749279121818236,-0.22252093395631434,0,31.18,0.0,85.01,100.0
2018-10-31 18:45:00,2018-10-31 19:00:00,2018-10-31 19:45:00,414.71999999999997,113.58,50.33,31.36,67.61,3.92,242.39,60.0475,20.58048696581303,39.313541666666666,139.43,-0.9659258262890684,0.2588190451025203,0.9749279121818236,-0.22252093395631434,0,55.87,0.0,89.73,100.0
2018-10-31 19:00:00,2018-10-31 19:15:00,2018-10-31 20:00:00,421.34000000000003,97.24,113.58,31.72,55.66,3.89,307.91,63.05125,22.217282651969388,39.74666666666667,139.43,-0.9469301294951057,0.3214394653031615,0.9749279121818236,-0.22252093395631434,0,39.53,0.0,92.64,100.0
2018-10-31 19:15:00,2018-10-31 19:30:00,2018-10-31 20:15:00,416.52,96.48,97.24,46.76,52.27,3.92,357.63,65.99000000000001,23.308128410492333,40.2071875,139.43,-0.923879532511287,0.38268343236508917,0.9749279121818236,-0.22252093395631434,0,43.99,0.0,90.99,100.0
2018-10-31 19:30:00,2018-10-31 19:45:00,2018-10-31 20:30:00,379.61999999999995,119.23,96.48,50.33,52.6,3.82,426.53000000000003,69.61937499999999,26.566793763255948,40.901250000000005,139.43,-0.8968727415326884,0.442288690219001,0.9749279121818236,-0.22252093395631434,0,54.0,0.0,91.09,100.0
2018-10-31 19:45:00,2018-10-31 20:00:00,2018-10-31 20:45:00,360.60999999999996,101.77,119.23,113.58,59.36,3.85,414.71999999999997,72.34875000000001,27.470993082477012,41.343020833333334,139.43,-0.8660254037844386,0.5000000000000001,0.9749279121818236,-0.22252093395631434,0,47.59,0.0,90.59,100.0
2018-10-31 20:00:00,2018-10-31 20:15:00,2018-10-31 21:00:00,301.82,103.86,101.77,97.24,59.08,3.78,421.34000000000003,75.285,28.162718041765782,41.80947916666667,139.43,-0.8314696123025455,0.5555702330196018,0.9749279121818236,-0.22252093395631434,0,42.62,0.0,92.51,100.0
2018-10-31 20:15:00,2018-10-31 20:30:00,2018-10-31 21:15:00,217.0,91.66,103.86,96.48,51.16,4.72,416.52,77.84125,27.672564679434757,42.23135416666667,139.43,-0.7933533402912357,0.6087614290087199,0.9749279121818236,-0.22252093395631434,0,40.03,0.0,91.64,100.0
2018-10-31 20:30:00,2018-10-31 20:45:00,2018-10-31 21:30:00,139.10000000000002,82.33,91.66,119.23,113.98,4.64,379.61999999999995,78.7525,27.565108039875337,41.90166666666667,139.43,-0.7518398074789772,0.6593458151000691,0.9749279121818236,-0.22252093395631434,0,38.7,0.0,90.5,100.0
2018-10-31 20:45:00,2018-10-31 21:00:00,2018-10-31 21:45:00,60.769999999999996,82.76,82.33,101.77,110.09,3.85,360.60999999999996,80.18125,27.14008218369097,41.61697916666667,139.43,-0.7071067811865477,0.7071067811865474,0.9749279121818236,-0.22252093395631434,0,20.45,0.0,97.08,100.0
2018-10-31 21:00:00,2018-10-31 21:15:00,2018-10-31 22:00:00,20.09,45.07,82.76,103.86,63.4,3.89,301.82,78.40375,28.41993927575321,41.42604166666667,139.43,-0.6593458151000687,0.7518398074789775,0.9749279121818236,-0.22252093395631434,0,5.8,3.42,99.18,99.71
2018-10-31 21:15:00,2018-10-31 21:30:00,2018-10-31 22:15:00,17.43,6.84,45.07,91.66,4.64,3.82,217.0,74.93437499999999,33.16073505833933,41.44895833333333,139.43,-0.608761429008721,0.7933533402912349,0.9749279121818236,-0.22252093395631434,0,0.0,16.06,100.0,39.18
2018-10-31 21:30:00,2018-10-31 21:45:00,2018-10-31 22:30:00,17.14,4.43,6.84,82.33,4.43,3.82,139.10000000000002,69.08875,36.647046073831106,41.44895833333334,139.43,-0.555570233019603,0.8314696123025447,0.9749279121818236,-0.22252093395631434,0,0.0,17.24,100.0,24.89
2018-10-31 21:45:00,2018-10-31 22:00:00,2018-10-31 22:45:00,16.78,4.43,4.43,82.76,4.03,3.92,60.769999999999996,67.405625,38.8909248682694,41.453125,139.43,-0.5000000000000004,0.8660254037844384,0.9749279121818236,-0.22252093395631434,0,0.0,17.32,100.0,24.78
2018-10-31 22:00:00,2018-10-31 22:15:00,2018-10-31 23:00:00,16.35,4.39,4.43,45.07,4.07,3.85,20.09,65.6975,40.96560043194778,41.45645833333334,139.43,-0.4422886902190014,0.8968727415326883,0.9749279121818236,-0.22252093395631434,0,0.04,16.85,100.0,25.21
2018-10-31 22:15:00,2018-10-31 22:30:00,2018-10-31 23:15:00,16.060000000000002,4.18,4.39,6.84,3.85,3.64,17.43,63.036249999999995,43.4189939535395,41.459895833333334,139.43,-0.38268343236508956,0.9238795325112868,0.9749279121818236,-0.22252093395631434,0,6.7,0.25,52.93,99.82
2018-10-31 22:30:00,2018-10-31 22:45:00,2018-10-31 23:30:00,15.810000000000002,4.14,4.18,4.43,3.82,3.56,17.14,60.149375,45.646275377727974,41.46322916666667,139.43,-0.32143946530316186,0.9469301294951056,0.9749279121818236,-0.22252093395631434,0,7.52,0.0,48.23,100.0
2018-10-31 22:45:00,2018-10-31 23:00:00,2018-10-31 23:45:00,15.66,4.07,4.14,4.43,4.0,3.64,16.78,53.305,45.330630097098805,41.46395833333333,139.43,-0.25881904510252157,0.9659258262890681,0.9749279121818236,-0.22252093395631434,0,7.42,0.0,48.09,100.0
